8.447648230451144,13.650588108338845,5.321600025616236,0.3408247988847191,0.5438358123700887,-0.2793568545328092,1.194061485772688,0.9959839859749909,0.3119501766944059,-0.13609209125933497,0.5490080299703485,-0.2588328586791012,-0.31044534829298076,-0.04754466878095266,0.17435649023073518,0.31219337837685707,-0.33833666917283567,0.03592796652455682,0.4607443799836499,1.297271034811684,0.4095685368134372
10.403422609636753,15.85526078378107,5.856123105684565,0.1333104238998292,0.4211719326753359,-0.4059208153246195,0.9774593543366965,0.9006025648644557,-0.27262343706587694,0.4620345734233674,0.7666984681799084,-0.22832771419428868,0.29710931080301795,0.5605538559223604,0.7824538411436499,0.9200821330078025,0.2696366197687681,0.643950158163451,-0.14540835131156002,1.7349077457306106,1.0172223599699852
-1.9699400696603324,5.137428715458672,0.8597723871037027,0.5104556816936373,0.7008218814369442,-0.26611768178505785,1.3765124965150881,1.1934528054294786,-0.29108092011765585,0.1102758287194916,0.37250316414728774,0.03602026733295607,0.2841447258402703,0.4887965685507729,0.7147125434522923,0.9119497467656976,0.15798990395389112,0.5582381286884939,-0.06374347731120904,1.7505288544083453,0.9184019460917724
15.37899278621998,19.756019437637065,8.585127451831024,0.2131768952722019,0.46069748680362477,0.029645250859118587,1.0762894840884245,0.9420061061357784,0.045082561277570404,0.521176173512647,0.6830477442068307,-0.038099791124157276,0.22425475063808908,0.4899533798722562,0.704167490342686,0.8492959346574779,0.22181342746234445,0.5726273680439566,-0.03253609742251119,1.3438487281243379,0.970761559752929
8.889981066593375,13.654781846968417,5.301164673264694,0.4657223630770998,0.7257103293980856,-0.05715603437579217,1.35891231755718,1.206655064765064,-0.42528436618891297,0.04300544465072992,0.20577065402911343,-0.5736731318605881,0.2106018907405928,0.42487429888510236,0.6393471497477616,0.8344297386329597,0.10423763559402467,0.47801081826233527,0.0833616446926566,1.5514089304548953,0.8545539561821988
-5.752493798337777,0.8902994045432998,-1.2730863294162695,0.18972920008913344,0.41136470680821435,0.5433610807995155,1.0568237134271394,0.873284162600721,0.2530598165347768,0.131711381342012,0.24480203381741047,-0.20535121816316684,0.1759987406485359,0.4002320861977817,0.6177250581745637,0.8000182516892028,0.07912224622209471,0.4582837073910138,0.0861747458168291,1.4482436154828815,0.8286303397396232
8.677530255257556,13.67746307564779,5.454452406830371,0.13675355025248068,0.39143999217055364,0.17626562731608275,0.9994216318249493,0.8511497311879257,0.05121034123771055,0.31769986779609943,0.44699113076386787,0.004567516205062808,0.25206082466384117,0.4733651194162424,0.6715067547849092,0.8649665806896806,0.2708426711040139,0.5701745986806517,-0.009673791280933354,0.8298345783495797,1.0403195207106335
1.9369646467627426,7.756604713527505,1.7989443560001839,0.6095964749525558,0.8168751059673679,0.1084414504056347,1.4537243849062693,1.2725375752650252,0.059540396589586764,-0.034013081658970074,0.24795531602148163,-0.2550482667914452,0.21289518485583916,0.4456748416619247,0.651446154232629,0.8278638716603086,0.22736295680759405,0.5461086509042352,0.002193156607810576,0.8150673355882835,0.9930925762113804
3.6604488863064337,9.632014640190615,2.3039656918732065,0.24010916128659318,0.44880974037141386,-0.29884351909633183,1.089955183836529,0.903268099716891,-0.3687840362492733,0.625559147979842,0.8073136651224951,0.06381125635770779,0.18762859419468872,0.5098286563828753,0.8031268656424815,0.8041328257647742,0.3978311346932328,0.8238866819216653,-0.32387137453690046,0.0532431873772192,1.210299118232906
-12.404723850570134,-4.277514005863191,-4.25047779881017,0.30976674767202944,0.6425854095680433,-0.03302333107961031,1.203073075549999,1.1103626012950412,-0.04688456374404931,0.16829954366007394,0.3042090440553461,0.13965583153369704,0.558619078545272,0.4708348086556237,0.7226478242161789,1.1583040679167214,0.31841564642207654,0.6854412174196269,0.18075860447634268,0.8442885521329909,1.2726975835629646
7.368200613424447,12.219876513634055,4.206498671290793,0.16519165731479443,0.41978858663355834,0.6731125448747202,1.0438592782162717,0.8839724418613827,0.6539123561616369,0.6309668753647868,0.7608794135905573,0.3427882765783272,0.4646832310633766,0.47408506039446174,0.7456222380254895,1.074022446395232,0.3398825177492673,0.7352357500491972,0.21796135737385475,0.5933191883019326,1.250128862589656
5.934484763447291,10.76536878805016,3.751599229684342,0.28043305831418086,0.48806789759487046,0.2544901016210724,1.1528762165024404,0.9486904175778627,0.24738958370727768,0.27674577596435856,0.39886494171876186,0.13508958300466167,0.36804695583427804,0.433331847736623,0.6820249785542589,0.9758076516357787,0.24992820016507347,0.6252950031467371,0.17649825237733005,0.8010523738670763,1.1198740336216684
-5.188254069061941,1.3541064977990676,-1.2388534897180004,0.1889533222677873,0.4634439049759681,0.22449135713480492,1.067905205521143,0.9289361063341764,0.24375472441629123,0.18050858585142743,0.2930981908754263,-0.004356098737018026,0.3063526061856633,0.4139718628174125,0.6580833676973482,0.9177824180957628,0.21010853172018265,0.5862283264291853,0.15705927961778884,0.8108808255639335,1.0547200144617515
-0.747304036273727,4.668753783005697,0.479756943391038,0.11615847867688447,0.34849024044247795,0.09047914421340061,0.9813180380298221,0.8073985001956407,0.09220580004798003,0.19314017917946877,0.29896294991583505,0.019654384002695764,0.2696109300060989,0.40789633844477724,0.6533477621814033,0.8859412470815354,0.20022406188797762,0.5806123855245013,0.14358812464595336,0.7520385087201127,1.0308288548148719
-2.119057441095237,3.001015094883481,-0.2512747000062241,0.11772830850631383,0.33861827063386324,0.060986270191343256,0.9713515670749765,0.7902993039519088,0.05369864668605495,0.171804543985633,0.2809736995885526,-0.015942809661877767,0.24029601771575293,0.4002477804217638,0.6452467871504484,0.8593132196771909,0.18524482324229788,0.5681117539872151,0.12616414763445305,0.7235270325728467,1.0049653431038428
1.2950027248316793,5.6999630708121245,0.7955725867113904,0.15478778066205792,0.39425106900295265,0.002918209802274783,1.0024773488939043,0.8406165995116428,0.0018712585253863922,0.1845719603269327,0.30946316782767325,-0.09878921425726606,0.2359534810078065,0.40380781491825,0.6544212197596004,0.8576409340581108,0.19535484466310274,0.585657337461738,0.09744429429356391,0.6225218478818874,1.0175928433445227
-1.012342914940295,4.271612132084277,0.6394630554135792,0.22244838909298145,0.4807407272689562,0.8690483905459666,1.0745315041764933,0.9309602972687929,-0.06182227885040095,0.24414191607274463,0.395543069465516,-0.10057821760239705,0.2572852366571974,0.42082973879453245,0.6902424629726386,0.8811534789959492,0.23547349657584835,0.6496909551933762,0.034695434974001835,0.38043977653155153,1.0810672823503131
0.9908096527647071,5.678996773567723,1.4283592523254973,0.18025116816042783,0.42834761525477305,0.3165652232775483,1.0454516773210014,0.8869204134224928,-0.02226821923844535,0.2241815373003812,0.35712247000360947,0.015600357018011485,0.2319275577188838,0.4169477364142664,0.7013416212532404,0.8566184539135336,0.22834883460614464,0.6709131652496966,-0.018362876572771015,0.21835180008533345,1.0777580846833954
-6.437084319473651,-0.5083340046972645,-1.9191567125996247,0.2487636758682623,0.5090634720741378,0.12618447739735408,1.116907737604357,0.9695028291461939,0.021393615613558944,0.17921636544255404,0.33207476565334354,-0.03808226219136679,0.18011119311512083,0.4149204208043562,0.7360891592811367,0.8036598549350676,0.2252803282238534,0.7344533669646692,-0.18827515839081038,-0.16741634127806287,1.0821160585278766
1.1668804739054983,5.266081645835457,1.513146127363677,0.17045521874115435,0.4147756480817486,0.03157945382866681,1.034731858805659,0.8730017840962863,-0.11447490863641017,0.2586062663322841,0.3922641782480961,-0.20529172719692806,-0.6202058346552094,0.3622566015352307,0.8262651752753244,0.08217129343218618,0.10878038171011017,0.8915906571001843,-1.0789635106518318,-0.9930634306091735,0.3952444600334263
7.483420630288392,10.947912833171308,4.209510649372719,0.2519242398126679,0.35389828501753084,-0.2720719461442672,1.039056596694933,0.7799466043256995,-0.7761414331253711,0.5808887721691728,0.7094357407791804,-0.48535817306281537,-0.5320903483001045,0.2529009593907119,0.7683404589884931,0.19276846799434416,-0.009838587544445053,0.7895242723297494,-0.6317383961926957,-0.9986699352666526,0.05992330060028217
5.5042826703650904,9.158462575915689,3.6535117872638416,0.14313821025010506,0.3084630477565401,-0.08470164969663994,0.9571891694528918,0.7353521464209303,-0.2677592333763526,0.23730921992424267,0.3402946029669333,-0.11263424597604477,-0.3955001498153946,-0.22669194328683356,0.7225806293693545,0.37030241414375503,-0.3581529821487118,0.7093054609036321,-1.3068941788763342,0.2285073339453268,1.2600786796199415
-1.3996724971476087,3.5205451487627863,0.49646178161272636,0.3726193931113197,0.7577236229863786,-0.09467699243845942,1.1999715452483188,1.1608161885975246,-0.31746174804824157,0.2730146189783166,0.4176916795398378,0.16042747930564435,-0.6372693603819584,-0.09980954989247243,0.6957085068509562,0.031323746499924796,-0.26022429447150036,0.662058924157675,-0.9839303632872214,0.3949088030693405,1.1911407957490325
2.831213930857506,6.876381181026807,1.9246143374854041,0.17469115532229626,0.43570717860242236,0.049634290016850366,1.0266135874524784,0.8738648104635371,0.07602704214930088,0.23218000857868637,0.34508524908568694,0.1991052547983312,-0.6616330746129565,0.24026669837144413,0.7106536767624172,-0.10119436791286723,0.07364779154067493,0.6898308179093076,-0.6164413978873166,1.249025844008522,0.9673178566587853
-3.722849932452573,1.2635474447761985,-0.7596899652467994,0.17268794753113847,0.3835194976399465,0.13613173294796435,1.0256093150942338,0.8334751763376175,0.30327230128253363,0.21542333461382118,0.33459276593617426,-0.08287240268833486,-0.5105761242579893,0.27771621070920516,0.680001026350158,0.06010852081451208,0.09704646855210926,0.6357491378407086,-0.4746634136711237,1.1660871781241804,0.9409087576160817
6.330998244564466,9.893794355047977,3.7003986379880485,0.25368159951987856,0.5414111743412247,0.030654308431503362,1.1235443399504863,1.001261042040154,0.009205928219742733,0.4721834383942075,0.6037472589352451,-0.0006792077549820016,-0.5204450375698301,0.39658606455646467,0.6858479272146725,0.008024484182097447,0.29477596800323796,0.6450416714873525,-0.3766033248484938,1.037971598504606,1.0027329581008
1.6924753337427108,5.706778507024703,0.9342435371778702,0.349675506970531,0.5458745662887103,0.023495554948130368,1.2640890729851737,1.0263548829302582,0.00862765713371446,0.10003659933357541,0.24554867718142012,-0.5738990035520601,-0.22738860084026363,0.3255099567621369,0.5989230142277631,0.3861998495941822,0.10730544018899014,0.4945131801724287,-0.3105714780008094,1.0519358700365515,0.8939383298443144
12.228972121969019,14.777371060536002,6.674435608600778,0.16574142198953712,0.4161937913973571,-0.6717223674463201,1.0476939934620915,0.8884002607852277,-0.8258152406666903,0.9938518251283338,1.0984697495023001,0.09617415940359401,-0.017486523293577035,0.31308352468087775,0.5775225699568859,0.581640586111882,0.06393139355318712,0.45792475883422595,-0.2891324366263012,1.0219172415655644,0.8454228855478381
-1.6602173377664569,4.061945356043202,-0.5505757474309549,0.5962316981361215,0.7024787815317566,-0.22194618706128927,1.4672271566133002,1.1557468328978335,-0.28008468113991913,0.42897289598304245,0.5375339134641299,0.06430055135659754,-1.1767632057755324,-0.07460025535356896,0.267538039158162,0.5266972088088561,-0.5985273282690523,-0.0025049601963341855,-1.3070276120976043,0.7701313888372839,0.07852692140804275
1.2814428907549829,5.908380949269027,0.9339571795495917,0.24803055550203504,0.4629447780895326,-0.05327991341750722,1.116177174099618,0.9300342088073803,-0.057068617980538444,-0.14799598861207378,-0.05201176504630528,0.47564363105837915,-0.9212864935594011,0.8370632356215828,0.9235660430246847,-0.12665318230497605,0.4818458275814165,0.7744637625704087,-0.3414767355915428,1.9439453841154686,-0.8964146541319189
-6.844811525714631,-0.6804716005764454,-2.174082806960549,0.10195101461461654,0.31655458054570274,0.09338461958491542,0.9589558556245197,0.7737487455089314,0.1558832601535946,-0.026870503935727957,0.06522775936520665,0.33993284219223235,-0.7086253609612704,0.7300648083066994,0.8433060641097413,0.04599597328260972,0.38951554056072796,0.6954808990747986,-0.25142489644628563,1.723708626502912,-0.5343459560243542
4.686182330806243,9.24729200074708,3.0523468965601297,0.028630033400816393,0.32250434962128827,0.17811706557361828,0.8901611652274926,0.7698951886124212,0.28646553154179305,-0.09815293904626596,0.016893202320768852,-0.11469253551672276,-0.5450436041016935,0.6749212062930181,0.7464689214168694,0.002364375997556345,0.37770187892555923,0.5782781633536311,-0.1642628269197055,1.5579977780240903,-0.2319860890134414
-2.3566641107150716,3.6921761539133744,0.31544345725392176,0.19777159375904235,0.25318585314666997,0.09605135232152259,1.1358336754671945,0.7049018776011725,0.15607143294396045,0.2046296789853621,0.21564639850276238,0.08701562167060711,-0.4223185358184114,0.6736207208416087,0.6447014340733733,-0.2673726173199459,0.4536478539023715,0.4465813037822177,-0.014224849268167097,1.4348236753219297,0.023587855145176556
10.623739529218879,13.919063188461685,6.061292409693532,0.43448953347992775,1.0857028202253522,0.18911867807721963,1.3540020221468492,1.5149791941723947,0.3417520968474591,0.0625274277267262,0.07658548074313307,-0.518620323236533,-0.31704727114571996,0.6328653828520401,0.6329607050508302,-0.0832869539515233,0.4317688674325522,0.4515899594610141,0.07825414250769412,1.324220349696787,0.18579210239478922
-4.352447365201744,2.0867732013577527,-1.9605304739361784,0.17117170571092982,0.5385438053880709,0.28126376589441215,1.0444819422992548,0.9824918483773044,0.5498784625537542,0.35388070056557774,0.4092483684628081,0.1120347283111705,-0.21949329045103577,0.6454845428480529,0.7383422037573314,0.5731396623756786,0.5040015259362018,0.6314390423129217,0.4732826546594776,1.2165161121637038,0.29611160250003177
8.99800020475077,12.619621769429134,5.039222514268914,0.5222507687213447,0.43120880522848315,0.1243978219804632,1.3793745932628676,0.9015007782960842,0.233352747711005,-0.31675551245359423,-0.21657183343773306,-0.32962793234346627,0.1536108613896844,0.6310059415433726,0.7747166953363859,1.7795013442237042,0.511970657738367,0.7057933891752098,1.454476308005162,0.534017671291998,-0.23324517183504598
-6.406312637122412,-0.5859284540325788,-1.939127766611334,0.22486681775008488,0.389292955290791,0.23282890318081462,1.0873440911722962,0.8605037955174355,0.40105221950466174,0.019611852085383144,0.1194555973463765,0.07895874319473219,0.13201935880313587,0.5648393302313507,0.7324720380907224,1.5300459239536237,0.4063987037705901,0.6513716119609092,1.1595874793795602,0.6151250537411241,-0.016634279570493155
-2.3380750628550975,2.8844665556656746,0.21015834704643244,0.11387940004618498,0.3394087881184863,0.10438982261454492,0.9714092484310551,0.8035948603880425,0.17086248517029065,0.1761873966895789,0.2758712910510751,0.06906802215263529,0.17333809307534026,0.5573596979119422,0.6910103272439269,1.5628508321925052,0.4100961719655173,0.5955057866189178,0.9255143248637121,0.689328718581613,0.20213107953290496
-5.234918749297535,0.679527660425613,-1.298444897245362,0.5818112334267563,0.6210216634707092,0.13626247122733529,1.3874034403985696,1.0924200867172684,0.2067488230699796,0.10192951769393221,0.27079735810081773,-0.24407464362832756,0.17193821542330903,0.5441611636698764,0.7051837769046009,1.4622012044204347,0.3978456195780331,0.6238610539686188,0.743654893765256,0.7337807542563463,0.34670005871530285
8.691674096939,12.588383553988571,4.957092568580619,0.23486124164708674,0.4095657794152312,-0.07801566218268201,1.074285921362609,0.8790921425577203,-0.18346437756546885,0.5011094051164299,0.6237740884254274,0.02342375035746069,0.19398725255396285,0.5871168218519476,0.8158980638105507,1.4781406388885823,0.4891301819883512,0.7998134038828033,0.595137418367238,0.7621516731485865,0.4907668590468468
-0.3130327959729057,4.994656289035164,-0.06742939386521063,0.61555749017281,0.8624308656366875,0.029730405240580265,1.5416400848516028,1.372561242981539,0.017452246031836434,0.1289039704160081,0.24930640515443267,0.5563259861636499,0.1499619800988117,0.48995572981175683,0.7005331532786402,1.229756174177322,0.3094941237387888,0.6227768383489626,0.49151981665359684,0.801319084739532,0.5283917614377748
-2.3700760788262487,3.2030198053157664,-0.3187577489840374,0.24172120357779447,0.4596735753802097,0.005746458276876124,1.1200726830759458,0.9317745204084333,-0.3023404455047538,0.21321909235448908,0.3130006182744408,0.3730358411383064,0.13148537295022322,0.45213937806269683,0.6630782341535316,1.1084842218484865,0.24442098435091134,0.5688996087963302,0.4039062830185562,0.8263975296189089,0.5823079130019667
-3.2161618849882356,2.722836385480454,-0.5852538265777099,0.13916649418199242,0.3460878985280091,-0.8773957124253763,1.004265304702514,0.8080161261115921,-0.12947508097452823,0.1475644957539441,0.24175299203480946,0.09166990772312711,0.1193083196587628,0.42899590260199594,0.6433334919641683,1.0222600242250868,0.2050514939977736,0.5412505826335272,0.33378575969276764,0.8451797495141677,0.628204105033774
-0.2758703528268154,5.506144615587976,0.907754816296775,0.15006718566533184,0.34875461597722446,-0.2940368909737351,1.0026306124638698,0.8051248290078263,-0.03581323864188718,0.18852903525064102,0.2927275938943621,0.02799388615453173,0.1227378609889036,0.4586164495203084,0.7007673083887231,1.0025750239198556,0.25645673007758846,0.6282941297536677,0.2665343662446431,0.8522214170672833,0.6875365808787628
-0.1541866870252585,5.468047738625615,0.9309672989281927,0.19515762746241438,0.3989945441781879,-0.08864864937336601,1.0485353795650676,0.8568954615368666,0.004771977660173982,0.19776864256472682,0.3083591821628794,0.04669994378813238,0.1194009778364995,0.4619387340886792,0.7114946148161497,0.9664560143706433,0.26463163461031597,0.6471899224236938,0.21464475760381846,0.8606402086499279,0.7252639187755032
-0.8210220658282822,4.874155608412455,0.6081404560409516,0.15899918774505556,0.36907103095741606,-0.011024319995484044,1.0189056161891317,0.82985761705787,0.04448782749481475,0.22227081521446096,0.327911722954754,0.12939222434632527,0.11509158886563281,0.4607939161684285,0.7146347195741318,0.9314278819951455,0.2647540103823266,0.6542991107992208,0.17301467101233883,0.8675165788519936,0.7527097232483076
-0.4114438602279594,5.50089907002579,0.6341252951716526,0.15619623658042817,0.36070172844860615,-0.07780083164464381,1.0176514740556435,0.8205594998629369,0.06176046242622821,0.213664146361759,0.31784127640506216,0.13130200533079894,0.1076539126577739,0.4446767697119263,0.6958186469448518,0.8886841167351123,0.23720248025604163,0.6269389853864401,0.14708219626768115,0.8755306516139697,0.7663055463846191
1.4741263158611408,7.095265660179002,1.543520854171372,0.12745051008652022,0.338372749622916,-0.008557606938658906,0.9911141047555942,0.7975849905961565,0.07428946373994191,0.20118721585656202,0.3009890849308311,0.11755518961033602,0.0989858341065203,0.41365743400067373,0.6554078344810563,0.8427581654212081,0.18240575156093408,0.565999155769419,0.13596289240574208,0.8857779360424026,0.7683482797487153
2.7518625928923584,8.141733723818744,1.8899931574989497,0.07997209726241603,0.2882211035610329,0.0017290668309774045,0.939286198736815,0.7436544701732964,0.03488445619103221,0.1747879542593322,0.26729420626422945,0.07079091792758736,0.091982471728844,0.3815808035646747,0.611405003876174,0.8045293432086531,0.12587674733326923,0.49973878000005023,0.1289115676793234,0.8958844322748324,0.7669668570770716
3.546403174106202,9.056756560142839,2.219041276728227,0.056989734968554,0.26489982031796,0.012451743803872628,0.9146776702803567,0.7182695921411153,0.020286602633180432,0.16543564292354557,0.2545825189923828,0.050977019610746986,0.08640799941368299,0.346495936105696,0.5608129371469897,0.7726909267995228,0.06612800953092167,0.4253463165390589,0.12452406914717988,0.9062386152906075,0.7625706727815198
4.229120358055196,9.70060929465565,2.5132139802741356,0.050332614592400925,0.2507114395410625,0.017255965098082617,0.9019393670153488,0.703066498163095,0.015690366890446564,0.164776352814002,0.25234246954539397,0.04309466362029967,0.0858731608805136,0.32051391459002476,0.513367868601936,0.7545428409741247,0.018718582717913823,0.3561867344934369,0.11137909460634313,0.9157013011776495,0.7604566496817403
3.1509209527257087,8.589605433647979,2.0049001149585615,0.040826527972657206,0.2501680516877529,0.018695157445520583,0.8987537788460506,0.7025950892265601,0.01348135948996116,0.16299939532682076,0.24980043077914987,0.04164533707645671,0.0829044990994011,0.30208184134938454,0.47823481092948494,0.7384303982088852,-0.01115788595870819,0.3076628968595779,0.10488956347488458,0.9212530462845301,0.7598553720383714
1.9796715886335101,7.568964308988766,1.3845248883378398,0.03364150895407673,0.2444831364202651,0.01969519123283208,0.892363254542289,0.6975985384391223,0.012238810493462066,0.1633690557611962,0.2488263663158896,0.04364109561840483,0.08073100399043097,0.311060819687189,0.497076820038439,0.7295392771276209,0.002517217857499014,0.3331023090465788,0.09846987244320195,0.9197871922141097,0.767124456928277
1.2880219523355407,6.661634416672409,0.9774414934991054,0.03844826191153353,0.24416760124138887,0.019944642167857827,0.893481066038037,0.6967307842201595,0.012418367808624379,0.1634331809659635,0.24938429975663343,0.041874364902906774,0.07807481018858278,0.3090018503699845,0.49914016564432906,0.7201293366002379,0.0024400613913931083,0.3382408373189469,0.09650224927309961,0.9200524053306993,0.7702645676660611
-0.3153722537829605,5.174605151005485,0.21562864138001792,0.042540084043316315,0.2366728112598353,0.02164774203906835,0.8871332432783323,0.691110229216403,0.012311341360997919,0.16866345647478637,0.2533652469727751,0.04567558900351677,0.07446026720008778,0.2788756435683672,0.46402381003026205,0.706786602237585,-0.031065379869846484,0.3027089139254593,0.10248029162018228,0.9249970691732374,0.7649745889860564
2.1174161690654367,7.314005635298338,1.4336318214775559,0.04002057190025188,0.24350086322136733,0.020421026778604082,0.8928850522944581,0.6963911453190257,0.01246897032535245,0.1650357325456625,0.2508746393160482,0.04225936053991447,0.07381693532046649,0.28544736072594323,0.47315709029959363,0.7034021938293511,-0.022925721831129682,0.3135076151154195,0.0975366156023321,0.9242240376571703,0.7689890385689909
2.2301451219383006,7.467142745387174,1.4873228615536724,0.038281488836348986,0.24488896389098952,0.020080789874003926,0.8938489236707945,0.697475036980817,0.012411737524669047,0.16386362377416558,0.24986620965641881,0.04158592160414502,0.07362823395566988,0.29184940427623224,0.48016723195395117,0.7012875782887201,-0.016191915050699307,0.3209723062016374,0.09271155707429568,0.9236586166609562,0.7723329065249896
1.12447463894312,6.347186496003253,0.9277011956147799,0.04099664249987256,0.24363989063551472,0.020306579356535022,0.8934275413105851,0.696494855185042,0.012527633641299371,0.16420307804555317,0.25018941194542843,0.04143769792010439,0.07296673088760028,0.29817028383272026,0.4948740300964648,0.6991661769215917,-0.005538853032306317,0.34175135593581746,0.0907020613066815,0.9221657665913756,0.7758611092445735
0.7785628957298939,5.981003673461556,0.7786007520268152,0.05146016161633535,0.24783055645523128,0.020382233130110474,0.8992208108984643,0.7001521456439707,0.013605073788322677,0.16495578899785174,0.25234365140694026,0.03778953182723546,0.0732957798214561,0.3135970867631672,0.5234270106962817,0.6998147557807609,0.017136068089499336,0.38048518886405824,0.0862787639978841,0.918894757781243,0.781907815177798
1.1606720605878413,6.307742260426869,1.0132993691649477,0.05750023261417127,0.2560501273385663,0.020111808339452995,0.9067040572689429,0.708130628924754,0.014605696595243968,0.16509490602390237,0.2538422457162224,0.033133780490493474,0.07322871844670291,0.3239007740294879,0.541188455156632,0.6997923993772334,0.032243475987286496,0.4041120970908889,0.08330437956300016,0.9166897077909282,0.7860506523444398
0.7123329608004582,6.148753790163123,0.9053520836657376,0.10317150012841203,0.2871833497135685,0.018319914006182905,0.9415995526429803,0.7346973412828994,0.018967681551605366,0.16328038530092648,0.2596219077729134,0.00813290051689047,0.07390069518471727,0.3395905735326713,0.5643169533767155,0.7018526767104906,0.054379309236525154,0.43470095143603965,0.07739357448175577,0.9135067884950823,0.7917929181767938
-0.0012002747193299301,5.622871548491817,0.643605106073982,0.12451312299145463,0.30915771201147435,0.01825643343433926,0.9584225590536233,0.7545069817220493,0.01720454785365147,0.17305984075568345,0.2723129909366302,-0.021884321188533114,0.07617379407916135,0.36791478747059186,0.6030884628977485,0.7083375802099585,0.09516736020168258,0.487618073821308,0.06306983054675033,0.9077395349221321,0.8019840659128455
0.5296394887901711,6.103773847695367,0.9386677263473326,0.13002661589173975,0.326188743525523,0.023943439219796005,0.9705229251184686,0.7734124947123604,0.007636536813480181,0.1782213723024335,0.2783007592786845,-0.035830175813708925,0.07546671531614314,0.36507134915492945,0.5991013234167524,0.7063572858611045,0.0909617819106118,0.481385681553319,0.0639862956522315,0.908370077033079,0.8013075102494565
0.6882954242760672,6.365235837667362,1.2285557641488796,0.2586845882084011,0.4622860459855126,0.031863287790830225,1.1038507435575893,0.9148492065979782,-0.03008536436562861,0.22339562926005685,0.34579647523804447,-0.17156912949983377,0.07179092974912346,0.3133165146443014,0.5236993195338511,0.6933052313999936,0.007845528931087555,0.37140378515697253,0.08954114706888452,0.9209678185930745,0.7825139994100394
2.7869967463868206,7.949172129732958,1.7769469888130895,0.16137879468266245,0.3727357259698464,0.0033571318553635935,1.0199337681752005,0.8321993197484003,-0.17596314338918304,0.346948686936005,0.4552287596452564,-0.13631513815642385,0.07539490898102003,0.36452367501993,0.603955493293549,0.7048152840489272,0.08343480071707955,0.48278532840592625,0.07224663090415467,0.9097033375161536,0.8002227141122681
1.0650284202939155,6.391155544029185,1.1243210901564125,0.24658510133638092,0.4019992792890874,0.4068311791476007,1.0893209760150389,0.8590367806836913,-0.060399059905776514,0.23057883817044122,0.33848483049834166,-0.07509458401962732,0.07208239215464787,0.3341495480555456,0.5624905587142304,0.6951943571647363,0.038034218333415366,0.4240448756526397,0.08849259220650824,0.9162136552131437,0.7894263076202873
3.101399468687855,8.113826785686117,2.0813062080430753,0.16979382449946426,0.38477470825571314,0.15350733782152082,1.0262768442827996,0.8445576509981626,-0.029375461453296465,0.30741336935431296,0.4085105297676449,0.051109570299506524,0.0830219930934056,0.4319588436185534,0.6942019921238444,0.7253870900125928,0.18284138010322024,0.6091004805865547,0.03967819789917731,0.8954603953910001,0.8251314201643375
-4.061418616197459,2.2503408479419518,-1.1769376651370482,0.5906962502998575,0.6708748435580928,0.09258450319629556,1.422678812851518,1.1358930519987513,0.13064127512279894,0.21106223401041485,0.36033399888269385,-0.2715012495090903,0.08401894541724773,0.4500945512366451,0.7127579766690298,0.7291937805089477,0.21892024956379455,0.6399529930214561,0.004349436899541001,0.8897273417730949,0.8334074057628825
1.7941901879187716,7.276213575756432,1.2556024569967572,0.24416486723537176,0.43789957599314666,-0.14024373139386612,1.0961529301279263,0.9058477380413722,-0.583328611410631,0.7802826232390616,0.8944551724993974,-0.08429975188609078,0.08451098871821908,0.6701535551160431,0.993041576255121,0.7307295573687818,0.5910497548998194,1.0496532810959465,-0.3250481876136642,0.8184031965135091,0.91418257305594
3.166792740529372,8.289384000042627,2.323247072247271,0.39345362922687366,0.5665346271750151,-0.04585509294796887,1.2714535602714636,1.0407290018634239,-0.23501545418844452,0.32566072003660174,0.43085985450794945,0.0951954914748698,0.12089318450287895,0.5916793507969498,0.8918668003263645,0.8393612467323074,0.46135994079691517,0.9025787071688128,-0.15493233774559648,0.872171964265574,0.917024396874237
1.9490791398027354,6.988320000685029,1.3378564796894084,0.21718775733586665,0.44450563992554726,0.08411548170010764,1.0989646005952898,0.9205461469851625,0.17154560860443532,0.2817979091613184,0.37885044401621937,0.48126465343146707,0.09554982447988593,0.5560199885986845,0.844195231507083,0.7591521920632508,0.4080977476475722,0.8357283086680894,-0.16487707591020442,0.8640565641551883,0.8869012333129429
-1.2561638892957094,4.101773183762859,-0.48651719690582396,0.09726567627942714,0.31004648416642333,0.0340156770500674,0.9603552056044786,0.7702810910219455,0.04223041595411839,0.20601904275505772,0.29552324757012594,0.20437981705310376,0.050337654837516954,0.5517213760907937,0.8372680170401415,0.6202362165960792,0.40752011214189876,0.828156389854062,-0.26174800882197535,0.8320840824777419,0.8538118351897759
4.712926778388896,8.976532440621533,2.9454201568509704,0.4201426667139393,0.4853259564381156,0.08975888232331729,1.1919554156388823,0.9204349884637387,0.3222299704875189,-0.049803455253061985,0.0793230459738189,-0.3037644948829956,-0.37366992770319285,0.6485897699983227,0.9606238980395002,-0.23938173766041462,0.5809548756091338,1.010107199774676,-1.0152175004188624,0.4735832131447754,0.5452113901548221
5.382096137141803,9.520065700788981,3.274169629710624,0.17821161703516944,0.3121638914957546,0.16192970498192766,1.0044363186557177,0.7571549169203458,0.43877601166245417,0.30636467602917,0.4131309922070569,0.20666159105566045,-0.4776892883230386,0.617129332807461,0.9206221467374404,-0.6855449272828055,0.5317627393519584,0.9533844032529075,-0.7101321887676695,0.7208092370807959,0.8094051579131766
6.537334470491047,10.44200965310883,3.911199211487862,0.8852519404036051,1.145154467596856,0.22839947316742454,1.7264377760772236,1.5849433360286234,0.6677391773699054,-0.08092515849862122,0.07288012418350964,-0.3225684918488169,-0.35222238967782493,0.539851362542975,0.820348810240596,-0.361360369318079,0.39677219484070236,0.8054098141584586,-0.5449475839264367,0.7653223440225341,0.7937139757474739
7.027877733174817,10.741518051155468,4.022116208693308,0.3374856728788294,0.5594419500561495,0.1681662638877844,1.1869642941917684,1.007107930729425,0.5138952837114323,-0.3115748735687077,-0.21481644464262345,-0.1957755126094618,-0.46188982711800075,0.787020132597865,1.1498077714501787,-0.7107088021329547,0.8019505288346442,1.2575515317172448,-0.24537747691322034,0.8294191907837342,1.0617143733822376
4.675440581003568,8.81930830786386,3.3535546009044244,0.4204056208429994,0.46964878781720065,0.28740018603165535,1.34955174828551,0.9471369993420602,0.7528807120228519,0.10210076887268771,0.14608532251319173,0.44736894044440917,-0.35491024494871914,0.7028342611677443,1.0372547959507903,-0.4333499701072838,0.6629512415766569,1.0990594219035672,-0.15624064765220316,0.8485093321099597,1.0152335294911201
-7.946063441002941,-1.9403163859704389,-2.588947923562562,0.2255317530311016,0.5125879539241568,0.27028387682692323,1.1260776504724492,1.0055259586594043,0.7411156525183973,0.15850265458522192,0.19002867158379794,0.03252708053908756,-0.2779146698582159,0.6494642967670203,0.9655685937312445,-0.2340551923709183,0.5761424895345145,0.9985075793170192,-0.04419433203807489,0.865311538035053,0.9901959466786637
2.9121289898704004,7.447358015756114,1.8247877871444562,0.38136792731549657,0.4375122036162943,0.1155111770479855,1.2691712507541415,0.9226433533286296,0.2900887842003164,0.626849807387043,0.7769242184364012,0.2602489332618522,-0.25683071958242254,0.7935842860221478,1.1434709128706275,-0.17099800950881192,0.8203525961361681,1.2440456751266102,0.6511178497568944,0.8411975367916572,1.0732609843470733
-3.239122606277635,1.8371323726154225,-0.18266955691260578,0.2231277126429973,0.48194857010471637,0.20255371887979115,1.106015504797372,0.9606961807807197,0.3685315591987644,0.2618731353691448,0.36844846041958024,-0.11204292457180606,0.24508204556455754,0.7231192701407516,1.05296156409411,0.8274692557564143,0.7034281658015736,1.117331563180641,1.0676238430320752,0.29250776964340575,0.4497889867753171
7.126258056622723,10.50778596571531,4.023515207376418,0.6434717953710397,0.6394244661902466,-0.03764739739578703,1.5256530266523405,1.145206525789574,-0.13787367553958335,0.8273744118498862,0.9604587700295204,0.07784469703179583,0.583916064255793,0.6669633238927952,0.9913941345205997,1.4422799316793156,0.6091202355485632,1.0306372853484103,0.7835344521559152,0.7002548635463861,0.8560265330456234
7.973707138642551,11.139998571219165,4.580561320812189,0.29478256361799354,0.5757182578800026,0.39099555277078935,1.1805150077509778,1.0881694135657838,0.5204378430919269,0.03668922718847281,0.16022639563259744,0.9427075615696467,0.4636076865068046,0.4838478534839453,0.755578814247929,1.2567417386132205,0.3011195147447315,0.7024428686295395,0.6276161123341117,0.802129655001264,0.8091572086591016
7.715264497396797,10.525385891608828,5.297684410742685,0.19964703132390657,0.4809441256302023,0.4766074715947407,1.0776128881223839,0.9782553305864208,0.8684598443995754,-0.2520144170216905,-0.0511599805728091,0.20540476770227492,0.35274424592332587,-0.13869156628968746,-0.013398220666540978,1.0743423944751467,-0.5451501149266282,-0.2125685402530908,0.462082326600686,1.0930550473120024,0.6420264039222758
-13.045184544463691,-7.243271284970307,-5.090212157249393,0.09338964902963433,0.3271558458836278,0.1798931953806309,0.9563484626261944,0.7951243899821064,0.31227801244788556,0.04562921332103351,0.1716009908014648,0.10657910363758492,0.3265520712969232,1.1593321584973169,-1.0985399065430244,1.0431779605299953,0.7494096585565311,1.1298159565011476,1.5377644653615254,-0.14310583862213977,1.8690004842202785
9.974570422834773,12.471535124381425,5.545166285441552,0.49982686889135447,0.7290652127615456,0.21125073340204537,1.251359099700364,1.1833809823907897,0.30495687750140865,0.5504533346520843,0.8311116722011344,0.1248267914527366,-0.5350089667201001,0.9833183306042732,-1.2870375047577072,-0.055100058484000264,0.6004766785040547,0.6067751234921696,1.0748737039083225,-0.22503275630899844,1.7944244809296115
10.367901464731341,12.506927736628832,6.541257669275652,0.4160522589719837,0.6083685607916197,0.3259000471803727,1.325111953161438,1.105849494980108,0.44695369532685286,-0.011314524090910494,0.20578148817668512,-0.3297228649623306,-0.11008158565391424,0.8428237216910031,-0.8563150495697147,0.5568924718139272,0.4769328316410996,0.5922372117741778,0.904729768119627,0.05493324890852258,1.5460822279419983
-13.22154325503898,-7.022675162878159,-4.956037912749573,0.17261125205873187,0.37177368134984695,0.12741179591885785,1.0453919115090793,0.8397947451080023,0.16506790035062055,0.08767570989322798,0.2219927191544918,-0.09356043379991064,1.1311526825298357,0.7340579174585133,-0.5069607248749496,1.7712895991773383,0.3845872852191539,0.5826205420060057,1.5563637198823193,0.9386235592019603,0.5974890452987497
10.946863528514653,13.316843120411274,6.0101125934515,0.5100545568822304,0.7360316777352449,-0.3329490895655873,1.2967693623745706,1.1405073705787767,-0.31901452212300724,0.8518337503093021,0.9453450353468665,-0.14651521506023515,0.90423014670122,0.7215805910388882,0.4952908125637464,1.5411144842364808,0.49966292328110173,1.0058504680842544,1.0926379421296497,0.6986605255365307,1.4246488979747858
-11.717605919145102,-5.9693140419465305,-3.94837986403645,0.4602228437622844,0.6279494507174772,-0.20011254601212242,1.4054563808018394,1.1196925872954362,-0.2739170888732757,0.2308231461565982,0.3506588217795942,0.18913610015091872,0.7254004895109003,0.6120836552221376,0.45306471619799127,1.3582166584707078,0.328310259346013,0.840150525373614,0.8660133760406918,0.7505992107105329,1.2951882674640731
9.822899710820781,12.232320998588637,5.420498102743173,0.3011956221593502,0.5909125739247396,0.4270122011955696,1.2333634658109178,1.1023039132358434,0.5124378090232169,0.9915791383375533,1.0564612021529598,-0.11632405909039523,0.5865465592376224,0.6449224589577889,0.5963324801796551,1.2206329790425,0.507513391519037,0.8336092391058472,0.7226034193312909,0.7640202926522073,1.1782606705347451
-0.804192351943872,3.051799088006102,1.4947968534129155,0.9060619447957782,0.8350981263501724,0.13566330228029946,1.8240812425873316,1.3665558869231735,0.13982299231071324,0.3222537202706459,0.4299920498201909,-0.15865959357041898,0.47367062388982395,0.5295774319094158,0.5443822339798009,1.0992342663009835,0.279937351536881,0.7115718419507814,0.5766105347230981,0.8069898929858325,1.0952298463927095
9.742643782474067,11.87072388885679,5.349342887239253,0.34923613311577506,0.5126166537157031,-0.7253416931511906,1.2276811975965427,1.0065699809418982,-0.7098190923418141,0.8245901692966208,0.9021510460770488,-0.5961890138918436,0.3906232548137185,0.5829483798618342,0.5914320819110651,1.0223205356729754,0.4555161588866564,0.680914352801803,0.48208508216855844,0.8062700999555682,1.0381223628717724
10.241227989372355,12.098765583727593,6.060526888026393,0.5543115100140237,0.9073348149198328,-0.2511883008818318,1.4500199160751075,1.3975847585792893,-0.2630741858288082,0.31896731713326054,0.4106740322590313,-0.1231777860176061,0.31195527712729787,0.4268187576092567,0.5141277254588019,0.9217062057213146,0.11567145453683314,0.5720404571178338,0.3994081437654807,0.8416051625449757,0.9749673862535235
-2.3017887042759297,0.6350917994292694,0.35901257699147016,0.3148475789654506,0.5318810856342121,-0.31704192433187545,1.2112861828871062,1.0094393365093053,-0.42590323812296227,0.35777733323718064,0.45284913890703654,0.41994215893354947,0.2549587903438064,0.26150616860381337,0.48500035701561894,0.8581719549283935,-0.20589499971761374,0.5114853660656609,0.32121679326612795,0.8911943026512639,0.9144611792440533
12.815739975419726,14.58155217441793,7.032957422514116,0.48044792159701794,0.731481740963522,0.09182527313586925,1.368201918912883,1.2155888180719525,0.1555265007544474,0.9161165052235235,1.0042025675346264,-0.3903762448684376,0.2220516955962762,0.8397236301758904,0.5361638790613611,0.8378834365198186,0.5883570959455647,0.5157945106418722,0.332024962939905,0.7584144203573322,0.9813617173642837
11.520589441131476,13.273948461216387,6.447283422534829,0.26548885539369627,0.45543986869747566,-0.8163604999472331,1.1240734968473847,0.9151738194948847,-0.7125234091106268,0.11904538759352248,0.21329842899845486,-0.7794613570326631,0.16170002482175305,0.7275240346718468,0.4983076746977786,0.7622664715035021,0.4641561241755563,0.47182312407432236,0.3444934842287772,0.7664634361926765,0.9312471990075694
-2.614776801433464,0.36512826136210397,-0.3331905381612994,0.4183062382676119,0.773005784027441,-0.28144007882392175,1.2597740719382242,1.223156400065624,-0.26682862345291614,-0.04157244646021921,0.0806756123913512,-0.14853961567486793,0.07084428852852029,0.6059787209993928,0.3698057668277249,0.6087068529521736,0.289562128519256,0.3603077115731781,0.47731041408684766,0.7164451402870512,0.8763768731122187
4.53968178364749,7.199669457118214,3.2918842802648776,0.16913985483487318,0.432237261295759,-0.09771456330424767,1.0176095471615318,0.8841178453602425,-0.10874503004653263,0.23942664789068482,0.3387982300188003,-0.10331999555014304,0.33871947940275926,0.6156865939353848,0.6700603284473907,1.0067854415100954,0.38252444767308236,0.5389765748706878,0.009617583026094164,0.9738643284882248,0.9646280594460839
5.195553042564143,7.797623342411132,3.7537667119536944,0.8770961016884954,0.9049039375769379,-0.2869930898483699,1.6707532049803806,1.3531731352853231,-0.35350829849228127,0.11007606453469986,0.2946746696510273,0.5932843591235407,0.28168646651545215,0.65299115989336,0.6972259429455198,0.9404766776150604,0.5209813867177046,0.5547164286077626,0.008216413866101073,0.9495593175642537,0.9384499558113161
-15.004906294208268,-9.427143645629595,-5.987378713361485,0.3338863493036682,0.4740248143331005,-0.12812310299694563,1.1662024914109352,0.9246795508716354,-0.17927834547202456,0.16893775978384343,0.28950094522776637,0.20295281448381886,0.23763310987234793,0.7485120716860472,0.7827021236169515,0.8902766461555229,0.76822803659731,0.6203523778860924,-0.11954703556859904,0.9316461746076767,0.9182218993874719
5.834123754447587,8.428891658486286,3.3433528638998373,0.21707178284466255,0.5668547978082092,0.2012032323908063,1.081458509603256,1.025406071063197,0.2515005293399961,0.6498828469072921,0.748035807602987,0.06752959967478918,0.17858355510290866,0.7183450435179242,0.7962227065877777,0.7945069029145639,0.7407400756653865,0.6289070108732024,-0.35214775040478935,0.9049752317631101,0.8651616545004118
-12.008030349467473,-6.951308412035114,-4.3842614237729585,0.6982453555889586,0.638932763248755,0.1158727504576176,1.572973739621935,1.1156265406117774,0.14992108193474696,0.2171876796887709,0.34448062436180715,-0.1431072754077869,0.20160378417038002,0.6096244286302492,0.7241736183909497,0.8715585691688573,0.5339071184653787,0.5662383317217926,-0.049825493298615076,0.9699433820356195,0.9041708300108948
6.127963804558726,8.431343600414152,3.475676175321279,0.276987415295168,0.4866036377987557,-0.19956654975120197,1.140941870067317,0.9598130124448667,-0.2476098559728311,0.5979577197330851,0.6937799496513778,-0.1760765242366222,0.16463668767913567,0.6752576623527669,0.7470947010372873,0.8142766754492328,0.6820825854281704,0.5830108095976915,-0.22950400498277976,0.9345240716362335,0.8875251090926124
-5.360512558584855,-1.444966105678239,-1.185148417591985,0.3866441263669565,0.7093794832601794,-0.13186644851835247,1.2782310935274444,1.1780382852618363,-0.1994727757105567,0.249040890057397,0.350536141840396,0.12719581149083625,0.1742609276793507,0.5683154848242344,0.6799030553891122,0.8500391815711942,0.473999833042744,0.5256694048711451,0.013331535979760426,0.9654099289667337,0.8962392307543745
5.12738314586086,7.434442341233039,2.9744176763567216,0.22096216959015064,0.4659643261831844,0.1360308440911094,1.1047117721645263,0.9323184763141215,0.15391612894069578,0.5001992371630162,0.5994627138265054,0.18211751894997186,0.1549527186229859,0.6610847772535526,0.7188217224691836,0.8220457192380757,0.6598524944551111,0.555693585198431,-0.17825347723856744,0.9386551672678072,0.8936285711340151
-10.126978037861239,-5.577043715414199,-3.7870835120415802,0.4553898326913716,0.6894990999895525,0.2158284355664284,1.3272359243661527,1.1486697178921936,0.2676868105450363,0.21729301660174827,0.3292001630017137,-0.16525550318128618,0.15176777844466827,0.5684772405557885,0.6649549901708376,0.8246993720907931,0.4815698468779082,0.5104165487852044,-0.01797299583940033,0.9498528806383193,0.8856332350561636
4.669243552575701,7.372021235436053,2.7929840184677657,0.21716799403530126,0.46492038719614626,-0.005372635310834959,1.0883797063687402,0.9283082628913526,-0.05007548875729757,0.513487057698126,0.6113940161331397,0.05021591697800373,0.12683087702746237,0.7374625772819581,0.7563676987248372,0.7821497799911236,0.7952953787664324,0.5832115336923732,-0.4036513069989041,0.9109682242818482,0.8837493302184012
7.067923692633274,9.22135178664988,4.192545032737341,0.7261332184137553,0.9493927210488607,-0.8738193858201724,1.5963783822540978,1.4096989647954572,0.018518369663201667,0.021706851695749194,0.15466206379416292,0.5723708904150644,0.1965009661409363,0.6303868140577016,0.6865875475363034,0.9197412368765252,0.5924696844759049,0.5251567912964449,-0.024469095638854587,1.0133284236766023,0.9604599100255734
5.73107766872751,8.024385522752413,3.401831852056117,0.28083557352251154,0.4872807115137844,-0.29825510828560353,1.1398530142457726,0.9414995521350629,-0.026289322822486378,-0.10367142768897467,-0.003047162807383541,0.36236863203511205,0.16401703738167833,0.716331719956643,0.777466971931209,0.8589496377783997,0.7587444274258838,0.5999660762289916,-0.23499593831087598,0.9825206072464637,0.9244455114358168
-16.36109231491147,-10.136734123188406,-6.530948453721244,0.17934815848340557,0.3314622697911037,-0.15456683264523308,1.0389201908937815,0.7843207591759396,-0.30294480839840343,0.11952248339905491,0.19541696160023067,0.001149046549026412,0.04674477263505812,0.7249665906881844,0.8146904306422197,0.6187807468955062,0.7822966811226578,0.632841731393476,-0.6463967806530453,0.8598980086933191,0.7958988687508717
1.4755142133100012,4.858548039202718,1.0474421330554413,0.19689566498109543,0.5352227271296984,-0.04085816801133531,1.041110374972411,0.9596499024233398,-0.09697924544279128,-0.12922564099715306,-0.03399031189703658,0.3072790055155843,-1.0591631663594965,0.7686623223134472,0.8611438456318772,-0.5193663941714871,0.8725733120282824,0.6751231099761388,-1.6715433374489164,-0.2859879017642889,-0.352334552749781
6.47540340929395,9.282371630959421,3.851096273142487,0.13690003131408887,0.350207491644165,-0.05360190197486643,0.9841374281414446,0.7928029111843163,-0.2647660185486834,0.2963962147060609,0.37697138145767917,-0.16895311352762432,-0.819268191062224,0.6655086026167647,0.7841944101593542,-0.26599132696609507,0.675391820889417,0.6099702391701212,-1.295812104568095,-0.03268470900524317,-0.11127335842809585
1.752706498028918,5.458370020740877,2.284692283563372,0.587159159800837,0.821660186143489,-0.1131036446728404,1.3840424814906496,1.2364191533899056,-0.4201305669994014,0.07581229688171134,0.21367071328616524,0.34514665630367974,-0.6259541160927142,0.5953093891989294,0.73699744422597,-0.053689384519881006,0.5414422062502413,0.5701882593926618,-1.0011438979076939,0.16978977662508954,0.0801410235603417
7.01771076687892,9.84297284451496,3.9844959581300077,0.23360287360126386,0.4510647970180306,-0.011808688759297494,1.0677976943739698,0.8912815750743144,-0.05266796106425513,0.4995333302613979,0.6109414953295993,-0.04608086934693621,-0.5433409891904193,0.6108196412762956,0.7138680367639274,-0.05999771882994279,0.5647746450193188,0.5506099806640836,-0.7620096550593188,0.39549510111527486,0.3326433022757149
10.974147085285002,13.10776193237961,6.140693924682338,0.6096603740192936,0.9001049322455101,0.39725926343953516,1.4874595922040528,1.3564679823501826,-0.12592740670796268,0.17628379437912076,0.30846021857188466,0.6144175083875506,-0.3636639768919637,0.45882012829823,0.6332361879676206,0.21318537732863724,0.28734308384379437,0.4837613133375494,-0.6026561446223007,0.4586104101974505,0.36936338600870056
6.760531428462642,9.826209955548387,4.150363925458855,0.24668069730009995,0.4840508623743114,0.24907721580218375,1.1114020793015487,0.939730625943429,0.4202876911874703,0.24461922800714672,0.35069548370427006,0.18285377200197592,-0.10946590848625079,0.04361687760048277,0.5306193739828582,0.6095566931353806,-0.3359625256041215,0.4022071485571681,-0.5591713768382142,0.4123872955143737,0.22618212062519655
7.683737025893954,10.727362159376968,4.475090833645295,0.18484690672909102,0.456810669455912,0.11187157837817775,1.0717003429521397,0.9287028577636702,0.21965052356836687,0.32135326182561486,0.43086026275883704,0.12210581876367188,-0.10175454998421149,-0.8922484423050785,0.5427475249586524,0.5915617986279068,-0.30061896457891624,0.4119882575232135,-0.4038994653830925,0.5431541051106127,0.4181259176431137
-5.381883902181814,-0.2763573379574603,-1.4560321642496628,0.4312778594682618,0.6907472802083393,0.10041870427440869,1.3614487741926018,1.1772316034700918,0.3039475933078641,0.1928284799853095,0.3453583744167842,-0.17098141122470828,-1.0234131427629267,-0.34163883979167153,1.4970219394515722,-0.4859502057128736,0.5413830812120892,1.2950953554670182,-1.4294102318762394,-0.5829932553200714,1.7039032358391029
6.4871359376904,10.094844538574602,3.6944410475410536,0.20195629346836336,0.44612032177017025,-0.05266136571715706,1.0898682555091344,0.9167976857240391,-0.19155383447738855,0.5721895384593814,0.6923259187970295,-0.08401873312379243,-0.7892458726563557,-0.48579755879253655,1.295595139662573,-0.23389362487185453,-0.03618738753629273,1.1072804923700916,-1.109743961851412,-0.2549792941203811,1.5097017353325788
2.804284274478826,6.931718036862565,2.9778920187525455,0.313550303529315,0.5371536654961528,-0.02055674177105123,1.193578440332311,1.0012384284269642,-0.13376333336930507,0.2675291949562641,0.38151653989047785,0.15835143546441968,-0.5986488176900763,-0.215000835137577,1.1349357356754806,-0.024181880258315663,0.1800441669016637,0.957275442182118,-0.8553433976716148,-0.009380580494161544,1.3547932503434779
1.052807304283227,5.559218224963271,1.3712947011314973,0.21572013139798285,0.47453389420070824,-0.1677627396658158,1.0939096687122225,0.9405451850205269,0.23035320587645866,0.36114187833159983,0.4705255341675313,0.3470228067765923,-0.45896351419488624,-0.10230115720117275,1.0121249211047758,0.12334716909412408,0.14343324895200166,0.8428736952145272,-0.653736460878381,0.19617988010492196,1.2344335917244207
4.323616278295975,8.103666681744988,2.636434385610588,0.19364429909325212,0.3828370033979823,0.05292334952554316,1.0395161312847936,0.8378882473409116,0.3086300077887983,0.28335713466769863,0.38789852762075316,0.21841600775167735,-0.3505364654533304,0.41383122381361,0.915679650768253,0.2388173445501597,0.4598530006542488,0.7530046015206664,-0.488603649729493,0.3698981364373256,1.13786829415061
0.550954383844719,4.856065640796943,1.1766873383412617,0.1691752683553496,0.3952984276232093,0.07609052099460725,1.014015880530415,0.840423471070944,0.23131772276124865,0.20232698334374422,0.30334153077224246,0.02456405870206086,-0.2499032297376034,0.3795837189071807,0.8357173028579674,0.34890861652908123,0.33716710655743753,0.6783626817483105,-0.3740011439728113,0.48651375329339874,1.0626351062414952
2.007481412331181,6.112050491000158,1.9356312453274522,0.19341667954548716,0.41521873505162354,0.04750955776470979,1.033113604355044,0.859321311504613,0.10842776318788026,0.25662560527784406,0.36845331889896005,-0.0339093687941914,-0.1862447961324164,0.3806366630581325,0.7772721460304817,0.4175688872561997,0.29461054816837323,0.6238927506531396,-0.2722582997460293,0.5786096504972729,1.0050205757443613
0.5912302498900622,4.667244686195746,0.9539008711172448,0.13837508980991592,0.35825780799281287,0.022226813354985345,0.9864116439573147,0.8078628688629947,0.031049949153409726,0.2519104753219611,0.3540214345047853,-0.03135082273870714,-0.1401357719430096,0.39171517803195716,0.7332449225812618,0.4687954421362086,0.2821042140797645,0.5828847569168458,-0.1851997482032762,0.6511662240985537,0.9601727873289367
0.479495468879801,4.513607736572576,0.9075114713981993,0.17681931422625782,0.38425955480770946,0.020816133914879596,1.0123741039402805,0.8287769830871474,0.0007509801531472354,0.2540158259252854,0.36041890167428253,-0.06932463193201661,-0.10575084286742757,0.40616609228630446,0.700165190947923,0.5088067065776897,0.28314595103951096,0.5520057271453428,-0.10763709780734529,0.7083019816518455,0.9251125893741818
1.5284626745209655,5.468602866295171,1.2583600185986021,0.23473862193072398,0.4712364529578501,0.037763285687833645,1.0707418605118648,0.9139800115711252,-0.07840271659368153,0.3412148294183205,0.45475529360405703,-0.18698894701822424,-0.08361201354371332,0.4421353137304573,0.6806320418720507,0.5378865786669902,0.3336745098161431,0.5336454816316365,-0.01297996223819707,0.753396569998272,0.8981991462261468
1.9517501975027707,5.691295125927754,1.337033119925948,0.17665039001894833,0.4069235268419221,-0.035807290206380044,1.033402704713613,0.8624003190370699,-0.16843403505481577,0.27424689594365403,0.3787280180537613,-0.17767285104011377,-0.051125650160147904,0.4377289463492099,0.6601405862810146,0.5708541580741826,0.3118891711297187,0.5146013015866436,0.03260564932942421,0.7880123491671331,0.8755407213810529
-2.5817224107057526,1.8841448859024759,-0.5633415378333759,0.13895639663544943,0.3528353588457404,-0.017944129584507834,0.9902309961379465,0.8048698789886698,-0.11681620319743333,0.17642343339409017,0.2761066626571595,0.0382417825946135,-0.02330305116196446,0.4414808389916523,0.6458311715627691,0.5988041185196453,0.3072170088437803,0.5010441554030033,0.0855241092287957,0.8148038213453219,0.8574056401317679
-2.6639472588385167,1.701869510459744,-0.7081157801915139,0.11704403745750896,0.33805192585058297,-0.00018301667393294356,0.9670665036431401,0.7896055507915269,-0.02089184724221143,0.17143866996401116,0.2708209908842831,0.0953762139065745,-0.04238716234902447,0.4915342298705929,0.6520705218016818,0.625609042111186,0.40740472182330095,0.5068299779651528,0.19454138097764942,0.8337785052980514,0.8417841597352752
-1.5792614160672396,2.468387876969473,-0.30997367102629736,0.06956742183037705,0.2797649335146851,-0.05685674509068081,0.9216218444665585,0.7340101779877981,0.0017957539148476687,0.17013517405962497,0.2611515324786708,0.060066092459092016,0.03115078034590035,0.4633157113273282,0.6352852875572743,0.6483850333935269,0.34627686382525313,0.4919119640497534,0.1930795857951032,0.8502736746024642,0.8300503513129871
-1.5575793280025527,2.309290089736541,-0.08845857359858356,0.14992185062182034,0.352588750029591,0.0033483438984937067,0.9762248221507728,0.7955129433625192,0.030729254457107814,0.19501695339313413,0.3013725861924674,0.08675181970678444,0.054969120731480685,0.4849673457616075,0.6384001251043231,0.6699657174415922,0.3866966558315149,0.4943622224018954,0.1500428280112703,0.8646695741677469,0.8228820307162432
-0.7464359648353311,3.013835196515929,0.26089250550144494,0.14785603252289936,0.36194156068255756,-0.3227762191530345,0.9800843947627385,0.8066200664983446,0.03513550783361161,0.21072151556076751,0.31542460356529745,0.014687491552837913,0.0763890925106002,0.5007837601503147,0.643126660507921,0.6860798287988673,0.4164020498150002,0.4983855372007169,0.11290756275230614,0.8759588854075474,0.8171427975818732
2.178514109916838,5.720211145056748,1.75676586067431,0.3236235087942623,0.5432321585626882,-0.09830492845960123,1.1329639975798105,0.9761936306961642,0.027464668171000645,0.26155662620972564,0.3954266216878892,0.025700396750308788,0.09579050964178719,0.5711306840962146,0.6771709596989758,0.7036118634350818,0.5579704144486403,0.5285034794781268,0.06389436113595989,0.8848476053785023,0.8132481810704558
1.0482836483541242,4.902022729887302,1.0637180429699364,0.22688191273046301,0.4808633372830856,0.005448385926922877,1.0798346763373086,0.9355816529332239,0.08406185763586943,0.28807628180168166,0.4045502587943346,0.38679425613284707,0.09732384799308766,0.5617905716349672,0.6817079010865776,0.7071154686298241,0.5372957161689239,0.5324141900836232,0.040266430846023514,0.8916253758838447,0.8090845900035623
-3.641784858627412,0.9353155540949109,-0.8298826531834429,0.18470928025272684,0.3993085476460473,-0.8415166741776536,1.0381021818991851,0.8537109866594556,0.1287544460942724,0.1743275356134193,0.2834914866830727,0.06488594725892619,0.09236582218888482,0.5197525251814583,0.6591233597791163,0.7048134867322865,0.44581909574883316,0.5117403233138323,0.0446534605394307,0.8967359227012502,0.8053570365750757
4.506347950773584,7.988249801237714,2.8403086702671057,0.31505883062005446,0.5897617269857173,-0.28108318028507645,1.1557011941964397,1.0333132149623843,0.06036872990714204,0.29077508960551457,0.43150478059909786,-0.03258027680671376,0.10150941904392594,0.6832652647614335,0.7400407393795706,0.7140853663887597,0.76681061260735,0.5844258396267278,-0.026671835660704354,0.9004700554145941,0.8042625323019539
-3.2324885214058083,1.324812599882283,-0.8310462978594402,0.2892130644570793,0.5220393671027262,-0.09116902044511938,1.1650335803081717,0.9865737779928304,-0.022867108168733177,0.12170668617657979,0.2557529569568411,0.24433828215476883,0.09471133864432092,0.6109550936978061,0.7037702266768744,0.7094759074147268,0.617206524240766,0.5516223659575616,-0.007923635292082353,0.9036596688158257,0.8014803902893393
3.33719278689547,6.976112955343634,2.008598804824419,0.16665275203024743,0.42017411936371596,0.052048707657719046,1.034859092603669,0.883047626667107,0.4141591174083487,0.6724731447422331,0.7796478038098268,0.10788454098895185,0.086562293741757,0.678185603799015,0.7775856748254169,0.7034605722397234,0.7575284793598257,0.6201100346173829,-0.09988312795792258,0.9056960262237006,0.7994828713959541
2.3014641874077646,6.206582799809416,2.176790856450831,0.5467424674377291,0.6262125764486601,0.05083695592125484,1.3682577817839405,1.074449305337352,0.2681695076647553,0.29441449261541186,0.4166192612688921,-0.09832534316437683,0.09749968237800512,0.581769733628434,0.7089042108893813,0.7136112673613154,0.5562902395726976,0.5568493870756747,-0.018444831023160194,0.9087237294877969,0.7986319355475525
3.017182178220635,6.596091799805686,1.8383171395462874,0.2489866332268447,0.5263490914761141,-0.044832858255100014,1.1049205014181993,0.9945767099526461,-0.3050420374592251,0.3800536481702942,0.4747755900152514,-0.5365048999006741,0.08949892962397567,0.5863518534635417,0.7113759926165217,0.7072945862763124,0.5636267686861947,0.559429873079064,-0.0345168945892111,0.9097851282836473,0.7972092649416498
-5.340755909346658,-0.5453110940653431,-1.667340643992849,0.08628762723475066,0.3234262871738829,0.036299916573009544,0.9394267668427695,0.780360650159647,0.06828357191238528,0.2318412531532418,0.3178534242309659,-0.20139421726669463,0.08124410437810504,0.572194990862678,0.7026971600421497,0.7010260335214109,0.5324552799606138,0.5515376206057112,-0.04285103454314143,0.9106029730341418,0.7959066439720132
1.7750464532672328,5.3641244679675175,1.1986698335352304,0.4416156472741702,0.5645888767414912,-0.028742800396371154,1.2215271708251483,0.997688820481403,-0.23943412582147058,0.3530961007674943,0.49760729951367066,-0.1739582966946268,0.07048399555424603,0.607463601489493,0.7218934933577479,0.69222442544358,0.6043271091104466,0.5700984253462033,-0.07300626838425676,0.9107564338684225,0.7948638954517532
-4.505851435131759,0.15778807585654808,-1.3257764400692795,0.20198036956210155,0.42373076461901715,-0.010165359079647305,1.037329851688354,0.874653216570223,-0.2730609888737867,0.19924129314455644,0.3075168742567531,0.16805954187766653,0.07104157159457994,0.5477204521092549,0.6855508698241426,0.692903563174381,0.48170875736538876,0.5366875855695268,-0.039050332435355786,0.9117863273359624,0.7941380033053178
2.700696650823183,6.390275528418126,1.766683464749695,0.32017716528521806,0.6082167711107394,-0.37737386327727107,1.180795033247247,1.0633445922963483,0.2354727766964298,0.5061598028952633,0.630796533046192,0.2854561890942735,0.05236243778220291,0.7323223153218785,0.7792407119719913,0.6771610351914786,0.8261248815581643,0.623252250959284,-0.14846665972379397,0.9103290670542333,0.793737393699464
0.3191918087298834,4.313939423189467,0.27904412675654533,0.3247394686249846,0.5090941109305922,-0.08544316989489163,1.2028099687522085,0.969053547267059,0.3229212177505931,0.06562135343189683,0.19049763679830847,0.33056784564044384,0.06337938854475043,0.6448168169192823,0.7284433913554857,0.6860810208242197,0.654157546781269,0.5765277658771037,-0.08619874569653209,0.9118465948167814,0.7936749226220504
7.425974113359268,10.306956097019253,4.142405100862684,0.15609624061930263,0.4093361137216788,0.11708782536757548,1.022694313302498,0.8700234950945707,0.6512019872468904,0.9053560046842515,0.9979224459067731,-0.049070291942798855,-0.023672551766405633,0.7437146431038164,0.839393656767764,0.6174024420191505,0.8397304863661924,0.6794822861266308,-0.33233263444952044,0.9070140850795759,0.7881793919017963
5.6300796851995285,8.87986137318776,3.39592466700496,0.6491257903098205,0.8088768304313828,0.05040839843253028,1.5381881689660784,1.2706495371771185,0.21696016563825357,0.39329110406004686,0.5026135714045785,-0.05161618107616779,-1.0453832296876742,0.5945340785690685,0.7160537074147777,0.678165259537115,0.5459992090776123,0.5628880083681741,-0.6960828097483758,0.8734495577735264,0.7526452566854005
-1.1339066454273419,2.9134910840159653,-0.42936200701148297,0.27297058425410897,0.5006667665776827,-0.015519296933678917,1.1481004825280126,0.9665485349567207,-0.1339713427534417,0.148496034803465,0.24476265180033127,-0.6568502341147765,-0.8022703119809119,0.4667514556247411,0.6380381377686198,0.6953034319213816,0.3052247036488942,0.49157359312322724,-0.5318844690899769,0.8824435285888845,0.760246649916067
4.628824095296845,7.911613408353805,2.7936310632934664,0.10281496095093777,0.30146318679221196,-0.43869990466465947,0.9619220834293876,0.7576407885933597,0.27789253026973665,0.21335799144188677,0.29862328237839375,-0.33221424394738924,-0.6149826768397828,0.43626996131809304,0.6198223910983607,0.6952700661424934,0.24565344573121486,0.4751616961702293,-0.40104940621825275,0.8895212464293052,0.7668990134306535
0.4054283343079308,4.151511799186606,0.7960205930511708,0.28520467068495076,0.5121417412327002,-0.15016292219712293,1.0933184709440646,0.9314765045985578,0.03905336636714144,0.15489146179580493,0.2654038996925843,-0.07151799341532909,-0.46663821684131335,0.3851386712819652,0.5978682408200281,0.6988964254015602,0.15382409298181474,0.4554891671181492,-0.3001066917371327,0.8950861519401353,0.7717291159491925
1.0032681364349325,4.836938940456964,1.3032978317937873,0.16831083160521032,0.410210116218617,-0.05568185983479498,1.0115575791260194,0.8546041547879542,-0.04845643985771769,0.252541352992146,0.3542617628917182,0.08369777934389586,-0.35690908347222794,0.5166300982533616,0.6176514401656881,0.6832930750595558,0.34483935064024485,0.47211561933779045,-0.20693091290320123,0.8993280291588988,0.7779835139475362
2.1370912818165326,5.525173441345869,1.356327785822484,0.4152170909371261,0.6616435086055603,0.03676782764675392,1.2666838113059105,1.1134680078709915,0.184722916327592,0.34280657487330957,0.4731474285218433,0.3200085001762033,-0.2748118835571255,0.5552945981466368,0.6469005592437569,0.6626072690658105,0.4168642293917991,0.49828056493958545,-0.10682449628082916,0.9043199839714784,0.7832626443873597
1.8496817915166903,5.271833598569899,1.3286413396104708,0.17542138391890913,0.39512307780638833,0.03560604871965249,1.029030455547772,0.8477645916853433,0.1241175831100724,0.22824171487692285,0.33029016992085514,0.1145807839315964,-0.19870278035663594,0.49475039909684854,0.6192513663375016,0.673156472162433,0.31346501422524603,0.4736927955666293,-0.0815139007338049,0.9063919003200499,0.7845656948139048
0.2910582586615005,3.961140222530079,0.6924898451945803,0.1366048388027906,0.3591948276089621,0.029433349330862994,0.9889761818731295,0.8094056796825991,0.09573863198141828,0.1810722466431072,0.27916895145868414,0.004109757541906903,-0.13852597322054863,0.4361600567511484,0.5948732268914098,0.6816413235805071,0.21434498445638414,0.45212422569967636,-0.07021969852026538,0.9080187818114417,0.7854184873200452
-0.13093989811395368,3.596277428917113,0.4616696841656375,0.1203143282231267,0.34274040698534003,0.02336302133492372,0.970461543177248,0.7915366518232194,0.04298135329283778,0.18512731891752102,0.28255461760413775,-0.012812721640517086,-0.09559366176604808,0.44856309937189653,0.5977313992714491,0.681049436094243,0.2340568960351228,0.4545624801264704,-0.012591783353134354,0.9098165599596052,0.7873931097516148
-1.0675671457763356,2.7696965045571043,-0.03548966909292973,0.11186435915720451,0.33591244046665913,0.020980688907652652,0.9625861929737727,0.7863914131247943,0.019675819407323467,0.18407082638692485,0.2807487102423471,-0.01632305084855699,-0.060994121321298445,0.5289365281707232,0.6279867171271497,0.682072499446041,0.3748652328189883,0.48233757662768,0.10389958532997536,0.9106328768761284,0.7893451136198858
-1.2435263515796042,2.6934283997528534,-0.15827718709571625,0.11204466630084842,0.3387421556299758,0.022124309399132014,0.9639091625368181,0.789273927556638,0.011519321329554542,0.1486348998724564,0.2466223778586804,-0.029852113829795485,-0.026539322005749093,0.5649494047028117,0.6587185472440122,0.7007871144440289,0.4453084666335208,0.5111484703980931,0.25139012704501357,0.9075111217989039,0.7863605071981347
-1.6656105587449899,2.3329043440304686,-0.3470078811172538,0.0984968769977557,0.33479851782464154,0.02600102569865193,0.9560630958837628,0.7853655128044879,0.008589778522608513,0.1166599134300548,0.21547613824596676,-0.030710930888781147,-0.16192086797458838,0.5972251789193344,0.6905736225096929,0.7021477092672722,0.5088839383172888,0.5412141930098764,0.3502328846122484,0.900652929202031,0.7794655831412819
-1.864311452000441,2.0371345816571056,-0.3559702547690844,0.10129160540679408,0.32552935659634746,0.023486787187839638,0.9507135693892854,0.779111540743028,0.00208408983137071,0.08866699590072988,0.19012961062351885,-0.06543782353322565,-0.04413990513915741,0.6273084766068622,0.7247334428696498,0.814442566146348,0.5770767735227765,0.576458224756629,0.5305171535939168,0.8828241399969896,0.7613467682857105
-1.423056690313485,2.4134722772449098,-0.1799312330496502,0.06160981435242903,0.30559136261486575,0.02558005844360093,0.925581605203045,0.7618782241095858,0.010320506881992222,0.12390736627083598,0.2182569966637306,-0.0006909841736097676,-0.12535580376618835,0.6088673226637551,0.7220807842824716,0.7563355562925901,0.5478925744575471,0.5748758059389528,0.44844627818284655,0.8876789470331015,0.7659671938222866
-0.7305008631642776,2.978876517590499,0.07321460408281966,0.04947830737775755,0.27849113472311704,0.02198414498330946,0.9119991434815076,0.7331063907904415,0.011782512812797775,0.12372982877851707,0.2147930598178384,0.00963008833845555,-0.08242823917869724,0.5672450764926686,0.6981416933439551,0.759363888536932,0.47332292564867684,0.5526409705875955,0.4188182479033469,0.8879603556572759,0.7658031188432152
-1.1897064009816,2.5908605229478265,-0.11543297659869667,0.030789507936365063,0.2910011697627869,0.02004240886565726,0.9111981747898381,0.7490836685980562,0.01235859775446294,0.1123959360550229,0.20174615541324403,0.008130198866425551,-0.08465907413547759,0.5739112888434805,0.699772520658473,0.7471240975043723,0.49011528619221756,0.5551417709990021,0.4142465700013016,0.8863329177321847,0.7643081842140975
-0.0141633089573312,3.320338797633227,0.3358547427256391,0.05633358095860929,0.25596686113462336,0.020687534641394435,0.8979013757241321,0.7116160997580466,0.01266204298214959,0.16510998894047413,0.2511876001199663,0.038303924430698126,-0.05298225601848883,0.5178387472315813,0.6666390463924262,0.7211343678535842,0.3870630018221601,0.5237315726222005,0.30419553099373536,0.896588739137523,0.7741637202474039
-1.5816461247419098,1.6905309440238856,-0.3648889148450638,-0.049691313741228635,0.24830659729396187,0.030601787859344916,0.8629389540785044,0.7324862403761738,0.009121652775384324,0.2441259006759912,0.3166600524487706,0.10198027339115207,-0.0399665545667627,0.5187873055696863,0.6641300016883039,0.6735694721001367,0.3982608116955544,0.5226437907339099,0.13222791541517565,0.9097877963417943,0.7878156167740784
-3.5139356024389317,0.1743912868071792,-1.2358110953058954,0.6781682140652872,0.1748466251397875,0.031124269861029886,0.7530473491523403,0.7141522098847115,-0.013380574295530877,0.04590058446402649,0.24504183305840138,0.09390091199871953,0.11959825358158808,0.5123078980288271,0.6663923691852068,0.6789169163231541,0.4217928884780721,0.5304566881999954,-0.03504030332104266,0.9158439532692797,0.7941535026140383
-2.0781550986109076,1.4322821543877562,-0.5907737472181637,0.2647245878417091,0.37109897497443955,0.03104371316256802,0.8458838953545109,0.8217885067636581,0.02986331816113992,0.11580606030139942,0.23167145766195435,0.005792210213031307,0.10749035444814477,0.6004272536624695,0.7005474870914246,0.6783737737131983,0.5607318617769945,0.5603337521024309,-0.038083260115904585,0.9147765639819746,0.7941950452722892
-2.4815123476075236,1.1584045017747537,-0.6964654052664138,0.13369537917762037,0.3523282211551919,0.024432747180512766,0.9012977111573484,0.8045289463299973,0.021613571383072384,0.1779306459779386,0.2784019980273921,-0.04042548594996799,0.09622642585285959,0.6396015939543964,0.7406124481947584,0.6746928204199796,0.6232773055148738,0.5969588429963923,-0.06409273369780069,0.9140873303662049,0.7935158632575182
-2.3023194657272774,1.289985485805774,-0.6386154205415495,0.12614975709593493,0.37630696441769695,0.021768356637800402,0.9719550072451912,0.8289836139883704,-0.0028368212522659995,0.17404916866010073,0.2789798985229004,-0.060380060260479845,0.08633031719353966,0.632540548200728,0.7466239557397958,0.6690485816817197,0.6059374351297528,0.6022463011091117,-0.07774641252737564,0.9134788104518189,0.7925727937013002
-2.04168163119774,1.8118967832179065,-0.5428854244540776,0.3611417417752579,0.6623626001053177,0.07816795130249558,1.2741761329442132,1.1062848281100042,-0.14177933987987812,0.21296629629050196,0.3817269311442626,-0.38765142201074043,0.05409666613146249,0.7778904043952173,0.8513064977020686,0.6212732977448189,0.8464689037696712,0.6999448855242824,-0.2439571236450371,0.9091456609711865,0.7893276906716374
4.080924782412674,6.874080583845963,2.386537197878293,0.1541130772252286,0.3824250377501155,-0.21537144731642774,1.0232304595067048,0.8281174581218126,-0.5142253197319384,0.5632310420853452,0.6732644938867134,-0.08060490574903242,-0.1212564917902676,0.6725069589106067,0.7755071588541085,0.4901372927451243,0.653084563273234,0.6260560550593911,-0.37432377893238483,0.8980197608860928,0.7770422281243924
0.3324110890496008,3.8012110081733272,0.8471570858711603,0.6805515852750011,0.9486278176253088,-0.07271803671304175,1.6036147539168293,1.3874393356984003,-0.22036005916768048,0.23187602492575937,0.3784489482486079,0.06626613753796441,0.279097647531101,0.49938007282349717,0.6513374706228324,1.0094852772428458,0.34888769091683947,0.5085109738588339,-0.7567115474285548,0.8513330364288537,0.7278987418319897
-0.443695975561771,3.320585810860094,-0.005186630328756221,0.2729756658560505,0.5123273148316198,0.10430075125532169,1.1580573924879447,0.9654116804831002,0.31230301567446295,0.48631415740185935,0.5929164760323917,0.6372604572658663,0.17294335827851978,1.3278504768829935,1.0894085485036267,0.7911705261061608,1.3097135447149164,0.910028417749531,-0.600112826462044,0.8518194329279747,0.7460265203852202
3.521189064682913,6.070589663640037,2.2432570790203834,0.07425721722553384,0.2705650848700641,-0.05754804538280772,0.9207173085685256,0.7187134098078278,-0.2052539045536988,0.2826597114253613,0.3708678272481373,0.3100486442362187,-0.02603472429090293,1.1179456439813351,1.0045445706205474,0.426705330074837,1.0427481234678793,0.8343297592021819,-0.7102716612398,0.8191922559640396,0.7079728207293847
5.063833516840646,7.956174415483179,2.8956673058430993,0.635389511727424,0.9284239125890945,0.19666114409729357,1.480624459572574,1.3284277048141164,0.46958266728464093,0.7562262123876666,0.893345291777324,0.04452836982445156,-0.636349275283813,0.9445937290824278,0.887329092533559,1.1640232168664995,0.820879024348702,0.723882718084648,-1.1263894340975615,0.6900750796892585,0.5734058707091729
2.424236139626512,5.726048947147342,2.0515036473601165,0.2579408462475925,0.492431096734654,0.09280995427705552,1.1132499101139306,0.9278043866432293,0.20247646580869647,0.28399909793319167,0.39398467062513487,-0.09137531951715368,-0.33375107576543783,0.8071426850386707,0.7995158590880621,1.374141668261209,0.6465315523079503,0.6446453034936482,-0.9204899369480827,0.7126111403158144,0.594002654428914
-2.1669721773956527,2.081723038904647,-0.9011774924012214,0.32850024814131124,0.6082891708682826,-0.13147974300202084,1.2433572277782434,1.087247154721052,-0.2911588245416329,0.957841418870969,1.0443613361216952,0.038533790487874586,0.09764623152798459,0.693284934640054,0.7275954806622723,1.6584063793564914,0.5010708053406235,0.5778180969559391,-0.8638899269077853,0.6945662337772895,0.5735821796786712
2.9920681492510295,6.4383716101548885,2.007835098521913,0.2795069321583213,0.5074694134958496,-0.019262741990666913,1.2253359543138815,0.9966920671914266,-0.05437058735700573,0.3960733813064802,0.4901523520868562,0.22954217227773113,0.23552200522761357,0.2395998743602673,0.2819511986808546,1.6874055569053192,-0.07091871010153016,0.15766230636563972,-0.4747682429902772,0.8151889919380942,0.6906357850551549
0.29977581306417356,4.305977161916951,0.7995556968254222,0.23597577624589325,0.4951536408388948,-0.33874778654521587,1.1597809523552094,0.9779990190292509,0.4437809869701163,0.43258007476622684,0.5221849438780932,0.4491038401254612,0.20231915366592126,-0.6585166336346648,-0.4439181804763511,1.4777486802584128,-0.7846661948030441,-0.29172719645153566,-0.41686118356701585,0.8333856413037494,0.6923120428279268
4.385485240383099,7.769828118422064,2.567520879838679,0.46307698880708376,0.6075245591239671,0.16300348529973566,1.3668761502068902,1.056397363046301,0.7747953115193162,0.46693074092216547,0.5723201058615726,0.2733574369298717,0.18242691994439558,-0.4658331282464491,-0.5962909964342752,1.3221083763658885,-0.6324089345695593,-0.4263160286301716,-0.3095937452377207,0.8546225087023522,0.7094133911844137
2.962511383760336,6.6129412835782375,2.011210592315789,0.22296665809199895,0.4888320851388046,0.11826616127105444,1.1159605795172443,0.9626210651639596,0.3943600612243892,0.23605850280897034,0.33105241683383435,0.01849803410052683,0.13281756014725266,0.11057043741076675,0.1352061551091589,1.1381854838681515,0.04088289671587249,0.2743163909363124,-0.23974568812857103,0.8681499541463772,0.7230293529007467
2.797526393771335,6.439364332596679,1.7856255727059516,0.12263815004478108,0.3455732403112523,0.05599000815853343,0.9917619597461027,0.806485216329221,0.14883973171537843,0.25795577550495097,0.346733215733917,0.06626481459595479,0.13221838036702022,-1.0007522572939382,-0.9162709110076118,1.0576905118018698,-1.00869989499085,-0.6391467991799659,-0.31466325196468453,0.8881721157679822,0.6982485264854315
2.2913804949073806,5.94854098125285,1.4119568200510517,0.06561196589055092,0.2724252006367468,0.03287836689045519,0.9225452846924074,0.7273463221595096,0.05925034333007129,0.19937060425397443,0.2858324076104456,0.05566571283970813,0.1120065398274751,-0.7139640642791114,-0.5969384739257436,0.963782322014133,-0.7812596823855747,-0.40395988555979545,-0.24354243149822893,0.89240540874184,0.7168692019387167
3.2532224780082095,6.616825973765111,2.027712080365472,0.09917169667035765,0.42259505798819885,0.007291091600776403,1.0117672466917185,0.876032622102074,0.04007523967100572,0.11990299661281421,0.2218552333840728,-0.05349585752048,0.07231538972961016,-0.4712630359043741,-0.23130078355833536,0.8366378737428833,-0.5564811651926529,0.01939240723575135,-0.24354800966525134,0.8873031706505209,0.7320466868196398
2.231310274322435,5.788088215148928,1.7455582135675638,0.09853965655644464,0.36637107286771753,0.049321341482229525,1.000022701912708,0.826548299759982,0.01667001308500351,0.1665735260298087,0.2756239976048635,-0.0024334044015277556,0.0495788102683872,-0.1890054878585477,0.9440827867817198,0.6943287216476842,-0.17277849220232078,1.222218585815788,-0.16595389635108154,0.8189879308563006,0.8381607755842447
0.11760224580489964,4.177290693555348,0.5285610009256794,0.07367443142341812,0.32628614727365496,0.030907504334887887,0.9642624035725693,0.7747134367082129,0.013947948460521942,0.08221222489133805,0.18664003114978603,-0.058843265702195655,-0.0723612596340633,0.472980314214614,0.8623943277830783,0.5848307765061108,0.6407417139290937,1.0518164568853035,0.663982128328329,0.29964888120474054,1.4442842523035813
2.210670290438585,5.983418900248128,1.3289330319169812,0.055193802077592474,0.2689526504996051,0.0204891099782644,0.9181955228100183,0.7191223630095449,0.011944241143662656,0.14070627715297673,0.23312199415397872,0.006772277624868379,0.1354635113691745,0.4403835111736429,0.795335585888235,0.6513877632524748,0.506591199669852,0.9137049492491341,0.5208548764190103,0.43735064979893523,1.3084831382809863
3.0050343865387332,6.636368519344527,1.5437189553468922,0.15871531644463927,0.3405434897201261,0.018812417872475826,0.9834456130328053,0.777346519545824,0.014820818111995204,0.148992567934502,0.25732935988428746,-0.07241620428691917,0.13942045193378666,0.4218708496709434,0.74535919255316,0.6854818573934827,0.4152759243596976,0.8093239244656486,0.4172059439835225,0.5405347108085908,1.1997370818400894
1.2332660417685903,5.178300559441882,0.7930501980249816,0.09415006652157762,0.29545912034926713,0.03021143083219439,0.9361036294690908,0.7399312783546338,0.004586413237372185,0.16904714674298077,0.2644796417431034,-0.029042661717396747,0.1121566370227428,0.39747711512300293,0.7035256179426866,0.6706481052189514,0.32601553660742544,0.7235767821873004,0.3522075566351554,0.6206139001153218,1.1106644139142587
2.4269299591138336,6.1950350088058945,1.1805980589376357,0.1676171814494394,0.3704169386353495,0.022173600759258567,0.9968440669938534,0.8045983122268165,-0.004603623663044067,0.17420255100523044,0.279376642715782,-0.10733191358602354,0.07858180864830235,0.36625728799096424,0.6681627903461028,0.6427344488720261,0.2348390845559951,0.6526427075394967,0.3115021365888562,0.6838045947765516,1.0385823366683773
0.6127100692200274,4.499378523162105,0.4017368690100896,0.2097787651687986,0.4619547253980073,0.08668957319515158,1.0561346647707648,0.9023874410566904,-0.1327047344729293,0.32804047400779984,0.4327498552584287,-0.27178260561931183,0.018747814554905488,0.30783192863932163,0.6352387519614607,0.5802274176357824,0.10851662560441012,0.5897952479904135,0.3085205428875886,0.7337241772193395,0.9763423025545094
-1.975696569027587,2.1731537790420883,-0.8117917089880731,0.27816342226268803,0.4756421072650915,-0.24050963855826252,1.145649156865193,0.9286160548266439,-0.4622582689486907,0.4492898743553754,0.548882257751389,-0.297129909842572,0.2095140965278504,0.1422614315933251,0.6017638894480775,0.44522691789540214,-0.1450039794241244,0.5309466529823481,0.37817107738283456,0.7742964563142245,0.9111092145620985
-0.011934797031309285,3.4407421181023334,0.4779385440403554,0.13565069980624336,0.34199423863280776,-0.07553711221554724,0.9967262732437336,0.7999557960921746,-0.16169884872205836,0.21632130170188668,0.3101728479166942,-0.03503805246161182,0.17988275382232763,0.1818887834530384,0.5919863633446077,0.49850538581425097,-0.10548204840729743,0.506674177603457,0.3140011046746887,0.8046070070952537,0.8854139837513417
0.4585625521436817,3.8281947696750045,0.5394897395021206,0.2178993326353095,0.4436633215168174,-0.03559828911141236,1.0678344144821696,0.9017925883246596,-0.07464945012617688,0.359069820664485,0.4557352114994772,0.02166849153629209,0.19473048644590396,0.7781880647372756,0.6094170681335666,0.6016711270914835,0.5271178066433695,0.5229324719849407,0.27843067411386896,0.7801336555311789,0.9047703110480015
0.6820468568120834,3.9151399322439246,0.5932864408746527,0.4318750566736768,0.6133563906783266,0.10791666906089915,1.2898370531744157,1.0756504693034334,0.09093846948871567,0.24547595999894836,0.3626948465604225,0.8028931060313474,0.20963454004217807,0.6893750391489779,0.6255416621097778,0.6823582620429077,0.4372244421757019,0.5381621023635557,0.1914557319458419,0.8150435836150199,0.8843246824030497
-3.1536300952561427,0.6194317871607725,-0.5002172542546287,0.16878256598145194,0.3489887977539104,-0.3754000088343334,1.018620335232019,0.8003274107923746,-0.4990274581999594,0.15160013609498568,0.24983556286317776,0.3976903249780589,0.2524122706327226,0.6700590983614465,0.7221827388294749,0.81315161566088,0.4731086047104217,0.6685713492459886,0.03483949375428724,0.847262692485142,0.8735037484291596
-9.170303918433847,-4.557333389367779,-3.491657302339554,0.10428116283903166,0.34366163114749315,-0.11395653101225417,0.969576887452976,0.8139694099190166,-0.15134360461806093,0.18816062534875672,0.2801134075859365,0.15206692776951097,0.25516302304246996,0.940898464945199,0.9906468357130698,0.8692804631517526,1.0202595026934544,1.0434757978432794,-0.398095123447322,0.8483148910851402,0.8811792966789594
6.713757561058223,8.814802824707439,3.7307153928090764,0.9779059952275463,1.1640112724140574,0.6431666580897663,1.8221321598182043,1.6147352341405785,0.7238937560286072,0.897178641251677,1.0771510110000215,0.5210032285929599,-0.23798624773895447,0.8460282866507298,0.9426203184218417,0.09295916785049815,0.8809467769744531,0.9765832316126261,-0.8920825079087475,0.7489102760219908,0.7525435129388037
0.7902746285057799,3.911175856790459,0.744215407493599,0.3696014533366857,0.5673369407540502,0.24104523959009816,1.2199845082194538,1.0192662555824434,0.26753935317338723,0.3361057727118615,0.47649554342326667,0.15059727940021037,0.6922519841345368,0.7330911244744411,0.8572628546752361,1.1034275858853066,0.6961497394686268,0.8536044650942689,-0.9296952957464026,0.6629531268226145,0.6413239570739353
4.007917138647245,6.354120264990807,2.3916000117988667,0.2833301286186564,0.7117848120274629,0.3185370533259504,1.2282173577739468,1.2323738329774856,0.45804039000836233,-0.12614726619447017,0.07902119955937015,-0.5193616992272362,0.5597385012541622,0.645261792391757,0.7912204106598176,1.0169860087680667,0.5517610421344544,0.7579730948456874,-0.7141263414557696,0.7169369142638039,0.6729348386736669
2.163128761233802,4.593555408933659,1.356990989294285,0.2954119701850442,0.36992380876490905,0.6325067204286223,1.2715644227035925,0.8355381762409005,0.9024822474712659,-0.5010856232409223,-0.3621782240063659,-0.2611452073363495,0.27191233927035174,1.3580162726294536,1.2196546268226685,0.5416320914156899,1.464472293723355,1.3279900568595846,-0.47789537077997374,0.6936348523694131,0.8240545620330522
4.663978180034375,6.346901274528761,2.650820680845196,0.6042667183231191,1.1647333223720167,0.2512482204989577,1.6504719997528756,1.6228115607189517,0.35524139164640756,0.6683159361982413,0.7143452748311856,0.5230821651534662,0.305231378592533,1.138422225347055,1.0762962789031056,0.6965966055691485,1.1596494129207644,1.1312497314627508,-0.21101717147802215,0.7801528257216579,0.8552199585607277
-13.615684874239395,-9.027218810735597,-5.144545901474274,0.2838586249971161,0.5738332967497856,0.7814696201533169,1.2379752608417376,1.0307066486838625,0.8827127450024778,0.19475483255348483,0.2910498158218253,-0.3235071129903362,0.43834550893839697,0.9553685303499762,0.9331568734019385,1.0052916137280536,0.9049981161411778,0.9339738084860384,0.43448613870324676,0.8804865499311681,0.9126433830961649
8.049764709931358,9.377829876254628,4.431386337918476,0.28660694920283264,0.46645907467517833,0.28129971103619006,1.216879739299005,0.93793691724789,0.30822544164984755,0.7774066374947562,0.8399982519361351,0.4209958470230722,0.575189569525878,0.9275125090531564,1.0708768536026843,1.3359555886858092,0.8669938829523428,1.1171125147056797,0.1276530801779333,0.9431672881011189,0.9392054912067183
-14.497518746706726,-9.79733516778435,-5.669587457727945,0.816772259266565,1.0390293395133625,0.5866647191219108,1.7777940003232344,1.5279995020038384,0.648807732786103,0.23214961738019077,0.3515237972053204,-0.22516388693028003,0.4597143446693599,0.7300915797579106,0.9171108737166381,1.1828808405458517,0.5925975016884172,0.9072267798464286,0.14313761588242851,0.9427218737618287,0.8987911589197211
6.898139260871811,8.355072663936362,3.806700943770951,0.3180551888699734,0.5311492835194918,0.18531911231297526,1.2119509270710966,0.9984415120278246,0.18535008569708655,0.9685120156770894,1.040889642304738,0.614981062377487,0.4188288736509467,1.1600236405543527,1.0695167872151803,1.1575631717869392,1.110131364433083,1.1055527667563352,0.047470246220888454,0.8810682402337221,0.9452905795287363
9.07565187514953,10.395643903042632,5.188733358944997,0.48440084304346703,0.6263958155809131,0.7570453757853038,1.3985960512659301,1.1043542389870415,0.7191153839879721,0.4736965466344125,0.5648210538149705,-0.01079238798841357,0.33784985517063615,0.9741018201187908,0.9295445404882207,1.0461140562168507,0.8694512618444985,0.9174611906008544,0.13729137299266927,0.8854939499799895,0.911001685848748
8.630432762333768,9.842363569804128,4.807699608840743,0.41546745845950234,0.7558110459199466,0.27723596989858057,1.3553855122238714,1.2557941779711754,0.2585684567692242,-0.22154035228964644,-0.11903915898246636,-0.4235906358701547,0.23628772534139242,0.8017982726197015,0.7658825799690112,0.8965304322393898,0.6462499018439929,0.6997421400761049,0.2882267850943941,0.8789153995324647,0.8739550296764313
5.256150724265599,7.082989815542887,3.7193789524578382,0.33935552468687663,0.4553929037262874,0.8292123004404004,1.2623507226853043,0.9294445694108124,0.862928678634595,0.10670601972182443,0.16364473160545825,0.4641038345906194,0.3870704075768905,0.7957604359555599,0.9256973534755366,1.1279250728199648,0.6371428837036569,0.900154474364066,-0.021282104881727344,0.9316861905900379,0.898333047596326
-6.893930678208586,-3.2755012025103767,-1.6649828586219384,0.31392203426033904,0.7045758205818705,0.3164072860851567,1.2116250074428043,1.1632744143697276,0.33089490133177774,0.12094507774651148,0.19562866669028325,0.22208709782772462,0.3151267117118677,0.8326716940132848,0.9351157694033287,1.0274501386406698,0.6807568239510057,0.9127662413814358,-0.09329485393842035,0.9122160805277304,0.8893998126554291
1.898047561262525,4.203172345443431,1.2320838233906868,0.29607622073847717,0.45462339696416587,0.29842684741053277,1.1766527013127095,0.9160109339222194,0.31635294641085593,0.6015787993356204,0.71535403967415,0.2512054661608686,0.165826513636653,0.9944334463956828,1.070780508899191,0.8000654919980971,0.8819554982484228,1.089013174373599,-0.560486961314489,0.8556280403216266,0.8681571938665342
-12.779244200890957,-8.562350991775968,-4.897592245935208,0.5526623718588523,0.7949414883024339,0.22833983156973792,1.4389427180035077,1.2540702697037642,0.2401479611601672,0.0999356868837537,0.21461629399490612,-0.1703857672903593,0.4343740147841475,0.8445208080352391,0.9520251626773792,1.125081820594915,0.6912834656765909,0.9338673247735024,-0.11529989088820687,0.9843991986023175,0.963298372604816
-0.818897312445442,1.3609310966561567,-0.20305176666051583,0.22354521720737583,0.4417907405312991,0.034642791925735536,1.0893428704499246,0.897165768435873,0.0397615398788848,0.49066701300601556,0.5762245310941472,0.16338725543935595,0.323234277411378,0.9171209635047712,1.007620922875189,0.9755142654078773,0.776716117110498,1.0034741594560088,-0.20423696653107418,0.942560697573435,0.9358455620141833
2.9893175827498215,4.8130732635572295,2.2646944716802513,0.6862363247728678,0.6771675713110437,0.742859433287865,1.4933905863447305,1.1195449534541082,0.5475735963602109,0.19834974571255265,0.3222505978775453,-0.7350952696165952,0.21015206900914563,0.832169721189467,0.9461700735585445,0.823295768479061,0.6700746666301766,0.9239737320477333,-0.29668617259146507,0.9133990912176648,0.8898541786485921
6.33934635439268,7.541966992704343,3.571371050582146,0.2611591180497442,0.35531805540934913,0.28480916931844863,1.095557966245735,0.7994371626860408,0.22241096802085564,-0.2751698437314338,-0.1628803013644992,-0.43496293386576845,-0.8913878964518736,1.2236917151952798,1.2426419864637726,-0.31877166533835877,1.1258640462517455,1.2897441036362636,-1.3645672873519503,0.2630465379417708,0.30683166266366335
4.62362067004614,5.968700021516643,3.068984724794349,0.651510392390016,0.8222125958937234,0.515939630036509,1.526123489969382,1.2488305724118622,0.6057475386386229,0.27931934036890355,0.3727147411379931,0.18160190012680602,-0.7279445306712626,1.0350225213891329,1.0987965031874811,-0.18076580753170265,0.8963679789472696,1.1071455862382642,-1.051050518964221,0.43427606884536,0.4437370113323791
-15.673669521022584,-11.320955000674742,-6.443914621440632,0.28100627998795563,0.49608234114641214,0.21824698821957897,1.1525903734503586,0.9495683181737595,0.2601961706960062,0.0806692450914157,0.17359919907665974,-0.0025705372808846327,-0.6045361107354945,0.8906949345159529,0.9889870938148262,-0.07629561713469662,0.7208228978457553,0.967703470021175,-0.7999704808976704,0.5702719705068462,0.5541414453173148
4.0310624085767,5.3618251042089025,2.353375588401665,0.17208536396148513,0.40266504465884334,0.08792440154380274,1.0344120985086969,0.8604404176184021,0.09766164669673712,0.5743123932003559,0.6680637036542405,0.1410536997573576,-0.9782675202526242,0.9225524454599681,1.023453628255246,-0.6611711813770887,0.7589557610943597,1.01103099126853,-0.43638024241738665,1.0028242353006407,1.0150221479409485
1.6848839663764306,3.4832473445290617,1.942367314307033,0.9318892719789195,0.9622062283272508,0.5698713391282964,1.7503495158436162,1.4063636411676808,0.44759777983770804,0.1169802337003529,0.2972884928886087,-0.5213531829044193,-0.7527175616637016,0.788523548187237,0.9164930980496763,-0.36977104377198233,0.5959772642506596,0.8752494555040238,-0.3261218991024995,0.9847066824930785,0.9662747959447442
3.7476993713979403,5.1817610781798695,2.7048309697247643,0.3531044580164018,0.4945436671477672,0.21984206122965141,1.1940983067923527,0.9436175421641619,0.17751337931135108,-0.042666059126046735,0.07850824244196548,-0.2308004683627984,-0.639879102867703,1.1964992026961694,1.2040046374265065,-0.2386982870539445,1.052226671427862,1.2197926716063743,-0.18645112504682226,0.9428596838384502,1.0117392703414176
-3.116598937633298,-0.8039741290024301,-0.36687365708490893,0.1532749750255066,0.3229242862347157,0.15637379357342798,1.0027684628392457,0.7740874996885034,0.13777229035386934,-0.028436280053899116,0.06936570415512718,-0.05722409769911288,-0.5506617606709728,1.0367504324600452,1.1078595318479392,-0.13018001051499903,0.8664783857394891,1.1016729697972598,0.016331955757170447,0.9785027278418041,1.0091671661372634
-11.66301157558384,-8.064552107895926,-4.327708743800657,0.08071973293829192,0.27426810639775345,0.06833796382185844,0.9319594945352347,0.7267717916507894,0.05563924934221105,0.17884773859039832,0.26841696989162156,0.03835239643558773,-0.4014569813355384,0.9974969170934782,1.1102540636781562,0.0681662102065022,0.8223996200609582,1.1048346922187435,0.4483285827085223,0.9434354505151243,0.9611168024649084
7.619447515253717,8.593888801871039,4.210872918347547,0.9322942105389016,1.0958354802152976,0.4580707498484921,1.71359141586366,1.487263153320261,0.32744830309691736,-0.45388495300826315,0.02758179699705085,-0.7893802007711774,0.7910231454692364,1.0802577369331443,1.1735015082151055,1.3163844028512013,0.9161864310627941,1.179989497360917,1.4814753126377664,-0.1252400182879353,-0.13456478867102448
6.405954140945925,7.628521756213793,4.079239034626329,0.35576903920978803,0.5421229847632337,0.4839036407150204,1.187437201891612,0.9727714398238392,0.6276747463382762,0.30834770892821806,0.6126013226547733,-0.08768241873077935,0.6193812886806916,0.9303904105335681,1.051032659398156,1.1585520293439875,0.7411673422876756,1.028957075745055,1.1803278418252199,0.08823971088020091,0.0462298921574036
-6.699660724215784,-3.693919211428499,-1.6583719098260439,0.2399994664355776,0.6524150641699232,0.16588922203860815,1.1618130783888496,1.1907400472453284,0.20065869765527844,-0.015164325957545896,0.13016976630728827,-0.0811394261672696,0.5163578960867263,0.8089025052406953,0.947495807114364,1.0779248045567513,0.5989665412389793,0.901066603719899,0.9440273852967336,0.27274400794798626,0.22087930585642268
5.276129642371015,6.544141166111067,3.2082384967214352,0.10970842785051478,0.39047540564015626,0.0389330525993243,0.9860885712003233,0.8740763168411219,0.043881117720240545,0.37723313777679,0.551884741708738,0.04160633578590917,0.6277973544483078,1.0817804438122967,1.0756391864966408,1.2484377180850745,0.8983777451522607,1.05174305484131,0.7429862212038744,0.4608224476847568,0.5503548662482245
7.505362856475932,8.418838990845094,4.157761500729072,0.8521761353131853,0.925315715622648,0.435261433549953,1.7442488821903028,1.4383576418226514,0.3915067152058876,-0.3307168247899088,0.02084207978369898,-0.7458780133113189,0.5112691634750316,0.9259867123641261,0.9737943544217553,1.1331633512263546,0.7203487569423455,0.9274832294903365,0.6000316615112709,0.5599452996825962,0.604115450213929
5.540950518886331,6.752194421991514,3.769732294558816,0.327068612690937,0.48214868402303,0.4985810528645251,1.1960386946771675,0.9553492379404401,0.6423126776840521,0.306660460236275,0.5876645616255816,-0.12067626883437241,0.396850699707501,0.7366476948463181,0.7978349012360351,1.0136674988654668,0.5027460964271454,0.7131038868847764,0.49473896454043603,0.627417639988518,0.6268305175614011
-15.22478845659094,-10.970192980315218,-5.872179492140724,0.22892740304953083,0.7498427932218731,0.16163865216262438,1.142215591744542,1.2656433736387653,0.19291814199407278,0.14571497478262346,0.3098141310564777,-0.03453508685242247,0.3679469647831656,0.8903034254124158,1.0282343546695916,0.9911546242606739,0.6667737880250837,0.9751009868217444,0.3930268182664516,0.693525006434534,0.6977716372109566
5.37430257749867,6.459017709301468,3.0239617382491524,0.16569687934067043,0.43859754868021994,-0.03547635163802974,1.0603425568440756,0.917746519685643,-0.015420033615757868,0.6752057546727549,0.9357748497459193,-0.023158571858717576,0.4627664439904585,1.1135854212901244,1.170938344813029,1.0971014948724322,0.9168511002288393,1.146048906733968,0.22948827492217574,0.8198239795839821,0.8571577285456252
-10.564790301815213,-7.067991315422837,-3.83494221661995,0.4703766236971132,0.6838881118945289,-0.14883831378654636,1.3954113253849911,1.1734767511867683,-0.113352274517037,0.15898890304405683,0.37267113825831255,0.48544024804284247,0.3662192768377093,0.9176347122836133,1.0030033142687231,0.9956114023063213,0.6959912568982332,0.9460164783114035,0.21445985554065114,0.8324876026684112,0.8320237030336926
