1.0,0.21623737766602616,0.28651512312051286,0.34254902741849935,0.3829851770213714,0.4098614357492441,0.4267247584094992,0.4369213104222032,0.4429488537526466,0.44646429563456885,0.44849846587078906,0.44967009977887035,0.451190941302596,0.45124450079654976,0.45124637862822503,0.4512464444081214,0.45124644679214,0.4512464467950618,0.4512464467950654,0.4512464467950654,0.4512464467950654,0.4512464467950654,0.0,0.0
1.0,1.6738749293134134,1.8489601037545158,1.9471237099372773,2.0037569634047987,2.0384416621943715,2.0611262063316476,2.076815536444944,2.0881160983354996,2.096473770841893,2.102754958803197,2.1075194977891214,2.1198902019627317,2.122392085023449,2.1228979854291916,2.1230001826886102,2.1230249912437116,2.12302600306403,2.1230260443307607,2.123026046013809,2.123026046082451,2.123026046085251,0.0,0.0
1.0,0.20472099974401992,0.20467204377994677,0.20318491198530877,0.20188654609741277,0.20099727026587713,0.20043609412477958,0.2000942402750406,0.19988950135182665,0.1997679490896617,0.1996961225096112,0.19965378975385606,0.19959584293414348,0.19959346077559503,0.19959336302318118,0.19959335901222391,0.19959335884089496,0.1995933588406065,0.19959335884060606,0.19959335884060606,0.19959335884060606,0.19959335884060606,0.0,0.0
1.0,1.252087012872684,1.3306523979666802,1.371958144028251,1.3940736617870093,1.405996532060868,1.412255049568197,1.4152284192748632,1.4162334821649336,1.416035185050862,1.415095510172177,1.413701545433229,1.402543527573125,1.3920975531349458,1.3837040163678656,1.3772388687479757,1.368816623009398,1.3643618218880846,1.3620907153066764,1.3609545976725486,1.3603916394311066,1.3601140030832657,0.0,0.0
1.0,0.2793448586328302,0.3077145220825692,0.33406826750706325,0.3592897678253554,0.3835084117798956,0.4066720755749125,0.42870125127612796,0.4495298850058916,0.46911492279713496,0.4874367429129526,0.5044967788457652,0.5822813543382924,0.6268780073347582,0.6508983031150818,0.6634182701448984,0.673094847460203,0.6755766798819577,0.676208000671967,0.6763682581392371,0.6764089170333512,0.6764192312029007,0.0,0.0
1.0,0.028053116867447183,0.026734678069615537,0.027024420784396274,0.027609667845355762,0.028119598998664952,0.028493650943007855,0.02875247011094757,0.028928015049309086,0.02904649618862033,0.02912652892371465,0.02918072925697887,0.029284719069487836,0.029295289748025078,0.029296373730750554,0.02929648496123415,0.029296497546646757,0.0292964976791746,0.029296497680570167,0.029296497680584874,0.029296497680585027,0.029296497680585027,0.0,0.0
1.0,0.47258729923866655,0.5126836549274076,0.5372521288547929,0.5529340013466928,0.563433744745187,0.5707626090937907,0.5760392724092995,0.5799187911364994,0.5828092130759335,0.584980141929205,0.5866184412038683,0.5907738341112739,0.5915692693459893,0.5917221510270613,0.5917516108091678,0.5917583986426794,0.591758652642309,0.5917586621670893,0.5917586625245564,0.5917586625379766,0.5917586625384805,0.0,0.0
1.0,0.020744056817091364,0.014439669627095853,0.009486502352914138,0.005875089875341152,0.003382614245957101,0.001760425348691361,0.0007814585669702562,0.00025589524445726066,3.4677767763058946e-5,6.6670865210335575e-6,9.273344271420618e-5,0.0010327246100035306,0.001492504026530799,0.001634627452995575,0.0016746098248006513,0.0016885848703922677,0.0016896228399733784,0.0016896997486371575,0.001689705446196601,0.001689705868278528,0.001689705899546824,0.0,0.0
1.0,1.6652306126093561,1.7638642923853565,1.8137458151074717,1.8398232913552897,1.8540558887125191,1.8621435535180102,1.8668906153099145,1.869743256462178,1.8714849881525928,1.8725592821594272,1.8732259653350842,1.874264795972629,1.8743258188870795,1.874329334424382,1.8743295342087927,1.8743295461182994,1.8743295461559095,1.874329546156028,1.874329546156028,1.874329546156028,1.874329546156028,0.0,0.0
1.0,0.19644972990669105,0.19910248784720705,0.19790344804531118,0.19524503368107907,0.19201288161021282,0.18856751376268818,0.18507116809932733,0.18160304096183483,0.17820408176742378,0.17489627695501775,0.17169167824878348,0.15483648889760188,0.1419574776227687,0.13249996408079556,0.1257459090643817,0.11774430198624496,0.1139770791077365,0.11224121816806679,0.11144910415549487,0.11108922606194581,0.11092604782269386,0.0,0.0
1.0,2.5581410120463297,2.739796540063047,2.8372374531503257,2.8941809128838742,2.9299333829895353,2.9535607342870525,2.969707420190728,2.9809742331179683,2.988935220777318,2.9946020959467528,2.9986532761291094,3.007538777155518,3.0087616602661047,3.0089301558291948,3.008953367617484,3.008957005576276,3.0089570746089134,3.0089570759188513,3.0089570759437083,3.00895707594418,3.0089570759441893,0.0,0.0
1.0,0.5298248321083234,0.5816935799780981,0.6124369429645572,0.6306500337653362,0.6414477503852525,0.6478535423201959,0.6516563392084179,0.6539154667653184,0.6552585162252413,0.6560575139528145,0.6565331542438546,0.6572032418642257,0.6572335270763349,0.65723491071925,0.6572349744388086,0.6572349775285261,0.6572349775352455,0.6572349775352603,0.6572349775352603,0.6572349775352603,0.6572349775352603,0.0,0.0
1.0,0.19187254270101528,0.2039520987018043,0.21036238632700147,0.21396399815879683,0.2161154783045211,0.21746752887228915,0.21834837966178172,0.21893573723384038,0.21933292360759066,0.21960368988827372,0.21978910128452978,0.22015327218281985,0.2201916965383984,0.22019572868309426,0.2201961498459339,0.2201961982658422,0.22019619878824168,0.22019619879385954,0.22019619879391983,0.2201961987939205,0.2201961987939205,0.0,0.0
1.0,0.1917450370037134,0.21099555815077733,0.22366114908435836,0.2322918155566359,0.238454961156948,0.24305522695664133,0.2466109962615545,0.24942754984699356,0.25169401798119484,0.25353523045297977,0.25503902455651906,0.25980506413075927,0.2612555696987737,0.26169728162404293,0.26183328451736737,0.2618893034081745,0.26189505875042685,0.26189567572678013,0.2618957436508867,0.2618957512459541,0.26189575210268584,0.0,0.0
1.0,0.15478984712437124,0.1694244435204202,0.17840699381474312,0.1839340074036818,0.18739211146473922,0.1895971135640543,0.19102103655105024,0.1919406780989772,0.19252359216483492,0.1928755197503349,0.19306619376935097,0.19274155140504273,0.1919538667264422,0.1914186596482335,0.19112290116297942,0.19089620815765052,0.19084175043140375,0.19082903381477517,0.190826084673394,0.1908254018969665,0.19082524388994235,0.0,0.0
1.0,0.19837971042019495,0.21502341505610287,0.22462861592081654,0.2303068032467347,0.23377985806612642,0.23596752096762733,0.2373680214639068,0.23826236615458352,0.23881758598624642,0.23913843302933765,0.23929376241220365,0.23861019512110992,0.2370853321537367,0.23543893658591808,0.2337831467047399,0.23050164517387606,0.22727458422317637,0.2241091694096438,0.22101142088679482,0.2179867525781245,0.21503996197957395,0.0,0.0
1.0,0.2560616983290829,0.2693474587121019,0.27803189167971254,0.2830913952886906,0.2860285799937792,0.2877742133992073,0.28883728968637923,0.2894968019751577,0.28991108939493404,0.29017340324365815,0.29034030322821874,0.29061567949059286,0.29063469188404667,0.2906360091578563,0.29063610043803745,0.290636107201619,0.29063610723409633,0.2906361072342523,0.29063610723425304,0.29063610723425304,0.29063610723425304,0.0,0.0
1.0,0.29505519704615163,0.31978454385830324,0.33392899249831515,0.34218420944839156,0.34715667960349356,0.350252343698214,0.35223669932395646,0.353538796136087,0.3544083632776291,0.35499650463934174,0.3553978886934345,0.35619383889236494,0.3562832505519018,0.35629349078819034,0.3562946673195771,0.35629481812634867,0.3562948201199452,0.3562948201463003,0.3562948201466488,0.3562948201466533,0.3562948201466534,0.0,0.0
1.0,0.22583904766252497,0.23417980122277307,0.2363165373042416,0.23591540048544035,0.23457105202445971,0.23297397775888007,0.23142075823344013,0.23003065774107362,0.22884061159148222,0.2278492216165097,0.22703820611841471,0.2246503114798909,0.2240877951425231,0.22396218337338086,0.22393445868323042,0.22392701234202922,0.2239266519375428,0.2239266344968109,0.2239266336528243,0.2239266336119824,0.22392663361000595,0.0,0.0
1.0,0.36619935741056514,0.38596085977091876,0.39355092036177497,0.3946309785257227,0.392190009695555,0.3877865374408284,0.3822594789924595,0.37608497185717715,0.3695496183369038,0.36283548591733067,0.3560633571378537,0.3174764686453039,0.2855878292558522,0.26096975595219507,0.24267822129356437,0.22001327704916918,0.2087812706905419,0.2033791580274424,0.20081675363065613,0.19960911325150846,0.19904166527037181,0.0,0.0
1.0,2.5325986595274936,2.7925521862721014,2.9463398260108584,3.0350423206853976,3.0856670824382704,3.114478138519211,3.130892920636303,3.140273258725408,3.145654233565916,3.1487534927831486,3.1505456204883555,3.1529457332214696,3.1530445090679544,3.1530488006158572,3.153048992274026,3.1530490013803174,3.1530490013997956,3.1530490013998382,3.1530490013998382,3.1530490013998382,3.1530490013998382,0.0,0.0
1.0,0.2968199264291988,0.33634882214760004,0.3652350683996398,0.38665535686451746,0.4029528146711452,0.4156891470225219,0.4258730135220784,0.43415960307850915,0.44098652950678424,0.44665803388877934,0.4513951257913616,0.46751484376414815,0.473242498158073,0.47528550163953426,0.47601710059612584,0.4763749492514344,0.4764215755826929,0.47642767316926815,0.4764284714284372,0.4764285759609749,0.4764285896505549,0.0,0.0
1.0,0.36100793071834025,0.35792064539990076,0.3498093938901645,0.3407874746278708,0.3321909966547112,0.32445469315615383,0.3176825769422854,0.31184704671926555,0.30686834409950425,0.3026493671670602,0.29909161991697814,0.2870917143398777,0.28310436282139,0.28181008112741046,0.28139307258143564,0.2812159863213746,0.28119772491938794,0.281195842452442,0.2811956484065208,0.28119562840421697,0.2811956263423751,0.0,0.0
1.0,0.31758641260703324,0.3512075466382106,0.37535075565890774,0.394318773205409,0.4103163517827352,0.4244522243367268,0.43729840234296674,0.4491639594896682,0.4602250582950248,0.47058761272760874,0.4803187469678333,0.5273329423177995,0.5581561834895609,0.5771303173135265,0.5882904085437728,0.5982654608287711,0.6013794845380035,0.6023335755515972,0.6026242109809021,0.6027125884681704,0.6027394482082118,0.0,0.0
1.0,0.20675538880979918,0.21912047780315239,0.22423555114599747,0.22573681630537226,0.2255876777984297,0.2247744534974476,0.22376926035748915,0.22278531489344358,0.22190872352779772,0.22116484002832104,0.2205513173914781,0.218745879838438,0.21833279962457974,0.21824553963189589,0.21822770307905023,0.21822340936479018,0.21822324119132955,0.2182232347098905,0.21822323446171915,0.2182232344522423,0.21822323445188083,0.0,0.0
1.0,1.045758963380034,1.0988678242146812,1.1252197177584706,1.1390510181068028,1.1466639170466146,1.1509933121233833,1.153503247225803,1.154971228027533,1.1558301167790888,1.1563286475459813,1.1566125918785426,1.1568602663842233,1.1567020884136412,1.156560045574364,1.1564505524426887,1.156309522338558,1.1562364601609505,1.15620007244123,1.1561823055727365,1.1561737145762736,1.1561695800202354,0.0,0.0
1.0,0.09170671654578495,0.08759459385722078,0.08130246270791096,0.07444372398898681,0.06761770766940473,0.061046616931225275,0.05481364973182716,0.04894932268045358,0.04346307436934977,0.038355170441657996,0.03362137627466569,0.012595554279218888,0.0023775331333716404,3.7655243821704774e-5,0.0027409569728342946,0.014667922894693618,0.02714524520428005,0.03658311111238066,0.04282301293372025,0.04667859429041149,0.048975827863435586,0.0,0.0
1.0,3.2832524755186503,3.5347890122512458,3.6871928227167494,3.782520124804966,3.8444780786255226,3.886103738703191,3.914761719357523,3.934819439601531,3.9490054272887583,3.959102861682701,3.966317391178156,3.9821033930428147,3.9842621562396325,3.9845576521889234,3.984598091868974,3.984604383250876,3.9846045010691147,3.984604503275485,3.9846045033168047,3.984604503317578,3.984604503317592,0.0,0.0
1.0,0.8392828302250703,0.8394456312723755,0.8331615748364525,0.8272064205015262,0.8227787340394357,0.8197359548474421,0.817713097671465,0.8163895188128099,0.8155306482391315,0.8149758839575323,0.8146184998399313,0.8140210256378982,0.8139792623689391,0.813976350361249,0.8139761473510372,0.813976132211734,0.8139761321381562,0.8139761321377986,0.813976132137797,0.813976132137797,0.813976132137797,0.0,0.0
1.0,0.06935072426710019,0.0861972947495402,0.1029018012885258,0.11966087978338329,0.13653760762159825,0.15350740038658733,0.17049475102405906,0.18739793602371185,0.20410522464056738,0.22050552482061656,0.23649529945696934,0.3197101907570306,0.3771553613040317,0.4123796287475314,0.432550588778778,0.4496785651902693,0.45459189753787554,0.4559712781344831,0.45635619030095365,0.4564634175026252,0.4564932743373352,0.0,0.0
1.0,0.02186952453488407,0.031609392364478274,0.041744328045975804,0.05194353479824186,0.061935748489303354,0.07149957167948963,0.08046649616131296,0.08872237985875994,0.09620398867379618,0.10289155632875917,0.10879938039248893,0.130797422184862,0.13895589390479235,0.14173525293798522,0.14265531539444898,0.14305560671675205,0.14309830899755496,0.14310285627891794,0.1431033403133873,0.14310339182506338,0.14310339730610283,0.0,0.0
1.0,0.01500311499265713,0.018318386806089357,0.02128380931375449,0.023802124871911932,0.025866907510663856,0.027524624953797996,0.028843080417796072,0.02989174258256918,0.030732110027910483,0.03141447046282593,0.031978016003107415,0.034078384879391195,0.03530490747427939,0.036170208403086254,0.036798054715991665,0.0375801695009231,0.0379829712753255,0.038188038207812657,0.03829181903645005,0.03834418291308374,0.03837056367480618,0.0,0.0
1.0,0.15680507098515079,0.1782506872655101,0.19468886172657687,0.20724303979270675,0.21690901693408596,0.2244516289060032,0.23042277627193478,0.23521180257187907,0.239093598104655,0.2422652353700743,0.24487134136969452,0.2533356039209631,0.2560665134009295,0.2569396753181854,0.25721674301767966,0.2573320823023107,0.25734359276747026,0.257344740844952,0.25734485534993246,0.2573448667701647,0.2573448679091687,0.0,0.0
1.0,0.0332591565015341,0.05535748377347818,0.07615943072218499,0.09375501314500037,0.10765447197591077,0.11814593125631206,0.1258251993596951,0.131329645137331,0.1352192034502596,0.13794091781007106,0.1398327409276353,0.14358742943027358,0.14398050095788165,0.14402118660116203,0.14402539291309271,0.1440258726808455,0.14402587780751036,0.14402587786229237,0.14402587786287774,0.14402587786288412,0.14402587786288412,0.0,0.0
1.0,0.6377959335623087,0.684940996130779,0.7130544434312097,0.7306318739279556,0.7420119439191183,0.7495550024942593,0.75463442575918,0.7580928022575317,0.7604666406134131,0.7621062621902484,0.7632444174758097,0.7655832814325318,0.7658700463961264,0.7659063517970132,0.7659109906028261,0.7659116609728847,0.765911671989668,0.7659116721707652,0.7659116721737422,0.7659116721737912,0.765911672173792,0.0,0.0
1.0,0.44049594247642987,0.4967932445544202,0.5417364597591003,0.5789206591758392,0.6100265765875995,0.6359826207017122,0.6574670277550806,0.6750818378124267,0.6893933553098369,0.7009287251298597,0.7101644404780241,0.7366709564791842,0.7428754120391531,0.7442828797225781,0.7445998699142707,0.7446871675660874,0.7446915776213965,0.7446918003826108,0.7446918116346904,0.7446918122030536,0.7446918122317626,0.0,0.0
1.0,0.03382017389072209,0.038837919187361875,0.042082814404151764,0.04413407708515756,0.0454170830832037,0.046215995187470306,0.046712856298769895,0.04702199264298471,0.04721455368865162,0.04733466867252104,0.04740969759533033,0.04752774341714441,0.04753494807693138,0.04753539152064106,0.047535418871386334,0.04753542066432511,0.04753542067117771,0.047535420671204025,0.047535420671204115,0.047535420671204115,0.047535420671204115,0.0,0.0
1.0,0.1769702062694609,0.19825736634805322,0.2135887092082508,0.22499576543769037,0.23378744648136798,0.24075588108393398,0.24638260549415966,0.2509742426830702,0.2547400069087821,0.25783322880506526,0.26037299532942604,0.2683639133381768,0.2706727210930052,0.27132179386728383,0.27150293171790446,0.27156756156953166,0.27157261546138334,0.2715730134848926,0.2715730450315262,0.27157304754538897,0.27157304774661845,0.0,0.0
1.0,0.0664016167256099,0.05622624051404689,0.04704435220025375,0.03966773427050217,0.03398360559886468,0.02967742327424366,0.02643763926571561,0.024005560070599535,0.022179584070856285,0.020806929693887546,0.019773270202412156,0.01716925143202505,0.016671414479010643,0.016574775001896292,0.016555953175212242,0.016551569954128917,0.016551403418822434,0.016551397091312436,0.01655139685089836,0.016551396841763828,0.01655139684141675,0.0,0.0
1.0,1.0672819465596841,1.1442789332269447,1.1848943513398735,1.2059118774155497,1.2165224306665552,1.2215888658361953,1.2236853949062152,1.2241944067099428,1.2238715718320932,1.2231362180904852,1.2222228534553132,1.2173002152430006,1.2148740757123917,1.2138720921486486,1.2134728366439262,1.2132535156750968,1.213219710433076,1.213214510679838,1.2132137111311072,1.2132135881930854,1.213213569290366,0.0,0.0
1.0,0.1754747495032633,0.19082938791833698,0.20565659011115425,0.22066233726003362,0.2359804905371118,0.251612550684683,0.2675268968870958,0.28368257698812055,0.30003559036391225,0.31654086823672056,0.3331531298925592,0.4326288217250615,0.5258741897083489,0.6071919027712069,0.6741659060040932,0.767202353934375,0.8190550843308936,0.8461716487375234,0.8598953458159128,0.866727588586746,0.8701013315088294,0.0,0.0
1.0,0.15133855862641318,0.16497795724745767,0.17283051321515322,0.17778005610108888,0.18126233616977241,0.18398216971135983,0.1862935777323855,0.18838103140495405,0.19034447048484507,0.1922399683752333,0.19409989304619207,0.20518818364268016,0.21662467298553884,0.22849923177356424,0.2408007636916921,0.2665994357982962,0.29381221730181745,0.32217716768866345,0.3513893413511465,0.3811142362945774,0.41100334067930644,0.0,0.0
1.0,0.0664538920274909,0.07311024614187916,0.07804320077853469,0.08130595140050818,0.08344873588722623,0.08488827138008478,0.08588310618668116,0.08658831723080447,0.08709837289168552,0.08747278270186115,0.08775050136449998,0.08843680336036128,0.08856448076424886,0.08858850903877759,0.0885930328074721,0.08859404474116149,0.08859408060145087,0.08859408187223608,0.08859408191726903,0.08859408191886486,0.08859408191892144,0.0,0.0
1.0,0.16990123193086465,0.1825996553538821,0.19012560017447322,0.19478397437093137,0.19782446556015346,0.19990272285568547,0.2013721258361448,0.2024344369372628,0.20321294831712802,0.20378792828003214,0.20421433982866455,0.20524077668783416,0.2054129036924289,0.20544145920693083,0.20544618003023432,0.20544708869897435,0.20544711348804212,0.20544711416428116,0.20544711418272874,0.205447114183232,0.2054471141832457,0.0,0.0
1.0,0.20734287833415996,0.22063043044516328,0.22653307173953405,0.22852096756650378,0.22850620618864728,0.2275055742405627,0.22605989704505283,0.22445972813951315,0.22286159444753154,0.22134809704843497,0.21995986192320377,0.21446828144747832,0.2122841051381393,0.21149612001764,0.21122019410612305,0.21109142345654505,0.2110760564001927,0.2110742254082515,0.21107400728320375,0.21107398129861557,0.21107397820315615,0.0,0.0
1.0,0.24709201509523218,0.26735712003324497,0.2789121238922467,0.2853707937618465,0.2888671600662286,0.29060444445315337,0.2912616519895003,0.29123168651257414,0.29075041950101804,0.2899652498469526,0.2889718291094298,0.2811429368254413,0.2726164828064804,0.26431975579916456,0.2564245212599378,0.2420228355597786,0.22957912785624437,0.21907651678967796,0.21038429706980336,0.20330505302741345,0.1976136378947381,0.0,0.0
1.0,0.21479366034435496,0.225193569972448,0.2277103324238109,0.22589872011556966,0.22187206980441684,0.21682772850508059,0.21143692414195386,0.20607577896870424,0.20095293848742754,0.19617939547231886,0.19180753248768442,0.17380033379435417,0.16571663724344357,0.1623763957991449,0.161037715391076,0.16029839757005251,0.16018374560406537,0.16016601656701757,0.1601632762752713,0.1601628527504485,0.16016278729340644,0.0,0.0
1.0,0.20084984068505707,0.21904290995869202,0.2302000864520358,0.23701475613921377,0.2411917415118926,0.24374142567623877,0.24525435671630313,0.24608086727517595,0.24643552038555866,0.24645518751078796,0.24623098928193923,0.2423177054232947,0.23690723673816783,0.2313013899237461,0.22579411019394321,0.21534208979716862,0.2057814819943575,0.19718733229153418,0.18957856787563804,0.18293164560448819,0.17719188893966165,0.0,0.0
1.0,0.14008174825014605,0.1553215568718612,0.16580419329745455,0.1730675270780465,0.1782357628255815,0.18204773084052087,0.18496660569638207,0.18727834298689275,0.189160455131475,0.1907254877869009,0.1920472231249052,0.1969302993799571,0.19921296048922768,0.20049668738515522,0.20139273365856022,0.20282754286316057,0.204150150738151,0.20545326027411615,0.2067495727041029,0.2080400166919003,0.2093238050780951,0.0,0.0
1.0,0.11976101590702261,0.1336107556483589,0.14355869796989376,0.1507447734542339,0.1560735754918905,0.1601771102828369,0.16346989508845416,0.1662155050582979,0.16857958791654837,0.17066646004842395,0.1725427185477458,0.1810832233474075,0.18692310430362527,0.19130834548182432,0.19485291643779015,0.2005406229773974,0.20508430165153543,0.20878566601557766,0.21177142126603896,0.21414191110699116,0.21599587683228655,0.0,0.0
1.0,0.11461267984098931,0.12830241894036062,0.13835965084617396,0.1457562458468456,0.15131088991771008,0.15562248171080062,0.15909890804342453,0.1620076736494422,0.16452101964190727,0.1667492363531677,0.1687632657424039,0.1781313474775744,0.18473211031349182,0.18967748558283545,0.19353905016978767,0.19921232638903708,0.20312946248766467,0.20587468536445297,0.207785155253042,0.2090987315829357,0.20999192287858423,0.0,0.0
1.0,0.11113209118038461,0.12415699258191856,0.13368129324420566,0.14065616682961377,0.14587945367630906,0.14993290403344126,0.15321121454011294,0.15597185093212512,0.15837927169557012,0.16053753892904965,0.16251243622760628,0.17207989883052588,0.179221226742551,0.18472508670416252,0.18903092661625615,0.19516916791370112,0.19913599344570435,0.20172848061768772,0.20342238014972536,0.2045244090723835,0.20523793425665465,0.0,0.0
1.0,0.1090460731917344,0.12179330941553193,0.1311655912671252,0.13805406846488574,0.14322212318135522,0.14723582393846626,0.150484637733975,0.15322553608711212,0.1556240822277046,0.15778557560666756,0.15977660884438386,0.16969760019722985,0.17747988839657908,0.18369946576412022,0.18866664949572934,0.1957831455943679,0.200283968094962,0.20311262530524624,0.2048806458718148,0.20598154773001895,0.20666560908925985,0.0,0.0
1.0,0.10977873088236081,0.12279431790769275,0.13240535603757764,0.13949928489228836,0.14484047732968575,0.14899786408889476,0.1523641785478382,0.15519944894171187,0.15767190408137283,0.1598891200833357,0.16191964007113305,0.17181990344423254,0.17930964936977092,0.18512684804541918,0.1896764184639497,0.19607603309949523,0.20007706817860285,0.20258597453701535,0.20415638634574196,0.20513647397799994,0.2057465765924623,0.0,0.0
1.0,0.11381827610529069,0.12772561378451613,0.1381993557592486,0.14607261710610742,0.15209177859275222,0.1568292782232092,0.1606905571433214,0.16395038835087725,0.16679049030302345,0.16932957978270297,0.17164493795581606,0.18275750926204823,0.19096630795054148,0.1972249753474782,0.20204146451264626,0.20866823512927032,0.21267941407022842,0.2151069816873504,0.21656993117467535,0.2174477442702706,0.21797273881220933,0.0,0.0
1.0,0.11147568296495358,0.12476819639279568,0.13461476232408406,0.14190583160048212,0.14741158816991004,0.15170712583653492,0.15519056156016883,0.1581262136383092,0.16068557598142585,0.16297866160648317,0.16507582897787101,0.17524126309874857,0.18285222740816254,0.18871287035627715,0.1932642161174917,0.19961350907791778,0.20354324627770362,0.20598347908733802,0.20749565837722345,0.2084296816719259,0.2090049681184163,0.0,0.0
1.0,0.11036984770752689,0.12342208849392734,0.13304689240297782,0.14014310376531128,0.1454821198405229,0.14963651927372495,0.153000629954603,0.1558349908879086,0.15830783656661443,0.16052655071485217,0.1625594340282337,0.1724817234848445,0.17999314221467647,0.1858253116658842,0.1903821328582832,0.19677691945873216,0.20075789380714942,0.20324229915258635,0.20478993101479406,0.20575137713974465,0.20634729191810416,0.0,0.0
1.0,0.11078617122904806,0.12402011306051212,0.13382310045439175,0.1410809186747616,0.14655977858568925,0.1508318051112665,0.15429308149161208,0.15720662851382314,0.1597431734747037,0.16201232576816485,0.1640842792798275,0.17407554925079471,0.18149765313266816,0.1871823779555314,0.1915838951781578,0.1977191218977184,0.20152644324960026,0.203901962585251,0.2053817720703884,0.20630040162724636,0.20686880964921478,0.0,0.0
1.0,0.11415890755507895,0.12796132320315565,0.13816337397526401,0.1457041608274263,0.15138658080016498,0.15580463070990566,0.15936674251467464,0.1623430741665875,0.16490894549297905,0.16717744266029905,0.16922180235045814,0.17863805894512702,0.18514820020816122,0.1899101309185977,0.19351545015438815,0.19852458040431764,0.20168884604668028,0.20370817008233613,0.20498898352398184,0.2057939561250439,0.20629589212685223,0.0,0.0
1.0,0.11709220487139793,0.13107010217851273,0.14126608122702436,0.14871679958596667,0.15427911230005753,0.15857077657257182,0.1620077993568141,0.1648608227340551,0.16730334903056265,0.16944648946199858,0.17136211485223884,0.1799345805076236,0.18559204402691099,0.18961687134671085,0.19263357502149514,0.19684581615909194,0.19955575425868918,0.20131659043654068,0.20244947013473175,0.20316946225134544,0.20362256079017593,0.0,0.0
1.0,0.12829778764704722,0.14310890683607383,0.15328356208497998,0.16026554914532629,0.1651383119912305,0.16862966688551698,0.17120596873960353,0.17316181708740253,0.1746843970499552,0.17589493009571835,0.17687412022383128,0.18013120166222188,0.1815103731070826,0.18231475800440972,0.1829063603893863,0.18379976189348315,0.18443997699979106,0.1848893262374968,0.18519635779414248,0.1854020388653927,0.18553798493546236,0.0,0.0
1.0,0.1466449447898935,0.1624434762229064,0.17272730175273637,0.17937854574553538,0.183716724693506,0.18658495133894257,0.1885038998950952,0.18979405982971856,0.19065562802807373,0.19121688164228956,0.19156259420324115,0.19142061114804199,0.190021467150398,0.18848429328476876,0.1870568928545419,0.18469903287521303,0.18297558682776474,0.18176664141087717,0.1809418219548996,0.18038963234637478,0.18002462676101785,0.0,0.0
1.0,0.15690988399019848,0.1725767922451412,0.1823601669474904,0.18841043072305527,0.19215323903385736,0.1944620516853148,0.19585957206745927,0.1966605015853954,0.19705878088050588,0.19717792572859194,0.19709952784491055,0.19471707891300033,0.19152528681532954,0.18858686160054555,0.18610134703294315,0.18244855474863686,0.18017502634575103,0.17881817320459029,0.17802822188094578,0.17757492085751525,0.17731695606911685,0.0,0.0
1.0,0.28046479804959806,0.29261832727744425,0.2955928936961277,0.2941840286415888,0.2906985796713863,0.28623574090724396,0.28133162079855883,0.27625757606196455,0.2711567852240574,0.26610794153722034,0.26115592116961817,0.23440931650565336,0.21326678892117418,0.19729646193524283,0.18560423034098528,0.1713270302082229,0.16435292394284828,0.16103327336393444,0.1594719748095215,0.15874173402679614,0.158401070064243,0.0,0.0
1.0,0.5528082117239407,0.5988933615866127,0.6265163169830177,0.6432860474901015,0.6536911932591501,0.6602725847465989,0.6644753662030523,0.6671445611883244,0.6687932941211758,0.6697456676567175,0.6702138195171632,0.6684471115491188,0.6643920846134415,0.6600101807598829,0.6555831221880573,0.6467337527478926,0.6379328127274436,0.6292099807919037,0.6205927185612706,0.6121071155637664,0.6037776111773102,0.0,0.0
1.0,0.2294984093279229,0.2353232225142217,0.23838966227727532,0.2403432837805611,0.2416477969515744,0.2425093673211271,0.2430668675233145,0.24342144482083952,0.24364415343193008,0.24378282163638285,0.24386864611323458,0.24399827056569745,0.24400508334051638,0.24400543722623846,0.24400545558476855,0.24400545658642248,0.24400545658911738,0.24400545658912462,0.24400545658912462,0.24400545658912462,0.24400545658912462,0.0,0.0
1.0,0.4369670701740061,0.4826368310941373,0.5130472862314198,0.5339174757906208,0.548659460394188,0.5592856703027115,0.5670351946947877,0.5727182296033532,0.5768935145119564,0.5799607283816143,0.5822117197910655,0.5874130919763233,0.5882005356012342,0.5883191590707544,0.5883371137933562,0.5883402669234754,0.5883403413785399,0.5883403431680514,0.5883403432116299,0.5883403432127013,0.588340343212728,0.0,0.0
1.0,0.23141393525364642,0.21554037815047167,0.19816537629523517,0.1820532107137864,0.16783159291376382,0.15552825264935344,0.14499888251229173,0.13605177306861502,0.1284888015354422,0.12212126519674261,0.11677663185926061,0.09885818607477932,0.0928807308476816,0.09090676388690025,0.09025633361580364,0.08997161610796478,0.08994075298538076,0.08993740772709719,0.08993704513729064,0.08993700583651618,0.08993700157674195,0.0,0.0
1.0,2.6286733601262977,2.818891570947371,2.9255907386278817,2.9872528923544697,3.0242603944012285,3.04729881920426,3.0621049830338025,3.071875159215697,3.0784628023716274,3.0829837870456442,3.0861322811574374,3.092936791308655,3.0939879282630973,3.094171898682064,3.0942054734475657,3.0942128312434503,3.0942130848822096,3.094213093639756,3.094213093942174,3.094213093952617,3.0942130939529773,0.0,0.0
1.0,0.49706429902243016,0.5101316403393314,0.511958532685756,0.5096160346857522,0.5058019367841833,0.5015476725715566,0.4972553402974032,0.493084856383765,0.48910003374753175,0.48532504853239805,0.4817669359874785,0.46473404920805855,0.4537958800453788,0.44706675505197124,0.4430345424961669,0.43926652633821917,0.4379909830578685,0.4375641405961459,0.43742185589196986,0.43737448761348086,0.4373587249324589,0.0,0.0
1.0,0.5979822076333,0.6863973129880651,0.7601256734326123,0.8243764494985932,0.88169362102895,0.933276427085597,0.9797257826020338,1.021407713167544,1.0586163692930635,1.0916398384544077,1.1207806538404577,1.231935475959283,1.2769264867353352,1.2940014942470477,1.3003192218815909,1.303480056587002,1.3039008458743568,1.303956751703995,1.3039641773378015,1.3039651636048906,1.3039652945995248,0.0,0.0
1.0,0.20454935304644742,0.23099734741775133,0.2512119231559897,0.2673106643152593,0.28076423304183223,0.29249772047871797,0.303069492896951,0.3128128732412223,0.3219284293174665,0.3305394682723147,0.33872422543084385,0.38091802047546564,0.4136171183710859,0.4384435563426728,0.4567169927805063,0.47894892530288624,0.48955070471650647,0.4944043483850366,0.4965840238359192,0.4975543312720656,0.49798458261957085,0.0,0.0
1.0,0.012796868026889433,0.017528958782270825,0.022683961333769268,0.027967311017760205,0.033166368309988266,0.038133239748519676,0.04277075339536735,0.04702165394400719,0.05085961777183139,0.054281457332161914,0.05730041701927249,0.06859257389477158,0.07289137393451267,0.07441274379609963,0.07493773899329943,0.0751786074078919,0.07520659441938463,0.07520984139810352,0.07521021803815552,0.07521026172641679,0.07521026679401295,0.0,0.0
1.0,0.5859112743527581,0.665806961841312,0.7226443480165321,0.762566747760006,0.7905328958704853,0.810154480204397,0.8239635646526053,0.833714189524881,0.8406202251498214,0.845524514518814,0.8490150220640351,0.8565796046950181,0.8576037983470769,0.8577446062249282,0.8577641106019525,0.8577672068322529,0.8577672677021168,0.8577672689141983,0.8577672689385574,0.8577672689390501,0.85776726893906,0.0,0.0
1.0,0.072341097670878,0.08421095857273116,0.0926719467347827,0.09845564131067201,0.10230257516441381,0.10481635913853345,0.10644040155047561,0.1074820217156427,0.10814700664271695,0.10857029637076153,0.10883923536485918,0.10927517248800232,0.10930335939058737,0.10930517823748528,0.1093052955889374,0.10930530364885525,0.10930530368240636,0.10930530368254603,0.10930530368254662,0.10930530368254662,0.10930530368254662,0.0,0.0
1.0,0.4108684945684148,0.445461542620991,0.4682138771693075,0.48376831377398216,0.4946469765646666,0.5023460044123034,0.5078258886860366,0.5117363250284436,0.5145298003636916,0.5165261241990062,0.5179528947644259,0.5210497917010741,0.5214617679280855,0.5215165355833944,0.5215238155306471,0.5215249118199322,0.5215249311893699,0.5215249315315926,0.521524931537639,0.5215249315377458,0.5215249315377477,0.0,0.0
1.0,0.3940298858533094,0.43272075917216557,0.45505110396517245,0.4676899814128826,0.4747831379625749,0.4787516822239527,0.480970854421595,0.4822124970960938,0.48290786115054507,0.483297672416921,0.4835163869928153,0.48378792855550873,0.48379652046863647,0.4837967933477646,0.48379680201976427,0.4837968023041463,0.48379680230443356,0.4837968023044337,0.4837968023044337,0.4837968023044337,0.4837968023044337,0.0,0.0
1.0,0.12744650850742253,0.13508786937423764,0.13925334397976877,0.14161960657227293,0.14301067065518708,0.14384844312697956,0.14436103186237256,0.14467781902779686,0.1448748471128655,0.14499789684044537,0.14507495987090147,0.14519727332860147,0.14520497791954623,0.14520547456193628,0.14520550702995325,0.14520550931281323,0.1452055093228765,0.1452055093229212,0.14520550932292137,0.14520550932292137,0.14520550932292137,0.0,0.0
1.0,2.1480519906184807,2.3184374961266463,2.4253586838663708,2.4987031724584687,2.552990324169304,2.5952127361049873,2.628933307636675,2.656178911779489,2.678269663748299,2.6961722383988893,2.7106493936175067,2.7539648765242672,2.7651916261206764,2.768025269469663,2.7687354733516005,2.768957592981464,2.768971482096259,2.7689723504527266,2.7689724047424344,2.768972408136629,2.768972408348834,0.0,0.0
1.0,0.2701456609944392,0.27623502035108133,0.2766049121218016,0.27523541982563104,0.27362106245003104,0.2722351091708187,0.2711698843312842,0.27039252738552166,0.26984072904462014,0.2694552469509329,0.2691885679329374,0.2686691515527165,0.26861811393988266,0.2686132757723165,0.2686128263200244,0.2686127814077793,0.2686127810413239,0.2686127810383984,0.2686127810383754,0.26861278103837516,0.26861278103837516,0.0,0.0
1.0,3.064571612678398,3.1077366248166145,3.1129633960647847,3.1076751225461265,3.0996335789931857,3.091013549776641,3.08242856216013,3.0740567587827887,3.0659538555450085,3.0581400282426747,3.0506240781702885,3.011865388889704,2.9833420847795544,2.9633100632658715,2.949698811991323,2.934739518472588,2.928436840571488,2.9258418871976453,2.92478364418047,2.924353766653458,2.9241794197932465,0.0,0.0
1.0,1.0084061277096243,1.1570148477389532,1.2318513588871174,1.2676435745385268,1.28437103952481,1.2921128530029,1.2956831875200125,1.2973285920728543,1.2980874036043673,1.2984378452063836,1.2986000008240073,1.29873944427043,1.2987409803801848,1.2987410019739283,1.2987410023903787,1.29874100240083,1.2987410024008381,1.2987410024008381,1.2987410024008381,1.2987410024008381,1.2987410024008381,0.0,0.0
1.0,0.006592891356868218,0.007062379557245714,0.007656091689416503,0.008182534359035617,0.00859264384641628,0.00889244702368521,0.009104103910424743,0.009250552308103906,0.009350677076276124,0.009418637630870313,0.009464562664997797,0.009550268200706907,0.009558113837628071,0.009558828857301567,0.009558893999714982,0.009558900475068894,0.0095589005288128,0.00955890052925886,0.00955890052926255,0.009558900529262594,0.009558900529262594,0.0,0.0
1.0,0.06420286198191388,0.07526350921275621,0.08340047601321286,0.08929184390704327,0.09353136738137133,0.09657821039593353,0.09877089877990822,0.10035378079969563,0.10150141727887738,0.10233789382516491,0.1029512531703391,0.10443778679979356,0.10474086118667497,0.10481880381627051,0.104841806523625,0.1048513504350345,0.10485234921556752,0.1048524551885093,0.1048524664521593,0.1048524676496132,0.10485246777691964,0.0,0.0
1.0,2.0697940392123613,2.1515953550056834,2.1949422890462507,2.2209437244804833,2.237521171281563,2.2483497126866436,2.255478875168231,2.260179597062953,2.263277136509168,2.2653159088338892,2.2666563292714734,2.269012787578378,2.269200119332931,2.2692149714434784,2.2692161486633102,2.2692162493667993,2.2692162499994497,2.2692162500034248,2.2692162500034496,2.2692162500034496,2.2692162500034496,0.0,0.0
1.0,0.005321131141247041,0.010042025576635137,0.013510880079493387,0.015657151998670793,0.0168786330380238,0.017544951654804054,0.017900556143056558,0.01808818329476124,0.018186591221826916,0.018238043579592234,0.018264901289457444,0.01829357268976765,0.01829414698853643,0.01829415848698589,0.018294158717224212,0.018294158721926853,0.018294158721928737,0.018294158721928737,0.018294158721928737,0.018294158721928737,0.018294158721928737,0.0,0.0
1.0,0.05970911827417866,0.06097842763564474,0.06011107974681036,0.058396732937752244,0.05649695402939724,0.054711174036541216,0.05315280108053538,0.05184622592964135,0.05077650157941575,0.04991380092282177,0.04922500579293302,0.04727342590463153,0.04682853638822219,0.04673018467648508,0.04670865873286203,0.04670294838765849,0.046702678915471786,0.04670266623550514,0.04670266563942116,0.04670266561140834,0.04670266561009201,0.0,0.0
1.0,3.5393307418979587,3.6703591642512388,3.7272235811351475,3.753341202578974,3.765791691800585,3.7718698589501334,3.7748837502717496,3.776394042925493,3.77715642064421,3.7775432465427135,3.777740238037218,3.7779426138674057,3.7779462994209556,3.7779463671515066,3.7779463683975822,3.777946368420932,3.7779463684209396,3.7779463684209396,3.7779463684209396,3.7779463684209396,3.7779463684209396,0.0,0.0
1.0,0.21155777732620104,0.19797941664792823,0.1854739311260233,0.17585518905036948,0.1689403974862214,0.16412159272855453,0.16081690494720968,0.15857075490210504,0.15705207338242308,0.15602853251679577,0.15534007826633556,0.15406286531107088,0.1539468410905529,0.15393632737373072,0.15393537485858613,0.15393528074699714,0.15393527997457163,0.15393527996823195,0.15393527996817993,0.15393527996817946,0.15393527996817946,0.0,0.0
1.0,3.5157247113159884,3.6253656271337578,3.6762612357586435,3.70177689213072,3.7152386643390938,3.72254342366022,3.726560668170812,3.728781657719569,3.7300110723172715,3.7306911900810116,3.73106693794238,3.7315151544203036,3.7315274500303492,3.7315277826117184,3.7315277915780585,3.7315277918261183,3.7315277918262986,3.7315277918262986,3.7315277918262986,3.7315277918262986,3.7315277918262986,0.0,0.0
1.0,0.47338903132353655,0.4526158829607242,0.4330408823812658,0.4163929505768517,0.40271323293024835,0.3916804843337188,0.3828979089899247,0.3759755280418334,0.370561037464767,0.36635107545710305,0.3630926798143396,0.3544909056804936,0.3527673621471257,0.3524276146718084,0.35236085934531347,0.35234517766531315,0.35234457318998613,0.35234454989023173,0.352344548992134,0.3523445489575165,0.3523445489561821,0.0,0.0
1.0,5.028912174460495,5.248409456509895,5.333621896235123,5.368488583204628,5.383465711352918,5.3901521819939004,5.393225115156632,5.3946678294437485,5.395355835505981,5.395687700753892,5.395849118807027,5.39600255982549,5.396004815517128,5.396004849513439,5.39600485002763,5.396004850035528,5.3960048500355295,5.3960048500355295,5.3960048500355295,5.3960048500355295,5.3960048500355295,0.0,0.0
1.0,0.6462109373731895,0.6770440148142455,0.6960334698037399,0.7079681784366678,0.7154276228500551,0.7200462612335158,0.7228838100795782,0.724617606331782,0.7256731730974604,0.7263143382084106,0.7267032237256646,0.7272711225766278,0.72729903680394,0.7273004069976915,0.7273004742500184,0.7273004777129234,0.7273004777212658,0.7273004777212858,0.7273004777212858,0.7273004777212858,0.7273004777212858,0.0,0.0
1.0,0.2016175050345016,0.18196157023079873,0.1692018985010976,0.16173443829032202,0.157559664279488,0.1552781531735233,0.15404656466601413,0.15338643686055967,0.1530341143820761,0.15284656682704886,0.15274689645226827,0.15263673192781424,0.15263428790702924,0.15263423381280303,0.1526342326159639,0.15263423258890438,0.15263423258889106,0.15263423258889106,0.15263423258889106,0.15263423258889106,0.15263423258889106,0.0,0.0
1.0,3.1192132056558233,3.0728376346724766,2.9926877144411894,2.908865388036107,2.8304362805198267,2.759973916960267,2.6978953752097405,2.643840702679398,2.597157686084851,2.557094591304637,2.522887207218082,2.4036543783181625,2.361910986204877,2.347795046643155,2.3430774406794486,2.340984887443843,2.3407537393724884,2.340728222702131,2.3407254060915044,2.3407250951875755,2.340725060869317,0.0,0.0
1.0,1.16305301792559,1.2091309608009362,1.224360572626204,1.230380835211161,1.2331218131548622,1.2344878587835526,1.235207087221993,1.2355990696714922,1.2358176658453317,1.2359415217798266,1.2360124864991147,1.2361067823001268,1.2361105807345218,1.236110737346462,1.236110743819378,1.2361107440980397,1.2361107440985157,1.2361107440985166,1.2361107440985166,1.2361107440985166,1.2361107440985166,0.0,0.0
1.0,0.019814115725572345,0.025282239972494725,0.029097404811854185,0.031559570352503216,0.03307101750405389,0.033970932054350235,0.034497079458640646,0.034801421904863766,0.03497636308770942,0.03507655294012995,0.03513380815140236,0.035207212567373476,0.03520972466944004,0.03520981045639283,0.035209813385307986,0.03520981348871631,0.03520981348883684,0.03520981348883697,0.03520981348883697,0.03520981348883697,0.03520981348883697,0.0,0.0
1.0,0.3124557140804858,0.3451108658088866,0.3680560016877663,0.38530294400740706,0.39893756053781665,0.41004875975742117,0.4192467346400444,0.4269132423467533,0.43331638449397475,0.43866243196199495,0.44311942005109056,0.4577684910972926,0.4624144318866502,0.4638574982049958,0.46430369158987445,0.46448429488096826,0.46450158271260933,0.46450323899898244,0.46450339771675303,0.4645034129269696,0.46450341438460546,0.0,0.0
1.0,0.0008579337187220487,0.00858340639387196,0.017543885513680198,0.02441854652984872,0.0289463445132503,0.03171953667818565,0.03335509808294088,0.034300204586645275,0.03484021671735388,0.03514683878385054,0.035320330791115614,0.03553773975290956,0.0355446981381339,0.03554492039909641,0.035544927497977954,0.035544927731953224,0.035544927732191936,0.03554492773219216,0.03554492773219216,0.03554492773219216,0.03554492773219216,0.0,0.0
1.0,0.12494016712330386,0.11914658538526382,0.11058669574599779,0.1020731110312227,0.09460315028862311,0.08840090667138872,0.08339389652630014,0.0794143828390569,0.07628052378259514,0.07382662533989363,0.07191214130177069,0.06670947462420912,0.06558213738897438,0.06533948866099829,0.06528732226938663,0.06527369997851495,0.06527307073239423,0.06527304166640746,0.0652730403237992,0.06527304026178178,0.0652730402589171,0.0,0.0
1.0,1.841975258439923,1.9571353963092835,2.0249753186156756,2.067407920950816,2.0948284594226294,2.1128048156526105,2.1246500085341915,2.1324634395852233,2.1376151998621746,2.1410092805005765,2.1432437068602943,2.1471906596989045,2.1475102096625136,2.1475362510244023,2.147538391915799,2.147538584325587,2.147538585684112,2.14753858569399,2.1475385856940643,2.1475385856940643,2.1475385856940643,0.0,0.0
1.0,0.2527243418722273,0.24397017204952814,0.23323193851103852,0.22318460783799834,0.21445750380246917,0.2070982080935574,0.20098862265774342,0.19596796814464382,0.19187288440161465,0.1885519799408579,0.1858711391268503,0.17791211785343436,0.17587402339538222,0.1753630357078102,0.17523559783817225,0.17519595444667077,0.17519349707119494,0.1751933447623496,0.17519333532226664,0.17519333473717175,0.17519333470090764,0.0,0.0
1.0,1.754414299175078,1.902896725132318,1.993200017778624,2.0497812728454594,2.086003991310781,2.109496740204875,2.124846216480424,2.1349181278840583,2.141545108939288,2.1459142134932745,2.148799590437864,2.15398423059033,2.1544343378277193,2.1544745122643914,2.154478143908541,2.1544785039816428,2.154478506970461,2.1544785069953076,2.1544785069955146,2.1544785069955164,2.1544785069955164,0.0,0.0
1.0,0.28363468258162383,0.2777331265725671,0.26893555779499045,0.26033632579808647,0.2528289219801376,0.24658191940389346,0.24151536680390495,0.23747027764245499,0.23427427521355673,0.23176747282738844,0.22981152918424144,0.22453727430548623,0.22343128044043642,0.2232030858044069,0.22315615661466254,0.22314452996328746,0.22314403903534724,0.22314401830695957,0.22314401743174878,0.2231440173947949,0.22314401739323464,0.0,0.0
1.0,1.21292561924337,1.3291040515142405,1.408133389005254,1.4648785961635782,1.5071080335689975,1.5391349405105008,1.5636215902611004,1.582386412875203,1.5967609976157213,1.6077572277124192,1.6161558403334655,1.6377662371408042,1.64195098243324,1.6427623305923738,1.6429202977913102,1.642957146872933,1.6429585536793945,1.642958607423437,1.6429586094767998,1.6429586095552526,1.6429586095582496,0.0,0.0
1.0,0.19151720957542592,0.17967272910858892,0.1692060768272218,0.161432432233086,0.15602317061046225,0.15237137407042659,0.14994479601575092,0.14834670654786178,0.14729978883230493,0.1466161532174314,0.14617063322536858,0.14540445863149457,0.14534684013070298,0.14534251660751896,0.1453421922336555,0.14534216607186917,0.14534216592461316,0.14534216592378432,0.14534216592377963,0.14534216592377963,0.14534216592377963,0.0,0.0
1.0,1.0944379438784635,1.1647519166458287,1.2024955272307454,1.223443720577545,1.235452351306464,1.2424790247195772,1.2466051692490718,1.2489825930076262,1.2502788951193742,1.2508954422467824,1.2510799752500052,1.2488416581409798,1.2454176999034114,1.2419487012360448,1.2385241637471365,1.23185028404495,1.2254451374664403,1.2193427087747357,1.2135690405137936,1.2081422980589998,1.2030731302100481,0.0,0.0
1.0,0.1307331534358669,0.15197754614582518,0.15596505080707065,0.15666885742375306,0.15679168546693326,0.15681306607064036,0.1568167832877843,0.15681742880135302,0.15681754073437315,0.15681756010654993,0.1568175634506979,0.15681756414460668,0.15681756414462092,0.15681756414462092,0.15681756414462092,0.15681756414462092,0.15681756414462092,0.15681756414462092,0.15681756414462092,0.15681756414462092,0.15681756414462092,0.0,0.0
1.0,0.09019787181155901,0.13397909148470516,0.16701198043834534,0.18885061533329783,0.20220005236315833,0.20999918104507082,0.21444040921331223,0.21693352013737033,0.21832198048333398,0.21909186780393128,0.2195177429977909,0.22002800051605387,0.22004240352097937,0.22004281047582483,0.22004282200498348,0.22004282234201317,0.22004282234228892,0.2200428223422891,0.2200428223422891,0.2200428223422891,0.2200428223422891,0.0,0.0
1.0,0.07843230791776076,0.08618799427257162,0.09091642327359466,0.09376743226637707,0.0954953545500757,0.09655678676246685,0.09721997502214752,0.09764172245207973,0.09791443672621238,0.09809340932638135,0.09821234616847013,0.09843760191206585,0.09846145165766418,0.09846408943539446,0.09846437940035808,0.09846441381685211,0.09846441415804817,0.09846441415962788,0.098464414159575,0.0984644141595725,0.09846441415957242,0.0,0.0
1.0,0.04101660052822312,0.04826606410117335,0.055148027888646214,0.06181160345211828,0.06833609837775635,0.07476331521189016,0.08111296526306375,0.08739059081629028,0.09359235283925087,0.09970833796131262,0.10572499679230603,0.1388938925712334,0.16538050628302248,0.18470045285834133,0.19793115577813442,0.21218545500057326,0.21786444020036835,0.2200440173127389,0.22086865824349305,0.2211789789611082,0.221295518653159,0.0,0.0
1.0,0.4263207029005616,0.474008346896066,0.5082667214747744,0.5340188139689617,0.5543603335085034,0.571120400004024,0.585371759848311,0.5977586642381564,0.6086850288655983,0.6184180449152024,0.6271447547530864,0.6643963106832906,0.6850414505370196,0.6963919018240221,0.7025336212992699,0.7075596145927202,0.7089654567137641,0.7093552356864651,0.7094630232636121,0.7094928082367171,0.7095010370197774,0.0,0.0
1.0,0.008240822788602336,0.0045955224832773135,0.0021924336443346236,0.0008229934328653637,0.00017790492558988043,2.612121527869692e-7,0.00010219813008459289,0.0003549170045076194,0.0006746207625483145,0.0010097217756143213,0.0013306197445519627,0.0025625558824283637,0.002954892825470356,0.0030611189073172194,0.00308881072239148,0.0030978030306346277,0.003098399207189892,0.0030984386996176245,0.0030984413155626584,0.003098441488840012,0.003098441500317715,0.0,0.0
1.0,1.074840812995234,1.1506985666508909,1.1916530902024187,1.2145304230295413,1.2279227519874696,1.2361797784540594,1.2415585899667863,1.2452733721857516,1.2480015595311207,1.2501332811018993,1.2518988986726662,1.259762789670698,1.2665297932209927,1.2729606349486826,1.2790617720940733,1.2901660287716972,1.2997105024734834,1.3077002992118112,1.3142420191554913,1.3195016059913078,1.3236688840960307,0.0,0.0
1.0,0.7071400940246679,0.9373936501171525,1.0742906764212832,1.1450326061420093,1.1790697525460905,1.1948972232945954,1.2021417777784718,1.2054340016606544,1.206925280473479,1.2075998050432442,1.2079047043319013,1.208153912148047,1.2081560318091846,1.208156049836652,1.2081560499899737,1.2081560499912887,1.2081560499912887,1.2081560499912887,1.2081560499912887,1.2081560499912887,1.2081560499912887,0.0,0.0
1.0,0.48137537508332084,0.5304231639535922,0.5600652589954174,0.577975343872815,0.5888149789891463,0.5953852014132183,0.5993719781123344,0.6017930367593131,0.6032641075235967,0.6041583120492846,0.6047020183950881,0.605503388604739,0.6055440176505735,0.6055460788612625,0.6055461834527871,0.6055461890303898,0.6055461890447635,0.6055461890448006,0.6055461890448008,0.6055461890448008,0.6055461890448008,0.0,0.0
1.0,0.559339314030289,0.6104096695165998,0.6451586263201557,0.670428994018517,0.6896901124212007,0.7047749651076763,0.7167518750926516,0.7263185191825748,0.7339757246079486,0.7401058540313143,0.74501069515613,0.7594237871957665,0.7631391022090613,0.764097971009172,0.76434670903157,0.764428348170628,0.7644339072528118,0.7644342863929192,0.7644343122587541,0.7644343140234772,0.7644343141438784,0.0,0.0
1.0,0.20246137788854515,0.19606881245217583,0.18764467563512524,0.17949552669456473,0.172240152654446,0.16598492477557392,0.16067614087806703,0.1562119341050323,0.15248091303984063,0.14937646303011273,0.1468020385660367,0.1384915635929431,0.13594023788157505,0.13517015350338632,0.13493887692417258,0.13484873402596192,0.13484063651797348,0.1348399092598172,0.13483984394399567,0.1348398380779219,0.1348398375510845,0.0,0.0
1.0,1.4343556078156667,1.5386413772382042,1.6008135753046593,1.6405201671192584,1.6678129416779541,1.6878489283136577,1.7033781693124033,1.7159442823608047,1.726459057188297,1.7354856577401097,1.7433851038379613,1.7764521128618487,1.7952038556228178,1.80582113928043,1.8116862662427906,1.8165840626886167,1.817988704829601,1.8183872821254299,1.818500038333971,1.8185319092647088,1.818540915502048,0.0,0.0
1.0,0.35537590928049867,0.3684680410867813,0.37209281031662134,0.3716901597677934,0.36954741700556604,0.36664101287849177,0.36340377481456587,0.3600360217819301,0.35663434564088026,0.35324703875627306,0.34989902308798937,0.3310825158249856,0.3147112626092417,0.30076999720694086,0.2890962757385273,0.27158609471272094,0.2601061478347924,0.25277996155262233,0.24818323918488966,0.24532928345818328,0.24356880552225613,0.0,0.0
1.0,0.5500479827780672,0.50331542952403,0.44966688254409914,0.4003411806956833,0.3592804670744726,0.32692827997058166,0.3022735836998809,0.28387651389830265,0.27033379915098216,0.260452430039807,0.2532846395896239,0.23738527170776838,0.23521724814563405,0.23492553844813113,0.2348864347609692,0.23488050179879302,0.23488039578263908,0.2348803938903329,0.23488039385656845,0.234880393855966,0.23488039385595527,0.0,0.0
1.0,0.48423873151873637,0.5341196977047006,0.5688958036606023,0.5946791517977188,0.6150415921064863,0.631977777319759,0.6466007336213628,0.6595456682248481,0.6711886625484871,0.6817630983091415,0.6914220352490716,0.7347065337149752,0.7601140550722829,0.7744769788766018,0.7823699052611415,0.7889203241824554,0.7907847528360106,0.791310272762141,0.7914579910862471,0.7914994809894547,0.79151113178972,0.0,0.0
1.0,0.217994138111706,0.2376019410259797,0.24964839573766748,0.2573813207323427,0.2626227731463538,0.26636152877100927,0.2691425625150314,0.2712787889216474,0.2729596047051395,0.2743060914670454,0.2753996291830216,0.2789860481633866,0.2802935223044021,0.2808053785065897,0.2810097002562517,0.2811245303943227,0.2811430298505902,0.2811460093736973,0.281146489183672,0.28114656644751573,0.28114657888923295,0.0,0.0
1.0,0.3199760056199211,0.34383054057428897,0.3564548592701752,0.3629982191844156,0.3662377603241961,0.36763763928589366,0.3679847294796234,0.36771793950575493,0.36709254345392783,0.3662627934556883,0.36532474061212844,0.3596702098798909,0.3555986219094141,0.3530557264951242,0.3515405025710083,0.35015086445579985,0.3496966400278696,0.34955037008244116,0.3495034944345853,0.349488495237983,0.3494836981934364,0.0,0.0
1.0,0.2853865799121294,0.3114222444693896,0.32732926400571316,0.3371475310095933,0.3433318185008139,0.3472953348391337,0.34984982875878434,0.351473700252307,0.35246053548536355,0.3529989158801542,0.3532153563493322,0.35131024551303947,0.347876704360048,0.3445805850939522,0.34172756388211695,0.33739689693284053,0.3345726166832112,0.33280548907157526,0.3317278267475972,0.3310808639685611,0.33069612042285307,0.0,0.0
1.0,0.3047849854877063,0.32995119009510065,0.3440209657542694,0.3517284166496247,0.3558068214847204,0.35777131687801517,0.3584661428462998,0.35837464284038856,0.3577837792067199,0.3568704590360469,0.3557475350880165,0.34745082960024276,0.339150586334263,0.3317464762528805,0.32535343493347235,0.3154391099802581,0.308728297390716,0.3043638050633731,0.3015983344350196,0.2998748317504902,0.29881175290704537,0.0,0.0
1.0,0.5548246930085117,0.5803762008219546,0.5883018355109108,0.5875455739735784,0.5824618735473436,0.5751897407274655,0.5668238024244563,0.5579533510493906,0.5489115187752535,0.5398946040304392,0.5310220526721512,0.48351572788933356,0.44747688577484246,0.4217920886095638,0.4041950642392204,0.3847520327403537,0.3765433823777904,0.37316691713390815,0.37179282467537866,0.371236041116949,0.3710108276042848,0.0,0.0
1.0,0.4057339429392131,0.44377646414576577,0.469307643903233,0.48779603750344325,0.5022433933662314,0.5142552458172422,0.5247055420537523,0.5340881621861486,0.5426947139231139,0.5507047009233427,0.5582325662807944,0.5961581803474335,0.6245845197503473,0.6453259305414574,0.6599557689974177,0.6767941551047453,0.6843055698864537,0.6875585635970531,0.6889492833814104,0.6895405637645413,0.6897913621216917,0.0,0.0
1.0,0.156170936847562,0.17067588841388381,0.17942890349501556,0.18471915416899604,0.18795234335633412,0.1899411090409809,0.19115136671449337,0.19185561513604585,0.1922190120383251,0.1923460131570644,0.1923055577683222,0.19043646081434684,0.1878355593681689,0.18535162247173054,0.1831402641369138,0.17957453968705087,0.17701062884446128,0.17522641731518226,0.17401247966017405,0.17319913788082048,0.17265978708577254,0.0,0.0
1.0,0.1477293064105021,0.162408018226799,0.17176000334166305,0.17782340224817014,0.18189138916230813,0.1847277339280142,0.18677593455412078,0.1882971507285364,0.18945041214947586,0.19033699536425014,0.19102459891382792,0.19291519179834205,0.1933086157375114,0.19333592996927348,0.193273212220176,0.19309819018295216,0.1929148574776971,0.19273113074991854,0.19254748849157505,0.19236396114409196,0.19218055215711977,0.0,0.0
1.0,0.12364180675504477,0.13511422906321296,0.14222413720957763,0.14640125671100754,0.1487032411944333,0.14983379172515032,0.15023865381030863,0.1501948398363682,0.149874348340925,0.14938515256395518,0.14879630096858887,0.14489685780945427,0.14190812149641296,0.14005866987192145,0.13900882932409403,0.13813444113592055,0.13789262819387932,0.13782785180719848,0.13781076906944836,0.13780630623550472,0.1378051476300405,0.0,0.0
1.0,0.19615493186647287,0.2154700295664701,0.22751918684645522,0.23515856730675477,0.24016467286857499,0.2435753209668102,0.2459904819262643,0.24776280026012004,0.24910604046225704,0.25015463833562074,0.25099630648714166,0.254027338104916,0.2559811758300465,0.25775717027640016,0.2595007210206508,0.2629619289537388,0.2663922745690791,0.2697820872380469,0.2731211861486519,0.27640000286365024,0.2796097086112065,0.0,0.0
1.0,0.21108901042496134,0.22875232267600626,0.23947057630566568,0.24621135567419333,0.2506389710011049,0.25366168763526575,0.2557874195674771,0.25731394086128173,0.25842553746562485,0.25924223346621345,0.2598455841142393,0.26129399945347,0.26153969690405593,0.26158140674438535,0.26158848245906674,0.26158988614381173,0.2615899265231148,0.2615899276846851,0.2615899277180993,0.26158992771906053,0.2615899277190881,0.0,0.0
1.0,0.39142792743777893,0.4074401290168636,0.4127875087482351,0.4137447077930271,0.41293870254355153,0.41148096460899936,0.40985367254558336,0.4082682579237874,0.40681413142707085,0.40552334453040767,0.40440031213110267,0.40045173049173527,0.3991246082992501,0.39870565651204337,0.39857582000345043,0.39852350187470503,0.3985185544280904,0.39851808693309204,0.39851804276167396,0.3985180385881516,0.3985180381938179,0.0,0.0
1.0,0.4703499628806258,0.5011065556533878,0.5186093203906235,0.5295362852078926,0.537082220985926,0.5428002626322694,0.5474821371216788,0.551554281461081,0.5552581254480274,0.558735807547478,0.5620733650393004,0.5810812126262301,0.5997923255680614,0.6185113822984146,0.6372151784206337,0.6743985773415273,0.7109902121479498,0.7466638844871353,0.7811315322367709,0.814150382487311,0.8455269414411324,0.0,0.0
1.0,0.12866483881710342,0.13758684505626848,0.14383143834842185,0.14770125262659986,0.15006869947062879,0.15154519393746882,0.15248958560098036,0.15310729839433967,0.15351836766742677,0.1537953398016824,0.15398356817793687,0.1543518816493969,0.1543915529397217,0.15439587305142607,0.1543963438682738,0.1543964007743905,0.1543964014503514,0.15439640145838082,0.1543964014584762,0.15439640145847733,0.15439640145847733,0.0,0.0
1.0,0.5059145610810198,0.5356174457261671,0.5510867698341722,0.5594445697036081,0.5640449392215735,0.5665975089590017,0.5680185649689953,0.5688109101548852,0.5692531169364236,0.5695001038807027,0.5696381592322607,0.5698083353217568,0.5698136646035855,0.5698138357494845,0.5698138413533835,0.5698138415457428,0.5698138415459608,0.569813841545961,0.569813841545961,0.569813841545961,0.569813841545961,0.0,0.0
1.0,0.09742132881601297,0.08994212382863197,0.08055998406153257,0.07128208000998444,0.06284518823888209,0.05546623907775648,0.04914966755327471,0.04381362135799539,0.039344809116327865,0.03562385536858562,0.03253730660014777,0.0225129205734581,0.019299227468482075,0.018246374083486585,0.01789674170823478,0.01774095063656359,0.01772350038036878,0.017721543848764464,0.01772132445719247,0.01772129985587307,0.017721297097217596,0.0,0.0
1.0,1.886576304129872,2.036096821823054,2.129408076417171,2.191111245617571,2.234403709848247,2.266336911762026,2.290831224822752,2.3101967956081544,2.3258791396710934,2.338831018867236,2.349706371526964,2.390187714156828,2.410157608427999,2.420907737617014,2.426756875848087,2.431635478783587,2.4330476412342845,2.4334537261185045,2.433570264558509,2.4336036890942676,2.4336132740000704,0.0,0.0
1.0,0.44106390166128956,0.4465649803999917,0.44448744476644486,0.4402839502495477,0.43563152897135393,0.43103889401044587,0.42665880470269385,0.42253458416308026,0.4186748319758485,0.41507632234820907,0.41173123003873885,0.3963637590445495,0.38718962796204226,0.3819334052701748,0.37899227267375046,0.37647800954280014,0.3757272330956774,0.3755048461631818,0.37543913057172335,0.3754197252786104,0.3754139962470996,0.0,0.0
1.0,1.0222647724105605,1.1083565845942605,1.1728514528712812,1.2263077497769934,1.2735025866802963,1.3166708696120293,1.356913132080127,1.3947979638516952,1.4306308340358103,1.4645820287904254,1.4967516503849492,1.6553060771678785,1.7624874470148282,1.831063424623129,1.873376431839133,1.914107390527184,1.9283612191581996,1.933264908373264,1.934941998472417,1.935514417692108,1.935709659604031,0.0,0.0
1.0,0.19503624417013835,0.20892400609151263,0.21572921282611557,0.21819843936094102,0.21809144335567693,0.21645650538660316,0.21390539163115901,0.21079903659507807,0.20735737252980124,0.2037207026448994,0.19998320509446732,0.17816219044573414,0.16044030768452225,0.14754927732294773,0.13864981564907755,0.12871952360745,0.12443701586259345,0.12262446091630909,0.12186259466737885,0.12154321832547914,0.12140947756954881,0.0,0.0
1.0,0.7684415963127132,0.8038412437499344,0.8219829895782494,0.8336716090913152,0.8429070459632959,0.8511446153834008,0.8589130384057627,0.8664037489061002,0.8736845270595015,0.8807775650024461,0.8876883470982669,0.9252438267224815,0.9559683275441312,0.9802268403061157,0.9988497806878948,1.0231857256571486,1.0362137971096301,1.0429717715350897,1.0464201213527264,1.0481649457129918,1.0490440499097111,0.0,0.0
1.0,0.17527659281210045,0.18887107471893577,0.19572655471917585,0.19898698569018916,0.2003190485302327,0.20058611669101215,0.20024404298045065,0.1995426054655031,0.19862454772882618,0.19757472268359513,0.19644525402521634,0.18921393480407622,0.18220849677340958,0.17569583636227656,0.1696898538728513,0.15913741794740902,0.15037881944251322,0.1431984898342686,0.13736988779750403,0.13267530930865581,0.1289171613801239,0.0,0.0
1.0,0.9251511396962234,0.8377110812846986,0.7822564097161682,0.7526289757009123,0.7379838121723452,0.7310180180429021,0.7277735476392063,0.7262819444102235,0.7256028058589473,0.7252962517059343,0.7251591126356303,0.72505285636777,0.7250524868498143,0.7250524995716165,0.7250525000674184,0.7250525000807654,0.7250525000807719,0.7250525000807719,0.7250525000807719,0.7250525000807719,0.7250525000807719,0.0,0.0
1.0,0.08750608146492704,0.07500223400362727,0.0615440960436187,0.04882825964865969,0.037549881933906286,0.027959908672043846,0.020089993728586754,0.013849321232029168,0.00907565687759562,0.005569042292739683,0.003116665164496748,0.000439307545335116,0.002939076361712493,0.004495082480695161,0.005151528521056709,0.005491333012336401,0.005536015913305089,0.005541780611608727,0.005542522524445081,0.005542617978207391,0.005542630258697605,0.0,0.0
1.0,2.8402409138203613,3.058626493926413,3.1888017274369163,3.2694036903791743,3.321482466892029,3.356366534373804,3.380354594782105,3.3971377074456504,3.409003558702048,3.417441270403231,3.4234570903623767,3.43639523658252,3.4379622758043946,3.4381015114840814,3.438098058372999,3.4380889254170146,3.438087967457411,3.4380879001563778,3.4380878958775694,3.4380878956146246,3.438087895598669,0.0,0.0
1.0,0.7642829842623572,0.7680067598327609,0.7658941713091656,0.7625634785105773,0.7590787765938473,0.7556922327024677,0.752466158258817,0.7494162793755413,0.7465456288934191,0.7438528930290147,0.7413346466488475,0.7295618296837878,0.7223548332365061,0.7181528650768665,0.715772251904726,0.7137125929909285,0.7130892652087669,0.7129025386211123,0.7128467733676047,0.7128301345316858,0.7128251713139347,0.0,0.0
1.0,0.23193084905499456,0.2513830307302885,0.26604238394775537,0.27855089303264463,0.29009994177498977,0.3012289650119952,0.3121888335708455,0.32309940570414153,0.33401849019342567,0.3449730939051263,0.3559742443318377,0.4228562307044625,0.49016016795679973,0.5562318916417011,0.6196311011114024,0.7342901877269091,0.8292041048912714,0.9038387366626727,0.9603317884199173,1.0019237395767093,1.0319430089146757,0.0,0.0
1.0,0.37914427581746823,0.5158712249504486,0.599077373621496,0.6440712665054762,0.6680580845880428,0.6814696552547013,0.6895799466445661,0.6949146149440708,0.6986861796534742,0.7014981779918595,0.7036700057100453,0.7100752842809951,0.7119104608119112,0.7124458715552127,0.7126019354151212,0.7126606334101129,0.7126656110498503,0.7126660331157337,0.7126660689033941,0.7126660719378867,0.712666072195186,0.0,0.0
1.0,0.17424177117636377,0.192036521716703,0.2041519770040458,0.21303973466280623,0.21982372174856316,0.22507339715040417,0.22913621529577471,0.23226335098422993,0.2346535910683709,0.23646845053738144,0.23783859367864146,0.24119990466746064,0.24176775185475136,0.2418617866734851,0.24187730903812313,0.24188029258524324,0.24188037378966543,0.241880375999814,0.24188037605996782,0.241880376061605,0.24188037606164958,0.0,0.0
1.0,0.28902388387746425,0.30808151508258497,0.31703924212472473,0.32052876048348106,0.3210556099822463,0.31995166820971077,0.317944259942803,0.3154491146280588,0.3127154564783349,0.3098985556158945,0.30709740674912334,0.29288431206937504,0.2840450518978254,0.2791159882435597,0.2764844215090574,0.2743946169264442,0.2738382514177267,0.27369154237660187,0.27365295301328096,0.27364280938383767,0.27364014348126514,0.0,0.0
1.0,0.7734171775536866,0.8123733861545505,0.8389230974568554,0.8608869622516527,0.8809473707914826,0.9000456937882214,0.9185140605452292,0.9364621557887303,0.9539160966092608,0.9708709639105518,0.987311578532056,1.074379732320583,1.1411452842437169,1.1896123348785632,1.22343332778903,1.2616992739658817,1.278351405881606,1.2853895920244394,1.2883277382913365,1.2895479534673064,1.290053620180706,0.0,0.0
1.0,0.28027184273853606,0.3068278539867034,0.3241941042537247,0.3363346074540172,0.3454793826493011,0.3528392288604636,0.35907779174025817,0.3645701816071899,0.3695368768937098,0.37411264622481266,0.3783827521051306,0.3997016752711562,0.4156890545834047,0.42742860275266964,0.43576133198099354,0.4454221568283386,0.4497667919594376,0.4516604285050066,0.45247451097044045,0.45282241932714934,0.45297072550411605,0.0,0.0
1.0,0.1671993117251479,0.18288464112354366,0.19260800596514516,0.19877634092210508,0.20284215923261137,0.2056340477240734,0.20762268717376603,0.20908205536251556,0.21017820322081185,0.21101660486197338,0.21166739602305074,0.21358777769575296,0.2142801081332298,0.21466547731332922,0.21493101033904088,0.21526568330881743,0.21544184400363922,0.21553193038611695,0.21557719344436235,0.21559972947673428,0.21561089896575197,0.0,0.0
1.0,0.1667595406378587,0.18287128980914763,0.19299906704152456,0.19945842766955948,0.203701481101675,0.20657940603632802,0.20858455216059743,0.21000673157056748,0.21102285985705813,0.21174607988713956,0.21225236103052195,0.21292364216218637,0.21215450243923026,0.21118807055635783,0.21030998619832295,0.20898002980810684,0.20813575395309636,0.20762375480940173,0.20732102792475623,0.20714467235823375,0.20704282010793118,0.0,0.0
1.0,0.16288236940897183,0.1787844307741763,0.18888463256341573,0.19539100634677928,0.19970872038753498,0.20266968097632732,0.20475786434319032,0.20625880090074053,0.20734681600024793,0.2081333894963632,0.20869350540567502,0.20948898692536574,0.20860388266561686,0.2074190085917805,0.20629354501993577,0.20449131972800172,0.20326163553268292,0.2024620462628699,0.2019564329942574,0.20164222588540132,0.20144906493203926,0.0,0.0
1.0,0.1179239006433524,0.12917305377312108,0.13612152142263448,0.1404378372513354,0.14317160234332565,0.14493734514831058,0.14608866913871466,0.14683192922581204,0.147291800501575,0.14754726221940875,0.14765102260072616,0.1466141915075823,0.1446163479762883,0.14261168103419536,0.1408411593980181,0.13812384841783026,0.13634060807760123,0.13522058498378547,0.1345353309144704,0.13412272054677776,0.13387665669758242,0.0,0.0
1.0,0.08229402321665752,0.09008530170072915,0.09482406910675255,0.09770496991574353,0.09948041993109291,0.10058892221375222,0.10128013242444567,0.10169740736419898,0.10192566304174623,0.10201764608182018,0.10200803949663098,0.10082169926638132,0.09899705162854149,0.09724807166698672,0.09576731876603484,0.09365125232950505,0.09240364563343327,0.09170048226948549,0.09131331251293533,0.09110279578074029,0.09098910667879416,0.0,0.0
1.0,0.057090209747456426,0.06234789303212527,0.06536065594641205,0.06699111081860704,0.06779626233887034,0.06810699459930582,0.06811430353826756,0.06792870874098586,0.06761569898191844,0.06721563683332334,0.06675465580863936,0.06343694191263394,0.06006020949922381,0.05707832305954188,0.05458690307102395,0.05095674738329141,0.048709751998713836,0.04736803990363885,0.046583138785280094,0.0461293527474023,0.04586876659272258,0.0,0.0
1.0,0.08334994214465255,0.09190149108894392,0.09752823022730045,0.10129041624617013,0.10390919255108555,0.10582891172993555,0.10731135063735989,0.10850828562814431,0.10950802664249729,0.11036300217482216,0.1111054942681831,0.11403789730369124,0.11544739850127209,0.11611224358885604,0.1164167694119591,0.11660551203085931,0.11662877907864927,0.11662301919679469,0.11661562986774839,0.1166106327405357,0.11660769391430269,0.0,0.0
1.0,0.07832845612214137,0.08696593736562663,0.09290841112072014,0.09702416105217339,0.09996288958150505,0.10215680014289089,0.10387707552214587,0.10528904786043305,0.10649240580333286,0.10754735537994059,0.10849073223243046,0.1126882478030879,0.11533234060479859,0.11705291773838165,0.11820332491054508,0.11955660736605161,0.1202636180288741,0.12065806271341155,0.12088561516797294,0.1210188608908761,0.12109735214464443,0.0,0.0
1.0,0.06767042528874677,0.07450532487615326,0.07900061110313493,0.08198433705131838,0.08404158426152271,0.08554357434037162,0.08671335128611478,0.08768118307409532,0.08852209195078287,0.08927906307350035,0.08997677006194701,0.0934242616699635,0.09601494295480391,0.09796949606070912,0.09943726804072771,0.10135936262135206,0.10243643249449477,0.1030425533102245,0.10338615556331894,0.10358268259834415,0.10369617394352519,0.0,0.0
1.0,0.11540597487683114,0.1291874186365018,0.1392840565514521,0.14670745008896485,0.15229223393832747,0.1566396205185752,0.16015423304346715,0.1630991454681783,0.16564287003021103,0.16789319773964997,0.1699197433233041,0.17917161623902822,0.18545426279485655,0.19001224197914646,0.19346656597513937,0.19830539442470776,0.20139321608853644,0.2033710853526343,0.2046237085669153,0.20540738202727593,0.205893048620602,0.0,0.0
1.0,0.18567664330619027,0.19823395143448252,0.20467197854453503,0.2067226780014353,0.20575446320211227,0.20273825444237523,0.19832769688977284,0.19295437787609163,0.18690498471608907,0.18037555610073877,0.17350692028843423,0.13014234669292987,0.09202465318741627,0.06511008655806465,0.048749328235332845,0.03482775354738741,0.03115297205514042,0.03035687093082787,0.03027529910194218,0.03032849212846854,0.030382178583692028,0.0,0.0
1.0,0.058580617567693116,0.06766747032035252,0.07499874121932844,0.0809738260783486,0.08588033355006976,0.08995567164507919,0.09339590848123387,0.09635742277392502,0.09896072516739216,0.10129618995623327,0.1034301968572422,0.11390847804281361,0.12224020494942063,0.1289650309048543,0.1342104887880137,0.14107637650080218,0.14466470324559247,0.14644885418354966,0.14731407607679795,0.14772859756294687,0.1479260372875767,0.0,0.0
1.0,0.0990077333764391,0.10911305262199497,0.11477663511467442,0.11790592006581618,0.11964928793655245,0.12064601252180755,0.12124098698378859,0.12161841517198327,0.12187668588316874,0.12206861352795834,0.12222275142687736,0.1228768316614544,0.12337026204466736,0.12375729675489154,0.12405131560306733,0.12442610514781957,0.12461782058268694,0.12471222085751721,0.12475783083524737,0.12477966571906957,0.1247900726946212,0.0,0.0
1.0,0.15697231184750773,0.17212302975541974,0.18139468479227916,0.18707586875770205,0.19058508206482072,0.19275127858519361,0.19405660030408606,0.19478843051587655,0.1951250742181644,0.19518233424433884,0.19503877941559125,0.1922154100056912,0.188614097686849,0.1853532064077351,0.18262685217090402,0.17867626274302933,0.1762600404505167,0.17484066797393427,0.17402622570056975,0.17356516203439942,0.17330614089132393,0.0,0.0
1.0,0.16019495684216925,0.1734372301314394,0.18105350363270523,0.1854445579600528,0.18797842972141834,0.18940104201173363,0.190122553811445,0.19037761923388594,0.1903084351261417,0.19000678034439686,0.18953541796033357,0.18501035119454878,0.17984990226812642,0.17512315652649021,0.17105205100636256,0.16484509368038933,0.1607589427515861,0.15817502066993153,0.15658164375587352,0.15561421210769058,0.1550323384943652,0.0,0.0
1.0,0.33117322300775226,0.3063651541842477,0.27754121511453744,0.24908450212994052,0.22251823470129076,0.19838051203590526,0.17681716718591198,0.15778902208422219,0.14115876143505202,0.12673603543267833,0.11430514408184157,0.06981169235660242,0.05311774474069623,0.046822319888214246,0.04440529981751562,0.04310126403504005,0.04290228417903135,0.04287181999595841,0.04286715342078782,0.042866438526086556,0.04286632900663322,0.0,0.0
1.0,1.3666631281090529,1.494152151239493,1.5740263863335604,1.625025371652644,1.658476823496672,1.6809953677749936,1.6964836056612862,1.7073131171784712,1.7149770310562529,1.720447775549279,1.7243771150670157,1.7331956438074625,1.7345137469313323,1.7347162398799303,1.7347477298642549,1.7347534294517588,1.7347535700169372,1.7347535734936588,1.7347535735797088,1.7347535735818385,1.7347535735818913,0.0,0.0
1.0,0.342015437972998,0.33933045645598287,0.33525835648590396,0.3311723049825506,0.3273446470768728,0.32382960332832067,0.32063182471360785,0.3177415849227944,0.3151433571658981,0.3128186274264093,0.3107472864786827,0.3025030451654761,0.29878154417443464,0.29717387732505673,0.29649257246427235,0.2960862324776769,0.2960150768194862,0.2960026464065813,0.2960004758097603,0.29600009680828915,0.2960000306328148,0.0,0.0
1.0,1.7720327002422802,1.978366706628073,2.1390776200372446,2.2708293890066735,2.3815389688315847,2.4753509446747954,2.5548622057153203,2.622026059778429,2.678495644790251,2.7257426327013072,2.765091822666785,2.892416980464184,2.9307326227549835,2.941861300696729,2.9450588025535493,2.946236660374731,2.946333072626225,2.9463409614569622,2.946341606932848,2.946341659746517,2.9463416640677984,0.0,0.0
1.0,0.19591512781658837,0.20822406565710788,0.21274974903154675,0.21224548798602466,0.2087526183873031,0.2036291632706278,0.19772793517825005,0.19156648250990357,0.18545093969193624,0.1795572092411687,0.17398166079264069,0.14835166397100955,0.13386832769520532,0.126161124549693,0.12215780802675807,0.11905452968452769,0.11825253512661567,0.1180474963495061,0.11799539353442096,0.11798220386072121,0.11797887318397274,0.0,0.0
1.0,2.793746237141754,2.8302795267389143,2.845502669559064,2.8538452603524846,2.859106389086399,2.8626076441557675,2.864977600125748,2.866587929578744,2.8676817285174034,2.8684236619662906,2.868926230759845,2.869875095148498,2.8699650047787575,2.869973497468217,2.8699742994283457,2.869974382305433,2.8699743830443953,2.8699743830509843,2.869974383051043,2.869974383051044,2.869974383051044,0.0,0.0
1.0,0.3676571720558475,0.3819585213808786,0.3851128881276023,0.38345399703131716,0.37988237557575333,0.37571828890498843,0.3715655004046708,0.3676939740704685,0.36421225490561887,0.3611486088486989,0.35849126090311867,0.34906576280536694,0.345760394079618,0.3446539929170737,0.34428851959916396,0.3441287867270075,0.34411155478365524,0.3441096969684583,0.34410949668660246,0.34410947509536366,0.34410947276773773,0.0,0.0
1.0,3.6874721358605145,3.807061244657109,3.8533068550653824,3.8700020172645604,3.874554762678051,3.8741861447945505,3.872005969030098,3.869367854584855,3.8668407494913923,3.864635363494373,3.862800354664454,3.8574715323787347,3.8563024717152183,3.8560591768817467,3.8560088875412903,3.8559963598365057,3.855995825925604,3.85599580317215,3.855995802202477,3.8559958021611536,3.855995802159392,0.0,0.0
1.0,0.682291490337699,0.7084667460892722,0.7168979667633869,0.7172560748446581,0.7138639694088907,0.7086827871082653,0.7026372179018603,0.6961831604119402,0.6895551030027132,0.6828781789699572,0.6762213027988978,0.6380695592328064,0.603982454921435,0.5742207986574479,0.5486808324910372,0.5090345359705842,0.4818625540925064,0.4637950070374431,0.4520161014569018,0.4444335953110538,0.4395915861542315,0.0,0.0
1.0,0.6396887689705849,0.4827801102623467,0.3784059553385469,0.31899895758130364,0.2875550317898759,0.27147034344353377,0.2633942137421009,0.2593928980558754,0.2574351522113801,0.2564908030262581,0.2560434378800114,0.2556867935106039,0.2556923827782688,0.25569316970489697,0.255693223921333,0.255693227448617,0.255693227461038,0.2556932274610811,0.2556932274610813,0.2556932274610813,0.2556932274610813,0.0,0.0
1.0,1.5293664206851594,1.5997784939208892,1.639047918476215,1.663747900263872,1.6805016758916125,1.6923131158175089,1.7007863066621902,1.7069073590509083,1.7113394754643656,1.714549843416422,1.7168744016297581,1.7220792301103074,1.7228186327014237,1.7229232699285393,1.7229380689015703,1.7229404577250063,1.7229405054986753,1.7229405064540915,1.7229405064731982,1.7229405064735805,1.7229405064735877,0.0,0.0
1.0,0.2961132092371783,0.3145159307049386,0.32463835141913094,0.33059268706289097,0.3343239196940271,0.3367812946685321,0.33845944175178766,0.33963576892673314,0.3404764840893381,0.3410865020785559,0.34153464657965305,0.3426415610637324,0.3428691885153787,0.3429214487941592,0.34293389464694257,0.3429376157502023,0.3429378331904822,0.34293784591353565,0.3429378466580805,0.3429378467016511,0.3429378467042009,0.0,0.0
1.0,0.3008189136522616,0.3319464828792937,0.3533159179874341,0.36860784814084874,0.3801206173558648,0.3892016448753293,0.3966333747456586,0.4028802035824753,0.40822960749224196,0.41286936347122094,0.41692931752428186,0.4331812881196552,0.44140379494026366,0.44565548677112926,0.44785439576291736,0.4495690662873543,0.45001960731932344,0.450137405203085,0.4501681548909599,0.4501761778643924,0.4501782708703517,0.0,0.0
1.0,0.1658900206185581,0.185428146495113,0.1997183181379142,0.21032493257617615,0.21846013810229567,0.22495558889618286,0.23034924667058962,0.234979878287185,0.2390593115852545,0.24272101360553275,0.24605080776025529,0.26133360801348515,0.2713780573058229,0.27815254623459834,0.2827609698020845,0.28804199204906356,0.2904823828239141,0.2916016641864144,0.29211253522147,0.292345123958919,0.2924508888215546,0.0,0.0
1.0,0.09333377449166626,0.0999445558744788,0.1036379076074874,0.1058472605066776,0.10727720775130373,0.10826374192940354,0.10897083710217605,0.10948390522145846,0.10985202089199342,0.11010669029760146,0.11027022865657891,0.11008668708539053,0.10900320461288206,0.10767033675457796,0.1062917315487638,0.10361154634044155,0.10111847209161046,0.09883744494487497,0.0967741148510133,0.09492617839818226,0.09328573665675452,0.0,0.0
1.0,0.15266052896092164,0.16573733415500494,0.17372522643144267,0.1788092216122272,0.1822389581357952,0.18468984996375176,0.1865249932100168,0.18794513146634487,0.18906733498417558,0.18996484382651851,0.19068703595338596,0.1928577216882857,0.19339863640551463,0.19348967906893344,0.19347518769993446,0.1934254518525994,0.1934032946388907,0.19339585888379485,0.1933935211641577,0.19339279973159956,0.19339257833077345,0.0,0.0
1.0,0.051991983379513544,0.056493637911599164,0.05895252442272791,0.060184002488747376,0.06070555041301721,0.0608182193647621,0.06069120932767131,0.060419175568626894,0.06005598134863449,0.05963339804784043,0.05917117155284316,0.05609615310827251,0.05316926433513932,0.050746885539863125,0.0488758590944816,0.046481924137659836,0.04526033441359263,0.04465998889307409,0.04436988888455352,0.04423078739046919,0.04416432803096861,0.0,0.0
1.0,0.09448371584766245,0.10522231952627539,0.11274607063739478,0.11802386630421642,0.12181193176274023,0.12463092073676371,0.12681766742217676,0.12858353726343555,0.13005964039618623,0.1313274658230351,0.1324383546616032,0.13709516400041666,0.13975727745900068,0.14135037914966556,0.14234560230925775,0.14345072912032583,0.1440178349670336,0.1443440986827022,0.14454141100392623,0.1446627059774449,0.1447375034115575,0.0,0.0
1.0,0.12641115198614206,0.1385283115177095,0.14555463916315373,0.1494568670753932,0.1514961935735348,0.15242329769508262,0.15267553501866182,0.15250913915398193,0.15207729288746813,0.15147414429515893,0.1507593418881092,0.14562154845797587,0.14046337773327577,0.1358010250207172,0.13171223736634965,0.12519573304410528,0.12058843057306383,0.11744444683125656,0.11535005926321862,0.11397699126783631,0.11308617384204923,0.0,0.0
1.0,0.1331107657728727,0.14737670050483198,0.15680242814820697,0.16298165511533005,0.16706386051245378,0.16979715109676052,0.1716482653539558,0.1729056387979102,0.17374956870809216,0.17429573816414806,0.17462109079369648,0.1741208070416304,0.17211844177195254,0.17006325972580655,0.16834685264104124,0.1660401389860695,0.1648175435704907,0.1642009849998359,0.1638966410009206,0.1637478967817099,0.16367554326700573,0.0,0.0
1.0,0.16186875023319508,0.17518923504971554,0.18222225996475783,0.18560675310323566,0.18690483869889774,0.1869940475069983,0.1863657280229432,0.18530097473694257,0.1839661113535387,0.18246335473793493,0.18085787100152548,0.17072510382227252,0.1613366201471981,0.15323870070519144,0.14645122483438278,0.13635553949460896,0.12988185360111423,0.1258735767176599,0.1234443170255034,0.12199080483545344,0.12112771826464029,0.0,0.0
1.0,0.48341909061421995,0.48407166108930916,0.46987690244821134,0.44948067833040667,0.4271483569558319,0.40499092188955127,0.38405865806898676,0.36485209294883025,0.3475691550919484,0.33223418971676605,0.3187713232541809,0.26888074981222426,0.24983454241715924,0.24293495068966542,0.24047643680433647,0.23929702147136045,0.23914959153145163,0.23913118063231967,0.23912888177903044,0.23912859474002487,0.23912855889988008,0.0,0.0
1.0,1.3529932966509104,1.4830256419311694,1.5606289576519927,1.607048489492176,1.634943964859669,1.6517774420337492,1.6619690585544187,1.6681552061486375,1.6719176112667473,1.67420956179165,1.6756075840466158,1.6776907619040449,1.6778010876338216,1.6778070364114794,1.6778073609848507,1.6778073798201834,1.677807379877941,1.67780737987812,1.6778073798781203,1.6778073798781203,1.6778073798781203,0.0,0.0
1.0,0.2256564744935369,0.2491398016267275,0.2648366049558553,0.2756410571312047,0.28339471878885764,0.2891948791511791,0.2936881172921393,0.2972630447526686,0.30016247928127615,0.3025457892201693,0.30452311225013645,0.3112470184543001,0.3137341022230539,0.3146914992110225,0.3150679658589666,0.3152779055374855,0.31531181896073185,0.3153173384102816,0.3153182384857942,0.315318385337705,0.3153184093003068,0.0,0.0
1.0,0.5671330007007522,0.6057656968058945,0.626208321588466,0.6371156942040428,0.6429452576014392,0.6459788585710685,0.6474185376105237,0.6479238668538535,0.6478719680369682,0.6474862757316795,0.6469029074788648,0.6423476308240194,0.6383718454424463,0.6354302858975701,0.633351956294422,0.630955526823683,0.6298824016100799,0.6294155019820883,0.6292149115733849,0.6291292016187564,0.6290926640170288,0.0,0.0
1.0,0.6944193073311071,0.8434012314664819,0.9831296700727833,1.1147927370283321,1.237181051116063,1.3488249624644553,1.4487579749751878,1.536680675436014,1.61288302850133,1.6780867023877006,1.7332812570444094,1.9155080423737354,1.9699936023796436,1.985289114445266,1.9895070720168153,1.9909817003653678,1.9910923877954099,1.9911006919124854,1.9911013148895709,1.9911013616253448,1.991101365131464,0.0,0.0
1.0,0.00046024677626687954,5.7627146005325616e-5,4.070759765935678e-6,1.287784254270452e-7,1.0238175033074641e-7,6.978463858241151e-7,2.1192080840305835e-6,4.058748285158414e-6,6.08372248386518e-6,7.913503508571066e-6,9.432929617748074e-6,1.335637780682012e-5,1.3938217375722766e-5,1.4015986917465774e-5,1.4026263876196426e-5,1.4027799051160972e-5,1.4027825777331202e-5,1.4027826242600977e-5,1.4027826250700735e-5,1.4027826250841698e-5,1.4027826250844194e-5,0.0,0.0
1.0,0.12541169678153907,0.12836623039100417,0.12728121701228412,0.12438561671008834,0.12091950989530317,0.11750215166849456,0.11440770456226224,0.11173069518601962,0.10947723429097347,0.1076133584815986,0.10608997204151986,0.10151442882577792,0.10035475135342255,0.1000736886795786,0.10000699196986805,0.09998791692445992,0.09998697111633252,0.09998693367314242,0.09998693320275398,0.09998693333263636,0.09998693335419635,0.0,0.0
1.0,6.12669354868555,6.2000031029068134,6.219442728559918,6.2247020847498655,6.2261402914046355,6.226535669686193,6.2266446422960815,6.226674713985024,6.226683017421489,6.226685310848009,6.2266859443886196,6.226686186116952,6.226686186224454,6.226686186224502,6.226686186224502,6.226686186224502,6.226686186224502,6.226686186224502,6.226686186224502,6.226686186224502,6.226686186224502,0.0,0.0
1.0,0.7787394654318736,0.8395603376964389,0.8746176012618538,0.8954401350320709,0.9080130932012582,0.9156650784774749,0.9203397600112764,0.9232014151040963,0.9249556055046049,0.9260321080505495,0.9266933719518037,0.9276934680015614,0.9277483233825854,0.9277513565320171,0.9277515245799854,0.9277515344109456,0.9277515344411555,0.9277515344412484,0.9277515344412488,0.9277515344412488,0.9277515344412488,0.0,0.0
1.0,0.20789754041186712,0.25477719597375115,0.28386776479042947,0.30065818697202834,0.3099805095560465,0.31505117976403113,0.31777977148931047,0.3192399707433853,0.32001925041048496,0.3204346115041487,0.32065589791110405,0.3209025498250939,0.3209082506680627,0.3209083854989081,0.320908388786253,0.32090838887163864,0.32090838887170103,0.32090838887170103,0.32090838887170103,0.32090838887170103,0.32090838887170103,0.0,0.0
1.0,1.132756150236808,1.1985204373168128,1.2310115511851962,1.2472657030918486,1.255501053613057,1.2597186455156808,1.261897804365408,1.2630321293135345,1.2636263859909618,1.2639394881443327,1.2641053077662603,1.2642909542264682,1.264295592984855,1.2642957184056818,1.2642957219262438,1.2642957220295843,1.2642957220296698,1.2642957220296698,1.2642957220296698,1.2642957220296698,1.2642957220296698,0.0,0.0
1.0,3.0322837081312137,3.2461318338606704,3.388244941682313,3.4802646170705116,3.538488999020233,3.5747347031216883,3.597058301167711,3.6107141652357133,3.6190323574069483,3.6240859152879374,3.6271511513421157,3.631626642476391,3.631846476737371,3.631857259714195,3.6318577885875056,3.631857815799353,3.6318578158648145,3.6318578158649717,3.6318578158649717,3.6318578158649717,3.6318578158649717,0.0,0.0
1.0,0.02235256931147929,0.024050138520081157,0.025093264359553093,0.02566305635985018,0.025968700675536794,0.02613421216320427,0.026225105441841895,0.026275601130763215,0.02630387787042889,0.026319791975248995,0.026328775459772306,0.026340102218770926,0.026340477132834134,0.026340489565580636,0.026340489977894066,0.026340489992021335,0.026340489992036868,0.026340489992036868,0.026340489992036868,0.026340489992036868,0.026340489992036868,0.0,0.0
1.0,3.355427540963811,3.6955997641105514,3.893893327248471,4.007310017718784,4.071600153475064,4.107912663831353,4.128407343493649,4.13998114370236,4.14652413870553,4.150227321212562,4.152325401251485,4.154985030336278,4.155074438306081,4.155077456789553,4.1550775588051705,4.155077562371969,4.155077562376056,4.15507756237606,4.15507756237606,4.15507756237606,4.15507756237606,0.0,0.0
1.0,0.13613016995307212,0.13101370327192371,0.12931628925208902,0.12877541816750301,0.12860574035519254,0.12855287315227495,0.12853645502189429,0.12853136490261574,0.12852978826296294,0.12852930016275302,0.12852914910213925,0.12852908147890105,0.12852908141962888,0.12852908141957697,0.12852908141957695,0.12852908141957695,0.12852908141957695,0.12852908141957695,0.12852908141957695,0.12852908141957695,0.12852908141957695,0.0,0.0
1.0,5.0168100201164485,5.569946698797094,5.955202483493525,6.229060434073962,6.424509615165001,6.56344275393865,6.661575042387233,6.730464061089083,6.77858172523829,6.81206377531009,6.835298448238149,6.8817374331785635,6.8867739065975,6.887318594059107,6.887377514985631,6.887384579248276,6.887384661941095,6.887384662909091,6.887384662920422,6.887384662920554,6.887384662920557,0.0,0.0
1.0,1.0194579445555119,1.0439631565974583,1.052088711622469,1.0548048311459568,1.0557267733771332,1.0560450445734169,1.056156719767957,1.056196484709396,1.0562108257494747,1.0562160535315679,1.0562179760789578,1.0562191091157642,1.056219112318444,1.0562191123279165,1.056219112327945,1.056219112327945,1.056219112327945,1.056219112327945,1.056219112327945,1.056219112327945,1.056219112327945,0.0,0.0
1.0,0.3824972821361349,0.4563583999324844,0.5061474780939041,0.5376648259540611,0.5568292691292005,0.5682010614373982,0.5748525468920372,0.5787110412734121,0.5809389087185024,0.5822219360229641,0.5829597915456185,0.5839202627238975,0.583954730446165,0.58395596770583,0.58395601212896,0.5839560137813017,0.5839560137834321,0.5839560137834348,0.5839560137834348,0.5839560137834348,0.5839560137834348,0.0,0.0
1.0,0.5128605087510323,0.5297241076979299,0.5355051814864152,0.5377357528925399,0.5386680752753635,0.5390770116092888,0.539261792765193,0.5393469989351373,0.5393869024996508,0.5394058303626492,0.5394149073025417,0.5394234089079603,0.5394235366358511,0.5394235387396825,0.5394235387752223,0.5394235387758368,0.539423538775837,0.539423538775837,0.539423538775837,0.539423538775837,0.539423538775837,0.0,0.0
1.0,0.2246851818871911,0.25303095141033805,0.2696560884938459,0.2790229044677843,0.28416831992900454,0.2869531866171736,0.2884478897709313,0.28924643426643804,0.2896719821282836,0.28989844894501804,0.2900188807080335,0.2901524276957782,0.29015543378352865,0.2901555014316292,0.29015550295406684,0.2901555029891036,0.2901555029891214,0.2901555029891214,0.2901555029891214,0.2901555029891214,0.2901555029891214,0.0,0.0
1.0,2.0398786166198986,2.230151434474855,2.3352315872858247,2.392208476389489,2.4229147771280357,2.4394608390662604,2.448398983186285,2.4532437006865204,2.4558785691222638,2.457315884810539,2.458101894758425,2.4590311934407034,2.45905699945393,2.4590577232213557,2.4590577435553986,2.459057744142979,2.4590577441434442,2.4590577441434447,2.4590577441434447,2.4590577441434447,2.4590577441434447,0.0,0.0
1.0,0.04378398862403357,0.036005391979188256,0.03056392936060726,0.027002048150535897,0.024723353500858483,0.023277217785844316,0.022361775488345472,0.021782597376488667,0.021416132744258284,0.021184202791363644,0.021037383948759637,0.02080025692673905,0.0207849533856872,0.020783965337070682,0.020783901543527085,0.02078389715874276,0.020783897140463997,0.0207838971403878,0.020783897140387482,0.020783897140387482,0.020783897140387482,0.0,0.0
1.0,1.0188919278510702,1.099618259767905,1.1490338470281962,1.1818507188181426,1.2057136121991658,1.2245503611768414,1.2404243186294872,1.2544560991901355,1.2672747298426221,1.27924287748201,1.290573443662856,1.3495812366935156,1.3961390732564645,1.431449799643346,1.4571602800802868,1.4878602160444554,1.5021500687445988,1.5085607135608257,1.5113890270962125,1.512627660428767,1.5131683517504109,0.0,0.0
1.0,0.03824036397744739,0.04423422814589047,0.04562185837618887,0.045925554300762776,0.045990702167761445,0.04600447973960962,0.04600734704424617,0.04600793133088423,0.04600804692822368,0.04600806880839995,0.046008072658427386,0.046008073291522136,0.04600807329111266,0.04600807329111256,0.04600807329111256,0.04600807329111256,0.04600807329111256,0.04600807329111256,0.04600807329111256,0.04600807329111256,0.04600807329111256,0.0,0.0
1.0,0.4746538517674085,0.5812204156554516,0.6530431054661698,0.6980635403431091,0.7250832386514845,0.7408958538230718,0.7500193409375033,0.7552427371813152,0.7582211762791715,0.7599162105410028,0.7608801073160363,0.7621083323739429,0.7621503201600996,0.7621517822640959,0.7621518340952534,0.7621518360355005,0.762151836038186,0.7621518360381899,0.7621518360381899,0.7621518360381899,0.7621518360381899,0.0,0.0
1.0,0.6661530188825242,0.6853147442482251,0.6916776017041874,0.6938226433050166,0.6945570902989029,0.6948116159065368,0.6949005790327424,0.6949318554769031,0.6949428946824939,0.6949468015435897,0.6949481867952177,0.6949489483244684,0.6949489498712186,0.6949489498743804,0.6949489498743868,0.6949489498743868,0.6949489498743868,0.6949489498743868,0.6949489498743868,0.6949489498743868,0.6949489498743868,0.0,0.0
1.0,0.05791435910377836,0.060936165868881564,0.06226009161505801,0.06284748114400011,0.06311449184075253,0.0632389874865989,0.06329824927882885,0.06332681592088828,0.06334061431014185,0.06334720543838358,0.06335026338992653,0.06335210364846605,0.06335186847954045,0.06335183910770277,0.06335183654859555,0.0633518363326013,0.06335183633139944,0.06335183633139299,0.06335183633139296,0.06335183633139296,0.06335183633139296,0.0,0.0
1.0,1.358075934570337,1.4903309329309604,1.57966004348042,1.6434868754291514,1.6915865140232116,1.7293371291232813,1.7597935537189862,1.7847988367026806,1.8055488770880581,1.8228771653259979,1.8374009024245537,1.8869670293150265,1.9044645540316931,1.9105955084592736,1.91273464510988,1.9137393888130199,1.9138612000082333,1.913875965476906,1.9138777552771686,1.9138779722285306,1.9138779985263885,0.0,0.0
1.0,0.0043784966558437855,0.008734847344651481,0.010539607347703888,0.01116451628913891,0.011369649498147508,0.011435841566135516,0.011457079315433652,0.01146388037165266,0.011466056856600725,0.011466753214683486,0.011466975992620334,0.0114670806720645,0.0114670807842568,0.011467080784377045,0.01146708078437717,0.01146708078437717,0.01146708078437717,0.01146708078437717,0.01146708078437717,0.01146708078437717,0.01146708078437717,0.0,0.0
1.0,0.008512640237063211,0.014972753296089488,0.02108447013153127,0.026105926089856048,0.0298849660829301,0.03257464436359172,0.03442174787516052,0.03566143394752777,0.036481277995219906,0.037018365547304796,0.03736809193773205,0.03796262756050946,0.038005435331141486,0.03800849714150456,0.038008716051941394,0.03800873282225405,0.03800873290797992,0.038008732908418136,0.038008732908420384,0.038008732908420384,0.038008732908420384,0.0,0.0
1.0,0.00016815920350946988,7.552301922620776e-5,1.6830432974921812e-5,2.296081329286542e-8,1.439684129612549e-5,4.576143975529556e-5,8.29970515756485e-5,0.0001192959141501708,0.00015131012194091796,0.00017791020071585538,0.00019917857435168364,0.0002545018687050432,0.00026380407110172485,0.000265252793725106,0.0002654758665088502,0.00026551543019985477,0.0002655163650272297,0.00026551638712623177,0.00026551638764893415,0.00026551638766130446,0.00026551638766159774,0.0,0.0
1.0,0.14408511708562066,0.16215728397160822,0.1754967893893995,0.18545553874350088,0.19309274640160948,0.19914076992624716,0.20407784308700938,0.20820964653537616,0.21173202864082719,0.21477315518938161,0.217420058519333,0.2276781239209665,0.23229625184183827,0.2343141279177153,0.2351801175747165,0.23570655199010335,0.23580233467137723,0.23581994181580096,0.23582321480231205,0.2358238290732756,0.23582394525178751,0.0,0.0
1.0,1.1964477607433375,1.356652818607191,1.4278674337621517,1.4576229761778516,1.469738495539946,1.4746199008959742,1.4765783156869667,1.4773626919398664,1.4776766325597144,1.4778022505161532,1.4778525088779326,1.4778858865550448,1.4778860233943936,1.4778860239553895,1.4778860239576899,1.477886023957699,1.477886023957699,1.477886023957699,1.477886023957699,1.477886023957699,1.477886023957699,0.0,0.0
1.0,0.6512064835522324,0.6765378232669155,0.6867486510917298,0.6909875118059615,0.6928120348138606,0.6936247249290024,0.6939972717947344,0.6941718952180664,0.6942550863278582,0.6942951697637703,0.6943146300913648,0.694332987454591,0.694333244434494,0.6943332480429328,0.6943332480934807,0.6943332480941983,0.6943332480941983,0.6943332480941983,0.6943332480941983,0.6943332480941983,0.6943332480941983,0.0,0.0
1.0,0.005596400895022961,0.004390681391871426,0.003438049109019668,0.00274987851703753,0.0022675575623917936,0.0019325022522076235,0.0016997558630802484,0.0015374878894657735,0.0014238066744081714,0.0013437782483843434,0.001287199153693149,0.0011657438645036394,0.0011494719724536437,0.0011472570536580472,0.0011469547357927426,0.0011469078088388461,0.0011469069332567046,0.0011469069169181309,0.0011469069166132448,0.001146906916607555,0.0011469069166074489,0.0,0.0
1.0,0.6941465564610141,0.7514943768506895,0.7879480455061478,0.8127166505611864,0.8307837757483377,0.8447574794316303,0.8560278803446723,0.8653765400631779,0.8732774699945648,0.880042809748814,0.8858936682333898,0.9089606313798869,0.9213644065531374,0.928924067908106,0.9337511637495268,0.9388547910522486,0.9409331937357925,0.9417636379317366,0.9420922008049699,0.9422216427515625,0.9422725493482704,0.0,0.0
1.0,0.8920263940446549,1.0144722188262547,1.0713548531069514,1.0962587560903718,1.1068851054715012,1.1113700379727163,1.1132542556675025,1.1140443326462857,1.114375355215726,1.114513998685476,1.1145720590892774,1.1146136612230977,1.1146138854796879,1.1146138866885187,1.1146138866950348,1.1146138866950703,1.1146138866950703,1.1146138866950703,1.1146138866950703,1.1146138866950703,1.1146138866950703,0.0,0.0
1.0,0.5518555478172331,0.5770173320866547,0.5885144018007878,0.5937974128163539,0.5962585863691022,0.5974240437697135,0.5979849793796994,0.5982590050893056,0.5983946112561445,0.5984624472396648,0.5984966812541285,0.5985317188759736,0.5985323798501837,0.5985323928004529,0.598532393055838,0.598532393060979,0.5985323930609812,0.5985323930609812,0.5985323930609812,0.5985323930609812,0.5985323930609812,0.0,0.0
1.0,0.18085851760234467,0.18256527038742795,0.18237548941248805,0.1816526083738903,0.18083514035340753,0.1800788701132513,0.17943545824974436,0.17891291521757452,0.17850085895453854,0.17818238946273646,0.17793974665975468,0.17734661570559812,0.17725242186881698,0.17723836405229418,0.17723631119922392,0.17723597122562662,0.17723596417152349,0.17723596402563482,0.1772359640226196,0.1772359640225573,0.17723596402255598,0.0,0.0
1.0,2.202492314781684,2.3567024779672177,2.4460891665776967,2.501077242773791,2.5370508052929215,2.5618282494082805,2.579583350976077,2.592700951110657,2.6026397340829943,2.610343578357165,2.6164485176125947,2.6369411283053017,2.6475500370978935,2.6547477997700084,2.6598061921314278,2.665694146547255,2.668360635943131,2.6695288672111377,2.670033136230207,2.6702494049476644,2.6703419005372973,0.0,0.0
1.0,0.11230159464686881,0.07996622731863753,0.05515692685353668,0.037647954082755404,0.025782176855189753,0.017908180052064092,0.012730092258453526,0.009326320725200033,0.007075625672396261,0.005572046141062935,0.004554642494702555,0.0024851247784717315,0.0021930825242931504,0.0021457452383624783,0.0021378563176933396,0.0021363138712136276,0.00213627054154152,0.0021362693241464142,0.0021362692899421923,0.0021362692889811837,0.0021362692889541814,0.0,0.0
