231.0,-3.2866435559226628,4.996279038850734,0.21621249583974414,1.990179750925151,0.9998222146578133,-0.004639518359149553,-0.0813735913571459,-0.03338920420928328,0.9995763294599815,0.10263570424784932,0.0329047840663918,0.009952695407066408,0.8494932770874237
232.0,-3.2866435559226628,4.99703215777632,0.21643141237727614,1.9893040619969617,0.9998222032452178,-0.00407146298961823,-0.09286599777280218,-0.03314368273924838,0.9995762702563966,0.09474665948332507,0.03067922960368593,0.011659051652406527,0.849349913279605
233.0,-3.2924946940572344,4.997908672907732,0.2167192564376888,1.988733695254895,0.9998221953881334,-0.004201605099933174,-0.09682001105546476,-0.03294936630418095,0.9995762272904138,0.0878044905177938,0.03127721103278415,0.01111846800359563,0.8492428261966032
234.0,-3.29538918759534,4.9976168494447455,0.2166088123386988,1.9891233302821458,0.9998221996264485,-0.004676402326353005,-0.09574606708200237,-0.03381344376633419,0.9995762481511554,0.09118020339877188,0.03157804397359756,0.010809645564782673,0.8492451198614077
235.0,-3.295244691263375,4.997467107469289,0.21660954875779975,1.989176956003214,0.9998222019179668,-0.005375493935371116,-0.09282010253823984,-0.0339884119220243,0.9995762575047091,0.09423828484965639,0.03144922798867426,0.0104616483676731,0.849228578306912
236.0,-3.31324610569737,4.99652652901605,0.2163307801922508,1.9898203855042682,0.9998222104633556,-0.006322309589805008,-0.0862051276212232,-0.0345365857016576,0.9995763047193447,0.10251865098646176,0.031779735401411845,0.009652622454982353,0.8494302598833823
237.0,-3.319066072821556,4.9965527520371635,0.21633885756741114,1.9898642997543847,0.9998222108797676,-0.007057263187822238,-0.08571201299503627,-0.03476258274259392,0.9995763068961108,0.10227733270604099,0.032197005207115825,0.008632779309023881,0.8494263644405711
238.0,-3.3282822398287744,4.996471274780695,0.21632455543129042,1.989935304192485,0.9998222120516713,-0.007587493371292771,-0.08396426994151786,-0.034813508417780435,0.9995763133586122,0.10294569239350222,0.03259540260747388,0.007883137305393709,0.8494553166422694
239.0,-3.330180109283989,4.996615449740664,0.2164003863457357,1.9898736465066678,0.9998222114120121,-0.008333316882279382,-0.08565564354626802,-0.03524609458978826,0.9995763101630653,0.1025433583451666,0.03229361629646418,0.007523543077736539,0.8494313088629226
240.0,-3.3356069359734475,4.99657637369487,0.21637500758266448,1.9899212176375227,0.999822211906253,-0.008597996344328078,-0.08468683606613824,-0.03517083756547032,0.9995763126865085,0.10245515148291168,0.03259110774897015,0.00698117648404154,0.8494359148318906
241.0,-3.3342783677171237,4.996521700572749,0.21636098777341004,1.98996800842478,0.9998222126067957,-0.009113326461714274,-0.08424428981369379,-0.03548011972295954,0.9995763168841447,0.10262431014672457,0.03308191600935721,0.006199687157679816,0.8494549024621116
242.0,-3.3356069359734475,4.996680179274368,0.21647344778376856,1.9898935612296182,0.9998222122478617,-0.009776453850460255,-0.08534041465865565,-0.0361246076345822,0.9995763150543278,0.10249018386533376,0.03328897769008276,0.005897474899195325,0.8494467279427007
243.0,-3.333071028010293,4.996856860363687,0.21659955443235282,1.9898030211889068,0.9998222114586679,-0.009716430520120342,-0.08714880484501222,-0.03654977126635031,0.9995763107461728,0.10247149864746034,0.033344588778268694,0.00615499533099561,0.8494408896040173
244.0,-3.3344448633836548,4.996591212392357,0.21643358893274925,1.989917946221807,0.9998222126306433,-0.009834771899793475,-0.08469189433263458,-0.03604804260540264,0.9995763169635501,0.1028193216566986,0.033440314715729676,0.00558563871456825,0.8494576163080534
245.0,-3.3342783677171237,4.996534294787333,0.2164059779691733,1.9899253057163844,0.9998222127646923,-0.009711364743844271,-0.08407255874168437,-0.03585265457021423,0.9995763173384276,0.10299246559185697,0.033541918168417395,0.005350316624192284,0.849461720778786
246.0,-3.3332469277689567,4.996606361477235,0.2164783141268374,1.9898546362364955,0.99982221254287,-0.009925738605626785,-0.08402118003360845,-0.0359830369636311,0.9995763155504831,0.1031649400311185,0.033770127880206044,0.004954778808999542,0.8494586098760601
247.0,-3.332376027456605,4.996724881358784,0.21656662563684967,1.9898305446228142,0.9998222126466325,-0.010613619925481361,-0.0849190398187803,-0.03638067855295398,0.99957631696563,0.10311095371015033,0.033738342721422454,0.004779172402088965,0.8494632455637134
248.0,-3.332954904455048,4.996702314741705,0.21658339800405954,1.9897784550699533,0.999822212522343,-0.010460754402187298,-0.08428224426273452,-0.03615871363828054,0.9995763155117878,0.10338168580359333,0.0337875133266046,0.004567194014714637,0.8494611376296084
249.0,-3.3315628829881305,4.996810983926473,0.2166410063387576,1.9897755590614394,0.9998222125233571,-0.010729158543924582,-0.08503587946685187,-0.036216093905928066,0.9995763160545121,0.10330633021146274,0.03342820226330575,0.004681183062929561,0.8494567509934661
250.0,-3.3296639053117394,4.9969695704323485,0.2167871124665474,1.989683789134963,0.9998222124016591,-0.011216955096051959,-0.08562617829742174,-0.03667515096669022,0.999576315544213,0.10343485252511699,0.033670276537314414,0.004434088332847253,0.8494586996106521
251.0,-3.3291392057845233,4.996957516646832,0.21679079484785221,1.9896753689402997,0.9998222124467078,-0.011271325230300552,-0.08550805427339815,-0.036691547467102285,0.9995763157708515,0.10347908352274622,0.033748577243583516,0.004294553706643373,0.8494616634829031
252.0,-3.3251527365014586,4.996901055550354,0.21676519610852946,1.9896846851111611,0.9998222125752025,-0.01132128439366383,-0.08532053156815625,-0.03675345267030972,0.9995763165290212,0.10352318024831504,0.034004325460055745,0.004023848482682335,0.8494693627232375
253.0,-3.3238019068993303,4.996993834736607,0.21685977326272676,1.9896229807351427,0.9998222125435818,-0.011546318191881165,-0.08537342820891616,-0.03673643656500507,0.9995763164048681,0.10358279796733234,0.03396698882620465,0.003782752142830379,0.8494723735455545
254.0,-3.3254509674950357,4.996964530734915,0.21683376121364556,1.9896555380594954,0.9998222127169252,-0.011668586913642262,-0.0853156376381628,-0.03670713437253007,0.9995763176745174,0.10354099050161095,0.03396841307999406,0.003647199388590444,0.8494785505224207
255.0,-3.3282822398287744,4.99722297812746,0.21703622798885497,1.9895281741026491,0.9998222123879215,-0.011679131419648036,-0.08540155130092052,-0.036299854223362696,0.9995763154409825,0.10361160645135552,0.03334505269237341,0.0037739883914141964,0.849465067012471
256.0,-3.330180109283989,4.997296907026661,0.21710170822961847,1.9894886433193057,0.9998222123368707,-0.011686923165906844,-0.0853811284884193,-0.03614143746616761,0.9995763150926757,0.10366375815192687,0.03307703556294007,0.0038718860735197447,0.8494648161358593
257.0,-3.3296310886961686,4.997345918948238,0.2171325351170147,1.9894835647287172,0.9998222123653397,-0.011622310353911897,-0.08522934693882933,-0.03583191328568067,0.9995763152804658,0.10363922467807272,0.0328048901480758,0.003728583249737531,0.8494638201271894
258.0,-3.3275797624249446,4.9972486893095684,0.21707013123145347,1.9895331540528758,0.9998222124813334,-0.011545676729829627,-0.08578454497130857,-0.03595824532880664,0.9995763164584566,0.10377940315380574,0.03300741737475112,0.003427089970220506,0.8494788526708097
259.0,-3.3282822398287744,4.997256684531666,0.21709834579042522,1.9894905981992324,0.9998222125212644,-0.01170523699385611,-0.08501194888209905,-0.035814686633714135,0.9995763164063749,0.10350682275639014,0.033113634186715445,0.003249558339471405,0.8494757541877898
260.0,-3.324672551032685,4.997186371681279,0.21707853595970028,1.9894828113182408,0.9998222125509713,-0.011841309536761234,-0.08508575898660711,-0.036168302223765963,0.9995763167535405,0.10338336233151145,0.03377050193826336,0.002765307372778716,0.849488350418452
261.0,-3.3282822398287744,4.997183596769564,0.2170872114571102,1.989465036797493,0.9998222125031504,-0.011978025213838792,-0.08512205866905151,-0.036473574846655796,0.9995763164300366,0.10331545596222504,0.034088888432408614,0.00268405226756552,0.8494882436689883
262.0,-3.3282822398287744,4.997158511549491,0.21708759622791915,1.989462136169291,0.9998222126120557,-0.012089275511465363,-0.08478521636717465,-0.0362952230720009,0.9995763171928,0.10316670324935712,0.03417676022580877,0.002319275070670843,0.8494988139918429
263.0,-3.3282822398287744,4.997134482052227,0.21709021759489805,1.9894501412115013,0.9998222126299614,-0.01224426259091197,-0.08468668407873195,-0.03650328632767605,0.9995763173907488,0.10299520051480696,0.03463584936976157,0.0019235172476498449,0.8495075252225648
264.0,-3.3312669924950598,4.997228288065552,0.2171346376918324,1.9894389461235622,0.9998222125648328,-0.011971777740639695,-0.08465610816473802,-0.03584534886810104,0.9995763168070533,0.10321432167805789,0.03359379981224705,0.002488492019225894,0.8494943188988537
265.0,-3.336036618166278,4.997085078042858,0.21700233652168235,1.9895428698518842,0.9998222128727547,-0.012059241653022135,-0.08446122080076143,-0.03569835075468888,0.9995763189244651,0.10318538303589442,0.033423194734373045,0.00256798855341456,0.8495006635215414
266.0,-3.330180109283989,4.997216061592269,0.217180216909389,1.9893852870696906,0.9998222125782705,-0.012132535166150446,-0.08443844825311075,-0.03589789774232938,0.9995763170030605,0.103002672327015,0.0340068422802609,0.0018960317822272347,0.8495111045310406
267.0,-3.338786918135231,4.997025871296758,0.21700222573434816,1.9895152001348513,0.9998222129120782,-0.012249194104134779,-0.08428560949932411,-0.03590316604664522,0.9995763192124296,0.10301528174715295,0.03386690195842832,0.002206888110866125,0.849516074931415
268.0,-3.3401133596793797,4.997027616204317,0.21700716623223076,1.989510251528717,0.9998222129120993,-0.012299326955652898,-0.08423339955432509,-0.035931410872574204,0.9995763192171887,0.10296743634982818,0.033945129239530754,0.0021324206829262298,0.8495172334748209
269.0,-3.341929773185337,4.997093373334384,0.2170330175028638,1.9895125020066207,0.9998222128234089,-0.01196591389632434,-0.08460596349452032,-0.03543549012956392,0.9995763186641557,0.10328998236127004,0.03300864898052321,0.0027102268390421344,0.8495069228722671
270.0,-3.3442931097021433,4.997119579273493,0.2170577107419303,1.989495846985537,0.9998222127949457,-0.011959220976383512,-0.08459360136436067,-0.03536614623197025,0.999576318456239,0.10331541012242972,0.03283564162486559,0.0028655366680149525,0.8495066859133489
271.0,-3.345228901303428,4.99702193163086,0.21702738998784396,1.9894854891197367,0.9998222128753425,-0.012111311124240793,-0.08445281777575797,-0.03560484588574313,0.9995763189874649,0.10327927492807681,0.03340879619357612,0.0023772180363574335,0.8495204192450594
272.0,-3.3568227708072964,4.9970243919347235,0.21705491273897212,1.9894206611361607,0.9998222127491663,-0.012516278113000297,-0.08471394480028126,-0.03691003509228464,0.9995763178888024,0.10327230293463635,0.03442981030879099,0.0031562241738947094,0.8495137068732845
273.0,-3.36309144260074,4.996965514949718,0.21701093240538943,1.989436086738996,0.9998222127814924,-0.0124431313163091,-0.0846853604657462,-0.037043061273435644,0.9995763180403554,0.10330776005123025,0.03441957846967159,0.0036342309879635283,0.8495138811862151
274.0,-3.365688564562896,4.996936140695193,0.21700073820206825,1.9894411917551105,0.9998222128640981,-0.012615788520393328,-0.08437946681095124,-0.03706766887529611,0.9995763184929265,0.10332844525111926,0.03468653788560453,0.003191370834304592,0.8495226477702218
275.0,-3.3740543478519505,4.9967944555856585,0.21694536209444779,1.9894090534384579,0.9998222128881391,-0.012679828793210973,-0.08413843137852049,-0.03825051340778759,0.9995763182996165,0.10335426058960967,0.03614209705267031,0.003768549865679775,0.8495404910658921
276.0,-3.383347266547797,4.996785929910851,0.21692902904718386,1.9894299675647038,0.9998222129664598,-0.01288468632297154,-0.08381169912278062,-0.038036331840714345,0.9995763187979827,0.10330740485192262,0.03588809449186127,0.003716140894692464,0.849542824835591
277.0,-3.431012591124948,5.352020245526714,0.675861394136716,1.498186967319547,0.9998212944822487,-0.021184154956660508,-0.07625154620436357,-0.03757898062426526,0.9995697465856688,0.10170366795157022,0.03822829000953833,0.010647707011500284,0.8486506448931168
278.0,-3.467485605952136,5.365220400938645,0.6943599628076459,1.4654751725892854,0.9998213470156934,-0.021835100885669124,-0.07326437736289038,-0.03605106505874773,0.999570244057806,0.09786750155803482,0.03536568520666549,0.012892434548167494,0.8567290756282364
279.0,-3.4361999538247052,4.996790179868976,0.21704754290380898,1.9891784998174498,0.9998222131474679,-0.012305537185263716,-0.08219244374785563,-0.03968678990323719,0.9995763187568012,0.10371955885308425,0.037760225343193836,0.007424900246625005,0.8495666351299447
280.0,-3.4362879052645448,4.9967607875230025,0.21699388473288458,1.9892459435783243,0.9998222128638969,-0.012699218646370757,-0.0838870261497306,-0.03957987870286095,0.9995763177928445,0.10328093165514715,0.0365416849699949,0.007511918045076212,0.8495309369860775
281.0,-3.4702975407641996,5.395356537093876,0.703291211704848,1.4828937798028843,0.9998213352746999,-0.023368926753705183,-0.07971572261302572,-0.038384960080406316,0.9995700171774344,0.10302458638079628,0.03909680100437001,0.011071774504253127,0.8402425221772607
282.0,-3.469846045281178,5.385675610532544,0.6946415328548203,1.4945377406931941,0.9998213210115063,-0.02321331872153904,-0.08159792830343036,-0.03861001107616862,0.9995698790617535,0.10237932786819906,0.03946451541588792,0.010747182051206158,0.8403601523666033
283.0,-3.4437450690818916,5.001008739017722,0.22255926534485412,1.9833676316206477,0.9998222032117985,-0.013928319344723753,-0.08428790090290772,-0.041004078976121405,0.999576246715915,0.1088130490392914,0.0358759107042835,0.008163095845194653,0.8495092901688632
284.0,-3.4907844721002044,5.397818358313583,0.7173460072454994,1.4577865707806146,0.9998212874994594,-0.024422963190378157,-0.06955781510149533,-0.037815745126721284,0.9995695843342811,0.10801455987318608,0.03946739379948033,0.010419193258114648,0.8377018963497493
285.0,-3.48943122218858,5.344663995790599,0.6801580804598887,1.4547649040604347,0.9998213143079551,-0.02184925088235138,-0.07655714586235367,-0.036881905702654864,0.9995698667902178,0.10178712058925475,0.0382386111247732,0.012282322805601707,0.8404733428781193
286.0,-3.5100128325810562,5.295705211976656,0.661390772855565,1.4437098320118702,0.9998212350428135,-0.020518025267842185,-0.07407433158954659,-0.03442389867945816,0.999569847868611,0.09401204531146515,0.03357027006680365,0.015452839348272011,0.8520084180332219
287.0,-3.523606378295828,5.419048013277288,0.7518655184056724,1.3761527433491778,0.9998213171561003,-0.02328443540800865,-0.06500236618110432,-0.03450365160644597,0.9995700840830328,0.10309034106335682,0.03745796965834223,0.0136877016363921,0.8452370876728879
288.0,-3.529470510846769,5.434048269031649,0.7620960326398672,1.3712382866425663,0.9998213450023932,-0.023767184019726977,-0.057566152484958895,-0.03456096214874469,0.999570010781025,0.10768694354137426,0.04058209295708624,0.011164987003349443,0.8408833067262105
289.0,-3.5315058420437166,5.45835910530523,0.770264673607493,1.3710857936589234,0.99982134093647,-0.023688423206310708,-0.06591742319782709,-0.03448576741788789,0.9995703356511716,0.10332633820697314,0.038297874271756814,0.012932462325735496,0.8461289143464901
290.0,-3.5341327080334914,5.4557483811696335,0.7606852570615182,1.3934839368402774,0.9998213474742732,-0.024258454822530105,-0.06601829373316237,-0.03520221392374798,0.9995703898987995,0.10405700919639117,0.03849947617327394,0.012440195637606705,0.8460520188467038
291.0,-3.5377036493682636,5.47605665616158,0.7704908796403901,1.3886015531093387,0.9998213645590281,-0.024939159140227523,-0.060795984884939556,-0.03502482616586368,0.9995703295000629,0.10817005493889492,0.04055918128494038,0.010203453038945704,0.8429468286028734
292.0,-3.5502462120325227,5.4673309039426226,0.7663819855762942,1.3828548486803132,0.9998213448341695,-0.024365834882775255,-0.06562941391062638,-0.03448893744632931,0.9995704108507732,0.10364740887257369,0.03807772294636826,0.012553374975858813,0.8470757448594917
293.0,-3.559113841187341,5.48180694441228,0.7723276357842068,1.3724070024538235,0.9998213955973927,-0.025276683869457882,-0.06283236723029528,-0.03419893127616557,0.9995708929363283,0.10267939990524871,0.036395549047400076,0.013943220953337077,0.8495457316875614
294.0,-3.5481544635524758,5.444430379378126,0.7490025154590386,1.4068321657149712,0.9998213445394966,-0.024508321318020155,-0.06689758568362283,-0.03492067180024629,0.9995705500061403,0.10235784972999008,0.03681087421832976,0.01338185311092282,0.8490052182819763
295.0,-3.5406893960143098,5.44763292890346,0.7486635897622602,1.4084974334576272,0.9998213510778631,-0.024277240504714716,-0.06644471368144303,-0.035212049213220596,0.9995705450696264,0.10462344108281986,0.03754414994261921,0.012519066424331659,0.8478390478451223
296.0,-3.5378252991433277,5.4520279075332025,0.7493552308359498,1.405679826582923,0.9998213530537248,-0.02423812200103834,-0.0657552374253269,-0.03523123307054791,0.999570541146189,0.1056216299033093,0.03772823370922293,0.012517687948694813,0.8473660833117382
297.0,-3.534565083852132,5.460777732942849,0.7571770792577102,1.400507683528503,0.9998213376979563,-0.02436192353896059,-0.06503218084543368,-0.03522885446546731,0.9995703730826049,0.10670632093989368,0.03846635121672883,0.011839189014088841,0.8460871698348871
298.0,-3.5276260152265735,5.461200317316363,0.757390401405138,1.3993065535704576,0.9998213317968236,-0.02410026800191431,-0.06513356504061386,-0.03533098275426997,0.9995703865157115,0.10635294422796052,0.038370809232448296,0.01202525815287747,0.8470046403381384
299.0,-3.5089648647541414,5.005824740122522,0.2282547182971855,1.9770502076085823,0.9998221977854811,-0.015392865258649071,-0.06361588031664778,-0.04049479166546651,0.9995762000916713,0.12768341279126394,0.03690903586649097,0.007777255535249168,0.84997974637706
300.0,-3.5384930034934947,5.439224984096702,0.7423105462478818,1.4133283331706008,0.9998212803656505,-0.025030343115431782,-0.062110769509269144,-0.03583782102101515,0.9995701271434527,0.1093432588939075,0.03662938539816056,0.01327952669050355,0.8473110532725427
301.0,-3.518300199075239,5.003638356277906,0.22530697917321502,1.9800874340784755,0.9998222030104809,-0.015545493215185354,-0.062381321619027486,-0.03976062678204826,0.9995762351004289,0.12606638778176213,0.035846073283943264,0.008316935156200947,0.8498642853960963
302.0,-3.5276260152265735,5.448071815104418,0.7274910481270039,1.4330476997679007,0.999821320576981,-0.024439536603146156,-0.062381618272617005,-0.036131915777198834,0.9995703436249805,0.11145765874338098,0.03859404095994097,0.011093128014495626,0.8450046235791286
303.0,-3.520670424157845,5.4383558281754425,0.7235712994690565,1.4400451508956693,0.9998212793835646,-0.024262408663524616,-0.0643634114069849,-0.03669481267968362,0.9995700792467674,0.11357627460237758,0.037903238731066526,0.011678383608544422,0.8446581721634434
304.0,-3.5197801011362086,5.436762639403849,0.7161578248532932,1.4581882721537147,0.9998212704357301,-0.02415662460536502,-0.0646066867034049,-0.03727379291897986,0.9995699616485272,0.1157787524202434,0.03898580858404126,0.010605931687896916,0.8436464668140002
305.0,-3.502569638585029,5.004781445915158,0.22768790769563163,1.9784898989157085,0.9998221918431325,-0.01542091624926582,-0.0652485914975933,-0.04079044715705394,0.9995761667247942,0.12889333807810682,0.03680023022325409,0.0069959760556823035,0.8503381435766475
306.0,-3.504283937418789,5.002841214091846,0.2243246932376556,1.9816906997086956,0.9998222040249563,-0.015940287467519285,-0.060153292413393816,-0.04085576910785301,0.9995762355839235,0.1323976026414237,0.037521991412133235,0.005943817816707016,0.8499673228747808
307.0,-3.50755295141917,5.002896933672981,0.22441140573936827,1.9816568755477797,0.9998222042226261,-0.016293416483769255,-0.05844641592855703,-0.04123233368453946,0.999576235960733,0.1347646709567184,0.037787227524044786,0.005602640894704243,0.8500514961873149
308.0,-3.503186721621102,5.005587615718006,0.22715757485645743,1.9790869838317138,0.9998222003183153,-0.01681307924270789,-0.05573379549911082,-0.041508466796976756,0.9995762049280204,0.13597855086326383,0.03944702837947978,0.003600934022621662,0.8500120883960991
309.0,-3.5001916553695795,5.005535156042011,0.22719893390066814,1.9790712984052878,0.9998222001990036,-0.016929086605185144,-0.05526034982228026,-0.04183488250850107,0.9995762054031736,0.1376490604253343,0.0393223979546659,0.003757925828729155,0.8501226800036821
310.0,-3.5321938284167858,5.477355517680695,0.7213016215137514,1.4851591954993066,0.999821318378527,-0.026484977291867547,-0.05148341592911558,-0.037846610500737926,0.999570191875002,0.12336584255157386,0.04059470350162721,0.007339723719150193,0.8483714391737505
311.0,-3.532857621497929,5.002809796117337,0.22389555113377763,1.9823626814015047,0.999822206346014,-0.017924405984850275,-0.0515528051628586,-0.04092834427483785,0.9995762482291075,0.13671406042509487,0.03815083759527672,0.004052376600032635,0.8501859264184919
312.0,-3.5289180158039093,5.001441693549089,0.22272622212324575,1.983482381329935,0.9998222069358937,-0.01736338368805058,-0.0559006890628352,-0.04096312529913596,0.9995762557520433,0.13656654377453215,0.036725395329892725,0.005441377254546033,0.8502108531468215
313.0,-3.539553673960657,5.004848987615637,0.22535254166825755,1.9805975139066279,0.9998222050256234,-0.018163064271500114,-0.05276346530141021,-0.040437732559386194,0.9995762418893197,0.13551778758455,0.03646966506607436,0.005510480977432062,0.8501132628157497
314.0,-3.5289746430737994,5.000452060226694,0.2216870191101323,1.9845857852182014,0.9998222083430293,-0.01758530858847911,-0.055579864262772956,-0.040851928840062245,0.9995762662829739,0.13513668470603543,0.036872227699543625,0.004981496515227852,0.850227552496158
315.0,-3.5297166538453753,4.999995785811204,0.22121700168911201,1.9850721666050084,0.9998222089555531,-0.017667028945013562,-0.05625459096112793,-0.040723376104344365,0.9995762708159426,0.13432654363963592,0.036916568066066885,0.004650490740325332,0.8502078412676333
316.0,-3.5235668323127904,5.00096902167862,0.22233713923809417,1.9839450373561272,0.9998222071457257,-0.017568827359388268,-0.05537302902637244,-0.041443850979009135,0.9995762568691708,0.13942960478201954,0.03669790809420097,0.005142144732781047,0.8503046240204786
317.0,-3.5401984890135747,5.002367033252141,0.22364379460119166,1.9827438761889522,0.9998222051181735,-0.01815625473090525,-0.05239872238202911,-0.04129008946767478,0.9995762411927493,0.14061294862130164,0.03714884914656297,0.004380791278386449,0.8503361989971805
318.0,-3.5330495810060087,5.000996203045299,0.22227764380327297,1.9840925849889879,0.999822207655799,-0.01811472268995899,-0.052996368530730587,-0.04161731727917077,0.9995762588968993,0.1415393593663215,0.036966681126104545,0.004601617364282437,0.850379338620119
319.0,-3.535213164997026,5.001363047852565,0.22244507980339276,1.9840977294542872,0.9998222080752659,-0.0187928050476051,-0.04975112545975258,-0.041891833205810525,0.9995762593071114,0.14360663078598956,0.038060985485438,0.003115365547067437,0.8504429042865238
320.0,-3.54163404744292,5.00166630757481,0.22267053351357693,1.9839768884385658,0.9998222086272561,-0.019265756750897943,-0.04750654589105841,-0.04198582082844083,0.9995762616289492,0.1433202805363637,0.03970247000712926,0.001390529805753278,0.8504544596439265
321.0,-3.5406976709789495,5.001894942651296,0.22281718293669575,1.9839480940505518,0.9998222087009623,-0.019659398919795644,-0.04635690090701752,-0.04188345543308661,0.9995762606670238,0.14253483908212758,0.04056448408272319,0.00011543551733221536,0.8504172816240818
322.0,-3.5457442771648435,5.001707025080965,0.2226840426299687,1.9840313984942413,0.9998222088504904,-0.01972227668277495,-0.046248534600164586,-0.041977947340531806,0.999576263093167,0.14335589443505842,0.04018528303420291,0.000543025559173934,0.8504728753681643
323.0,-3.5464662019983946,5.002038379133244,0.22303332752570326,1.9837366538592458,0.9998222084731008,-0.020006686459301454,-0.04526616406373962,-0.042158181405754766,0.9995762599083422,0.14429916555221997,0.04038494358916069,0.0002515316951995882,0.8505061961653468
324.0,-3.5532952375491726,5.00180090592053,0.22282929574771212,1.983949551381627,0.9998222091130182,-0.02035426106395116,-0.043690922310943986,-0.04216893471282056,0.9995762630086462,0.14468624237843683,0.040812547808054045,-0.0003183176902575905,0.8505237722494625
325.0,-3.556323604249448,5.001738399074909,0.22281954731941836,1.9839416523574218,0.9998222094735687,-0.020793234608996174,-0.04146519750340646,-0.04219340094824873,0.9995762646490707,0.14570328237888425,0.04091924606886399,-0.0006145243846177833,0.8505703168319496
326.0,-3.5664673897201005,5.0018323112722785,0.22283902331115799,1.9839650195292418,0.9998222094253542,-0.02094237821321345,-0.04198217508698187,-0.042125282683896655,0.9995762652632465,0.145689526867501,0.0406026263104976,-0.0004168137446797382,0.8505802467088903
327.0,-3.5794747043175508,5.003921903838485,0.22376854634672352,1.9830639712298206,0.9998222090644715,-0.021325378874800592,-0.04168748631683456,-0.04104448930952172,0.9995762649835769,0.14164036745826258,0.04015994592500071,-0.00041460379411928594,0.8504214217451567
328.0,-3.575129294927187,5.00177321378486,0.2227464886213552,1.984071176980878,0.9998222098237133,-0.021502987711226672,-0.04041619150489749,-0.042058939441435086,0.9995762679760056,0.1464560744589027,0.04058561883954988,-0.0007186078671330797,0.8506335995037362
329.0,-3.5764412743533667,5.001734566145167,0.22277013832334794,1.984065659415493,0.999822210294395,-0.02178387898243373,-0.03828478141678171,-0.04219565722622679,0.999576268771091,0.14676781495823182,0.041507893958741444,-0.0017206658815803503,0.850628337231446
330.0,-3.571294900177695,5.003991150103989,0.22493421913126557,1.982179346109271,0.999822206836251,-0.021718609011604887,-0.03829865516382384,-0.04195775668592619,0.999576246820858,0.14611298279863988,0.04099248397757114,-0.00137339041856168,0.8506572866081676
331.0,-3.6004845244754446,5.00360772037114,0.2236581197379632,1.9831484991765864,0.9998222102568444,-0.02259849881672643,-0.03450355536584101,-0.04102711854777516,0.999576268870225,0.1435570491410579,0.04163003868288383,-0.002412117698925815,0.850505538018842
332.0,-3.600828136140007,5.007334563848863,0.22842646855858273,1.9790550399323434,0.9998222016161671,-0.02237178655362012,-0.035306667679861535,-0.04141220213945993,0.9995762122280798,0.1463179516021042,0.040963452608308124,-0.001545143804023885,0.8507704847852708
333.0,-3.59990801954543,5.001836962612493,0.2230571631874563,1.983758467441422,0.9998222101085039,-0.02268107706267641,-0.03516299856479788,-0.04227433972405631,0.9995762682256513,0.14915044142235995,0.04114943301676598,-0.0015965532190184335,0.8507649781983329
334.0,-3.6067169042374267,5.00164311581511,0.22278994759916024,1.984004752905925,0.9998222105780012,-0.02269777442268035,-0.03510515137166929,-0.04221660560270812,0.9995762716965675,0.1490629613232341,0.04113262317189964,-0.0016779063188001088,0.850765508010225
335.0,-3.611926764517137,5.00157946615132,0.222775025076657,1.9839989347320355,0.9998222107885661,-0.02289481366773261,-0.0337491974324814,-0.04219947049777491,0.9995762724639523,0.14967219830826722,0.04117482511434396,-0.0017727086924742002,0.85078955437273
336.0,-3.617692105035378,5.003088551607524,0.22541069445232526,1.9816594905462166,0.9998222040893068,-0.02314701859875566,-0.03420740957273342,-0.04229290575891754,0.9995762350396515,0.15023080072044753,0.04056388480694341,-0.001022650006797475,0.8512520545947004
337.0,-3.6242930788338676,5.001473645117937,0.22262404826167997,1.984106987445879,0.9998222108974104,-0.022990960047873692,-0.03404979235977026,-0.042048233888632734,0.9995762754683108,0.14981293128606554,0.04042790761431632,-0.0010525983119105743,0.8508316111436458
338.0,-3.627783987021009,5.001468576334317,0.22264976921543025,1.984088850781753,0.9998222110936876,-0.02331622453865782,-0.03259465278746968,-0.042135405612414065,0.9995762761358087,0.15059855764252508,0.04066564037563902,-0.0014097520386355954,0.8508687382533664
339.0,-3.6419499113064795,5.003838386491786,0.2238907618992418,1.9829240342514727,0.9998222104158769,-0.02378534190464422,-0.030455360424509925,-0.04078070486809014,0.9995762732467948,0.1454738474740085,0.04089505574271442,-0.002185746515236973,0.8507501116092411
340.0,-3.634591773163624,5.003330361558505,0.22466249763102975,1.9823251596301914,0.9998222081277857,-0.02371842742622587,-0.03185147149268261,-0.04232980176151684,0.9995762573891043,0.15151665057460448,0.04095618030647134,-0.0017029955244734771,0.85099073748627
341.0,-3.6554669761724283,5.003453363401572,0.22482366352380911,1.9821996570543554,0.9998222072927816,-0.023875244859666758,-0.03132576533389944,-0.041621768176998905,0.9995762550118523,0.14950714411867438,0.04031182668754498,-0.001473888192608252,0.8510633254515161
342.0,-3.6530304380240914,5.001493038190734,0.22225789696247067,1.9844387523728715,0.9998222116703712,-0.023905266446399554,-0.03244750554459207,-0.04133479129816422,0.9995762828524801,0.1480313461689302,0.03964887632213073,-0.0008565949717364091,0.8508379784224549
343.0,-3.6423864203049963,5.00165497543066,0.22273556947306797,1.9840046581857842,0.9998222107188275,-0.023609118268298257,-0.03397705071501114,-0.04219120620975961,0.9995762777691135,0.15105990979905792,0.039534730690409234,-0.0003283836559561472,0.8509582735880141
344.0,-3.6530304380240914,5.001469500818434,0.22225013512808214,1.9844440006362576,0.99982221154608,-0.023870881045078212,-0.032998460893885126,-0.041319582655329014,0.9995762833280994,0.1479253057854175,0.03903732748112462,-0.00017795101022872458,0.8508568948249962
345.0,-3.641841088078506,5.0012855302103745,0.2223721878935712,1.9843241561043532,0.999822211242466,-0.023640238699485918,-0.03369048074461386,-0.04225834756998942,0.99957628082488,0.15191456537975714,0.03933503170348575,-0.00017638303137676244,0.8509652903594285
346.0,-3.643301911466973,5.001494167499636,0.22258310351436425,1.9841531038594142,0.9998222110154666,-0.023867869944279974,-0.03298697654372324,-0.04239844029450378,0.9995762791885929,0.15263535345357088,0.03948521768903221,-0.00041767516385521054,0.8510008509219231
347.0,-3.6447498104459095,5.00146414400907,0.22260751938624593,1.9841450644061358,0.9998222109787125,-0.02398203384197879,-0.03304085998206549,-0.042528614592361846,0.9995762796837546,0.1532344584439431,0.03922795224791898,-0.00016659764596673707,0.8510416135743673
348.0,-3.6409821194465186,5.001254898432002,0.22246520553326019,1.9842107741652284,0.9998222108852886,-0.02385167164363206,-0.03382708137314381,-0.042505111853701344,0.9995762796600987,0.153076632811833,0.03861037355331993,0.00045337136269401197,0.8510325815809225
349.0,-3.640605658553423,5.0012706401477045,0.22236043609365594,1.9843442951352954,0.999822211218409,-0.023916258406730978,-0.03311304997617754,-0.04250220498340776,0.9995762805894302,0.1535184070882345,0.03918906946185047,-0.0002925617373769356,0.8510221951610266
350.0,-3.627517619767991,5.0032816900223365,0.22469688076100072,1.9823449621528404,0.9998222070285969,-0.02417783985550092,-0.03179568154647852,-0.042482809760080745,0.9995762563393289,0.15270920631266177,0.03929576173702074,-0.0003448952411523638,0.8512260815376991
351.0,-3.6387988144322296,5.4973523288916875,0.7057090363597642,1.5633474877820281,0.9998214239358902,-0.030181638788672843,-0.03864094850280444,-0.03555792627483998,0.9995716238069567,0.11945369676983235,0.034602136887427935,0.005697400924629925,0.8730628230298765
352.0,-3.6208481581195566,5.003079433105096,0.2245066585892708,1.9825175809869335,0.9998222071510408,-0.024008795145912757,-0.03250718661893902,-0.042506872399901786,0.9995762571236222,0.15244576280938626,0.03929067632918466,-0.0003202133662946008,0.8512045651265656
353.0,-3.6291093902673737,5.002180043379795,0.22335368241573028,1.9835226670733725,0.9998222095023328,-0.023919781912016398,-0.03282785095156051,-0.042806967730360405,0.9995762693028154,0.15503892362617328,0.039238286853364716,-0.0003277194593975828,0.8511004197731624
354.0,-3.627783987021009,5.001011195942741,0.22224733581749156,1.984480758351291,0.999822211268119,-0.02376882573194332,-0.0333805663431374,-0.04271062531412251,0.9995762803571109,0.15418455720012444,0.03938308370985761,-0.0004908519985331157,0.8510281555315415
355.0,-3.6229743595439183,5.0013851117598005,0.2225215205068128,1.9842659914078962,0.9998222107640213,-0.02364085371644409,-0.034270434288367665,-0.042761698275369915,0.9995762777465358,0.1536525460166301,0.03940696281097491,-0.00043353969408962034,0.8510310986776719
356.0,-3.626482212287499,5.001065144995032,0.2219295186967487,1.9847162632949327,0.9998222119912763,-0.023968188456250535,-0.030968682465919654,-0.041797872379727784,0.9995762831125214,0.15157676900113248,0.03946657810863975,-0.0009877845899906486,0.8509163878412693
357.0,-3.6267962650361487,5.001222288232344,0.22209621567358165,1.9845960404645457,0.9998222116126825,-0.023819674682352836,-0.03195510077738788,-0.04169994547586754,0.9995762820975451,0.15070352465378345,0.03940048689933103,-0.000858526810083649,0.850924746826784
358.0,-3.616079927289193,5.000875701618033,0.22214835585528014,1.984557088904778,0.99982221122824,-0.023344536582795474,-0.03303889900899288,-0.04257781713562554,0.9995762788198825,0.15467412603715358,0.03939062244893204,-0.000552119779885536,0.8510208705810884
359.0,-3.6143839539143086,5.000803393812949,0.2220705930693701,1.984600069546561,0.9998222113915174,-0.02338219861080873,-0.0319482148309454,-0.042559331275389085,0.9995762783513924,0.15562820441208858,0.0393901110215929,-0.0006358133440724397,0.8510200964310157
360.0,-3.6146098399455147,5.00078976838758,0.22203790860369294,1.9846617356182117,0.9998222114145745,-0.023286598417217887,-0.03285565438983469,-0.04240538620566506,0.9995762784493223,0.15408725193940676,0.03958917522619618,-0.0008453281770941108,0.8509828123740106
361.0,-3.624931683913264,5.0015858496873,0.223282377756544,1.9834623532195435,0.9998222086572612,-0.0233088239477863,-0.026991745878786565,-0.04166938483808884,0.9995762551931318,0.15674316277817477,0.03901851454591969,-0.0009158715107895805,0.8510983731790802
362.0,-3.600434114604133,5.002333137194506,0.22383821939033424,1.9830058119408196,0.9998222073693015,-0.023056571829686505,-0.02995884328478336,-0.04188757789850326,0.9995762508028914,0.1547417062811312,0.03912030788419914,-0.0006066404107411866,0.8511177591740344
363.0,-3.6131437848267294,4.999900343252057,0.2213392770228184,1.985159107449817,0.9998222121509395,-0.0227958047627618,-0.029596633568430463,-0.04181478435462618,0.9995762797906396,0.15652982228776502,0.03892519335237755,-0.0006033690847786963,0.8509675350063797
364.0,-3.6131437848267294,4.999737110267241,0.22118164013308966,1.9852796344694603,0.9998222121685338,-0.02253058109202394,-0.030095469361482097,-0.041623887265354376,0.9995762811120463,0.15587618154426336,0.038824659833093925,-0.0004965306194642678,0.8509674959413005
365.0,-3.6123794688039697,4.999708456742393,0.22117924226991922,1.9852727723364945,0.9998222121048792,-0.022472371699764855,-0.03026750852325559,-0.04164771159738917,0.9995762813005964,0.15595725807262034,0.03878063797771903,-0.0004190031172602539,0.8509757701583514
366.0,-3.609064997911119,4.999823631662614,0.2212354500879279,1.98523343567299,0.9998222118819424,-0.022375734070488484,-0.031110551917177563,-0.0413980841069929,0.999576281715369,0.1545115586039197,0.03865921620921211,-0.00029033323966635055,0.850961503464664
367.0,-3.609064997911119,4.999621910067213,0.22102444422893694,1.9854070628851996,0.9998222123330509,-0.022374423397391967,-0.03006770693804383,-0.041353753212977566,0.9995762827557673,0.15503588632230172,0.03877406980072955,-0.0004917837771164958,0.8509388678060097
368.0,-3.609064997911119,4.99968804506974,0.22107512461436415,1.9853680223207801,0.9998222121449494,-0.022396468062652625,-0.030890613523713348,-0.04131649134716632,0.9995762821553855,0.15423504552049208,0.03889194659923237,-0.0006048306909904493,0.8509255455508093
369.0,-3.609064997911119,4.999311660457105,0.2208678996728534,1.9855125318277633,0.9998222124691742,-0.02215275378558129,-0.02849922029317067,-0.04101979822549516,0.9995762823065422,0.15573258472210436,0.03856338620416929,-0.00047575514337151633,0.8509412202324733
370.0,-3.609064997911119,4.9993465422928445,0.22079405330397486,1.9855940597019845,0.9998222125971712,-0.022250148372024936,-0.029523411599969695,-0.041054658352312846,0.9995762839454712,0.15480334706142315,0.03870333679619795,-0.0006164697729143713,0.8509198006691641
371.0,-3.609064997911119,4.999581928651758,0.22095167014633663,1.9854829462035173,0.9998222123502607,-0.022305595284047245,-0.03117387865844506,-0.041127529302272196,0.999576282968716,0.15353178935459735,0.038974514660117345,-0.0007673084544177608,0.8508888865333715
372.0,-3.609064997911119,4.999902311487666,0.22124253182788414,1.9852327862977852,0.999822212045494,-0.022393218919139854,-0.031032937134029184,-0.04139364482024067,0.9995762807512789,0.1542248150990252,0.03889941967226136,-0.0005558168885615624,0.8509067168902913
373.0,-3.611926764517137,4.9991360629780175,0.2208596665453916,1.9855037881131907,0.9998222126075302,-0.022321233420417065,-0.027366671316725658,-0.04127696409809288,0.9995762807043691,0.15770336194147014,0.038451007273455094,-0.0004173168197046841,0.8509294671565599
374.0,-3.6104663409418696,4.9990014550414745,0.2207669762863721,1.9855678873734313,0.9998222128800911,-0.022382033105709027,-0.02565592625186755,-0.04099190448762136,0.9995762809764559,0.1574709091768445,0.03845706868059909,-0.0005494215868776024,0.8509024870401851
375.0,-3.611208116458394,4.998765261544461,0.2206432303536741,1.9856501019904889,0.9998222127531298,-0.022078716497327767,-0.025891398214037447,-0.04100622517287709,0.999576280502321,0.15807820235054143,0.03836338809675354,-0.00043555838133903094,0.8509336545422863
376.0,-3.6104663409418696,4.998687105905691,0.22049871819429193,1.9857742081860856,0.999822212941684,-0.02196151154529854,-0.025846780639781863,-0.040699957161453665,0.9995762822196346,0.15697296267574531,0.03831219304868894,-0.00043999261759964075,0.8509027882125577
377.0,-3.6119807994200412,4.999074371591597,0.22099156131934106,1.9853372765947703,0.9998222120935156,-0.02216247354795493,-0.02609612386861954,-0.04106730305574261,0.9995762762219471,0.15804122305625198,0.03834499999967737,-0.0003886090549555824,0.850938526389964
378.0,-3.6131437848267294,4.998051107202737,0.2202371737434537,1.985962391807901,0.9998222133624972,-0.021840241154578912,-0.022642375659442156,-0.04062005634019768,0.9995762816758105,0.15953350785660692,0.03804841369921167,-0.0003672205428193814,0.8509319356697445
379.0,-3.613207263551728,4.998033512439958,0.22023083190862167,1.9859672325469766,0.9998222134354657,-0.021880654917709543,-0.022451154780910258,-0.04062470280854504,0.9995762818138445,0.1595874898776154,0.03807792993924058,-0.000410419758794067,0.8509277976789704
380.0,-3.6134291359222717,4.998130723558305,0.22019934254102258,1.9860082721008638,0.9998222134180699,-0.021808658003039542,-0.023761541394867382,-0.04059999467766938,0.9995762827630785,0.15864421822620228,0.038177654620432065,-0.0004798008822852965,0.8509115743289164
381.0,-3.613207263551728,4.997920392218579,0.22011596049045346,1.98606254582362,0.9998222133980996,-0.021598198755340574,-0.023317878763663882,-0.04047233720481412,0.9995762826288173,0.15899989556805724,0.038005477767115145,-0.00035325283080717254,0.8509203698951358
382.0,-3.6134291359222717,4.997984500794032,0.22012284028742474,1.9860564167101062,0.9998222131365122,-0.021407011089001046,-0.024721807933796938,-0.040425525710790416,0.9995762828684167,0.15814793016429263,0.03801373552212847,-0.0003001055878655689,0.850918530841031
383.0,-3.6139437449558933,4.998438355538097,0.22026049587714772,1.985970055930105,0.9998222128316205,-0.021397233959818247,-0.0282528502161643,-0.040369759492425335,0.9995762851850203,0.15521723044794616,0.03814400750510007,-0.00025026458532881514,0.8508803303421979
384.0,-3.6139437449558933,4.998432540665372,0.22025602359533983,1.9859736460686537,0.9998222128244536,-0.021381835288237543,-0.028447289509661938,-0.04037340802276754,0.9995762853973025,0.15510504578391104,0.03814910964036397,-0.00024204640543892827,0.8508774799710639
385.0,-3.6139437449558933,4.998333400259005,0.22016579498435834,1.9860442702673895,0.9998222128859289,-0.021251910114092665,-0.028218362982485104,-0.040235652249859546,0.9995762857637054,0.1549913989631257,0.038108158929195925,-0.00025658848237537156,0.8508762629020397
386.0,-3.6129103606745243,4.998337073365671,0.22017463566099396,1.9860374636021678,0.9998222128957432,-0.021271085027706776,-0.02807285013045946,-0.04022392090966649,0.9995762852138637,0.15509233094351502,0.038123348675162275,-0.00030519554075617895,0.8508706872888254
387.0,-3.6139437449558933,4.998387942338447,0.22027108496426984,1.985949340916824,0.9998222129677456,-0.021546568181225422,-0.02751305835291571,-0.04045672368822154,0.9995762849048828,0.1559200443300726,0.03814564736905178,-0.0002675318701320524,0.850861238455485
388.0,-3.6147776277530337,4.998319856782233,0.22023513609280673,1.9859722399018966,0.9998222131033467,-0.02160321352199119,-0.02655327035986245,-0.04040945494248224,0.9995762847681329,0.1563957153282602,0.038131802845730686,-0.00032960325344667796,0.8508587284373479
389.0,-3.6147776277530337,4.998315224133549,0.2202841849299979,1.9859228091745544,0.9998222132231076,-0.02182478862129548,-0.025705897646333357,-0.040540443331962654,0.999576284661756,0.15708100359682206,0.03817726113779946,-0.0003832656505834813,0.8508583950126947
390.0,-3.6147776277530337,4.998409491724199,0.22037155595351196,1.9858509942415292,0.999822213114826,-0.021885102601054706,-0.026096851763870423,-0.04059095244047754,0.9995762842221678,0.15689734969364985,0.038207467180003694,-0.0003949896557299378,0.850854938802732
391.0,-3.6147776277530337,4.99830560513616,0.22032572218357627,1.985876030849331,0.9998222131815131,-0.021871602435300144,-0.02568885505190309,-0.0405880581994414,0.9995762846516352,0.15732916799081548,0.038127305233295904,-0.000322131689572582,0.8508619954076824
392.0,-3.6147776277530337,4.998246007904698,0.22032714713029855,1.9858632841589576,0.9998222132064185,-0.021944608429044114,-0.024569050269221397,-0.04059439538860648,0.9995762836997524,0.15800526682247806,0.038154077898463194,-0.0003929964215665623,0.8508713822241021
393.0,-3.6147776277530337,4.998306066792521,0.22031522461632785,1.985888065529253,0.9998222131870587,-0.02182797963601948,-0.026006779908245355,-0.04055699076287616,0.9995762847527356,0.15710439050731154,0.03815221143055652,-0.0003504219763184652,0.8508543901500816
394.0,-3.6156602541394784,4.998380721092275,0.22037016917709668,1.985845899285774,0.9998222131958192,-0.02193058134094716,-0.026032876098693133,-0.04059872142536549,0.9995762847264968,0.15693398182304902,0.038220688538991146,-0.0004078239390089703,0.8508477547709208
395.0,-3.6147776277530337,4.998575221282393,0.22050205143431253,1.9857465147688582,0.9998222131689669,-0.022092117787028156,-0.026421099580867226,-0.040744612754204206,0.9995762843884488,0.15692374817996607,0.03830653793067019,-0.00043965921013328047,0.8508418052443354
396.0,-3.6147776277530337,4.998647819216798,0.22054990077458902,1.9857097831208723,0.9998222132352645,-0.02223404602523423,-0.02636927761996603,-0.040847121855036916,0.9995762843909375,0.15700905553932443,0.03839689994238913,-0.000502444605427465,0.8508345635728354
397.0,-3.6147776277530337,4.998967517115808,0.2206649304050685,1.9856377713805853,0.9998222130303671,-0.022189384194130267,-0.028370496562470076,-0.040943726702411344,0.9995762848646239,0.1559466478980873,0.03856536198856719,-0.0005386861927108866,0.8508303571713711
398.0,-3.6139391960782214,4.999353072887943,0.22100069985741747,1.9853525265499927,0.9998222126772549,-0.02237403922656354,-0.029042849129557187,-0.041206221786475414,0.9995762831919699,0.15597899368163842,0.03872293461587291,-0.0005434095006889753,0.8508285318299891
399.0,-3.6156602541394784,4.999174135956608,0.22086741677637856,1.9854294674022603,0.9998222129957377,-0.022552227092215597,-0.028026989857544763,-0.04113617234272129,0.9995762840430016,0.15642781895088398,0.03862971768574979,-0.0005656666211496303,0.8508175647036766
400.0,-3.615924028468277,4.9994203263277575,0.22100723129177724,1.985351826171091,0.9998222128454683,-0.02248375842782671,-0.02942983786988295,-0.04126675135308362,0.9995762841365778,0.15572665705851385,0.038800040858771825,-0.0005791584661644426,0.8508135039380127
401.0,-3.6156602541394784,4.999175748209883,0.22086823403100916,1.9854518615123422,0.9998222130666643,-0.022487943038796025,-0.028662267904647425,-0.04120735586792066,0.9995762847450191,0.15627643048915824,0.0386300958382434,-0.0004776064144959303,0.8508033297666555
402.0,-3.6147776277530337,4.999149494413158,0.22083956856790357,1.985479708195942,0.9998222131073276,-0.02245344546437235,-0.02863996422236875,-0.04120429729356998,0.9995762847739653,0.15627383635192968,0.038673161122284354,-0.000528099717258189,0.8508042406833614
403.0,-3.6147776277530337,4.99931607533258,0.22098259874285456,1.9853606615768495,0.9998222129632408,-0.022577290923485423,-0.0290656918687595,-0.041410022264299184,0.9995762840233977,0.15667818755168655,0.038724143684491175,-0.00048137076995041767,0.8508144035378029
404.0,-3.6139437449558933,4.999045769908659,0.2208039553996802,1.9855004681087995,0.9998222132082184,-0.022479759094259606,-0.028310473742754538,-0.04122186935151644,0.9995762849236509,0.15658374033607161,0.03863105839166986,-0.0005015557055129242,0.8507973129174253
405.0,-3.6139437449558933,4.9993539376879,0.2210131789170725,1.985344818819444,0.999822213015954,-0.022557172644992168,-0.029211791027580498,-0.04134606917509348,0.9995762844703899,0.15627719188241893,0.038762352453856286,-0.0005436595107722376,0.8507973237525248
406.0,-3.6129103606745243,4.999383183167875,0.22106939603785744,1.9852899973490632,0.9998222129642302,-0.022604835630027503,-0.029527615376568294,-0.041395786238928506,0.9995762844207128,0.15652369564810983,0.038691952192660736,-0.0004889553470354984,0.8507989115909262
407.0,-3.6104663409418696,4.999161744484983,0.22098780035409737,1.9853380229099638,0.9998222131099552,-0.022642189237753428,-0.02865913714541998,-0.04150855547453575,0.9995762844463496,0.1571749396828188,0.038686058258676694,-0.0004207742974180491,0.8508003740646655
408.0,-3.6101222605269645,4.998959904870434,0.2210795500193013,1.9851994803743898,0.9998222129280572,-0.022802926265538762,-0.026212965562094515,-0.04140552902256334,0.9995762816217355,0.15815701980856792,0.03859386673830357,-0.0005019669363615064,0.8508169025540446
409.0,-3.611926764517137,4.998534317265709,0.22078828806988643,1.9854461234039693,0.9998222133356696,-0.022671604015225524,-0.026304134383046105,-0.04155498501632,0.9995762844960121,0.15826428111202018,0.03881985061189335,-0.0006423636820509367,0.8508342719122126
410.0,-3.6129103606745243,4.998891952392713,0.22109436592097179,1.9851736699416058,0.9998222128510286,-0.02277640745011476,-0.02590896757894808,-0.04139020127866678,0.9995762812621216,0.15807049464168532,0.038609517327005384,-0.0004560258831249417,0.8508235691223878
411.0,-3.6129103606745243,4.998283038205053,0.2207690891280542,1.98541150060369,0.9998222133909429,-0.022844334517714962,-0.02439701764726927,-0.04148813424765174,0.999576284094428,0.15854839018792075,0.038774005320388084,-0.0005489914186027449,0.8508443617570418
412.0,-3.6139437449558933,4.9982471316901185,0.22075347943660806,1.9854138074263021,0.9998222134208954,-0.022841260598404117,-0.024388306171459158,-0.0414630505076233,0.9995762845973566,0.15860553067315708,0.03871397576204242,-0.0005108237799141503,0.8508536216477538
413.0,-3.6101222605269645,4.997988869758875,0.22075370995031554,1.9853855193134915,0.9998222132934187,-0.022974826694144513,-0.023120763444875066,-0.04180978090314351,0.9995762834348745,0.15919215179933935,0.039146711504925935,-0.0007171260539559519,0.8509081450699973
414.0,-3.608972909504401,4.997682399739214,0.2206799366973067,1.9854288989494744,0.9998222129920129,-0.022763229136308814,-0.022537891311802588,-0.04197553743804747,0.9995762812709907,0.1588180751676741,0.03942645298773286,-0.0006831313055085453,0.8509151124585526
415.0,-3.6129103606745243,4.997515165524235,0.22042272224412324,1.9856628610077582,0.9998222136105501,-0.02289269012797029,-0.022588752264357928,-0.041982773684228036,0.9995762853667591,0.15900135693292045,0.0394440409078761,-0.0007392024658766801,0.8509122440615478
416.0,-3.608972909504401,4.997031287149438,0.22026134501840514,1.9857768945773804,0.999822213706012,-0.023032577996787967,-0.020185871319208362,-0.04219758997127464,0.9995762850299608,0.15912933917076247,0.0399384357079457,-0.0010381916175908677,0.8509532464726117
417.0,-3.608972909504401,4.997259590195719,0.22055168073505801,1.9855187078591965,0.9998222129207708,-0.022788718471133916,-0.02105205618809756,-0.04216074873397726,0.9995762801649819,0.15910542126571817,0.039766489652578896,-0.0007879870521343915,0.8509496334450664
418.0,-3.6129691821709455,4.99662536322241,0.21986819121423998,1.986103009838014,0.9998222135652484,-0.02240014810289043,-0.021275486237984833,-0.04212045652710793,0.9995762845551612,0.15893750854007255,0.039700191298090284,-0.0006083904726942236,0.8509286159134437
419.0,-3.611862403680158,4.999936138592109,0.22527360180851033,1.9812039163063253,0.9998222008896089,-0.02197778340104006,-0.02126767258975626,-0.04135455617547253,0.9995762031484547,0.15789595688654381,0.03916019450180466,-0.0003999645566793445,0.8511631373241886
420.0,-3.614056508954323,4.996794957634162,0.22019092100587254,1.985796086148001,0.9998222126138361,-0.02226231337842057,-0.021775841173078903,-0.04202532231932977,0.9995762795454899,0.15878870200440903,0.039537855725455796,-0.0004915089056227151,0.8509518820342226
421.0,-3.6129691821709455,4.996260213036635,0.2197352728073745,1.986172826929654,0.9998222137729167,-0.022474439083777158,-0.019240463268027468,-0.04220005948787553,0.9995762853580603,0.15981999028568303,0.03980000372368428,-0.0006642410958114571,0.8509658797264932
422.0,-3.611862403680158,4.995765308369241,0.21954501219993108,1.9863143446880676,0.9998222136027131,-0.02232967851342219,-0.01719203775776624,-0.042464289198738785,0.9995762835265509,0.1604195202835864,0.04012888947679279,-0.0006548694772717077,0.8510178626193359
423.0,-3.6087096493555815,4.99456091112568,0.21828752388288533,1.9875250100133293,0.9998222132829695,-0.020783240003154128,-0.017583959571896665,-0.0433636327860881,0.9995762799225365,0.1610147561409043,0.04078863657461562,0.000204249788690336,0.8509989564695177
424.0,-3.6087096493555815,4.99453138996339,0.21813633360987372,1.9876503106536563,0.9998222141351658,-0.020750204648396907,-0.016866561428769234,-0.04337935530499028,0.9995762851817891,0.1614218391989215,0.04080346614331809,0.00017069336572884166,0.8509927243230133
425.0,-3.608972909504401,4.994508882776256,0.21817007265429547,1.9876105502467318,0.9998222141495778,-0.020867246430874873,-0.015987369530799087,-0.04342260005937121,0.9995762851329559,0.16193723947822367,0.04077457609616128,0.00018963990309899963,0.851005703745725
426.0,-3.608972909504401,4.99444378327797,0.2181644666885761,1.9876166502152754,0.9998222140333193,-0.020843031480727563,-0.015483721665258082,-0.04341908005430928,0.9995762844185097,0.16216440673743823,0.040750515346196815,0.00022668910547157155,0.8510189135375479
427.0,-3.608972909504401,4.994391956868054,0.21806789828802944,1.9877163578229853,0.999822214369499,-0.020819558514957887,-0.014585527490387416,-0.04343023241401891,0.9995762859088542,0.16248381578651042,0.04080970312362949,0.00017965383252610033,0.8510222718611147
428.0,-3.611862403680158,4.994373050438847,0.21807589958457502,1.9876908080275486,0.9998222142426905,-0.020734387414215103,-0.014849727496117921,-0.04335383269483906,0.999576286225001,0.16238464601499406,0.040679866860352465,0.0003084951199098974,0.8510293716505233
429.0,-3.611862403680158,4.994347420859511,0.21807315377403944,1.9876997791401947,0.9998222142300535,-0.020745684912269483,-0.01443615710854704,-0.04336475170779723,0.9995762860568012,0.16258091051388457,0.04068277154929659,0.00031334051870642065,0.8510382259765537
430.0,-3.6137458885903397,4.994357801202378,0.21809972964151478,1.9876499490459008,0.9998222141274329,-0.020677724232014066,-0.014996270809520585,-0.04332495626958454,0.9995762865145588,0.1624742824373475,0.04054700866315064,0.00045642216035019314,0.8510433860119961
431.0,-3.6129691821709455,4.994330917424411,0.2180955555356935,1.9876637123147531,0.9998222141157289,-0.020680462543819084,-0.014547814464212973,-0.04335674693497655,0.9995762863030833,0.16275319808433944,0.040561265667292984,0.0004604833771432197,0.8510547790733769
432.0,-3.614056508954323,4.994305916646967,0.21809352292858875,1.9876629262863688,0.9998222140751198,-0.020635129366656884,-0.014385689888455466,-0.04334498507796473,0.9995762865279674,0.1629388738253535,0.04047907720697462,0.00056165006200222,0.8510672811986342
433.0,-3.6157543219368082,4.994299705082916,0.21811901003533976,1.9876179874103086,0.9998222139834989,-0.02061200382911847,-0.014531290471322313,-0.04333407053995809,0.9995762867283566,0.16307386857899284,0.040338466537948696,0.0007164769148712391,0.8510802340467951
434.0,-3.616067729876749,4.994294434628882,0.21816506047357986,1.9875368890089602,0.9998222136595134,-0.02042366606929481,-0.015918450765375902,-0.0433127389827732,0.9995762863408635,0.16298288298873356,0.03998648872334892,0.0011224340320315225,0.8510896309140226
435.0,-3.6172752459797337,4.994269141421521,0.21821538236858543,1.9874649542117049,0.9998222132795587,-0.020330509645296698,-0.01676117797642131,-0.043303344537489824,0.9995762854182717,0.1630031785933372,0.039642660790052145,0.001523926662911474,0.851108646839654
436.0,-3.616067729876749,4.994299568231722,0.21819787907963947,1.9874897194973156,0.9998222135635126,-0.02037047802661989,-0.016365207901648016,-0.043369822551570104,0.9995762867711087,0.16330301546113768,0.03978721316030981,0.0013705836722510791,0.8511109527368976
437.0,-3.6157543219368082,4.994290885580956,0.21822729509421335,1.9874661639028095,0.9998222134773327,-0.020402362694124956,-0.016069451442635555,-0.043410104886611116,0.9995762862867352,0.16360304279047902,0.03979125489035961,0.0013804206800921634,0.8511264917797845
438.0,-3.614056508954323,4.994324470560613,0.21820793007593203,1.9874936523364,0.9998222136470323,-0.02045971989458546,-0.01608581592587396,-0.04341785961544718,0.9995762868793219,0.1633685586039844,0.03996400599248897,0.0011383880861058795,0.8511107532876021
439.0,-3.6137458885903397,4.994306050037812,0.21822202979300093,1.9875000780327712,0.999822213724824,-0.020563946806134468,-0.01483148719597226,-0.04343258279043892,0.9995762862824003,0.16397548597558195,0.04006547223455142,0.000993902038854828,0.8511198586289843
440.0,-3.6129691821709455,4.994305462344,0.21823519499678246,1.9874838893934483,0.9998222136506232,-0.020526725996366534,-0.015115251062541673,-0.04345029688972974,0.9995762861979152,0.16395501530703677,0.040030960799722556,0.0010487876164966862,0.8511237159877656
441.0,-3.611862403680158,4.994266296903747,0.21830111210482342,1.9874178263971416,0.9998222130840093,-0.020421426400998526,-0.015962138931011095,-0.043450264373039754,0.9995762838397493,0.16369559016570873,0.039912806026989905,0.0012055517694736602,0.851138634307018
442.0,-3.611862403680158,4.994331653231249,0.218235471308284,1.9874706086099045,0.9998222133806671,-0.020359512101667348,-0.016964649291070954,-0.04340952787070438,0.999576285820102,0.16287124589996024,0.0399887928107733,0.0011451536916622903,0.851108586159105
443.0,-3.611862403680158,4.994342749498942,0.21816890812317144,1.9875407591484282,0.999822213784024,-0.020313900866336228,-0.016651653411287826,-0.043333264220246366,0.9995762873493281,0.1628258529024077,0.04002644875443773,0.0010512424656805592,0.8510903985694702
444.0,-3.611862403680158,4.9943468271961295,0.21819877182620623,1.987518025817941,0.9998222134829147,-0.020294288449023402,-0.017309077418981217,-0.04331783621565991,0.9995762858625199,0.16227704744149726,0.04007923848239604,0.0010260484906166774,0.851090620899063
445.0,-3.6119795344756302,4.994587519620093,0.21830021370920788,1.9874244666185512,0.9998222133410581,-0.020450869062958947,-0.020023084030632847,-0.04366437738571575,0.9995762865476119,0.1606584889712745,0.040607183836193377,0.0008119678808320947,0.8510799850384703
446.0,-3.608972909504401,4.994688327619026,0.21842735331954816,1.987311590160199,0.9998222129358676,-0.02058256493945132,-0.021111711523169548,-0.043939647879374495,0.9995762838119215,0.16028872516082412,0.04083121708542529,0.00078900558900827,0.851096004226086
447.0,-3.60212724937718,4.995401211803797,0.2187832520752255,1.9870352293665365,0.9998222125121659,-0.020855166375294987,-0.02791530044338313,-0.04511449993618291,0.9995762855186048,0.1566865265336907,0.04255508132952185,0.0001292599039800173,0.8511598201162105
448.0,-3.592282596467879,4.9959189123122885,0.21898984440272848,1.9869053595107435,0.9998222124156881,-0.020889590928687106,-0.03330458669449999,-0.04597810513331454,0.9995762911405155,0.15274524809308032,0.044388497691748685,-0.0009140898749338906,0.8511597283744214
449.0,-3.584764124084559,4.995580437794038,0.2188155894582145,1.9870316336033933,0.9998222125839487,-0.020655370231669027,-0.030976895461844407,-0.04570443428996762,0.9995762896558791,0.15520290486457541,0.043583700421772065,-0.0005396000701488402,0.8511344387231385
450.0,-3.581259802614939,4.996582470164545,0.21995213240658695,1.9859948822263396,0.9998222115728854,-0.02197744128264539,-0.03167224486035505,-0.047417974788569406,0.9995762808619844,0.1566126711217347,0.04436211987344097,-5.409590829992775e-6,0.8511249422870111
451.0,-3.5857808129330397,4.996428680626475,0.219967980077848,1.9859099481715525,0.9998222127893353,-0.02279864017056531,-0.028224584544468696,-0.04811638847264844,0.9995762821478862,0.16142747683505196,0.04359821871405937,0.0010152749216710167,0.8510108292117062
452.0,-3.579904035536563,4.997311570781836,0.22078142014798674,1.9852145671082082,0.9998222123673757,-0.02302604991595066,-0.031396920258207034,-0.0487472201810682,0.9995762815502631,0.16114628126078254,0.044116462474988086,0.0009187105552578626,0.8510275438441692
453.0,-3.571293154189428,4.999770518812161,0.22329098992764526,1.9829686950653609,0.9998222100783047,-0.023464330270738597,-0.03426066728266007,-0.04946029875766506,0.9995762694994725,0.1590934152906954,0.045014676981631474,0.0008403359863563917,0.8510788466107946
454.0,-3.5638689589607275,5.002057311202743,0.22587793672933537,1.9805109713175963,0.9998222083200623,-0.024451354214369253,-0.03692337941164843,-0.051057379109119345,0.9995762581142866,0.16051762979835266,0.04574999359955686,0.001325518152927352,0.8509932666465967
455.0,-3.5617902721289845,4.999389702249405,0.2232409557402957,1.982948416925134,0.9998222118432625,-0.024660593472674606,-0.03312003140658643,-0.05098679127569445,0.9995762776591663,0.16299043111751615,0.04523232220187263,0.0015056780457922605,0.8509919646569353
456.0,-3.565258357178472,5.000214479399206,0.22407762802873712,1.982172466230444,0.9998222110277746,-0.024587742903712642,-0.03291726092713971,-0.050713026947120106,0.9995762723767239,0.16205010317919355,0.045224242278490624,0.0014368396359848844,0.850967959952537
457.0,-3.560240399027945,4.999489402845356,0.22357275370174987,1.9825967101532314,0.9998222118261633,-0.02488501055284261,-0.03231436025238388,-0.050960094972347235,0.9995762776572779,0.16295196146896407,0.045259811490185445,0.0014283398344657793,0.8510142423117819
458.0,-3.5538622037215584,5.0032530738722185,0.22923050668834244,1.977860380542456,0.9998222045842164,-0.024776726897210735,-0.03410851085676488,-0.05155769728348594,0.9995762373621104,0.16794122048494922,0.044524048384311815,0.0020640497840310125,0.8515344129152582
459.0,-3.5624848841012358,5.000752400915659,0.22547931381378067,1.9807778941073304,0.9998222095269604,-0.024604958351372823,-0.03151553129040233,-0.050408041927189194,0.9995762628332254,0.16248091566396214,0.044848427434003975,0.0015519563828069582,0.8510414049562045
460.0,-3.554318714166423,5.00435930382339,0.22954955194107918,1.9767711983730933,0.999822205634225,-0.024287929855516893,-0.03466936375955765,-0.050470605103380486,0.9995762411684421,0.16223682062027936,0.0450454118074265,0.001172624389328403,0.8511082829409862
461.0,-3.561037287774968,5.002221793957107,0.2272396200398003,1.9790757189667179,0.9998222092994555,-0.0249351365912436,-0.02967899800952295,-0.04858847729890515,0.9995762641430179,0.16063137052428386,0.04426333565364679,0.0003749170054267414,0.851186668623191
462.0,-3.557470413655135,5.343361895419702,0.6520834078694528,1.593216316375234,0.9998217826635183,-0.025068805921240212,-0.029802385224399576,-0.039401455572596285,0.9995736839006737,0.13327032449694204,0.039356251851013276,0.006122735687246633,0.8628797757325899
463.0,-3.559113841187341,5.002646038710125,0.22748696518135497,1.9789582181741843,0.9998222095473037,-0.024836055109167265,-0.030081345129163443,-0.04870420604449343,0.999576264960518,0.16413971645462117,0.043336811598551614,0.0010142776219832473,0.8512114282085197
464.0,-3.5615365702613007,5.362755467045757,0.6756660811623078,1.5690612180356274,0.9998217720973592,-0.024980516679577347,-0.02985406816749673,-0.038298537032141484,0.99957361074858,0.1298360252955139,0.03868323898500354,0.006277493198697027,0.8651135873045208
465.0,-3.559113841187341,5.002560646528819,0.22702353040425144,1.9793634694504183,0.9998222104245418,-0.024472436271876855,-0.029585473191636603,-0.047745247389940786,0.9995762683835945,0.1648729530783359,0.04227835184081509,0.0013849536207379894,0.851185554454484
466.0,-3.5676204622039958,5.002829034994339,0.22709125772334726,1.9792431531495827,0.999822210650126,-0.02460259890239049,-0.028582080739328275,-0.04710491902687584,0.9995762682238662,0.16469446974720398,0.04165213098337045,0.0015855952673511932,0.8511573611051093
467.0,-3.562573324521458,5.002617200043785,0.2272849458484204,1.9790817531901872,0.9998222102940568,-0.024642931373712866,-0.029878649999899372,-0.047502984986649045,0.9995762692808023,0.1630223603339155,0.042612297889538665,0.0009779565019843615,0.8512459534511225
468.0,-3.560746073748696,5.33947345961957,0.673183416816765,1.5747893554038557,0.9998217986387612,-0.024643107302857636,-0.03285358851773103,-0.03803110159005341,0.9995738954654441,0.12456461877686115,0.03805723713938968,0.006291380196330263,0.8721246577042185
469.0,-3.5571032013777617,5.346289209696136,0.6820201090204905,1.5638519379696845,0.9998217950863655,-0.024410119539860133,-0.03344008655690528,-0.03721845143872716,0.999573883823339,0.1217589891323306,0.037047938529836774,0.006625276376491178,0.8751232552204697
470.0,-3.5531869672072194,5.384801198668816,0.7210335362057747,1.5325993792398576,0.9998217309159505,-0.024114402726972458,-0.03326481456919076,-0.03632962394201202,0.9995734682020538,0.12219238645634962,0.0364075008408328,0.006596717007603827,0.8750396035442174
471.0,-3.5648869085579533,5.002567743092188,0.22732895756635393,1.97900211338201,0.9998222105493082,-0.024325696402915258,-0.029290024680388372,-0.04631300264793556,0.9995762731954707,0.16133333345721573,0.0423778604553016,0.00012359721875547413,0.8513895354274066
472.0,-3.569567119822463,5.0022920899780265,0.22641033316455142,1.979827056433078,0.9998222115650037,-0.023893454902900586,-0.02928084981755485,-0.045207254623009924,0.9995762778997388,0.16112088116896953,0.0409680706897022,0.0008207440290975273,0.8512623768485788
473.0,-3.566107633998743,5.002407047003637,0.2267430779740883,1.9795102847752235,0.9998222112481678,-0.024026493652801656,-0.02943107174320044,-0.04517881006702178,0.9995762769441356,0.16024042372769137,0.04130469888695119,0.0003661035085089478,0.8513105483522769
474.0,-3.561429247751032,5.422717047504403,0.7518086457846159,1.4989588612509186,0.9998217499370963,-0.023965566758236762,-0.03190646018352828,-0.034249884476101326,0.9995735935201717,0.11728570644263596,0.03441508412374696,0.007604389214970856,0.8782979503010728
475.0,-3.5573949336320476,5.3782943436192,0.7331928177466689,1.5212273304611097,0.9998217467034325,-0.023602595985151548,-0.03548291773752061,-0.03504020998512393,0.9995736635925672,0.11596245492709022,0.03491224847021908,0.006911615272053976,0.8817030311779617
476.0,-3.548047965615871,5.359693606526189,0.7166117650222188,1.5356319278429393,0.999821794167771,-0.023771968346924622,-0.03430223821665006,-0.03535744361365896,0.9995739579278422,0.11509174334116452,0.034472933813306995,0.00758020418812084,0.8836773710704848
477.0,-3.558526285736719,5.339091430532259,0.6917851535145664,1.5571346223334535,0.9998218129222363,-0.024284809677964724,-0.033941135094802774,-0.03655567726949502,0.9995740103145856,0.11799032840024695,0.03532958555587623,0.007604438579496081,0.881826067267788
478.0,-3.566017149011005,5.364364992135255,0.7001918668998673,1.5432434988955908,0.9998217962395128,-0.02397191748706189,-0.03424233243556316,-0.03615703734885211,0.9995737837069851,0.12170822471755482,0.034355745125792765,0.00843477377195161,0.8786019189231051
479.0,-3.566017149011005,5.375019544282088,0.714958935458642,1.529910005699721,0.9998217832585752,-0.024205674640446862,-0.0321924879822764,-0.035322926134039895,0.9995737161458604,0.11841302548769671,0.03433598394906921,0.008095551815165615,0.8794941628071296
480.0,-3.5739594320278405,5.379563883647091,0.7110614037201477,1.5312015700758064,0.9998217842010146,-0.02474035579292943,-0.029602908104518905,-0.035098899569457755,0.9995736645692066,0.11773977613593388,0.03491560794102745,0.007286135702158644,0.8782174172661033
