9.240769908393943,-2.1675729199377383,5.50236761089232,-4.367697841878797
9.641669605970977,-2.033710319185537,6.203869385198779,-4.361480035510505
9.332193991035656,-1.9438415087035412,6.48797421667135,-4.35465831253234
9.546378489715986,-2.605738397244317,6.04524432559455,-4.349424894358237
9.385158845715786,-3.038182324081311,3.884392598218258,-4.3485174755499765
9.297447497476798,-3.2335414627911248,4.4022113364143,-4.348361134920717
9.512775095978984,-3.1485563395440233,4.513820372696005,-4.346085146823
9.476706529793448,-3.148188899117703,3.7673119505711594,-4.344241375102806
9.848871174877804,-3.5244769094758563,3.1274786011878217,-4.342471329740525
9.774570755211052,-3.350872169447498,2.1301886740010083,-4.3438598945734155
9.276439079831944,-2.8742139376489644,1.8882957091825976,-4.346727732979835
9.03812244616431,-2.688923265647758,0.509053553077652,-4.350906064170416
9.301553702485952,-2.9243001970318088,0.22189440851424438,-4.355619640982244
7.603754625653465,-1.2117393024147567,0.7577329992702163,-4.359416240094039
6.8189057317678605,-1.006793694177187,1.028197008825654,-4.362916625758136
6.646834900677055,-1.159340903126838,2.0713220801559427,-4.364206490459576
7.193346857061844,-1.5635258813602526,3.000107454448051,-4.362922210795059
6.864700562084381,-1.4865366156310607,2.2508184547642545,-4.363416580918447
7.6899391426872095,-2.487418061232282,0.7826876440371276,-4.366750136139764
7.681702647306193,-3.0693134445050636,0.038226643430064086,-4.371370159392827
7.882079102847157,-3.184343798112921,1.2606282560378572,-4.373297730223403
7.894960832431173,-3.23674408854515,0.5664561221120562,-4.376693507402513
8.07161633760895,-3.213015108075376,-0.6746336722143462,-4.382048034418159
8.122755074657222,-2.933110243317726,-1.0988386489509243,-4.387735839844363
7.954526138328444,-2.8927476400147527,-0.8777597579426971,-4.393216993204876
7.463716040797741,-2.4782408878808377,0.15282960169659182,-4.397012796173359
7.381575852842399,-2.3516406645753363,1.1750315530680568,-4.397599787202217
6.577880018117854,-1.5365561042255542,5.246004250916554,-4.3728738935278715
6.750949034113411,-1.437021925774351,5.251398810332966,-4.353808872341819
7.172895972811117,-1.9360923876240137,4.171873882010271,-4.344833139868537
7.926297385379478,-2.4954656362053993,2.9815613441061997,-4.343000630370652
7.913718736878572,-2.2798081364340925,3.6735683644028345,-4.338944607252257
8.06041790497961,-2.0134753316388623,4.804702484408426,-4.328552264559316
6.903058478718636,-1.9415969103513187,6.710348014297704,-4.3084517776786955
7.2039180624124475,-2.1853897710478707,6.196014610308824,-4.2915295921105745
7.296946577809469,-2.018596515740528,5.058288539385802,-4.281495999465777
7.62623221408516,-2.293223028599567,2.2839413786195677,-4.283969627407486
7.6944944180485875,-2.4891693887896436,2.05919619124032,-4.286305478917323
8.178127038473242,-2.78224857212503,2.0622452702195404,-4.289562862367007
8.084208958492617,-2.580679421759214,2.9807359359080756,-4.288695867370531
8.048144267868635,-2.094742150968928,3.4355071540864537,-4.286174713489228
7.935313612570272,-1.9128136416725072,2.3949476382167894,-4.287465695288939
8.173257985396729,-1.753602794255256,2.2182413038797653,-4.289139584875671
8.081207043427549,-1.229096300399742,2.1353063034122037,-4.2916742536062005
7.908461051010648,-1.1263854578408405,1.4925604737132103,-4.295060750590537
7.859781198725515,-1.0876484469319045,0.8219092687038548,-4.299947508076295
7.834907031767152,-0.5051869629940099,1.3973410567536795,-4.303819692090239
7.189888243572431,0.3493940018458028,2.8081519594390687,-4.304275843980891
7.135328077357883,0.5642472387633474,2.146297143184957,-4.306864455947031
7.285674123236994,0.7704117507222261,2.4193269836622417,-4.308136719145161
6.92443668140985,1.3590799774250892,2.840467681294629,-4.306409869916706
7.341259866442577,0.5679828660977352,1.595458146355376,-4.309468110295128
7.5545245977454725,0.32723434789525474,-0.03960504682507953,-4.315314868976036
7.571922351290053,-0.19281746608085715,-1.0451132248832464,-4.3206010068839715
8.16901622690709,-1.0569747916407624,-2.9968137441767833,-4.323515453463027
7.167427801996528,0.14315855430033217,0.5081869248513222,-4.328545617105497
7.1870818664552205,0.2271282658398487,0.5123613183717594,-4.333480631132699
7.427503842273593,-0.32007388820038657,-0.8350232147886708,-4.338680707610456
7.51819396079581,-0.5707948056180924,-0.9859150755766884,-4.34383671531298
7.396951840113755,-0.4116904396876441,-0.38535369059313346,-4.349111490130928
7.673488479591399,-0.5333645655096919,0.25156246237957247,-4.353941062267404
7.678362359037338,-0.5570772523862032,0.6173419398916982,-4.358463564729225
7.359120912688453,-0.12835691405667538,1.5106762599509076,-4.361171835431416
7.273073402838932,-0.056077713989592846,2.9207444244207013,-4.358338553085474
7.548897408877695,-0.4431823802496804,1.1275748394887777,-4.362343304865046
7.588561149722003,-0.5783152529312882,0.6111390226006128,-4.3668694731051945
8.020345102709118,-1.2376204237374808,-0.3290539130081176,-4.3715224290573405
8.687970858376879,-1.9094441566468858,-0.14347279690583617,-4.376107486299685
8.515185275093064,-1.9103421749437421,0.3051186541964705,-4.380488954149603
8.655155677831297,-2.187163572964575,-0.38297031790417374,-4.384754551833946
8.157464047300868,-1.767559716797422,-0.33842933486041843,-4.388991028544953
7.852929522185812,-2.031503569044658,0.6975957169189569,-4.392876481141289
7.863058095378928,-2.293001245034802,0.8292063617225915,-4.396856277314745
7.7198149752474965,-2.3310523144854676,1.4547984455151095,-4.400319634104491
7.397961129135577,-2.2120237558162303,2.64258661341579,-4.4024224714254325
7.318464495968055,-2.401434585784588,3.0542498048705453,-4.403620536433436
7.517851352555869,-2.58051297950895,2.7278079699061726,-4.406013201198186
7.287307419339791,-2.3675727895717413,3.8519761425265053,-4.405238534287665
7.527515794568647,-2.631635023296569,3.0043979771198157,-4.408271823129079
7.79080178191653,-3.0942184717547283,1.6452034419535926,-4.413827807673568
7.711875646844197,-3.2282894873845462,1.0619036334688452,-4.418398522328464
8.176482437688007,-3.991251468400898,0.41589183571356225,-4.422673844946258
8.277436731620677,-4.5274497753160166,0.6869812736519698,-4.427198555911696
7.839856765071454,-4.590878429495815,0.44524263401459585,-4.431268193528839
7.793860110634226,-4.5807144338583035,2.3270743602049797,-4.438162995186529
7.507385793457398,-4.2273919912554945,2.8680798514106325,-4.444394307043769
7.096842226149792,-3.72476536982313,4.417244333503001,-4.4480830212744324
7.318822995999188,-4.288502202487324,4.575886789576725,-4.452533149656871
7.673659251832829,-4.584236164079315,2.908674383391435,-4.458558040738309
8.086315640183184,-5.084357216544263,1.534615546692031,-4.463708668624042
7.804979824879885,-5.152683153941018,1.269394028216949,-4.468260231292489
8.444226786294431,-5.849131098736396,-0.18679835673563308,-4.47042867613073
8.54212108605041,-6.296174793898037,-0.5632753251258731,-4.471686755213057
7.802747034737583,-5.2939643872510596,1.947401039183155,-4.4755793444971
7.090221587033068,-4.38512120923566,3.5827083346710435,-4.4781179774652
7.069880032548884,-4.504812339257026,3.118043111155563,-4.483229644965328
7.479989433874597,-5.016605540547357,1.3765660550434153,-4.4870292064595185
7.6461396714351455,-5.154180386312486,-0.07563786435318738,-4.489151993765994
7.527692933280515,-5.072345996584762,0.2851987488570865,-4.491732518023929
7.874574329279827,-5.412916503863906,-0.5871553777802019,-4.49257898267669
7.289585908632967,-4.626661168259822,0.6282525567844762,-4.495000955225238
6.916262020583829,-4.273199321557201,0.20871168042836066,-4.497142727153211
6.465845823205613,-3.826294388048569,1.1911152631628752,-4.499009468539675
6.591136170733402,-3.9651045321698355,-0.09575744643606232,-4.500970630028062
6.408939011165006,-3.8086791578134416,0.21740538719338698,-4.502887901676205
6.214434360921878,-3.5501583444941143,0.6008894904312244,-4.504525023084743
6.498821508468148,-3.7833771769224467,1.0799129899001452,-4.5064198770351265
6.357906234081977,-3.6767953967036173,1.4622624191086822,-4.507166567669608
6.2139376247672224,-3.6157957052296865,1.2897606479707764,-4.508321026094835
6.243487570431703,-3.2977600170655594,2.4763041124264222,-4.506631037169822
6.138308381925954,-2.971674496991811,4.262390921955381,-4.499326883903886
5.6749493802454625,-2.210467278464126,5.612112406508158,-4.477402656824346
5.866600392667063,-2.086563627918579,5.090189335091244,-4.457749087037935
5.829206457267569,-2.0403730673393814,5.7014294932978595,-4.433182221168513
5.9239706261656035,-2.057101523837804,4.563093145270164,-4.419669202065015
6.313406863366129,-2.198426474517132,3.628386756288367,-4.412467743716633
6.218066539217044,-1.8860674826785047,4.8760409485612595,-4.395996336648608
6.400890382925589,-1.82722687303357,4.629713588152643,-4.385121023660893
5.709161755932421,-0.62166332729005,5.75699859547094,-4.360467239516307
4.981392813652069,0.25427388134020834,7.050598179036333,-4.3228181015647005
5.922337866136545,-0.5556997780231528,3.986175453575772,-4.317018250619584
6.3605954212683535,-1.1268315914098908,2.0475286357770424,-4.318919706495456
6.348515463914508,-1.0810711006443108,2.0102801645179844,-4.320876038791645
6.511672856119027,-1.2828623342430896,1.169454540369655,-4.324662845545959
6.648472362654673,-1.5083898069481512,-1.4417490509427917,-4.330541979495118
6.44024190465286,-1.4445126973637548,-1.000573528379916,-4.3365499659101205
6.567257523040973,-1.66636767972308,-0.40937745771898876,-4.342017369142706
6.317756552962716,-1.4628351030805917,-0.25149370729341536,-4.347363112165295
6.067760635105102,-1.179447623985816,-0.06832292573948286,-4.3524947802259275
6.112650974660829,-1.2473191528724805,-0.782916383392397,-4.357758233901713
6.291159657250173,-1.4381554571683353,-1.9546069368576164,-4.362132785949642
5.80159493128049,-1.2739928826609495,-0.9628866028723789,-4.367465153569374
6.368327733473506,-1.9334196845979235,-2.099694589651239,-4.370910849134245
6.46277247516152,-2.030924629211666,-0.5930713411950911,-4.375671861222865
6.255375901346349,-1.6935255206906363,0.6000151118412701,-4.379538909484248
6.0449777186214515,-1.5223044191042476,2.02303955806677,-4.38046447500061
5.904696412918359,-1.336582267127375,2.7942220793823878,-4.379744823490481
5.909392086676114,-1.2799817878543347,2.204323898129043,-4.380031407652739
5.845862859050968,-1.1294935572090121,2.3756813372915864,-4.379835925801344
5.892062927984097,-1.2455495682244238,2.9413203738405187,-4.378117823303006
5.846195518503429,-1.283859279419377,2.3967589656200863,-4.377601963648642
6.0995009809738425,-1.5114039491984144,0.6298527556384804,-4.381505050008432
5.94165770870317,-1.3396499095315388,0.05352673327097366,-4.385828868610494
5.821130202190824,-1.2216401848450351,1.4743096092936512,-4.38812965537246
5.954420557101946,-1.3655493908405008,1.4639615340095011,-4.390150689454974
5.855386506179581,-1.1845620677377515,1.8343848082476466,-4.3911192561413905
5.825466245595872,-0.9980568271234199,2.808438711335746,-4.388841935768653
5.658134421504448,-0.9315284223205559,2.7479777750281893,-4.385699269640668
5.546475445070669,-0.953214024461482,2.9553242568270237,-4.381089872626774
5.728546739084734,-1.0478395653463657,1.9892856010220896,-4.381465147163506
5.739112267643961,-0.9960906441847228,0.30697606232518654,-4.385564390405527
5.756360856303356,-1.0184882551074184,1.3659708096297982,-4.387730076303925
5.436466991176161,-0.8577840410299014,1.5581146506346075,-4.388567490704729
5.485566241190783,-0.7966681402692447,0.5021577918827405,-4.392069514638591
5.155444577585994,-0.34795476144260845,1.067077079229933,-4.394297879217266
5.198097076275136,-0.4041897502397177,0.5240984390904294,-4.397726963927704
5.5486434294541285,-0.8502110271570645,-0.8230463800691411,-4.402388319767826
5.430034702660342,-0.6423169546526112,-0.21369749003835795,-4.4065738172056745
5.29413420373564,-0.5643807867595635,0.3035958657881882,-4.410054408613386
5.046485530502463,-0.45903947326543804,1.1118255728358197,-4.411121049107111
4.927349281549785,-0.2877289453008088,0.963039911322538,-4.412857816070815
4.775638238314044,-0.11136748063947932,0.8526005194627887,-4.415226927136044
4.882542767740941,-0.2546048604478294,0.824423137849038,-4.4174312152299615
5.3588443223884035,-0.8688245337413546,-1.592128741506076,-4.421757865195661
5.180607152630417,-1.1425491082617718,-2.1493855805321114,-4.4308371517965135
5.760106350223518,-1.7979672722955775,-2.7005817259690783,-4.437718807955822
5.122979743091231,-1.0195382839749774,-1.281042580926791,-4.44221065511255
5.312464752489409,-1.2161027962671902,-1.4933052146325678,-4.448053187485376
5.242336851711732,-1.1492879560306102,-1.4644137086879152,-4.453885949893875
5.1280924169888005,-0.922373029402934,0.6662993071496699,-4.4551628675084025
5.530398195697003,-1.4194493842788223,-0.05644954303746533,-4.458149034908785
5.415021737316831,-1.303954191623661,0.2922073405632717,-4.460262989675606
4.974420543182318,-0.8262197675096437,2.204057279198025,-4.45670269137893
5.196920172635632,-0.9884681509487969,2.005165769888716,-4.4528432058020995
5.227573612482423,-0.9789721104254318,2.3695738628722367,-4.448895722853951
5.349945869601055,-0.9277905098463899,2.1262542786247267,-4.445984092117783
5.445873186099599,-1.1398084882000983,1.8970015592798264,-4.4425941900836365
5.373395876418423,-0.8732686398739576,2.047207605975011,-4.438740828542286
5.751912279487291,-0.9321105662787187,1.2034233241559396,-4.438384858312158
5.517684712373009,-0.657807368132847,2.3600355132135378,-4.432652510025271
4.839926210703729,0.2385006016683626,3.7863216629510363,-4.422073101101151
4.711935867318741,0.4785869041146435,3.431577180681986,-4.41785648515502
4.570055365062875,0.7955745669493881,2.367446440061162,-4.41372272580764
4.106444131087377,1.1594124137616924,4.074129651935819,-4.397921752852413
4.068727228866562,1.1967264071488013,4.316818159937799,-4.374879526874792
4.827425040182694,0.602007213126823,1.6775744512871307,-4.373557736458296
5.1085638869518535,0.5423662955680051,0.4695597598023371,-4.377393984671461
5.278487100886072,0.42722722780135414,-0.6119596955450175,-4.3822186660725615
5.950170860453611,-0.28541294152030006,-1.8884965358164574,-4.387893591497798
5.921371196568237,-0.16960591200325706,-2.2629332921878174,-4.392424000806519
5.9341075397859955,-0.2965178811423493,-3.0722195514578226,-4.396866837945934
6.159078841528693,-0.9090459293684477,-3.954979474363378,-4.398380908086319
6.179932250370264,-1.8085030187888382,-2.9306044785211562,-4.40038373377381
6.217758627680449,-1.9375454320458945,-3.351842657738878,-4.400023281579264
6.4192967919193915,-2.5446050274404546,-3.1255755043574305,-4.400676552753811
6.088703150068485,-2.6930581583659094,-0.5131727959288876,-4.405017236020598
5.896251252583038,-2.836728546360551,0.5054711645042952,-4.408598503123272
5.870644194798041,-2.7435935676922556,0.5728451857122634,-4.4119853242107006
6.180405383234779,-3.1810573531193875,-1.1386905254960689,-4.41456710446603
6.03562915922746,-3.1721417458086516,-1.157997056396999,-4.416928036050701
6.5367816490333945,-4.542382499248548,-1.7182186837052782,-4.419074184475507
6.333457187643317,-4.7522617817083415,-1.928373774357374,-4.418071024051363
6.095490359174896,-4.7542979807746395,0.8297696166612901,-4.421770563420093
5.795445834119677,-4.597082575154805,2.5789962879002952,-4.424680130671288
5.548830610625072,-4.234645728465944,2.7827648818809307,-4.425555509855023
5.760630277418953,-4.428825471089338,1.8998889791173021,-4.427919597549035
5.107611508363194,-3.662153863414117,4.889942462147548,-4.413283207685773
5.481991082420297,-4.180551121141374,3.065703931993999,-4.41382524895057
5.752176729879496,-4.410364916931371,2.196747674332852,-4.41359192200687
6.147255164123562,-4.8775553075409235,0.7634444473468082,-4.416937053266778
7.177977777971876,-5.878263541759008,-2.774557233129292,-4.413873756717793
6.817519106001523,-5.468226502807836,-3.2001844061046776,-4.411347631387569
7.114190961507991,-5.824912938731691,-5.3543854890613725,-4.404862035689322
7.516157081436854,-6.364497500661339,-5.203349820942588,-4.395965069626744
6.495817555487128,-5.563805538165638,-1.5648820410725603,-4.399055136369975
6.955350254315324,-6.033790692314026,-4.037938179460293,-4.395081529512464
6.726208605222124,-5.843182044569766,-3.0166428119952378,-4.39244695814672
6.803179698659151,-5.836343123006905,-4.310696588982669,-4.384883346011583
6.930866545074971,-6.077809869139787,-4.0488233055012905,-4.377376937488126
6.8017521245041515,-5.959851166743255,-3.7725668092433327,-4.3694137354899745
6.500887650811392,-5.562209633848835,-4.871216194829994,-4.363088748156801
6.459876609510461,-5.761616663227275,-3.9612752189951985,-4.360097984566709
7.226035480961759,-6.570894754722009,-2.5692139262281097,-4.359156944115152
6.659094357658248,-5.962120094801821,-1.2350048423695825,-4.361900835366146
6.862862446715432,-6.186512382904384,-3.4928341265751848,-4.358673845693661
6.645344834139761,-5.9511936802122145,-1.82387783232538,-4.361068120906489
6.221538808807329,-5.503508195196117,-0.7380598281184597,-4.365996002778466
6.452261149304888,-5.819333901658484,-1.462892722460927,-4.369133349469436
6.245196114769061,-5.598426322840338,-1.3469869816529298,-4.372678574522614
6.427351221339796,-5.720976657865428,-2.4577897873933687,-4.372796483442058
6.4734723455879895,-5.758400286468632,-2.9741157399689384,-4.372190714226614
5.762024643776554,-5.068965140211727,1.0384271184905804,-4.374677870998654
5.60059957226119,-4.763727269729065,1.663686561197474,-4.374855397455598
5.480111935158114,-4.424602845911385,1.4007565013793064,-4.374423201822137
5.507414862953059,-4.31942588855623,0.8138052754705141,-4.376444272430202
5.772494286696243,-4.465408370770704,-1.1206863765884363,-4.382394154939426
5.443808015710756,-3.9555143671964257,-0.6176345204204233,-4.388516801123285
5.63337347189761,-3.965621842187414,-1.6044772524179634,-4.395220626372324
5.359081231206806,-3.46867279609725,-0.23700875205485747,-4.400003518852385
4.968770666576752,-2.9903467886124107,0.06749088627119774,-4.4037069571814875
4.43209250504414,-2.2355147138431786,0.6561439381539629,-4.404862963933553
4.312029116344917,-1.9035149325545446,1.4115305622182237,-4.402677018393687
4.202174008468816,-1.6793217837706447,1.8483845756363675,-4.397341107126891
4.130986538125828,-1.5229674937311939,0.9340456362497713,-4.396685904593791
3.9455478783606175,-1.2762372723690403,0.5574094555539627,-4.398056446094178
3.8556963054565463,-1.000368299660425,0.2816193317698392,-4.400875769830023
3.8436132935500478,-0.7546071072661772,1.1534179913548237,-4.399049306409106
4.023623910327799,-0.8324740489853112,-0.21848052610221697,-4.403778230627881
3.808149603559883,-0.5382433271925929,1.2087559953069094,-4.40037890337574
4.176587407047937,-0.6002985526270168,0.7122706665120334,-4.401013281238834
4.228715758943469,-0.5678041843117764,0.35228384277264974,-4.403306514729433
4.034359307087254,-0.27085667052144413,0.18586904957055955,-4.406501388997911
4.369596918688546,-0.3527183849295942,-0.5126684589143632,-4.411589159770566
4.137433294011991,0.0027739556173827264,-0.01083055998508942,-4.415383006078682
4.659003248051619,-0.42593108303454236,-0.3429016410694361,-4.4199158321553815
5.136748052076729,-0.824812162660612,-0.9476865798134262,-4.425585226432048
5.026793710983151,-0.6003688503401335,-0.5957039908986447,-4.430823133667922
4.845466817763996,-0.268113888258319,-0.4200148236063205,-4.435574224475844
5.116213120150513,-0.517364542259744,-1.6077186982483458,-4.440829020710009
5.135075302633437,-0.5343644598631065,-2.3724759929585306,-4.444514883492496
4.831536494877637,-0.383644937154999,-1.8456208410600332,-4.450581401687335
5.108435357012743,-0.5022285170566013,-2.781608313953665,-4.4524076794714915
5.012627309064807,-0.4280146497385542,-2.9855511907302343,-4.4540302032060906
4.791547668715062,-0.2965952920139448,-1.5501619771029498,-4.460016148783989
4.902861432564802,-0.326896704135492,-1.5891774364963214,-4.464954688765458
5.225584831344338,-0.5996360956908592,-3.1384408159993207,-4.464471990532075
5.43492614098912,-0.8659309354924274,-3.2418841242855847,-4.4661550560211065
5.2142820082026855,-0.7214070719457677,-2.7596458955734944,-4.47133274529302
4.7266075417200035,-0.35426190433050103,-0.6279890485404227,-4.475894814638827
4.965794079568991,-0.6369067087431504,-0.6935793233155277,-4.479959363508969
5.6291880897326205,-1.19190399511835,-3.1662380770965,-4.477666291206817
5.171042246668736,-1.3851486748424484,-1.8441417865195873,-4.484557966840207
5.260905824156144,-1.7647636610986521,-1.538650053423461,-4.4895614360965626
5.435766819200905,-1.8244579431074632,-2.4334744477359,-4.491510694989442
5.8983429734139845,-3.001843213212717,-4.029441038284951,-4.482688178502151
6.022709986222196,-3.113495691072212,-4.071894957847951,-4.477450379702964
6.078912649816384,-4.394188906320602,-3.747812265327283,-4.474900866192138
7.307724670864584,-5.657850442931184,-6.830664160868979,-4.433526962373175
6.75310629240508,-5.572294953763349,-5.1707250556586395,-4.427728144016895
5.35734512159611,-4.145954682705927,-1.0170634566893053,-4.43351959863958
5.555638504657312,-3.9229850956752155,-0.9423509086993749,-4.437197246041679
5.213451818256162,-3.6000012251917184,-0.5289177162689649,-4.441490627072623
5.361096918309746,-3.891601835891068,-0.7211003648595008,-4.44625397086792
5.520462837282361,-3.9486174163152516,-1.7671813210915877,-4.451055243176898
5.535069778843531,-4.620494040872564,-0.7073754229681004,-4.455205542178249
7.57094492766308,-7.024768577469242,-3.62482115019093,-4.4479615957348
6.291318249210786,-6.037322582403207,-3.843072339967981,-4.4344260127823345
4.913146331508582,-4.87358771676143,-2.794612998929649,-4.430096323231308
6.122952665364877,-5.978722953548314,-3.4480257013600393,-4.42256070139011
6.102784624364566,-5.869898729613546,-3.240735350211823,-4.41667932689075
5.49590211307073,-5.3057626213544475,-3.3952245249580435,-4.415737032076001
6.032812146397489,-6.012944990104367,-2.726347827986962,-4.41497373043597
6.638025893744274,-6.610856943291795,-3.106022519893647,-4.405025770614686
5.984672948823463,-6.009768887129114,-1.3397851036849602,-4.403142202935975
5.8805595905288035,-5.912260343209631,-1.2857568448653545,-4.401968067291188
5.936951237898063,-6.0149062904809005,-1.6723984329133934,-4.3974763023422305
5.701205259298871,-5.8132295309182975,-1.506167113638561,-4.394994729931954
6.016425147047519,-6.1297655377004245,-2.033991783272189,-4.390360302454246
6.2865995965089585,-6.375233634193144,-3.4846924912256907,-4.3773906606204305
6.202872085045167,-6.324304183281383,-1.2157090663601622,-4.3778733751261
6.536610724686161,-6.658873846884402,-2.9100095819604057,-4.365392426232364
6.7223956517232155,-6.795098939019694,-3.3952973479897484,-4.351122755843009
6.518994058607864,-6.591840651179709,-2.3326318885749853,-4.343663713551736
6.283666093890361,-6.313648179422986,-2.4748519558174293,-4.336282493455284
6.075345568633582,-6.062850625724625,-3.1304387926441968,-4.327195043970508
5.848596338394488,-5.800629633035142,-3.923500486875402,-4.317309374336534
6.0971194207133035,-6.004957583289102,-4.892354903328099,-4.304059009741823
5.178049916911455,-5.081858833114258,-4.252830091975042,-4.29782821705008
5.57226926943846,-5.458924172208765,-5.031016880977649,-4.288877323023241
6.250133436122126,-6.096984333044831,-6.469324091076974,-4.277250527062735
6.167108218317381,-6.036410871538946,-5.636814942414437,-4.271507431294232
6.404154539409973,-6.4010327528669135,-4.417199489435423,-4.2587897183531584
6.875074949966304,-6.831651951812779,-5.448363484076795,-4.241828822933881
6.3925723867405,-6.4238054614009386,-4.069189517660002,-4.230265764181673
6.090054260579932,-6.170227418416377,-3.043860958720723,-4.227357828852489
6.363769391219933,-6.429441641570359,-4.388730967116124,-4.2174663395702
6.248895289140617,-6.263891735340054,-5.138954825544025,-4.208716885513335
6.4790638681917985,-6.509616393905853,-5.2884616188975535,-4.200575116888612
6.337538071302776,-6.176557785125066,-6.5126566533363,-4.194397568781339
5.305623297975876,-5.2444813487692,-5.772624451121277,-4.199372240653321
4.24301326798169,-4.182861546717808,-4.082740285212511,-4.206616608484645
4.791587521202849,-4.74775486897813,-4.814755762955009,-4.209094203327148
4.575451226722961,-4.537823077587018,-4.480665731574192,-4.212567732867207
4.216508957329462,-4.150441692239016,-4.243036374198901,-4.219388966320244
4.374838972715839,-4.263872722781586,-4.9363393074204325,-4.229603720105934
4.459272590507325,-4.342473321110593,-4.5870969797953824,-4.2397122613116505
4.8695544646263995,-4.759914204121924,-4.669530621468458,-4.24652253476975
4.533193676345116,-4.387666888222996,-4.859498053508849,-4.256332107438043
3.554492936672547,-3.425981005349022,-3.7146926181193334,-4.269548188339917
3.745757107243952,-3.600147019949204,-3.783390308643044,-4.283157091058219
3.680091310513581,-3.52573609160741,-4.172260930929663,-4.2941913878312485
3.832857965379377,-3.6681635035601468,-4.345385305872782,-4.305178674898909
4.095936547561778,-3.931836095339122,-4.6414146097975335,-4.317646917086261
4.0633555427349215,-3.9066971963656703,-4.298978933695312,-4.327234426013111
3.956172061671264,-3.8042458916117097,-4.336637237996916,-4.338718397473566
4.260903061230623,-4.147779029639601,-4.464080360770249,-4.347787354399904
4.7155686628592095,-4.628362766740273,-4.714087836703381,-4.352120847765422
4.665508852559652,-4.5322214000460885,-5.044898747640939,-4.35824741790948
4.587481008241229,-4.473603805483788,-4.865103937535068,-4.36627018244382
4.230208862909531,-4.1447185958418356,-4.5204875626582846,-4.374054960675819
4.836487121464619,-4.801586459721887,-4.3868319065296735,-4.376357473919279
5.147016730341506,-5.165796410384193,-3.8043747003084523,-4.371227451782442
5.541414459017477,-5.581140754817327,-4.428121009704333,-4.3620245974868785
5.404496012776259,-5.501935896383271,-3.386779656053234,-4.353060708272977
5.543819833337917,-5.598956853740606,-4.410229909857624,-4.343228874843863
5.50022213555163,-5.5197513536536755,-4.566784042379617,-4.333829245126307
6.011957481725719,-5.99536472473482,-5.323062014841712,-4.319324962384783
5.986406870903949,-6.0688322779925015,-4.218302544292565,-4.303900514519164
5.348668658478873,-5.398407614615405,-3.983379751094918,-4.293578112725413
5.2607870776213135,-5.314427549883585,-3.864744186358141,-4.28385361564051
4.915583480865441,-5.048413812810068,-2.6231867859357454,-4.278127883772186
4.762821737130296,-4.908307287693813,-2.505445951673728,-4.273307853576348
4.545873474692428,-4.645206992912555,-2.6581303452380998,-4.2692248976217355
4.457095006226223,-4.583701164367889,-2.194765332513518,-4.267522584347482
4.1659168678895915,-4.333656697966682,-1.2747940097360997,-4.269234272439383
3.7437345403575204,-3.8954854832567682,-0.9815089326522073,-4.272597489710133
3.825149661809191,-4.020047130293157,-0.5960307824376541,-4.277023848909375
3.7480404642442586,-3.892611378604625,-0.9804980513361515,-4.2801092459566386
3.5172018640674416,-3.625503090172693,-1.049414921174747,-4.28330577447927
2.8359802452577787,-2.9672150311072207,0.6356199774051882,-4.290934411505099
2.592487133069981,-2.655850738429224,-0.522043609987726,-4.296609280255332
2.722245678819598,-2.840263822285038,0.40767103155075807,-4.303203677243555
2.835122472479693,-2.895479706222176,-0.23337837268828532,-4.308831421939012
3.047791622762381,-3.1527984592326885,-0.2777923026068434,-4.314301658204905
3.2456003523266235,-3.326867650060709,-0.45764015642573974,-4.319385536512193
3.5387126509715436,-3.6463879636102194,-0.37834658739375837,-4.3241638221669785
3.145180405857754,-3.182407762322299,-0.17885924000385553,-4.329318829371064
3.14872157743437,-3.150746398927509,-0.02049078344440952,-4.334719499008937
3.0499593521511645,-3.0922512991177933,-0.38125591933856656,-4.339779251326102
3.0103159891114037,-2.9872464500195917,0.029994938361180924,-4.344997906526666
2.7893599312928385,-2.6555504739391735,0.6575044155569599,-4.349549144288787
2.738460770244316,-2.5176343907246403,0.9104849103230611,-4.353718120487196
2.8902537532065775,-2.599442705049977,-0.7660925340566594,-4.358595941753362
2.5686435856925764,-2.268056548281046,-0.5736862455778564,-4.363937201750969
2.5878473639592174,-2.363280334520405,-0.5008893091208125,-4.368896260901496
2.5840387629907546,-2.3815944388178623,-0.22480915911241497,-4.373648772243397
2.405811635860218,-2.1091717154012044,0.12452752131951864,-4.378081365515555
2.260645783201022,-2.026549941551788,-0.7496706441045852,-4.382411354319545
2.04847328760421,-1.7800733211494046,-0.36145147328831845,-4.386863501862658
1.9066913605663587,-1.6234878516890565,0.4168643015418084,-4.390736113099228
2.0660981188911314,-1.7950627975704638,0.10956831041637734,-4.394758169040507
2.4018286314397264,-2.127658275476292,0.07755522454777952,-4.398780782628844
2.8514911207200293,-2.5272172568347355,0.8837192630002161,-4.403197830522464
2.920030954118184,-2.545437528471899,0.8519629467928174,-4.407827781257469
2.902071720423769,-2.5395687171071226,0.9004745621714323,-4.4125647319159915
2.666318912816049,-2.2471401923616257,1.2013546468193619,-4.416615604500907
2.908149354762916,-2.292459939207382,0.3541943780555947,-4.420617644429183
2.8091276659863214,-2.1348527672784257,0.1436163499277175,-4.424204615964209
2.8486358773155818,-2.0342446310603113,-0.37944639781896666,-4.427652272668655
2.7346641696463387,-1.8723438925241345,0.06603652773767191,-4.431118068990534
3.0036021924408267,-2.1024918359790004,-0.5805456065673336,-4.433959905917396
2.703835102929877,-1.7982856585868208,-0.49988664780609876,-4.437179373109352
2.638332252829688,-1.7298073356332633,0.32469693110541364,-4.440342222463329
2.504418308019126,-1.522091003147366,0.6654044274068436,-4.442951612557221
2.2547893039057927,-1.148780244563342,1.222686804304297,-4.443743719571997
2.0832615018349245,-0.8662974030852711,1.439849093856376,-4.443963976271868
2.0566098993453976,-0.7971103266056455,2.4009936689872435,-4.441359037978017
2.4190441610390527,-0.9691919312184883,1.8574741365775853,-4.441095637685796
2.2569783297288333,-0.71516437574108,1.6792560524488593,-4.440916501273524
2.16479938953695,-0.5660118495153854,2.49317739051966,-4.436900286100033
2.2967263081328886,-0.6046795791593275,1.7632731994168505,-4.4367843123736534
2.0790566995462303,-0.3617981703467899,2.227496147124456,-4.433130219310469
2.104555723138849,-0.3052114579220784,2.3861220445480953,-4.427887599129793
2.166946361180567,-0.29058382255993526,1.8069575626443928,-4.42538354277501
2.265657260281268,-0.28748654738347607,2.100662376595233,-4.421366771573547
2.526069168680182,-0.45447974257412205,1.647227562861415,-4.4185429994386265
2.5696996222378807,-0.4147529575735003,0.9409300499451122,-4.418799568494476
2.769192461640998,-0.5387246316743727,-0.6108828983493045,-4.423159121053954
2.7487219201549102,-0.5379649691464755,-0.7320261164074982,-4.42761704573386
2.7936963114191786,-0.578787215004647,-0.5648048982009717,-4.4316617679441395
2.774268929474808,-0.5710919832691709,-1.492578953095574,-4.434815037246826
3.0021176172955473,-0.8035768154713995,-1.695552569369603,-4.437045586250601
2.927504448466491,-0.777656061265294,-2.681080330124893,-4.435861618968657
2.8284037509998927,-0.9211894648026271,-2.5165173434226547,-4.435832540008174
2.5339707687521034,-0.6322727374403532,-1.8079112446401238,-4.439307979931294
2.2252576715844214,-0.40738695892991894,-2.6012399130537633,-4.439509775540232
2.045593935679468,-0.35132924300333657,-1.500065870223098,-4.443836992245366
1.9965947974298852,-0.5796311710305792,-0.9352142624240776,-4.448293085338316
2.005800426300369,-0.536307200913926,-0.7149472831121848,-4.452131884231607
2.320712049702948,-0.925702911105733,-0.8814693075164126,-4.455678269410144
2.199659432510071,-0.7654201364062008,-2.0169830212236586,-4.4580510077225926
2.1949504661810817,-0.9814122293996779,-2.855598199184916,-4.452806557820002
1.2484709848108975,-1.180691910652764,-0.6857853325286982,-4.45613513191218
1.251309541079639,-1.1717264120277857,-0.8183352717016728,-4.459137986701915
1.5141188213280083,-1.3601434471845977,-1.5272527634242343,-4.461889421010836
1.5842657814229844,-1.4400762846001705,-1.6972955176516062,-4.464331147535579
1.2897049410113601,-1.1826659632138525,-1.3814396386466758,-4.467167402430307
1.7833000503206446,-1.6722002391176913,-1.945044010258969,-4.469969567593817
1.6973217285079516,-1.5947575710578232,-1.8192293326254465,-4.472907673215557
2.0467451625690463,-1.9439947497575765,-1.9912235924661603,-4.474048831756837
1.9476738372071758,-1.8612019386716536,-1.886407785273855,-4.474868069671541
2.230859688787939,-2.159506303991868,-2.2708770115433072,-4.474752889449444
2.611085466151435,-2.54241530284742,-2.6614541217563374,-4.472538467634646
3.0864164639320064,-3.0822611469923724,-2.479708134071475,-4.465880660955355
3.6214314169880066,-3.670871543474235,-2.6221399180094007,-4.452331172918806
3.408011989183453,-3.4502136260480802,-2.5274966160948247,-4.44192916677238
3.4361419271474136,-3.4869412916926867,-2.6864931731167556,-4.431451351903557
2.7341241806640166,-2.7704411865221696,-1.470943938190643,-4.42868967128987
2.4947233003994733,-2.496732022512703,-1.74635226417338,-4.426707983850071
2.445757452798161,-2.464552039390469,-1.388564270230384,-4.425071962234957
2.5531819705995433,-2.6121557617940114,-0.9820488876423992,-4.423966309350233
1.91464206826918,-2.0017905426958897,0.7672809839447027,-4.430210201688668
1.4638352213176717,-1.5307905975543423,1.4294387218440923,-4.435801424823662
1.3419325422037194,-1.3551631964478648,1.8873571546683001,-4.436275091860445
1.0054465086595548,-0.8740982222981057,3.3970101045043597,-4.419352978799037
0.6549488125666629,-0.3731637361895482,4.1910170203595385,-4.386642916713239
-0.2968361033647365,0.7311659249064093,7.9911254081983465,-4.329818716099594
0.4872640800443684,0.21531480812907866,7.73071933634919,-4.288788774654785
1.1016800255663726,-0.16589664777005872,5.704807698822015,-4.26996537794388
1.202584478939233,0.4564627292741011,5.0252206010429505,-4.2510988290031735
1.6375940115407108,0.6217131972849889,1.9761042230054429,-4.251214029837812
1.5753250612732166,0.946213892512854,3.70517063947602,-4.243377965425931
1.5782877621728633,1.402223273902637,5.2708121950890945,-4.223323561078259
2.6446927149622237,1.0387221008261094,2.5116282471453366,-4.220068720954842
2.6443304863804706,1.3925461716718497,0.4301684558440446,-4.226163208444636
2.8437368062209933,1.162670396140534,0.8460325199734504,-4.231044992574721
3.066862411333767,1.2794952121790018,-1.4628317975965193,-4.241265218402373
2.733186109608008,1.7278766067513223,0.7138360326584241,-4.2461591746467375
3.391762947816016,0.974802243628431,-2.30701082127131,-4.254814306635889
3.4988671794600132,1.0085563183974284,-2.967857419131959,-4.2650266166418005
3.754898428759729,1.199088496082858,-3.3531222607376456,-4.275043983682406
2.8947366222298925,2.0056401636336068,-0.5804298783505787,-4.283004648338456
3.3920106614919976,1.5904974899546218,-1.5197736422331523,-4.291787403102195
3.8732981211090522,1.1469962771313065,-2.174165101239492,-4.3006641268060015
4.451689722489501,0.5373096675813397,-1.966376357883347,-4.309047198955289
5.119713576846371,-0.14621237989007985,-2.328127813685567,-4.316387524185375
4.8687056287062935,0.07370253613188926,-3.6575100608580735,-4.322216938568853
4.63977092127122,0.18561259230377103,-4.591414475777416,-4.320903027704926
4.912272631929446,-0.08461646388910657,-5.111324151740242,-4.319000349680285
4.617705264003642,0.26801367681502,-3.35692597583253,-4.322458059341469
4.407792028130448,0.42542635004694446,-2.9954454872037433,-4.327233068771146
4.473005533870225,0.4101855407806318,-1.6397537564593507,-4.333195278191988
4.531022833305879,0.33687313821253917,-2.341604815348974,-4.3387222622795605
4.558819806556407,0.3072965116405257,-2.7757921408199127,-4.343784360649391
5.045416490559027,-0.24246247338033247,-5.029293186450678,-4.341203336424303
5.2611090976892845,-0.7013744450035589,-5.635374125456626,-4.331690077671535
5.061008932616621,-0.9625371313752318,-4.917763669952054,-4.325956261957207
4.675287329944491,-0.6307677922145905,-2.2652769450601804,-4.329801339631936
4.3381767173729,-0.3739529023629344,-1.7117785369719196,-4.33564254631859
4.736434674220233,-0.987896215752428,-1.0083174493361404,-4.341055281922828
