231.0,232.0,-3.467
231.0,233.0,-3.417
231.0,234.0,-3.377
231.0,235.0,-3.344
231.0,236.0,-3.318
231.0,237.0,-3.298
231.0,238.0,-3.281
231.0,239.0,-3.268
231.0,240.0,-3.257
231.0,241.0,-3.248
231.0,242.0,-3.242
231.0,243.0,-3.236
232.0,233.0,-3.418
232.0,234.0,-3.357
232.0,235.0,-3.312
232.0,236.0,-3.278
232.0,237.0,-3.253
232.0,238.0,-3.234
232.0,239.0,-3.22
232.0,240.0,-3.209
232.0,241.0,-3.202
232.0,242.0,-3.196
232.0,243.0,-3.191
232.0,244.0,-3.188
233.0,234.0,-3.416
233.0,235.0,-3.358
233.0,236.0,-3.315
233.0,237.0,-3.283
233.0,238.0,-3.259
233.0,239.0,-3.241
233.0,240.0,-3.227
233.0,241.0,-3.217
233.0,242.0,-3.21
233.0,243.0,-3.204
233.0,244.0,-3.2
233.0,245.0,-3.197
234.0,235.0,-3.438
234.0,236.0,-3.378
234.0,237.0,-3.333
234.0,238.0,-3.299
234.0,239.0,-3.273
234.0,240.0,-3.253
234.0,241.0,-3.238
234.0,242.0,-3.227
234.0,243.0,-3.218
234.0,244.0,-3.212
234.0,245.0,-3.207
234.0,246.0,-3.203
235.0,236.0,-3.498
235.0,237.0,-3.439
235.0,238.0,-3.392
235.0,239.0,-3.355
235.0,240.0,-3.326
235.0,241.0,-3.303
235.0,242.0,-3.284
235.0,243.0,-3.27
235.0,244.0,-3.259
235.0,245.0,-3.25
235.0,246.0,-3.243
235.0,247.0,-3.237
236.0,237.0,-3.574
236.0,238.0,-3.506
236.0,239.0,-3.452
236.0,240.0,-3.408
236.0,241.0,-3.372
236.0,242.0,-3.344
236.0,243.0,-3.32
236.0,244.0,-3.302
236.0,245.0,-3.286
236.0,246.0,-3.274
236.0,247.0,-3.264
236.0,248.0,-3.256
237.0,238.0,-3.624
237.0,239.0,-3.547
237.0,240.0,-3.485
237.0,241.0,-3.434
237.0,242.0,-3.393
237.0,243.0,-3.36
237.0,244.0,-3.333
237.0,245.0,-3.311
237.0,246.0,-3.293
237.0,247.0,-3.279
237.0,248.0,-3.268
237.0,249.0,-3.258
238.0,239.0,-3.672
238.0,240.0,-3.589
238.0,241.0,-3.521
238.0,242.0,-3.466
238.0,243.0,-3.42
238.0,244.0,-3.384
238.0,245.0,-3.354
238.0,246.0,-3.329
238.0,247.0,-3.309
238.0,248.0,-3.293
238.0,249.0,-3.279
238.0,250.0,-3.268
239.0,240.0,-3.643
239.0,241.0,-3.549
239.0,242.0,-3.472
239.0,243.0,-3.41
239.0,244.0,-3.359
239.0,245.0,-3.317
239.0,246.0,-3.283
239.0,247.0,-3.255
239.0,248.0,-3.233
239.0,249.0,-3.214
239.0,250.0,-3.199
239.0,251.0,-3.187
240.0,241.0,-3.652
240.0,242.0,-3.573
240.0,243.0,-3.51
240.0,244.0,-3.458
240.0,245.0,-3.415
240.0,246.0,-3.38
240.0,247.0,-3.352
240.0,248.0,-3.329
240.0,249.0,-3.31
240.0,250.0,-3.295
240.0,251.0,-3.282
240.0,252.0,-3.272
241.0,242.0,-3.556
241.0,243.0,-3.481
241.0,244.0,-3.42
241.0,245.0,-3.369
241.0,246.0,-3.328
241.0,247.0,-3.294
241.0,248.0,-3.266
241.0,249.0,-3.243
241.0,250.0,-3.224
241.0,251.0,-3.209
241.0,252.0,-3.196
241.0,253.0,-3.186
242.0,243.0,-3.508
242.0,244.0,-3.459
242.0,245.0,-3.419
242.0,246.0,-3.386
242.0,247.0,-3.359
242.0,248.0,-3.336
242.0,249.0,-3.318
242.0,250.0,-3.303
242.0,251.0,-3.291
242.0,252.0,-3.28
242.0,253.0,-3.272
242.0,254.0,-3.265
243.0,244.0,-3.402
243.0,245.0,-3.374
243.0,246.0,-3.35
243.0,247.0,-3.33
243.0,248.0,-3.314
243.0,249.0,-3.301
243.0,250.0,-3.29
243.0,251.0,-3.281
243.0,252.0,-3.274
243.0,253.0,-3.268
243.0,254.0,-3.263
243.0,255.0,-3.259
244.0,245.0,-3.274
244.0,246.0,-3.249
244.0,247.0,-3.229
244.0,248.0,-3.213
244.0,249.0,-3.199
244.0,250.0,-3.189
244.0,251.0,-3.18
244.0,252.0,-3.172
244.0,253.0,-3.166
244.0,254.0,-3.162
244.0,255.0,-3.158
244.0,256.0,-3.154
245.0,246.0,-3.24
245.0,247.0,-3.223
245.0,248.0,-3.209
245.0,249.0,-3.198
245.0,250.0,-3.188
245.0,251.0,-3.181
245.0,252.0,-3.175
245.0,253.0,-3.17
245.0,254.0,-3.166
245.0,255.0,-3.163
245.0,256.0,-3.16
245.0,257.0,-3.158
246.0,247.0,-3.209
246.0,248.0,-3.196
246.0,249.0,-3.186
246.0,250.0,-3.178
246.0,251.0,-3.171
246.0,252.0,-3.165
246.0,253.0,-3.161
246.0,254.0,-3.157
246.0,255.0,-3.154
246.0,256.0,-3.151
246.0,257.0,-3.149
246.0,258.0,-3.147
247.0,248.0,-3.117
247.0,249.0,-3.121
247.0,250.0,-3.125
247.0,251.0,-3.128
247.0,252.0,-3.13
247.0,253.0,-3.132
247.0,254.0,-3.134
247.0,255.0,-3.135
247.0,256.0,-3.137
247.0,257.0,-3.137
247.0,258.0,-3.138
247.0,259.0,-3.139
248.0,249.0,-3.22
248.0,250.0,-3.224
248.0,251.0,-3.227
248.0,252.0,-3.229
248.0,253.0,-3.231
248.0,254.0,-3.233
248.0,255.0,-3.234
248.0,256.0,-3.235
248.0,257.0,-3.236
248.0,258.0,-3.237
248.0,259.0,-3.237
248.0,260.0,-3.238
249.0,250.0,-2.975
249.0,251.0,-3.004
249.0,252.0,-3.029
249.0,253.0,-3.049
249.0,254.0,-3.065
249.0,255.0,-3.078
249.0,256.0,-3.089
249.0,257.0,-3.098
249.0,258.0,-3.105
249.0,259.0,-3.111
249.0,260.0,-3.116
249.0,261.0,-3.12
250.0,251.0,-2.923
250.0,252.0,-2.96
250.0,253.0,-2.991
250.0,254.0,-3.015
250.0,255.0,-3.035
250.0,256.0,-3.052
250.0,257.0,-3.065
250.0,258.0,-3.076
250.0,259.0,-3.085
250.0,260.0,-3.092
250.0,261.0,-3.098
250.0,262.0,-3.103
251.0,252.0,-2.882
251.0,253.0,-2.927
251.0,254.0,-2.964
251.0,255.0,-2.995
251.0,256.0,-3.02
251.0,257.0,-3.04
251.0,258.0,-3.056
251.0,259.0,-3.07
251.0,260.0,-3.081
251.0,261.0,-3.09
251.0,262.0,-3.098
251.0,263.0,-3.104
252.0,253.0,-2.854
252.0,254.0,-2.905
252.0,255.0,-2.946
252.0,256.0,-2.98
252.0,257.0,-3.007
252.0,258.0,-3.03
252.0,259.0,-3.048
252.0,260.0,-3.063
252.0,261.0,-3.075
252.0,262.0,-3.085
252.0,263.0,-3.093
252.0,264.0,-3.099
253.0,254.0,-2.896
253.0,255.0,-2.937
253.0,256.0,-2.972
253.0,257.0,-3.0
253.0,258.0,-3.022
253.0,259.0,-3.041
253.0,260.0,-3.056
253.0,261.0,-3.069
253.0,262.0,-3.079
253.0,263.0,-3.087
253.0,264.0,-3.094
253.0,265.0,-3.099
254.0,255.0,-3.014
254.0,256.0,-3.051
254.0,257.0,-3.082
254.0,258.0,-3.108
254.0,259.0,-3.129
254.0,260.0,-3.147
254.0,261.0,-3.162
254.0,262.0,-3.174
254.0,263.0,-3.184
254.0,264.0,-3.193
254.0,265.0,-3.2
254.0,266.0,-3.206
255.0,256.0,-2.949
255.0,257.0,-2.981
255.0,258.0,-3.008
255.0,259.0,-3.03
255.0,260.0,-3.047
255.0,261.0,-3.061
255.0,262.0,-3.073
255.0,263.0,-3.082
255.0,264.0,-3.09
255.0,265.0,-3.096
255.0,266.0,-3.101
255.0,267.0,-3.106
256.0,257.0,-3.045
256.0,258.0,-3.061
256.0,259.0,-3.075
256.0,260.0,-3.086
256.0,261.0,-3.095
256.0,262.0,-3.102
256.0,263.0,-3.108
256.0,264.0,-3.113
256.0,265.0,-3.117
256.0,266.0,-3.12
256.0,267.0,-3.122
256.0,268.0,-3.124
257.0,258.0,-3.054
257.0,259.0,-3.066
257.0,260.0,-3.076
257.0,261.0,-3.084
257.0,262.0,-3.091
257.0,263.0,-3.097
257.0,264.0,-3.101
257.0,265.0,-3.105
257.0,266.0,-3.108
257.0,267.0,-3.11
257.0,268.0,-3.112
257.0,269.0,-3.114
258.0,259.0,-3.039
258.0,260.0,-3.054
258.0,261.0,-3.067
258.0,262.0,-3.077
258.0,263.0,-3.085
258.0,264.0,-3.091
258.0,265.0,-3.097
258.0,266.0,-3.101
258.0,267.0,-3.105
258.0,268.0,-3.107
258.0,269.0,-3.11
258.0,270.0,-3.112
259.0,260.0,-3.105
259.0,261.0,-3.108
259.0,262.0,-3.11
259.0,263.0,-3.111
259.0,264.0,-3.113
259.0,265.0,-3.114
259.0,266.0,-3.115
259.0,267.0,-3.115
259.0,268.0,-3.116
259.0,269.0,-3.117
259.0,270.0,-3.117
259.0,271.0,-3.117
260.0,261.0,-3.204
260.0,262.0,-3.19
260.0,263.0,-3.179
260.0,264.0,-3.169
260.0,265.0,-3.162
260.0,266.0,-3.156
260.0,267.0,-3.151
260.0,268.0,-3.147
260.0,269.0,-3.144
260.0,270.0,-3.142
260.0,271.0,-3.14
260.0,272.0,-3.138
261.0,262.0,-3.359
261.0,263.0,-3.336
261.0,264.0,-3.317
261.0,265.0,-3.301
261.0,266.0,-3.288
261.0,267.0,-3.278
261.0,268.0,-3.269
261.0,269.0,-3.262
261.0,270.0,-3.256
261.0,271.0,-3.251
261.0,272.0,-3.247
261.0,273.0,-3.243
262.0,263.0,-3.284
262.0,264.0,-3.252
262.0,265.0,-3.226
262.0,266.0,-3.205
262.0,267.0,-3.189
262.0,268.0,-3.175
262.0,269.0,-3.164
262.0,270.0,-3.155
262.0,271.0,-3.148
262.0,272.0,-3.142
262.0,273.0,-3.138
262.0,274.0,-3.134
263.0,264.0,-3.321
263.0,265.0,-3.28
263.0,266.0,-3.248
263.0,267.0,-3.221
263.0,268.0,-3.2
263.0,269.0,-3.183
263.0,270.0,-3.17
263.0,271.0,-3.159
263.0,272.0,-3.15
263.0,273.0,-3.143
263.0,274.0,-3.137
263.0,275.0,-3.133
264.0,265.0,-3.451
264.0,266.0,-3.412
264.0,267.0,-3.379
264.0,268.0,-3.352
264.0,269.0,-3.33
264.0,270.0,-3.311
264.0,271.0,-3.296
264.0,272.0,-3.283
264.0,273.0,-3.272
264.0,274.0,-3.263
264.0,275.0,-3.256
264.0,276.0,-3.25
265.0,266.0,-3.327
265.0,267.0,-3.285
265.0,268.0,-3.252
265.0,269.0,-3.224
265.0,270.0,-3.202
265.0,271.0,-3.183
265.0,272.0,-3.169
265.0,273.0,-3.156
265.0,274.0,-3.147
265.0,275.0,-3.139
265.0,276.0,-3.132
265.0,277.0,-3.127
266.0,267.0,-3.33
266.0,268.0,-3.286
266.0,269.0,-3.25
266.0,270.0,-3.221
266.0,271.0,-3.197
266.0,272.0,-3.178
266.0,273.0,-3.163
266.0,274.0,-3.151
266.0,275.0,-3.141
266.0,276.0,-3.134
266.0,277.0,-3.127
266.0,278.0,-3.122
267.0,268.0,-3.434
267.0,269.0,-3.374
267.0,270.0,-3.324
267.0,271.0,-3.284
267.0,272.0,-3.252
267.0,273.0,-3.225
267.0,274.0,-3.203
267.0,275.0,-3.186
267.0,276.0,-3.171
267.0,277.0,-3.16
267.0,278.0,-3.15
267.0,279.0,-3.143
268.0,269.0,-3.614
268.0,270.0,-3.549
268.0,271.0,-3.495
268.0,272.0,-3.449
268.0,273.0,-3.412
268.0,274.0,-3.381
268.0,275.0,-3.355
268.0,276.0,-3.333
268.0,277.0,-3.315
268.0,278.0,-3.3
268.0,279.0,-3.288
268.0,280.0,-3.277
269.0,270.0,-3.4
269.0,271.0,-3.342
269.0,272.0,-3.295
269.0,273.0,-3.257
269.0,274.0,-3.226
269.0,275.0,-3.201
269.0,276.0,-3.181
269.0,277.0,-3.165
269.0,278.0,-3.152
269.0,279.0,-3.141
269.0,280.0,-3.132
269.0,281.0,-3.126
270.0,271.0,-3.382
270.0,272.0,-3.329
270.0,273.0,-3.287
270.0,274.0,-3.252
270.0,275.0,-3.224
270.0,276.0,-3.202
270.0,277.0,-3.184
270.0,278.0,-3.17
270.0,279.0,-3.158
270.0,280.0,-3.148
270.0,281.0,-3.141
270.0,282.0,-3.135
271.0,272.0,-3.553
271.0,273.0,-3.497
271.0,274.0,-3.451
271.0,275.0,-3.413
271.0,276.0,-3.381
271.0,277.0,-3.354
271.0,278.0,-3.332
271.0,279.0,-3.313
271.0,280.0,-3.297
271.0,281.0,-3.284
271.0,282.0,-3.274
271.0,283.0,-3.264
272.0,273.0,-3.55
272.0,274.0,-3.474
272.0,275.0,-3.411
272.0,276.0,-3.359
272.0,277.0,-3.317
272.0,278.0,-3.282
272.0,279.0,-3.253
272.0,280.0,-3.23
272.0,281.0,-3.21
272.0,282.0,-3.195
272.0,283.0,-3.182
272.0,284.0,-3.171
273.0,274.0,-3.593
273.0,275.0,-3.508
273.0,276.0,-3.437
273.0,277.0,-3.38
273.0,278.0,-3.332
273.0,279.0,-3.293
273.0,280.0,-3.261
273.0,281.0,-3.234
273.0,282.0,-3.212
273.0,283.0,-3.194
273.0,284.0,-3.179
273.0,285.0,-3.167
274.0,275.0,-3.616
274.0,276.0,-3.529
274.0,277.0,-3.456
274.0,278.0,-3.397
274.0,279.0,-3.347
274.0,280.0,-3.306
274.0,281.0,-3.273
274.0,282.0,-3.245
274.0,283.0,-3.222
274.0,284.0,-3.203
274.0,285.0,-3.187
274.0,286.0,-3.174
275.0,276.0,-3.637
275.0,277.0,-3.546
275.0,278.0,-3.471
275.0,279.0,-3.408
275.0,280.0,-3.356
275.0,281.0,-3.313
275.0,282.0,-3.277
275.0,283.0,-3.248
275.0,284.0,-3.223
275.0,285.0,-3.203
275.0,286.0,-3.186
275.0,287.0,-3.172
276.0,277.0,-3.733
276.0,278.0,-3.627
276.0,279.0,-3.538
276.0,280.0,-3.465
276.0,281.0,-3.403
276.0,282.0,-3.353
276.0,283.0,-3.31
276.0,284.0,-3.275
276.0,285.0,-3.246
276.0,286.0,-3.222
276.0,287.0,-3.202
276.0,288.0,-3.185
277.0,278.0,-3.824
277.0,279.0,-3.712
277.0,280.0,-3.617
277.0,281.0,-3.536
277.0,282.0,-3.469
277.0,283.0,-3.411
277.0,284.0,-3.363
277.0,285.0,-3.322
277.0,286.0,-3.288
277.0,287.0,-3.259
277.0,288.0,-3.234
277.0,289.0,-3.213
278.0,279.0,-3.344
278.0,280.0,-3.329
278.0,281.0,-3.316
278.0,282.0,-3.305
278.0,283.0,-3.296
278.0,284.0,-3.288
278.0,285.0,-3.281
278.0,286.0,-3.274
278.0,287.0,-3.269
278.0,288.0,-3.265
278.0,289.0,-3.261
278.0,290.0,-3.257
279.0,280.0,-3.826
279.0,281.0,-3.719
279.0,282.0,-3.628
279.0,283.0,-3.55
279.0,284.0,-3.484
279.0,285.0,-3.428
279.0,286.0,-3.379
279.0,287.0,-3.338
279.0,288.0,-3.303
279.0,289.0,-3.273
279.0,290.0,-3.247
279.0,291.0,-3.225
280.0,281.0,-3.793
280.0,282.0,-3.683
280.0,283.0,-3.592
280.0,284.0,-3.515
280.0,285.0,-3.45
280.0,286.0,-3.395
280.0,287.0,-3.35
280.0,288.0,-3.311
280.0,289.0,-3.279
280.0,290.0,-3.252
280.0,291.0,-3.229
280.0,292.0,-3.21
281.0,282.0,-3.717
281.0,283.0,-3.62
281.0,284.0,-3.538
281.0,285.0,-3.469
281.0,286.0,-3.412
281.0,287.0,-3.364
281.0,288.0,-3.324
281.0,289.0,-3.291
281.0,290.0,-3.263
281.0,291.0,-3.24
281.0,292.0,-3.22
281.0,293.0,-3.204
282.0,283.0,-3.693
282.0,284.0,-3.599
282.0,285.0,-3.521
282.0,286.0,-3.455
282.0,287.0,-3.399
282.0,288.0,-3.353
282.0,289.0,-3.314
282.0,290.0,-3.282
282.0,291.0,-3.255
282.0,292.0,-3.232
282.0,293.0,-3.213
282.0,294.0,-3.197
283.0,284.0,-3.701
283.0,285.0,-3.607
283.0,286.0,-3.528
283.0,287.0,-3.462
283.0,288.0,-3.406
283.0,289.0,-3.36
283.0,290.0,-3.321
283.0,291.0,-3.288
283.0,292.0,-3.261
283.0,293.0,-3.238
283.0,294.0,-3.218
283.0,295.0,-3.202
284.0,285.0,-3.722
284.0,286.0,-3.627
284.0,287.0,-3.547
284.0,288.0,-3.48
284.0,289.0,-3.422
284.0,290.0,-3.374
284.0,291.0,-3.332
284.0,292.0,-3.298
284.0,293.0,-3.268
284.0,294.0,-3.243
284.0,295.0,-3.222
284.0,296.0,-3.204
285.0,286.0,-3.739
285.0,287.0,-3.638
285.0,288.0,-3.553
285.0,289.0,-3.481
285.0,290.0,-3.421
285.0,291.0,-3.37
285.0,292.0,-3.327
285.0,293.0,-3.291
285.0,294.0,-3.261
285.0,295.0,-3.236
285.0,296.0,-3.214
285.0,297.0,-3.196
286.0,287.0,-3.821
286.0,288.0,-3.71
286.0,289.0,-3.617
286.0,290.0,-3.538
286.0,291.0,-3.472
286.0,292.0,-3.417
286.0,293.0,-3.37
286.0,294.0,-3.331
286.0,295.0,-3.297
286.0,296.0,-3.269
286.0,297.0,-3.246
286.0,298.0,-3.226
287.0,288.0,-3.773
287.0,289.0,-3.717
287.0,290.0,-3.666
287.0,291.0,-3.621
287.0,292.0,-3.58
287.0,293.0,-3.543
287.0,294.0,-3.51
287.0,295.0,-3.48
287.0,296.0,-3.453
287.0,297.0,-3.429
287.0,298.0,-3.408
287.0,299.0,-3.388
288.0,289.0,-3.731
288.0,290.0,-3.692
288.0,291.0,-3.655
288.0,292.0,-3.622
288.0,293.0,-3.591
288.0,294.0,-3.564
288.0,295.0,-3.538
288.0,296.0,-3.514
288.0,297.0,-3.493
288.0,298.0,-3.473
288.0,299.0,-3.455
288.0,300.0,-3.439
289.0,290.0,-3.689
289.0,291.0,-3.645
289.0,292.0,-3.606
289.0,293.0,-3.57
289.0,294.0,-3.537
289.0,295.0,-3.508
289.0,296.0,-3.481
289.0,297.0,-3.457
289.0,298.0,-3.435
289.0,299.0,-3.415
289.0,300.0,-3.397
289.0,301.0,-3.38
290.0,291.0,-3.693
290.0,292.0,-3.649
290.0,293.0,-3.609
290.0,294.0,-3.572
290.0,295.0,-3.539
290.0,296.0,-3.51
290.0,297.0,-3.483
290.0,298.0,-3.458
290.0,299.0,-3.436
290.0,300.0,-3.416
290.0,301.0,-3.398
290.0,302.0,-3.381
291.0,292.0,-3.809
291.0,293.0,-3.763
291.0,294.0,-3.721
291.0,295.0,-3.682
291.0,296.0,-3.647
291.0,297.0,-3.615
291.0,298.0,-3.585
291.0,299.0,-3.558
291.0,300.0,-3.533
291.0,301.0,-3.51
291.0,302.0,-3.489
291.0,303.0,-3.47
292.0,293.0,-3.78
292.0,294.0,-3.729
292.0,295.0,-3.683
292.0,296.0,-3.641
292.0,297.0,-3.603
292.0,298.0,-3.568
292.0,299.0,-3.536
292.0,300.0,-3.507
292.0,301.0,-3.481
292.0,302.0,-3.457
292.0,303.0,-3.436
292.0,304.0,-3.416
293.0,294.0,-3.581
293.0,295.0,-3.551
293.0,296.0,-3.524
293.0,297.0,-3.5
293.0,298.0,-3.478
293.0,299.0,-3.458
293.0,300.0,-3.439
293.0,301.0,-3.423
293.0,302.0,-3.408
293.0,303.0,-3.394
293.0,304.0,-3.382
293.0,305.0,-3.371
294.0,295.0,-3.389
294.0,296.0,-3.377
294.0,297.0,-3.367
294.0,298.0,-3.357
294.0,299.0,-3.348
294.0,300.0,-3.34
294.0,301.0,-3.333
294.0,302.0,-3.327
294.0,303.0,-3.321
294.0,304.0,-3.315
294.0,305.0,-3.31
294.0,306.0,-3.306
295.0,296.0,-3.29
295.0,297.0,-3.289
295.0,298.0,-3.287
295.0,299.0,-3.286
295.0,300.0,-3.285
295.0,301.0,-3.284
295.0,302.0,-3.283
295.0,303.0,-3.282
295.0,304.0,-3.281
295.0,305.0,-3.28
295.0,306.0,-3.28
295.0,307.0,-3.279
296.0,297.0,-3.212
296.0,298.0,-3.214
296.0,299.0,-3.215
296.0,300.0,-3.217
296.0,301.0,-3.218
296.0,302.0,-3.219
296.0,303.0,-3.221
296.0,304.0,-3.222
296.0,305.0,-3.222
296.0,306.0,-3.223
296.0,307.0,-3.224
296.0,308.0,-3.224
297.0,298.0,-3.246
297.0,299.0,-3.248
297.0,300.0,-3.25
297.0,301.0,-3.251
297.0,302.0,-3.252
297.0,303.0,-3.254
297.0,304.0,-3.255
297.0,305.0,-3.256
297.0,306.0,-3.257
297.0,307.0,-3.257
297.0,308.0,-3.258
297.0,309.0,-3.259
298.0,299.0,-3.31
298.0,300.0,-3.301
298.0,301.0,-3.293
298.0,302.0,-3.286
298.0,303.0,-3.279
298.0,304.0,-3.273
298.0,305.0,-3.268
298.0,306.0,-3.263
298.0,307.0,-3.259
298.0,308.0,-3.255
298.0,309.0,-3.252
298.0,310.0,-3.249
299.0,300.0,-3.466
299.0,301.0,-3.443
299.0,302.0,-3.423
299.0,303.0,-3.404
299.0,304.0,-3.387
299.0,305.0,-3.372
299.0,306.0,-3.359
299.0,307.0,-3.346
299.0,308.0,-3.335
299.0,309.0,-3.325
299.0,310.0,-3.317
299.0,311.0,-3.309
300.0,301.0,-3.417
300.0,302.0,-3.403
300.0,303.0,-3.391
300.0,304.0,-3.38
300.0,305.0,-3.37
300.0,306.0,-3.361
300.0,307.0,-3.353
300.0,308.0,-3.345
300.0,309.0,-3.338
300.0,310.0,-3.332
300.0,311.0,-3.327
300.0,312.0,-3.322
301.0,302.0,-3.258
301.0,303.0,-3.259
301.0,304.0,-3.261
301.0,305.0,-3.262
301.0,306.0,-3.263
301.0,307.0,-3.264
301.0,308.0,-3.265
301.0,309.0,-3.266
301.0,310.0,-3.267
301.0,311.0,-3.268
301.0,312.0,-3.268
301.0,313.0,-3.269
302.0,303.0,-3.376
302.0,304.0,-3.364
302.0,305.0,-3.353
302.0,306.0,-3.344
302.0,307.0,-3.335
302.0,308.0,-3.327
302.0,309.0,-3.32
302.0,310.0,-3.314
302.0,311.0,-3.308
302.0,312.0,-3.303
302.0,313.0,-3.298
302.0,314.0,-3.294
303.0,304.0,-3.226
303.0,305.0,-3.225
303.0,306.0,-3.224
303.0,307.0,-3.223
303.0,308.0,-3.222
303.0,309.0,-3.222
303.0,310.0,-3.221
303.0,311.0,-3.22
303.0,312.0,-3.22
303.0,313.0,-3.22
303.0,314.0,-3.219
303.0,315.0,-3.219
304.0,305.0,-3.303
304.0,306.0,-3.299
304.0,307.0,-3.296
304.0,308.0,-3.294
304.0,309.0,-3.291
304.0,310.0,-3.289
304.0,311.0,-3.287
304.0,312.0,-3.285
304.0,313.0,-3.283
304.0,314.0,-3.282
304.0,315.0,-3.281
304.0,316.0,-3.28
305.0,306.0,-3.415
305.0,307.0,-3.401
305.0,308.0,-3.389
305.0,309.0,-3.378
305.0,310.0,-3.368
305.0,311.0,-3.359
305.0,312.0,-3.351
305.0,313.0,-3.343
305.0,314.0,-3.337
305.0,315.0,-3.331
305.0,316.0,-3.325
305.0,317.0,-3.32
306.0,307.0,-3.533
306.0,308.0,-3.509
306.0,309.0,-3.487
306.0,310.0,-3.467
306.0,311.0,-3.449
306.0,312.0,-3.433
306.0,313.0,-3.419
306.0,314.0,-3.405
306.0,315.0,-3.394
306.0,316.0,-3.383
306.0,317.0,-3.373
306.0,318.0,-3.365
307.0,308.0,-3.639
307.0,309.0,-3.603
307.0,310.0,-3.57
307.0,311.0,-3.541
307.0,312.0,-3.514
307.0,313.0,-3.49
307.0,314.0,-3.469
307.0,315.0,-3.449
307.0,316.0,-3.432
307.0,317.0,-3.416
307.0,318.0,-3.402
307.0,319.0,-3.389
308.0,309.0,-3.666
308.0,310.0,-3.631
308.0,311.0,-3.598
308.0,312.0,-3.569
308.0,313.0,-3.543
308.0,314.0,-3.518
308.0,315.0,-3.496
308.0,316.0,-3.476
308.0,317.0,-3.458
308.0,318.0,-3.441
308.0,319.0,-3.426
308.0,320.0,-3.413
309.0,310.0,-3.722
309.0,311.0,-3.683
309.0,312.0,-3.647
309.0,313.0,-3.614
309.0,314.0,-3.584
309.0,315.0,-3.557
309.0,316.0,-3.532
309.0,317.0,-3.51
309.0,318.0,-3.489
309.0,319.0,-3.471
309.0,320.0,-3.454
309.0,321.0,-3.438
310.0,311.0,-3.855
310.0,312.0,-3.804
310.0,313.0,-3.757
310.0,314.0,-3.714
310.0,315.0,-3.676
310.0,316.0,-3.641
310.0,317.0,-3.609
310.0,318.0,-3.579
310.0,319.0,-3.553
310.0,320.0,-3.528
310.0,321.0,-3.506
310.0,322.0,-3.486
311.0,312.0,-3.823
311.0,313.0,-3.772
311.0,314.0,-3.726
311.0,315.0,-3.685
311.0,316.0,-3.647
311.0,317.0,-3.613
311.0,318.0,-3.582
311.0,319.0,-3.554
311.0,320.0,-3.529
311.0,321.0,-3.506
311.0,322.0,-3.485
311.0,323.0,-3.466
312.0,313.0,-3.564
312.0,314.0,-3.535
312.0,315.0,-3.509
312.0,316.0,-3.486
312.0,317.0,-3.465
312.0,318.0,-3.446
312.0,319.0,-3.429
312.0,320.0,-3.414
312.0,321.0,-3.401
312.0,322.0,-3.389
312.0,323.0,-3.378
312.0,324.0,-3.368
313.0,314.0,-3.515
313.0,315.0,-3.484
313.0,316.0,-3.456
313.0,317.0,-3.431
313.0,318.0,-3.408
313.0,319.0,-3.388
313.0,320.0,-3.371
313.0,321.0,-3.355
313.0,322.0,-3.341
313.0,323.0,-3.329
313.0,324.0,-3.318
313.0,325.0,-3.308
314.0,315.0,-3.35
314.0,316.0,-3.344
314.0,317.0,-3.339
314.0,318.0,-3.334
314.0,319.0,-3.33
314.0,320.0,-3.326
314.0,321.0,-3.323
314.0,322.0,-3.32
314.0,323.0,-3.317
314.0,324.0,-3.315
314.0,325.0,-3.313
314.0,326.0,-3.311
315.0,316.0,-3.389
315.0,317.0,-3.379
315.0,318.0,-3.37
315.0,319.0,-3.362
315.0,320.0,-3.354
315.0,321.0,-3.348
315.0,322.0,-3.342
315.0,323.0,-3.337
315.0,324.0,-3.332
315.0,325.0,-3.328
315.0,326.0,-3.324
315.0,327.0,-3.321
316.0,317.0,-3.516
316.0,318.0,-3.491
316.0,319.0,-3.468
316.0,320.0,-3.448
316.0,321.0,-3.43
316.0,322.0,-3.414
316.0,323.0,-3.399
316.0,324.0,-3.386
316.0,325.0,-3.374
316.0,326.0,-3.364
316.0,327.0,-3.355
316.0,328.0,-3.346
317.0,318.0,-3.641
317.0,319.0,-3.604
317.0,320.0,-3.57
317.0,321.0,-3.54
317.0,322.0,-3.514
317.0,323.0,-3.49
317.0,324.0,-3.468
317.0,325.0,-3.449
317.0,326.0,-3.432
317.0,327.0,-3.417
317.0,328.0,-3.403
317.0,329.0,-3.391
318.0,319.0,-3.641
318.0,320.0,-3.602
318.0,321.0,-3.567
318.0,322.0,-3.536
318.0,323.0,-3.508
318.0,324.0,-3.483
318.0,325.0,-3.461
318.0,326.0,-3.441
318.0,327.0,-3.423
318.0,328.0,-3.407
318.0,329.0,-3.393
318.0,330.0,-3.381
319.0,320.0,-3.865
319.0,321.0,-3.807
319.0,322.0,-3.755
319.0,323.0,-3.708
319.0,324.0,-3.666
319.0,325.0,-3.628
319.0,326.0,-3.593
319.0,327.0,-3.562
319.0,328.0,-3.534
319.0,329.0,-3.509
319.0,330.0,-3.486
319.0,331.0,-3.466
320.0,321.0,-3.941
320.0,322.0,-3.883
320.0,323.0,-3.83
320.0,324.0,-3.782
320.0,325.0,-3.738
320.0,326.0,-3.698
320.0,327.0,-3.662
320.0,328.0,-3.629
320.0,329.0,-3.599
320.0,330.0,-3.571
320.0,331.0,-3.546
320.0,332.0,-3.523
321.0,322.0,-3.939
321.0,323.0,-3.885
321.0,324.0,-3.836
321.0,325.0,-3.79
321.0,326.0,-3.748
321.0,327.0,-3.71
321.0,328.0,-3.675
321.0,329.0,-3.642
321.0,330.0,-3.613
321.0,331.0,-3.585
321.0,332.0,-3.56
321.0,333.0,-3.537
322.0,323.0,-3.892
322.0,324.0,-3.838
322.0,325.0,-3.79
322.0,326.0,-3.746
322.0,327.0,-3.705
322.0,328.0,-3.668
322.0,329.0,-3.635
322.0,330.0,-3.604
322.0,331.0,-3.576
322.0,332.0,-3.551
322.0,333.0,-3.527
322.0,334.0,-3.506
323.0,324.0,-3.876
323.0,325.0,-3.826
323.0,326.0,-3.78
323.0,327.0,-3.738
323.0,328.0,-3.699
323.0,329.0,-3.664
323.0,330.0,-3.631
323.0,331.0,-3.601
323.0,332.0,-3.574
323.0,333.0,-3.549
323.0,334.0,-3.526
323.0,335.0,-3.505
324.0,325.0,-3.915
324.0,326.0,-3.864
324.0,327.0,-3.817
324.0,328.0,-3.774
324.0,329.0,-3.734
324.0,330.0,-3.698
324.0,331.0,-3.664
324.0,332.0,-3.633
324.0,333.0,-3.605
324.0,334.0,-3.579
324.0,335.0,-3.554
324.0,336.0,-3.532
325.0,326.0,-4.011
325.0,327.0,-3.953
325.0,328.0,-3.9
325.0,329.0,-3.851
325.0,330.0,-3.806
325.0,331.0,-3.764
325.0,332.0,-3.726
325.0,333.0,-3.69
325.0,334.0,-3.658
325.0,335.0,-3.628
325.0,336.0,-3.601
325.0,337.0,-3.575
326.0,327.0,-4.055
326.0,328.0,-3.994
326.0,329.0,-3.937
326.0,330.0,-3.886
326.0,331.0,-3.838
326.0,332.0,-3.794
326.0,333.0,-3.754
326.0,334.0,-3.717
326.0,335.0,-3.683
326.0,336.0,-3.652
326.0,337.0,-3.623
326.0,338.0,-3.596
327.0,328.0,-4.023
327.0,329.0,-3.96
327.0,330.0,-3.902
327.0,331.0,-3.85
327.0,332.0,-3.802
327.0,333.0,-3.758
327.0,334.0,-3.717
327.0,335.0,-3.681
327.0,336.0,-3.647
327.0,337.0,-3.616
327.0,338.0,-3.588
327.0,339.0,-3.562
328.0,329.0,-4.086
328.0,330.0,-4.026
328.0,331.0,-3.971
328.0,332.0,-3.92
328.0,333.0,-3.872
328.0,334.0,-3.828
328.0,335.0,-3.787
328.0,336.0,-3.749
328.0,337.0,-3.714
328.0,338.0,-3.682
328.0,339.0,-3.652
328.0,340.0,-3.624
329.0,330.0,-4.146
329.0,331.0,-4.085
329.0,332.0,-4.029
329.0,333.0,-3.976
329.0,334.0,-3.928
329.0,335.0,-3.882
329.0,336.0,-3.84
329.0,337.0,-3.801
329.0,338.0,-3.764
329.0,339.0,-3.73
329.0,340.0,-3.699
329.0,341.0,-3.67
330.0,331.0,-4.193
330.0,332.0,-4.127
330.0,333.0,-4.065
330.0,334.0,-4.009
330.0,335.0,-3.956
330.0,336.0,-3.907
330.0,337.0,-3.862
330.0,338.0,-3.82
330.0,339.0,-3.781
330.0,340.0,-3.745
330.0,341.0,-3.712
330.0,342.0,-3.681
331.0,332.0,-4.198
331.0,333.0,-4.134
331.0,334.0,-4.075
331.0,335.0,-4.02
331.0,336.0,-3.968
331.0,337.0,-3.921
331.0,338.0,-3.876
331.0,339.0,-3.834
331.0,340.0,-3.796
331.0,341.0,-3.759
331.0,342.0,-3.726
331.0,343.0,-3.694
332.0,333.0,-4.221
332.0,334.0,-4.156
332.0,335.0,-4.095
332.0,336.0,-4.039
332.0,337.0,-3.987
332.0,338.0,-3.938
332.0,339.0,-3.893
332.0,340.0,-3.85
332.0,341.0,-3.811
332.0,342.0,-3.775
332.0,343.0,-3.741
332.0,344.0,-3.709
333.0,334.0,-4.255
333.0,335.0,-4.189
333.0,336.0,-4.128
333.0,337.0,-4.071
333.0,338.0,-4.017
333.0,339.0,-3.968
333.0,340.0,-3.921
333.0,341.0,-3.878
333.0,342.0,-3.837
333.0,343.0,-3.8
333.0,344.0,-3.765
333.0,345.0,-3.732
334.0,335.0,-4.242
334.0,336.0,-4.177
334.0,337.0,-4.116
334.0,338.0,-4.059
334.0,339.0,-4.006
334.0,340.0,-3.957
334.0,341.0,-3.911
334.0,342.0,-3.868
334.0,343.0,-3.829
334.0,344.0,-3.791
334.0,345.0,-3.757
334.0,346.0,-3.725
335.0,336.0,-4.284
335.0,337.0,-4.22
335.0,338.0,-4.161
335.0,339.0,-4.105
335.0,340.0,-4.053
335.0,341.0,-4.004
335.0,342.0,-3.958
335.0,343.0,-3.915
335.0,344.0,-3.875
335.0,345.0,-3.838
335.0,346.0,-3.803
335.0,347.0,-3.77
336.0,337.0,-4.259
336.0,338.0,-4.192
336.0,339.0,-4.13
336.0,340.0,-4.072
336.0,341.0,-4.018
336.0,342.0,-3.968
336.0,343.0,-3.921
336.0,344.0,-3.877
336.0,345.0,-3.836
336.0,346.0,-3.798
336.0,347.0,-3.763
336.0,348.0,-3.73
337.0,338.0,-4.196
337.0,339.0,-4.132
337.0,340.0,-4.074
337.0,341.0,-4.019
337.0,342.0,-3.968
337.0,343.0,-3.921
337.0,344.0,-3.877
337.0,345.0,-3.836
337.0,346.0,-3.797
337.0,347.0,-3.762
337.0,348.0,-3.729
337.0,349.0,-3.698
338.0,339.0,-4.203
338.0,340.0,-4.144
338.0,341.0,-4.088
338.0,342.0,-4.036
338.0,343.0,-3.987
338.0,344.0,-3.941
338.0,345.0,-3.899
338.0,346.0,-3.859
338.0,347.0,-3.822
338.0,348.0,-3.787
338.0,349.0,-3.754
338.0,350.0,-3.724
339.0,340.0,-4.207
339.0,341.0,-4.143
339.0,342.0,-4.084
339.0,343.0,-4.029
339.0,344.0,-3.978
339.0,345.0,-3.931
339.0,346.0,-3.886
339.0,347.0,-3.845
339.0,348.0,-3.806
339.0,349.0,-3.77
339.0,350.0,-3.737
339.0,351.0,-3.706
340.0,341.0,-4.24
340.0,342.0,-4.183
340.0,343.0,-4.13
340.0,344.0,-4.08
340.0,345.0,-4.032
340.0,346.0,-3.988
340.0,347.0,-3.946
340.0,348.0,-3.907
340.0,349.0,-3.87
340.0,350.0,-3.835
340.0,351.0,-3.802
340.0,352.0,-3.771
341.0,342.0,-4.148
341.0,343.0,-4.086
341.0,344.0,-4.029
341.0,345.0,-3.977
341.0,346.0,-3.928
341.0,347.0,-3.882
341.0,348.0,-3.84
341.0,349.0,-3.801
341.0,350.0,-3.765
341.0,351.0,-3.731
341.0,352.0,-3.7
341.0,353.0,-3.671
342.0,343.0,-3.969
342.0,344.0,-3.92
342.0,345.0,-3.875
342.0,346.0,-3.833
342.0,347.0,-3.794
342.0,348.0,-3.758
342.0,349.0,-3.725
342.0,350.0,-3.694
342.0,351.0,-3.665
342.0,352.0,-3.638
342.0,353.0,-3.614
342.0,354.0,-3.591
343.0,344.0,-3.77
343.0,345.0,-3.734
343.0,346.0,-3.7
343.0,347.0,-3.669
343.0,348.0,-3.64
343.0,349.0,-3.614
343.0,350.0,-3.589
343.0,351.0,-3.566
343.0,352.0,-3.545
343.0,353.0,-3.525
343.0,354.0,-3.507
343.0,355.0,-3.49
344.0,345.0,-3.535
344.0,346.0,-3.516
344.0,347.0,-3.499
344.0,348.0,-3.483
344.0,349.0,-3.468
344.0,350.0,-3.454
344.0,351.0,-3.442
344.0,352.0,-3.43
344.0,353.0,-3.419
344.0,354.0,-3.409
344.0,355.0,-3.4
344.0,356.0,-3.392
345.0,346.0,-3.581
345.0,347.0,-3.56
345.0,348.0,-3.54
345.0,349.0,-3.522
345.0,350.0,-3.505
345.0,351.0,-3.489
345.0,352.0,-3.475
345.0,353.0,-3.461
345.0,354.0,-3.449
345.0,355.0,-3.438
345.0,356.0,-3.427
345.0,357.0,-3.417
346.0,347.0,-3.624
346.0,348.0,-3.599
346.0,349.0,-3.576
346.0,350.0,-3.554
346.0,351.0,-3.535
346.0,352.0,-3.517
346.0,353.0,-3.5
346.0,354.0,-3.484
346.0,355.0,-3.47
346.0,356.0,-3.456
346.0,357.0,-3.444
346.0,358.0,-3.433
347.0,348.0,-3.626
347.0,349.0,-3.601
347.0,350.0,-3.579
347.0,351.0,-3.557
347.0,352.0,-3.538
347.0,353.0,-3.52
347.0,354.0,-3.503
347.0,355.0,-3.488
347.0,356.0,-3.474
347.0,357.0,-3.461
347.0,358.0,-3.449
347.0,359.0,-3.438
348.0,349.0,-3.346
348.0,350.0,-3.342
348.0,351.0,-3.338
348.0,352.0,-3.334
348.0,353.0,-3.331
348.0,354.0,-3.328
348.0,355.0,-3.325
348.0,356.0,-3.323
348.0,357.0,-3.32
348.0,358.0,-3.318
348.0,359.0,-3.316
348.0,360.0,-3.314
349.0,350.0,-3.426
349.0,351.0,-3.416
349.0,352.0,-3.408
349.0,353.0,-3.4
349.0,354.0,-3.392
349.0,355.0,-3.386
349.0,356.0,-3.379
349.0,357.0,-3.374
349.0,358.0,-3.368
349.0,359.0,-3.364
349.0,360.0,-3.359
349.0,361.0,-3.355
350.0,351.0,-3.381
350.0,352.0,-3.376
350.0,353.0,-3.37
350.0,354.0,-3.366
350.0,355.0,-3.361
350.0,356.0,-3.357
350.0,357.0,-3.353
350.0,358.0,-3.35
350.0,359.0,-3.346
350.0,360.0,-3.343
350.0,361.0,-3.341
350.0,362.0,-3.338
351.0,352.0,-3.155
351.0,353.0,-3.167
351.0,354.0,-3.179
351.0,355.0,-3.189
351.0,356.0,-3.198
351.0,357.0,-3.207
351.0,358.0,-3.215
351.0,359.0,-3.223
351.0,360.0,-3.23
351.0,361.0,-3.236
351.0,362.0,-3.242
351.0,363.0,-3.248
352.0,353.0,-3.135
352.0,354.0,-3.147
352.0,355.0,-3.158
352.0,356.0,-3.168
352.0,357.0,-3.177
352.0,358.0,-3.186
352.0,359.0,-3.194
352.0,360.0,-3.201
352.0,361.0,-3.208
352.0,362.0,-3.214
352.0,363.0,-3.22
352.0,364.0,-3.226
353.0,354.0,-3.217
353.0,355.0,-3.226
353.0,356.0,-3.234
353.0,357.0,-3.241
353.0,358.0,-3.247
353.0,359.0,-3.253
353.0,360.0,-3.259
353.0,361.0,-3.264
353.0,362.0,-3.269
353.0,363.0,-3.273
353.0,364.0,-3.277
353.0,365.0,-3.281
354.0,355.0,-3.161
354.0,356.0,-3.171
354.0,357.0,-3.181
354.0,358.0,-3.19
354.0,359.0,-3.198
354.0,360.0,-3.206
354.0,361.0,-3.213
354.0,362.0,-3.22
354.0,363.0,-3.226
354.0,364.0,-3.231
354.0,365.0,-3.237
354.0,366.0,-3.241
355.0,356.0,-2.996
355.0,357.0,-3.02
355.0,358.0,-3.042
355.0,359.0,-3.063
355.0,360.0,-3.082
355.0,361.0,-3.1
355.0,362.0,-3.116
355.0,363.0,-3.131
355.0,364.0,-3.144
355.0,365.0,-3.157
355.0,366.0,-3.169
355.0,367.0,-3.18
356.0,357.0,-2.953
356.0,358.0,-2.979
356.0,359.0,-3.004
356.0,360.0,-3.026
356.0,361.0,-3.047
356.0,362.0,-3.066
356.0,363.0,-3.084
356.0,364.0,-3.1
356.0,365.0,-3.115
356.0,366.0,-3.129
356.0,367.0,-3.142
356.0,368.0,-3.153
357.0,358.0,-2.849
357.0,359.0,-2.882
357.0,360.0,-2.913
357.0,361.0,-2.941
357.0,362.0,-2.967
357.0,363.0,-2.992
357.0,364.0,-3.014
357.0,365.0,-3.035
357.0,366.0,-3.054
357.0,367.0,-3.072
357.0,368.0,-3.089
357.0,369.0,-3.104
358.0,359.0,-2.959
358.0,360.0,-2.985
358.0,361.0,-3.01
358.0,362.0,-3.033
358.0,363.0,-3.054
358.0,364.0,-3.073
358.0,365.0,-3.091
358.0,366.0,-3.108
358.0,367.0,-3.123
358.0,368.0,-3.137
358.0,369.0,-3.15
358.0,370.0,-3.162
359.0,360.0,-3.018
359.0,361.0,-3.041
359.0,362.0,-3.062
359.0,363.0,-3.082
359.0,364.0,-3.1
359.0,365.0,-3.116
359.0,366.0,-3.131
359.0,367.0,-3.145
359.0,368.0,-3.158
359.0,369.0,-3.17
359.0,370.0,-3.181
359.0,371.0,-3.191
360.0,361.0,-2.947
360.0,362.0,-2.975
360.0,363.0,-3.001
360.0,364.0,-3.025
360.0,365.0,-3.047
360.0,366.0,-3.067
360.0,367.0,-3.086
360.0,368.0,-3.103
360.0,369.0,-3.119
360.0,370.0,-3.134
360.0,371.0,-3.148
360.0,372.0,-3.16
361.0,362.0,-3.034
361.0,363.0,-3.055
361.0,364.0,-3.076
361.0,365.0,-3.094
361.0,366.0,-3.111
361.0,367.0,-3.127
361.0,368.0,-3.142
361.0,369.0,-3.155
361.0,370.0,-3.168
361.0,371.0,-3.179
361.0,372.0,-3.19
361.0,373.0,-3.199
362.0,363.0,-3.006
362.0,364.0,-3.03
362.0,365.0,-3.051
362.0,366.0,-3.071
362.0,367.0,-3.089
362.0,368.0,-3.106
362.0,369.0,-3.121
362.0,370.0,-3.136
362.0,371.0,-3.149
362.0,372.0,-3.161
362.0,373.0,-3.173
362.0,374.0,-3.183
363.0,364.0,-3.078
363.0,365.0,-3.097
363.0,366.0,-3.115
363.0,367.0,-3.131
363.0,368.0,-3.146
363.0,369.0,-3.159
363.0,370.0,-3.172
363.0,371.0,-3.183
363.0,372.0,-3.194
363.0,373.0,-3.204
363.0,374.0,-3.212
363.0,375.0,-3.221
364.0,365.0,-3.125
364.0,366.0,-3.138
364.0,367.0,-3.151
364.0,368.0,-3.162
364.0,369.0,-3.172
364.0,370.0,-3.182
364.0,371.0,-3.191
364.0,372.0,-3.199
364.0,373.0,-3.207
364.0,374.0,-3.214
364.0,375.0,-3.22
364.0,376.0,-3.226
365.0,366.0,-3.18
365.0,367.0,-3.19
365.0,368.0,-3.2
365.0,369.0,-3.209
365.0,370.0,-3.217
365.0,371.0,-3.224
365.0,372.0,-3.231
365.0,373.0,-3.237
365.0,374.0,-3.243
365.0,375.0,-3.248
365.0,376.0,-3.253
365.0,377.0,-3.258
366.0,367.0,-3.174
366.0,368.0,-3.185
366.0,369.0,-3.194
366.0,370.0,-3.203
366.0,371.0,-3.212
366.0,372.0,-3.219
366.0,373.0,-3.226
366.0,374.0,-3.233
366.0,375.0,-3.239
366.0,376.0,-3.245
366.0,377.0,-3.25
366.0,378.0,-3.255
367.0,368.0,-3.174
367.0,369.0,-3.184
367.0,370.0,-3.194
367.0,371.0,-3.204
367.0,372.0,-3.212
367.0,373.0,-3.22
367.0,374.0,-3.227
367.0,375.0,-3.234
367.0,376.0,-3.24
367.0,377.0,-3.246
367.0,378.0,-3.251
367.0,379.0,-3.256
368.0,369.0,-3.249
368.0,370.0,-3.254
368.0,371.0,-3.258
368.0,372.0,-3.261
368.0,373.0,-3.265
368.0,374.0,-3.268
368.0,375.0,-3.271
368.0,376.0,-3.273
368.0,377.0,-3.276
368.0,378.0,-3.278
368.0,379.0,-3.28
368.0,380.0,-3.282
369.0,370.0,-3.325
369.0,371.0,-3.324
369.0,372.0,-3.323
369.0,373.0,-3.322
369.0,374.0,-3.321
369.0,375.0,-3.32
369.0,376.0,-3.32
369.0,377.0,-3.319
369.0,378.0,-3.318
369.0,379.0,-3.318
369.0,380.0,-3.317
369.0,381.0,-3.317
370.0,371.0,-3.361
370.0,372.0,-3.357
370.0,373.0,-3.354
370.0,374.0,-3.351
370.0,375.0,-3.348
370.0,376.0,-3.345
370.0,377.0,-3.343
370.0,378.0,-3.341
370.0,379.0,-3.339
370.0,380.0,-3.337
370.0,381.0,-3.335
370.0,382.0,-3.333
371.0,372.0,-3.402
371.0,373.0,-3.395
371.0,374.0,-3.388
371.0,375.0,-3.382
371.0,376.0,-3.376
371.0,377.0,-3.371
371.0,378.0,-3.366
371.0,379.0,-3.362
371.0,380.0,-3.357
371.0,381.0,-3.354
371.0,382.0,-3.35
371.0,383.0,-3.347
372.0,373.0,-3.426
372.0,374.0,-3.417
372.0,375.0,-3.409
372.0,376.0,-3.401
372.0,377.0,-3.394
372.0,378.0,-3.387
372.0,379.0,-3.381
372.0,380.0,-3.375
372.0,381.0,-3.37
372.0,382.0,-3.365
372.0,383.0,-3.361
372.0,384.0,-3.357
373.0,374.0,-3.494
373.0,375.0,-3.48
373.0,376.0,-3.466
373.0,377.0,-3.454
373.0,378.0,-3.442
373.0,379.0,-3.431
373.0,380.0,-3.422
373.0,381.0,-3.413
373.0,382.0,-3.404
373.0,383.0,-3.397
373.0,384.0,-3.39
373.0,385.0,-3.383
374.0,375.0,-3.565
374.0,376.0,-3.545
374.0,377.0,-3.527
374.0,378.0,-3.511
374.0,379.0,-3.496
374.0,380.0,-3.481
374.0,381.0,-3.468
374.0,382.0,-3.457
374.0,383.0,-3.446
374.0,384.0,-3.435
374.0,385.0,-3.426
374.0,386.0,-3.417
375.0,376.0,-3.61
375.0,377.0,-3.589
375.0,378.0,-3.569
375.0,379.0,-3.55
375.0,380.0,-3.533
375.0,381.0,-3.517
375.0,382.0,-3.502
375.0,383.0,-3.489
375.0,384.0,-3.476
375.0,385.0,-3.465
375.0,386.0,-3.454
375.0,387.0,-3.444
376.0,377.0,-3.621
376.0,378.0,-3.597
376.0,379.0,-3.575
376.0,380.0,-3.555
376.0,381.0,-3.536
376.0,382.0,-3.519
376.0,383.0,-3.503
376.0,384.0,-3.488
376.0,385.0,-3.475
376.0,386.0,-3.462
376.0,387.0,-3.45
376.0,388.0,-3.44
377.0,378.0,-3.625
377.0,379.0,-3.602
377.0,380.0,-3.58
377.0,381.0,-3.559
377.0,382.0,-3.541
377.0,383.0,-3.523
377.0,384.0,-3.507
377.0,385.0,-3.493
377.0,386.0,-3.479
377.0,387.0,-3.466
377.0,388.0,-3.455
377.0,389.0,-3.444
378.0,379.0,-3.626
378.0,380.0,-3.601
378.0,381.0,-3.578
378.0,382.0,-3.558
378.0,383.0,-3.538
378.0,384.0,-3.52
378.0,385.0,-3.503
378.0,386.0,-3.488
378.0,387.0,-3.474
378.0,388.0,-3.461
378.0,389.0,-3.448
378.0,390.0,-3.437
379.0,380.0,-3.635
379.0,381.0,-3.611
379.0,382.0,-3.589
379.0,383.0,-3.568
379.0,384.0,-3.548
379.0,385.0,-3.531
379.0,386.0,-3.514
379.0,387.0,-3.499
379.0,388.0,-3.484
379.0,389.0,-3.471
379.0,390.0,-3.459
379.0,391.0,-3.448
380.0,381.0,-3.631
380.0,382.0,-3.608
380.0,383.0,-3.587
380.0,384.0,-3.568
380.0,385.0,-3.55
380.0,386.0,-3.533
380.0,387.0,-3.518
380.0,388.0,-3.503
380.0,389.0,-3.49
380.0,390.0,-3.478
380.0,391.0,-3.467
380.0,392.0,-3.457
381.0,382.0,-3.63
381.0,383.0,-3.606
381.0,384.0,-3.584
381.0,385.0,-3.564
381.0,386.0,-3.545
381.0,387.0,-3.527
381.0,388.0,-3.511
381.0,389.0,-3.496
381.0,390.0,-3.483
381.0,391.0,-3.47
381.0,392.0,-3.458
381.0,393.0,-3.447
382.0,383.0,-3.639
382.0,384.0,-3.613
382.0,385.0,-3.59
382.0,386.0,-3.569
382.0,387.0,-3.549
382.0,388.0,-3.531
382.0,389.0,-3.514
382.0,390.0,-3.499
382.0,391.0,-3.485
382.0,392.0,-3.472
382.0,393.0,-3.459
382.0,394.0,-3.448
383.0,384.0,-3.624
383.0,385.0,-3.602
383.0,386.0,-3.581
383.0,387.0,-3.562
383.0,388.0,-3.544
383.0,389.0,-3.528
383.0,390.0,-3.513
383.0,391.0,-3.499
383.0,392.0,-3.486
383.0,393.0,-3.474
383.0,394.0,-3.463
383.0,395.0,-3.452
384.0,385.0,-3.576
384.0,386.0,-3.556
384.0,387.0,-3.537
384.0,388.0,-3.52
384.0,389.0,-3.504
384.0,390.0,-3.489
384.0,391.0,-3.475
384.0,392.0,-3.462
384.0,393.0,-3.45
384.0,394.0,-3.44
384.0,395.0,-3.429
384.0,396.0,-3.42
385.0,386.0,-3.534
385.0,387.0,-3.516
385.0,388.0,-3.5
385.0,389.0,-3.485
385.0,390.0,-3.471
385.0,391.0,-3.458
385.0,392.0,-3.446
385.0,393.0,-3.435
385.0,394.0,-3.425
385.0,395.0,-3.416
385.0,396.0,-3.407
385.0,397.0,-3.399
386.0,387.0,-3.531
386.0,388.0,-3.515
386.0,389.0,-3.501
386.0,390.0,-3.488
386.0,391.0,-3.475
386.0,392.0,-3.464
386.0,393.0,-3.453
386.0,394.0,-3.443
386.0,395.0,-3.434
386.0,396.0,-3.426
386.0,397.0,-3.418
386.0,398.0,-3.411
387.0,388.0,-3.497
387.0,389.0,-3.483
387.0,390.0,-3.47
387.0,391.0,-3.459
387.0,392.0,-3.448
387.0,393.0,-3.438
387.0,394.0,-3.429
387.0,395.0,-3.421
387.0,396.0,-3.413
387.0,397.0,-3.406
387.0,398.0,-3.399
387.0,399.0,-3.393
388.0,389.0,-3.523
388.0,390.0,-3.509
388.0,391.0,-3.495
388.0,392.0,-3.483
388.0,393.0,-3.471
388.0,394.0,-3.461
388.0,395.0,-3.451
388.0,396.0,-3.442
388.0,397.0,-3.433
388.0,398.0,-3.426
388.0,399.0,-3.418
388.0,400.0,-3.412
389.0,390.0,-3.54
389.0,391.0,-3.524
389.0,392.0,-3.508
389.0,393.0,-3.494
389.0,394.0,-3.48
389.0,395.0,-3.468
389.0,396.0,-3.457
389.0,397.0,-3.446
389.0,398.0,-3.437
389.0,399.0,-3.428
389.0,400.0,-3.42
389.0,401.0,-3.412
390.0,391.0,-3.543
390.0,392.0,-3.526
390.0,393.0,-3.511
390.0,394.0,-3.496
390.0,395.0,-3.483
390.0,396.0,-3.471
390.0,397.0,-3.46
390.0,398.0,-3.45
390.0,399.0,-3.44
390.0,400.0,-3.432
390.0,401.0,-3.423
390.0,402.0,-3.416
391.0,392.0,-3.54
391.0,393.0,-3.523
391.0,394.0,-3.508
391.0,395.0,-3.494
391.0,396.0,-3.481
391.0,397.0,-3.469
391.0,398.0,-3.457
391.0,399.0,-3.447
391.0,400.0,-3.438
391.0,401.0,-3.429
391.0,402.0,-3.421
391.0,403.0,-3.414
392.0,393.0,-3.557
392.0,394.0,-3.539
392.0,395.0,-3.522
392.0,396.0,-3.507
392.0,397.0,-3.493
392.0,398.0,-3.479
392.0,399.0,-3.467
392.0,400.0,-3.456
392.0,401.0,-3.445
392.0,402.0,-3.436
392.0,403.0,-3.426
392.0,404.0,-3.418
393.0,394.0,-3.567
393.0,395.0,-3.55
393.0,396.0,-3.535
393.0,397.0,-3.52
393.0,398.0,-3.506
393.0,399.0,-3.494
393.0,400.0,-3.482
393.0,401.0,-3.471
393.0,402.0,-3.461
393.0,403.0,-3.452
393.0,404.0,-3.443
393.0,405.0,-3.435
394.0,395.0,-3.553
394.0,396.0,-3.537
394.0,397.0,-3.521
394.0,398.0,-3.507
394.0,399.0,-3.493
394.0,400.0,-3.481
394.0,401.0,-3.47
394.0,402.0,-3.459
394.0,403.0,-3.449
394.0,404.0,-3.44
394.0,405.0,-3.431
394.0,406.0,-3.424
395.0,396.0,-3.518
395.0,397.0,-3.503
395.0,398.0,-3.49
395.0,399.0,-3.478
395.0,400.0,-3.467
395.0,401.0,-3.457
395.0,402.0,-3.447
395.0,403.0,-3.439
395.0,404.0,-3.431
395.0,405.0,-3.423
395.0,406.0,-3.416
395.0,407.0,-3.41
396.0,397.0,-3.471
396.0,398.0,-3.46
396.0,399.0,-3.45
396.0,400.0,-3.441
396.0,401.0,-3.433
396.0,402.0,-3.425
396.0,403.0,-3.418
396.0,404.0,-3.411
396.0,405.0,-3.405
396.0,406.0,-3.399
396.0,407.0,-3.394
396.0,408.0,-3.389
397.0,398.0,-3.416
397.0,399.0,-3.409
397.0,400.0,-3.403
397.0,401.0,-3.398
397.0,402.0,-3.393
397.0,403.0,-3.388
397.0,404.0,-3.384
397.0,405.0,-3.38
397.0,406.0,-3.376
397.0,407.0,-3.373
397.0,408.0,-3.37
397.0,409.0,-3.367
398.0,399.0,-3.388
398.0,400.0,-3.384
398.0,401.0,-3.381
398.0,402.0,-3.377
398.0,403.0,-3.374
398.0,404.0,-3.371
398.0,405.0,-3.368
398.0,406.0,-3.366
398.0,407.0,-3.364
398.0,408.0,-3.362
398.0,409.0,-3.36
398.0,410.0,-3.358
399.0,400.0,-3.357
399.0,401.0,-3.356
399.0,402.0,-3.355
399.0,403.0,-3.354
399.0,404.0,-3.352
399.0,405.0,-3.351
399.0,406.0,-3.351
399.0,407.0,-3.35
399.0,408.0,-3.349
399.0,409.0,-3.348
399.0,410.0,-3.347
399.0,411.0,-3.347
400.0,401.0,-3.292
400.0,402.0,-3.295
400.0,403.0,-3.297
400.0,404.0,-3.3
400.0,405.0,-3.302
400.0,406.0,-3.303
400.0,407.0,-3.305
400.0,408.0,-3.307
400.0,409.0,-3.308
400.0,410.0,-3.31
400.0,411.0,-3.311
400.0,412.0,-3.312
401.0,402.0,-3.272
401.0,403.0,-3.276
401.0,404.0,-3.28
401.0,405.0,-3.283
401.0,406.0,-3.287
401.0,407.0,-3.29
401.0,408.0,-3.293
401.0,409.0,-3.295
401.0,410.0,-3.298
401.0,411.0,-3.3
401.0,412.0,-3.302
401.0,413.0,-3.304
402.0,403.0,-3.204
402.0,404.0,-3.213
402.0,405.0,-3.221
402.0,406.0,-3.229
402.0,407.0,-3.236
402.0,408.0,-3.242
402.0,409.0,-3.248
402.0,410.0,-3.254
402.0,411.0,-3.259
402.0,412.0,-3.264
402.0,413.0,-3.268
402.0,414.0,-3.272
403.0,404.0,-3.146
403.0,405.0,-3.159
403.0,406.0,-3.172
403.0,407.0,-3.183
403.0,408.0,-3.194
403.0,409.0,-3.204
403.0,410.0,-3.213
403.0,411.0,-3.221
403.0,412.0,-3.229
403.0,413.0,-3.236
403.0,414.0,-3.243
403.0,415.0,-3.249
404.0,405.0,-3.093
404.0,406.0,-3.112
404.0,407.0,-3.129
404.0,408.0,-3.144
404.0,409.0,-3.159
404.0,410.0,-3.172
404.0,411.0,-3.185
404.0,412.0,-3.196
404.0,413.0,-3.207
404.0,414.0,-3.216
404.0,415.0,-3.225
404.0,416.0,-3.233
405.0,406.0,-3.043
405.0,407.0,-3.064
405.0,408.0,-3.083
405.0,409.0,-3.101
405.0,410.0,-3.117
405.0,411.0,-3.133
405.0,412.0,-3.147
405.0,413.0,-3.16
405.0,414.0,-3.172
405.0,415.0,-3.183
405.0,416.0,-3.193
405.0,417.0,-3.202
406.0,407.0,-2.979
406.0,408.0,-3.004
406.0,409.0,-3.027
406.0,410.0,-3.048
406.0,411.0,-3.067
406.0,412.0,-3.085
406.0,413.0,-3.102
406.0,414.0,-3.118
406.0,415.0,-3.132
406.0,416.0,-3.145
406.0,417.0,-3.158
406.0,418.0,-3.169
407.0,408.0,-2.942
407.0,409.0,-2.97
407.0,410.0,-2.996
407.0,411.0,-3.02
407.0,412.0,-3.042
407.0,413.0,-3.062
407.0,414.0,-3.081
407.0,415.0,-3.098
407.0,416.0,-3.115
407.0,417.0,-3.129
407.0,418.0,-3.143
407.0,419.0,-3.156
408.0,409.0,-3.016
408.0,410.0,-3.038
408.0,411.0,-3.059
408.0,412.0,-3.078
408.0,413.0,-3.096
408.0,414.0,-3.112
408.0,415.0,-3.127
408.0,416.0,-3.141
408.0,417.0,-3.154
408.0,418.0,-3.166
408.0,419.0,-3.177
408.0,420.0,-3.187
409.0,410.0,-3.089
409.0,411.0,-3.105
409.0,412.0,-3.121
409.0,413.0,-3.135
409.0,414.0,-3.149
409.0,415.0,-3.161
409.0,416.0,-3.172
409.0,417.0,-3.183
409.0,418.0,-3.193
409.0,419.0,-3.202
409.0,420.0,-3.21
409.0,421.0,-3.218
410.0,411.0,-3.155
410.0,412.0,-3.168
410.0,413.0,-3.18
410.0,414.0,-3.191
410.0,415.0,-3.202
410.0,416.0,-3.211
410.0,417.0,-3.22
410.0,418.0,-3.228
410.0,419.0,-3.236
410.0,420.0,-3.243
410.0,421.0,-3.25
410.0,422.0,-3.256
411.0,412.0,-3.246
411.0,413.0,-3.252
411.0,414.0,-3.257
411.0,415.0,-3.261
411.0,416.0,-3.266
411.0,417.0,-3.27
411.0,418.0,-3.273
411.0,419.0,-3.277
411.0,420.0,-3.28
411.0,421.0,-3.283
411.0,422.0,-3.285
411.0,423.0,-3.288
412.0,413.0,-3.349
412.0,414.0,-3.347
412.0,415.0,-3.345
412.0,416.0,-3.344
412.0,417.0,-3.342
412.0,418.0,-3.341
412.0,419.0,-3.34
412.0,420.0,-3.339
412.0,421.0,-3.338
412.0,422.0,-3.337
412.0,423.0,-3.336
412.0,424.0,-3.335
413.0,414.0,-3.48
413.0,415.0,-3.469
413.0,416.0,-3.459
413.0,417.0,-3.45
413.0,418.0,-3.441
413.0,419.0,-3.433
413.0,420.0,-3.426
413.0,421.0,-3.419
413.0,422.0,-3.413
413.0,423.0,-3.407
413.0,424.0,-3.401
413.0,425.0,-3.396
414.0,415.0,-3.544
414.0,416.0,-3.527
414.0,417.0,-3.511
414.0,418.0,-3.496
414.0,419.0,-3.483
414.0,420.0,-3.47
414.0,421.0,-3.458
414.0,422.0,-3.448
414.0,423.0,-3.438
414.0,424.0,-3.429
414.0,425.0,-3.42
414.0,426.0,-3.412
415.0,416.0,-3.609
415.0,417.0,-3.587
415.0,418.0,-3.566
415.0,419.0,-3.548
415.0,420.0,-3.531
415.0,421.0,-3.515
415.0,422.0,-3.5
415.0,423.0,-3.487
415.0,424.0,-3.475
415.0,425.0,-3.463
415.0,426.0,-3.453
415.0,427.0,-3.443
416.0,417.0,-3.632
416.0,418.0,-3.608
416.0,419.0,-3.585
416.0,420.0,-3.565
416.0,421.0,-3.546
416.0,422.0,-3.529
416.0,423.0,-3.512
416.0,424.0,-3.498
416.0,425.0,-3.484
416.0,426.0,-3.471
416.0,427.0,-3.46
416.0,428.0,-3.449
417.0,418.0,-3.659
417.0,419.0,-3.633
417.0,420.0,-3.608
417.0,421.0,-3.585
417.0,422.0,-3.564
417.0,423.0,-3.545
417.0,424.0,-3.527
417.0,425.0,-3.51
417.0,426.0,-3.495
417.0,427.0,-3.481
417.0,428.0,-3.468
417.0,429.0,-3.455
418.0,419.0,-3.706
418.0,420.0,-3.679
418.0,421.0,-3.654
418.0,422.0,-3.631
418.0,423.0,-3.609
418.0,424.0,-3.589
418.0,425.0,-3.571
418.0,426.0,-3.554
418.0,427.0,-3.538
418.0,428.0,-3.523
418.0,429.0,-3.51
418.0,430.0,-3.497
419.0,420.0,-3.696
419.0,421.0,-3.669
419.0,422.0,-3.643
419.0,423.0,-3.62
419.0,424.0,-3.598
419.0,425.0,-3.578
419.0,426.0,-3.559
419.0,427.0,-3.542
419.0,428.0,-3.526
419.0,429.0,-3.512
419.0,430.0,-3.498
419.0,431.0,-3.486
420.0,421.0,-3.709
420.0,422.0,-3.68
420.0,423.0,-3.653
420.0,424.0,-3.629
420.0,425.0,-3.606
420.0,426.0,-3.585
420.0,427.0,-3.566
420.0,428.0,-3.548
420.0,429.0,-3.531
420.0,430.0,-3.516
420.0,431.0,-3.501
420.0,432.0,-3.488
421.0,422.0,-3.754
421.0,423.0,-3.723
421.0,424.0,-3.694
421.0,425.0,-3.667
421.0,426.0,-3.643
421.0,427.0,-3.62
421.0,428.0,-3.599
421.0,429.0,-3.579
421.0,430.0,-3.561
421.0,431.0,-3.545
421.0,432.0,-3.529
421.0,433.0,-3.515
422.0,423.0,-3.649
422.0,424.0,-3.626
422.0,425.0,-3.604
422.0,426.0,-3.584
422.0,427.0,-3.566
422.0,428.0,-3.548
422.0,429.0,-3.533
422.0,430.0,-3.518
422.0,431.0,-3.504
422.0,432.0,-3.492
422.0,433.0,-3.48
422.0,434.0,-3.469
423.0,424.0,-3.661
423.0,425.0,-3.636
423.0,426.0,-3.613
423.0,427.0,-3.591
423.0,428.0,-3.572
423.0,429.0,-3.554
423.0,430.0,-3.537
423.0,431.0,-3.522
423.0,432.0,-3.508
423.0,433.0,-3.495
423.0,434.0,-3.483
423.0,435.0,-3.472
424.0,425.0,-3.659
424.0,426.0,-3.633
424.0,427.0,-3.61
424.0,428.0,-3.588
424.0,429.0,-3.567
424.0,430.0,-3.549
424.0,431.0,-3.532
424.0,432.0,-3.516
424.0,433.0,-3.501
424.0,434.0,-3.488
424.0,435.0,-3.476
424.0,436.0,-3.464
425.0,426.0,-3.705
425.0,427.0,-3.677
425.0,428.0,-3.652
425.0,429.0,-3.628
425.0,430.0,-3.606
425.0,431.0,-3.586
425.0,432.0,-3.567
425.0,433.0,-3.55
425.0,434.0,-3.534
425.0,435.0,-3.519
425.0,436.0,-3.506
425.0,437.0,-3.493
426.0,427.0,-3.739
426.0,428.0,-3.707
426.0,429.0,-3.677
426.0,430.0,-3.65
426.0,431.0,-3.624
426.0,432.0,-3.601
426.0,433.0,-3.58
426.0,434.0,-3.56
426.0,435.0,-3.542
426.0,436.0,-3.525
426.0,437.0,-3.51
426.0,438.0,-3.495
427.0,428.0,-3.748
427.0,429.0,-3.715
427.0,430.0,-3.684
427.0,431.0,-3.655
427.0,432.0,-3.629
427.0,433.0,-3.604
427.0,434.0,-3.582
427.0,435.0,-3.561
427.0,436.0,-3.542
427.0,437.0,-3.524
427.0,438.0,-3.508
427.0,439.0,-3.493
428.0,429.0,-3.815
428.0,430.0,-3.777
428.0,431.0,-3.742
428.0,432.0,-3.71
428.0,433.0,-3.681
428.0,434.0,-3.653
428.0,435.0,-3.628
428.0,436.0,-3.605
428.0,437.0,-3.584
428.0,438.0,-3.564
428.0,439.0,-3.546
428.0,440.0,-3.53
429.0,430.0,-3.844
429.0,431.0,-3.804
429.0,432.0,-3.767
429.0,433.0,-3.733
429.0,434.0,-3.701
429.0,435.0,-3.672
429.0,436.0,-3.645
429.0,437.0,-3.621
429.0,438.0,-3.598
429.0,439.0,-3.576
429.0,440.0,-3.557
429.0,441.0,-3.539
430.0,431.0,-3.853
430.0,432.0,-3.813
430.0,433.0,-3.776
430.0,434.0,-3.742
430.0,435.0,-3.71
430.0,436.0,-3.681
430.0,437.0,-3.654
430.0,438.0,-3.629
430.0,439.0,-3.605
430.0,440.0,-3.584
430.0,441.0,-3.564
430.0,442.0,-3.546
431.0,432.0,-3.847
431.0,433.0,-3.807
431.0,434.0,-3.77
431.0,435.0,-3.736
431.0,436.0,-3.704
431.0,437.0,-3.675
431.0,438.0,-3.649
431.0,439.0,-3.624
431.0,440.0,-3.601
431.0,441.0,-3.58
431.0,442.0,-3.561
431.0,443.0,-3.543
432.0,433.0,-3.857
432.0,434.0,-3.817
432.0,435.0,-3.781
432.0,436.0,-3.747
432.0,437.0,-3.716
432.0,438.0,-3.688
432.0,439.0,-3.661
432.0,440.0,-3.637
432.0,441.0,-3.615
432.0,442.0,-3.594
432.0,443.0,-3.575
432.0,444.0,-3.557
433.0,434.0,-3.845
433.0,435.0,-3.806
433.0,436.0,-3.77
433.0,437.0,-3.736
433.0,438.0,-3.706
433.0,439.0,-3.677
433.0,440.0,-3.651
433.0,441.0,-3.627
433.0,442.0,-3.604
433.0,443.0,-3.584
433.0,444.0,-3.565
433.0,445.0,-3.547
434.0,435.0,-3.685
434.0,436.0,-3.655
434.0,437.0,-3.628
434.0,438.0,-3.604
434.0,439.0,-3.581
434.0,440.0,-3.56
434.0,441.0,-3.541
434.0,442.0,-3.523
434.0,443.0,-3.507
434.0,444.0,-3.492
434.0,445.0,-3.479
434.0,446.0,-3.466
435.0,436.0,-3.388
435.0,437.0,-3.383
435.0,438.0,-3.379
435.0,439.0,-3.376
435.0,440.0,-3.373
435.0,441.0,-3.37
435.0,442.0,-3.367
435.0,443.0,-3.364
435.0,444.0,-3.362
435.0,445.0,-3.36
435.0,446.0,-3.358
435.0,447.0,-3.356
436.0,437.0,-3.411
436.0,438.0,-3.405
436.0,439.0,-3.4
436.0,440.0,-3.395
436.0,441.0,-3.39
436.0,442.0,-3.386
436.0,443.0,-3.382
436.0,444.0,-3.379
436.0,445.0,-3.375
436.0,446.0,-3.372
436.0,447.0,-3.369
436.0,448.0,-3.367
437.0,438.0,-3.457
437.0,439.0,-3.448
437.0,440.0,-3.438
437.0,441.0,-3.43
437.0,442.0,-3.422
437.0,443.0,-3.415
437.0,444.0,-3.409
437.0,445.0,-3.403
437.0,446.0,-3.397
437.0,447.0,-3.392
437.0,448.0,-3.388
437.0,449.0,-3.383
438.0,439.0,-3.344
438.0,440.0,-3.344
438.0,441.0,-3.345
438.0,442.0,-3.345
438.0,443.0,-3.346
438.0,444.0,-3.346
438.0,445.0,-3.347
438.0,446.0,-3.347
438.0,447.0,-3.348
438.0,448.0,-3.348
438.0,449.0,-3.348
438.0,450.0,-3.349
439.0,440.0,-3.381
439.0,441.0,-3.378
439.0,442.0,-3.375
439.0,443.0,-3.373
439.0,444.0,-3.37
439.0,445.0,-3.368
439.0,446.0,-3.366
439.0,447.0,-3.364
439.0,448.0,-3.363
439.0,449.0,-3.361
439.0,450.0,-3.36
439.0,451.0,-3.359
440.0,441.0,-3.312
440.0,442.0,-3.314
440.0,443.0,-3.315
440.0,444.0,-3.317
440.0,445.0,-3.318
440.0,446.0,-3.319
440.0,447.0,-3.32
440.0,448.0,-3.321
440.0,449.0,-3.322
440.0,450.0,-3.322
440.0,451.0,-3.323
440.0,452.0,-3.324
441.0,442.0,-3.155
441.0,443.0,-3.169
441.0,444.0,-3.181
441.0,445.0,-3.193
441.0,446.0,-3.203
441.0,447.0,-3.213
441.0,448.0,-3.222
441.0,449.0,-3.23
441.0,450.0,-3.238
441.0,451.0,-3.245
441.0,452.0,-3.251
441.0,453.0,-3.257
442.0,443.0,-2.983
442.0,444.0,-3.01
442.0,445.0,-3.035
442.0,446.0,-3.058
442.0,447.0,-3.079
442.0,448.0,-3.098
442.0,449.0,-3.116
442.0,450.0,-3.133
442.0,451.0,-3.148
442.0,452.0,-3.162
442.0,453.0,-3.175
442.0,454.0,-3.187
443.0,444.0,-2.89
443.0,445.0,-2.925
443.0,446.0,-2.957
443.0,447.0,-2.986
443.0,448.0,-3.013
443.0,449.0,-3.038
443.0,450.0,-3.061
443.0,451.0,-3.082
443.0,452.0,-3.102
443.0,453.0,-3.119
443.0,454.0,-3.136
443.0,455.0,-3.151
444.0,445.0,-2.912
444.0,446.0,-2.944
444.0,447.0,-2.974
444.0,448.0,-3.001
444.0,449.0,-3.027
444.0,450.0,-3.05
444.0,451.0,-3.072
444.0,452.0,-3.091
444.0,453.0,-3.11
444.0,454.0,-3.127
444.0,455.0,-3.142
444.0,456.0,-3.157
445.0,446.0,-2.906
445.0,447.0,-2.936
445.0,448.0,-2.963
445.0,449.0,-2.988
445.0,450.0,-3.012
445.0,451.0,-3.033
445.0,452.0,-3.054
445.0,453.0,-3.072
445.0,454.0,-3.089
445.0,455.0,-3.105
445.0,456.0,-3.12
445.0,457.0,-3.134
446.0,447.0,-2.756
446.0,448.0,-2.797
446.0,449.0,-2.835
446.0,450.0,-2.87
446.0,451.0,-2.902
446.0,452.0,-2.933
446.0,453.0,-2.96
446.0,454.0,-2.986
446.0,455.0,-3.01
446.0,456.0,-3.032
446.0,457.0,-3.053
446.0,458.0,-3.072
447.0,448.0,-2.923
447.0,449.0,-2.948
447.0,450.0,-2.97
447.0,451.0,-2.991
447.0,452.0,-3.011
447.0,453.0,-3.029
447.0,454.0,-3.047
447.0,455.0,-3.062
447.0,456.0,-3.077
447.0,457.0,-3.091
447.0,458.0,-3.104
447.0,459.0,-3.116
448.0,449.0,-2.444
448.0,450.0,-2.503
448.0,451.0,-2.559
448.0,452.0,-2.61
448.0,453.0,-2.658
448.0,454.0,-2.702
448.0,455.0,-2.743
448.0,456.0,-2.782
448.0,457.0,-2.817
448.0,458.0,-2.85
448.0,459.0,-2.88
448.0,460.0,-2.909
449.0,450.0,-2.512
449.0,451.0,-2.568
449.0,452.0,-2.62
449.0,453.0,-2.669
449.0,454.0,-2.714
449.0,455.0,-2.755
449.0,456.0,-2.794
449.0,457.0,-2.83
449.0,458.0,-2.863
449.0,459.0,-2.893
449.0,460.0,-2.922
449.0,461.0,-2.948
450.0,451.0,-2.001
450.0,452.0,-2.07
450.0,453.0,-2.135
450.0,454.0,-2.196
450.0,455.0,-2.254
450.0,456.0,-2.309
450.0,457.0,-2.36
450.0,458.0,-2.409
450.0,459.0,-2.455
450.0,460.0,-2.499
450.0,461.0,-2.54
450.0,462.0,-2.579
451.0,452.0,-1.969
451.0,453.0,-2.03
451.0,454.0,-2.089
451.0,455.0,-2.145
451.0,456.0,-2.197
451.0,457.0,-2.248
451.0,458.0,-2.296
451.0,459.0,-2.341
451.0,460.0,-2.385
451.0,461.0,-2.426
451.0,462.0,-2.465
451.0,463.0,-2.502
452.0,453.0,-2.124
452.0,454.0,-2.179
452.0,455.0,-2.23
452.0,456.0,-2.28
452.0,457.0,-2.326
452.0,458.0,-2.371
452.0,459.0,-2.413
452.0,460.0,-2.454
452.0,461.0,-2.492
452.0,462.0,-2.528
452.0,463.0,-2.563
452.0,464.0,-2.596
453.0,454.0,-2.269
453.0,455.0,-2.275
453.0,456.0,-2.281
453.0,457.0,-2.286
453.0,458.0,-2.292
453.0,459.0,-2.298
453.0,460.0,-2.303
453.0,461.0,-2.309
453.0,462.0,-2.314
453.0,463.0,-2.32
453.0,464.0,-2.325
453.0,465.0,-2.33
454.0,455.0,-2.124
454.0,456.0,-2.13
454.0,457.0,-2.136
454.0,458.0,-2.141
454.0,459.0,-2.147
454.0,460.0,-2.153
454.0,461.0,-2.158
454.0,462.0,-2.164
454.0,463.0,-2.169
454.0,464.0,-2.175
454.0,465.0,-2.18
454.0,466.0,-2.186
455.0,456.0,-1.987
455.0,457.0,-1.992
455.0,458.0,-1.997
455.0,459.0,-2.002
455.0,460.0,-2.006
455.0,461.0,-2.011
455.0,462.0,-2.016
455.0,463.0,-2.02
455.0,464.0,-2.025
455.0,465.0,-2.03
455.0,466.0,-2.034
455.0,467.0,-2.039
456.0,457.0,-1.916
456.0,458.0,-1.925
456.0,459.0,-1.933
456.0,460.0,-1.942
456.0,461.0,-1.951
456.0,462.0,-1.959
456.0,463.0,-1.968
456.0,464.0,-1.976
456.0,465.0,-1.984
456.0,466.0,-1.992
456.0,467.0,-2.0
456.0,468.0,-2.008
457.0,458.0,-1.902
457.0,459.0,-1.907
457.0,460.0,-1.911
457.0,461.0,-1.915
457.0,462.0,-1.92
457.0,463.0,-1.924
457.0,464.0,-1.928
457.0,465.0,-1.933
457.0,466.0,-1.937
457.0,467.0,-1.941
457.0,468.0,-1.946
457.0,469.0,-1.95
458.0,459.0,-2.097
458.0,460.0,-2.097
458.0,461.0,-2.097
458.0,462.0,-2.097
458.0,463.0,-2.097
458.0,464.0,-2.097
458.0,465.0,-2.097
458.0,466.0,-2.097
458.0,467.0,-2.097
458.0,468.0,-2.097
458.0,469.0,-2.097
458.0,470.0,-2.097
459.0,460.0,-2.021
459.0,461.0,-2.021
459.0,462.0,-2.021
459.0,463.0,-2.021
459.0,464.0,-2.021
459.0,465.0,-2.021
459.0,466.0,-2.021
459.0,467.0,-2.021
459.0,468.0,-2.021
459.0,469.0,-2.021
459.0,470.0,-2.021
459.0,471.0,-2.021
460.0,461.0,-1.884
460.0,462.0,-1.884
460.0,463.0,-1.885
460.0,464.0,-1.885
460.0,465.0,-1.885
460.0,466.0,-1.885
460.0,467.0,-1.885
460.0,468.0,-1.885
460.0,469.0,-1.885
460.0,470.0,-1.885
460.0,471.0,-1.885
460.0,472.0,-1.885
461.0,462.0,-1.78
461.0,463.0,-1.78
461.0,464.0,-1.781
461.0,465.0,-1.781
461.0,466.0,-1.782
461.0,467.0,-1.782
461.0,468.0,-1.782
461.0,469.0,-1.783
461.0,470.0,-1.783
461.0,471.0,-1.784
461.0,472.0,-1.784
461.0,473.0,-1.785
462.0,463.0,-2.177
462.0,464.0,-2.222
462.0,465.0,-2.265
462.0,466.0,-2.306
462.0,467.0,-2.345
462.0,468.0,-2.383
462.0,469.0,-2.419
462.0,470.0,-2.453
462.0,471.0,-2.486
462.0,472.0,-2.518
462.0,473.0,-2.548
462.0,474.0,-2.577
463.0,464.0,-2.158
463.0,465.0,-2.196
463.0,466.0,-2.234
463.0,467.0,-2.27
463.0,468.0,-2.304
463.0,469.0,-2.337
463.0,470.0,-2.369
463.0,471.0,-2.4
463.0,472.0,-2.43
463.0,473.0,-2.459
463.0,474.0,-2.486
463.0,475.0,-2.513
464.0,465.0,-2.042
464.0,466.0,-2.064
464.0,467.0,-2.084
464.0,468.0,-2.104
464.0,469.0,-2.124
464.0,470.0,-2.143
464.0,471.0,-2.161
464.0,472.0,-2.179
464.0,473.0,-2.197
464.0,474.0,-2.214
464.0,475.0,-2.23
464.0,476.0,-2.246
465.0,466.0,-2.077
465.0,467.0,-2.13
465.0,468.0,-2.18
465.0,469.0,-2.227
465.0,470.0,-2.273
465.0,471.0,-2.316
465.0,472.0,-2.357
465.0,473.0,-2.397
465.0,474.0,-2.434
465.0,475.0,-2.47
465.0,476.0,-2.505
465.0,477.0,-2.537
466.0,467.0,-2.123
466.0,468.0,-2.191
466.0,469.0,-2.255
466.0,470.0,-2.314
466.0,471.0,-2.368
466.0,472.0,-2.419
466.0,473.0,-2.466
466.0,474.0,-2.51
466.0,475.0,-2.55
466.0,476.0,-2.588
466.0,477.0,-2.623
466.0,478.0,-2.655
467.0,468.0,-2.02
467.0,469.0,-2.071
467.0,470.0,-2.121
467.0,471.0,-2.168
467.0,472.0,-2.213
467.0,473.0,-2.257
467.0,474.0,-2.298
467.0,475.0,-2.338
467.0,476.0,-2.376
467.0,477.0,-2.412
467.0,478.0,-2.447
467.0,479.0,-2.48
468.0,469.0,-1.811
468.0,470.0,-1.818
468.0,471.0,-1.825
468.0,472.0,-1.832
468.0,473.0,-1.838
468.0,474.0,-1.845
468.0,475.0,-1.851
468.0,476.0,-1.858
468.0,477.0,-1.864
468.0,478.0,-1.871
468.0,479.0,-1.877
468.0,480.0,-1.883
469.0,470.0,-1.771
469.0,471.0,-1.78
469.0,472.0,-1.79
469.0,473.0,-1.8
469.0,474.0,-1.809
469.0,475.0,-1.819
469.0,476.0,-1.828
469.0,477.0,-1.837
469.0,478.0,-1.846
469.0,479.0,-1.855
469.0,480.0,-1.864
469.0,481.0,-1.873
470.0,471.0,-1.765
470.0,472.0,-1.777
470.0,473.0,-1.789
470.0,474.0,-1.801
470.0,475.0,-1.812
470.0,476.0,-1.824
470.0,477.0,-1.835
470.0,478.0,-1.846
470.0,479.0,-1.858
470.0,480.0,-1.869
470.0,481.0,-1.879
470.0,482.0,-1.89
471.0,472.0,-2.006
471.0,473.0,-2.055
471.0,474.0,-2.101
471.0,475.0,-2.146
471.0,476.0,-2.188
471.0,477.0,-2.229
471.0,478.0,-2.268
471.0,479.0,-2.305
471.0,480.0,-2.34
471.0,481.0,-2.374
471.0,482.0,-2.407
471.0,483.0,-2.438
472.0,473.0,-1.754
472.0,474.0,-1.764
472.0,475.0,-1.773
472.0,476.0,-1.782
472.0,477.0,-1.791
472.0,478.0,-1.8
472.0,479.0,-1.809
472.0,480.0,-1.818
472.0,481.0,-1.826
472.0,482.0,-1.835
472.0,483.0,-1.844
472.0,484.0,-1.852
473.0,474.0,-1.834
473.0,475.0,-1.852
473.0,476.0,-1.869
473.0,477.0,-1.886
473.0,478.0,-1.903
473.0,479.0,-1.92
473.0,480.0,-1.936
473.0,481.0,-1.952
473.0,482.0,-1.968
473.0,483.0,-1.983
473.0,484.0,-1.998
473.0,485.0,-2.013
474.0,475.0,-2.058
474.0,476.0,-2.106
474.0,477.0,-2.151
474.0,478.0,-2.195
474.0,479.0,-2.236
474.0,480.0,-2.275
474.0,481.0,-2.312
474.0,482.0,-2.348
474.0,483.0,-2.382
474.0,484.0,-2.414
474.0,485.0,-2.445
474.0,486.0,-2.474
475.0,476.0,-2.221
475.0,477.0,-2.267
475.0,478.0,-2.31
475.0,479.0,-2.351
475.0,480.0,-2.39
475.0,481.0,-2.427
475.0,482.0,-2.462
475.0,483.0,-2.495
475.0,484.0,-2.526
475.0,485.0,-2.556
475.0,486.0,-2.583
475.0,487.0,-2.61
476.0,477.0,-1.725
476.0,478.0,-1.729
476.0,479.0,-1.734
476.0,480.0,-1.738
476.0,481.0,-1.743
476.0,482.0,-1.747
476.0,483.0,-1.752
476.0,484.0,-1.756
476.0,485.0,-1.761
476.0,486.0,-1.765
476.0,487.0,-1.769
476.0,488.0,-1.774
477.0,478.0,-2.948
477.0,479.0,-2.968
477.0,480.0,-2.987
477.0,481.0,-3.004
477.0,482.0,-3.021
477.0,483.0,-3.036
477.0,484.0,-3.05
477.0,485.0,-3.063
477.0,486.0,-3.075
477.0,487.0,-3.087
477.0,488.0,-3.098
477.0,489.0,-3.108
478.0,479.0,-2.711
478.0,480.0,-2.735
478.0,481.0,-2.758
478.0,482.0,-2.779
478.0,483.0,-2.8
478.0,484.0,-2.819
478.0,485.0,-2.838
478.0,486.0,-2.856
478.0,487.0,-2.873
478.0,488.0,-2.889
478.0,489.0,-2.904
478.0,490.0,-2.919
479.0,480.0,-2.902
479.0,481.0,-2.92
479.0,482.0,-2.937
479.0,483.0,-2.953
479.0,484.0,-2.968
479.0,485.0,-2.982
479.0,486.0,-2.996
479.0,487.0,-3.009
479.0,488.0,-3.021
479.0,489.0,-3.032
479.0,490.0,-3.043
479.0,491.0,-3.053
480.0,481.0,-2.758
480.0,482.0,-2.778
480.0,483.0,-2.797
480.0,484.0,-2.815
480.0,485.0,-2.832
480.0,486.0,-2.849
480.0,487.0,-2.865
480.0,488.0,-2.88
480.0,489.0,-2.895
480.0,490.0,-2.909
480.0,491.0,-2.922
480.0,492.0,-2.935
