231.0,0.11089416746594727,0.801729750759329,-3.2137772196046726,0.3689634755331515,0.2866967822466185,-0.0028641503944388134,0.9905034797888512,-0.007743337136426855,0.011992897670636646,-0.016424006025478464,0.959467462081941,0.07113657109275624,0.011741887671458647,0.05550126125660327,0.8948415005463664
232.0,0.11026392654370605,0.7475427251329927,-3.1781908188176446,0.38254819473501017,0.2709124584112639,0.024249268958541962,0.990947150133745,-0.007479231405289257,0.005908520812615215,-0.01612737070080386,0.9605990685736168,0.05838007131628693,0.013386275967948403,0.05238352537898116,0.8943883622533533
233.0,0.1152322040161205,0.7455107709052843,-3.188145063878441,0.3800965804854296,0.2724862897176278,0.023444329704719165,0.9908464006965874,-0.007599615257874457,0.006845883861435526,-0.016456732910106773,0.9602341188122316,0.05769034221841383,0.014327047863685988,0.05194461029317956,0.8945799069546623
234.0,0.11539896607746171,0.7576278587477862,-3.1916472091935617,0.37721071158594155,0.27415164389081015,0.02014802238883956,0.9906822967841593,-0.007266708900178484,0.00801907362544614,-0.014542700780696655,0.9594291432467872,0.05624488121062663,0.010717230914147653,0.055853564142008746,0.8944935569164849
235.0,0.11542175466912877,0.7893614069545333,-3.2161203979128477,0.3786636884963961,0.28841388715417954,0.011065490755833999,0.9901746386037527,-0.008613381383703676,0.01674366085199652,-0.019082457996442124,0.9580792456499725,0.0882621878941756,0.006813827835715828,0.060996195673852456,0.895020463734854
236.0,0.11373425393822435,0.8082005041293499,-3.222354008775582,0.3723406382848959,0.2743215332791024,0.02073175537855762,0.9901421367429866,-0.00717995424008974,0.0130906902489801,-0.015106468309531572,0.9592022423225892,0.06791993676683226,0.008301300927384044,0.05717765358648903,0.8941134873022316
237.0,0.1150725297376906,0.8097800089647048,-3.218490487939869,0.36705888899257355,0.23906893101786325,0.035327727402856675,0.9903177102953029,-0.0071255037538852685,0.015852356415118275,-0.017798400487064336,0.9603637669827494,0.08580766905595748,0.0074292973019045765,0.057126387938021654,0.8946249593228988
238.0,0.11587531808993537,0.8157397214004863,-3.2203619693531773,0.3690263443069346,0.248502186421663,0.029008087814963102,0.9903100624177756,-0.007421667738449162,0.016248908648432772,-0.017541290905363736,0.9595861800626793,0.086375437203074,0.007271435593442287,0.05786377372390179,0.8946984182211253
239.0,0.12999932084330626,0.8160777291087288,-3.132108211661074,0.41647242089046005,0.38669104856328923,-0.11453597103130111,0.9873588610757467,-0.017074614740874138,0.04659626471456962,-0.00662245718588471,0.9231293070538824,0.11564513334145796,-0.0045496394543150884,0.08360766744149062,0.9008884277713709
240.0,0.11928892480179858,0.8156954527222988,-3.2270427801705024,0.36715281980815323,0.24325461995255337,0.0345659088820496,0.9901535969326136,-0.0070951035883902005,0.015881259763290963,-0.0182508725268057,0.9601418507913824,0.08526704809067043,0.007157429325242246,0.05734803176411012,0.8945988801289175
241.0,0.13108712715898233,0.819716015072299,-3.1393680945754117,0.42333831599599764,0.4025258843301651,-0.1311653135850828,0.9873457309976428,-0.01724747958703252,0.04618205897874686,-0.007126044961425449,0.924381749948695,0.11372865986528091,-0.003266417293971674,0.08179598638692573,0.8990510070592068
242.0,0.1234958711888647,0.8223681904515271,-3.2329887731353413,0.37951992959630637,0.2740056761194556,0.008309750574204891,0.9899110278904821,-0.008327046379213497,0.018639390939740094,-0.018338022710471434,0.9569886750796122,0.08937459701290841,0.006531046805148568,0.05955258265614474,0.8952197370250241
243.0,0.1257037644845964,0.8240224006975478,-3.2392443224149226,0.37052854320680945,0.2646460638722532,0.012456399646219635,0.9896180961923751,-0.006843037426726313,0.01310088719552932,-0.015278952092620033,0.9575508450723336,0.06304591695799373,0.008927020053569759,0.056946390436831626,0.894992663406122
244.0,0.13026197836424427,0.8162301183790005,-3.14010760579235,0.42728055592745745,0.42788009736755106,-0.1546191380410796,0.9871589893346309,-0.017472003767399626,0.046217095763616295,-0.006654243140863853,0.9235949884002121,0.11115622660479026,-0.004230963194266744,0.08393858578871904,0.8991960482169075
245.0,0.13285977029190119,0.8149767568703594,-3.148138366866006,0.423627033401276,0.42120646419066265,-0.15273073501446024,0.9871908069565272,-0.01752328694703322,0.046044018263263466,-0.006675822882091889,0.9234369408765184,0.11125700219050162,-0.004633752661988743,0.08452963989456386,0.8991826623151937
246.0,0.13283652557480397,0.8189721753262169,-3.1397944414038417,0.4306776352958107,0.44543389679777345,-0.17104832215408247,0.9872063418168715,-0.018315611041022375,0.04803675369058741,-0.006402744943330208,0.922129201768664,0.1142724647284995,-0.004450754959611424,0.08473539918499298,0.8991777605784099
247.0,0.1337767873089808,0.8166405579713603,-3.1413666092545367,0.4535658122860951,0.49687787598494537,-0.2099841271977594,0.9871320627161162,-0.01928815530810556,0.0489727328177596,-0.005822869459176757,0.9218149168974195,0.109817264889155,-0.004712029199465671,0.08606982214874632,0.8992199795215192
248.0,0.12470049476132869,0.817267949087329,-3.2401634842014393,0.3841170700161823,0.295271369901937,-0.002993789974213662,0.9899085599856563,-0.0068024205806044855,0.010233103274679432,-0.013398421103578051,0.957100714600442,0.055458064585330535,0.00796885573214937,0.05839933915494134,0.8946327626560779
249.0,0.13227964601774278,0.8159564254144125,-3.1370973669161537,0.4640654656503862,0.5181603831845247,-0.22567074634115908,0.9871667347906081,-0.02052050811579132,0.05210994562874543,-0.005173832921126845,0.9192117854510344,0.11503542974623647,-0.0061325367954957796,0.08866076684225054,0.8989675642664607
250.0,0.13099706576531026,0.8161533371527461,-3.1246021266336967,0.4920537948692431,0.5748549703791318,-0.2695975463287168,0.9875007080548641,-0.02194697844235427,0.051865113648044456,-0.005295700421903893,0.9188456391366036,0.11430325262366606,-0.004601923596040137,0.08780704651953732,0.8985815089500389
251.0,0.13240995726493857,0.8177259504197709,-3.130828188210633,0.4907564964003515,0.5732287826437658,-0.27068919751355974,0.9874707475453783,-0.022195370969545342,0.05271727894261215,-0.004841384226662989,0.9180546094175144,0.11354181298934733,-0.005666793718896093,0.08958144593265999,0.8993041388615448
252.0,0.13342416352966843,0.8157527943015647,-3.128687082722428,0.4944617291613884,0.5901397697760243,-0.2853427893826963,0.9874420632526122,-0.022306197913931094,0.051981493430292215,-0.004513798807883524,0.9180144352238877,0.11073866586662032,-0.005462163016993342,0.08967967309627806,0.899366143286594
253.0,0.1325361564039971,0.8168916434434144,-3.1242027162970456,0.5089478885314435,0.6269040822913632,-0.3220751166219373,0.9874144637436377,-0.023589008578108556,0.054888253526715516,-0.004776000513397108,0.9171479143070851,0.11504390400056501,-0.005657632787583612,0.09073847517476566,0.8992910009225308
254.0,0.12612371421895638,0.8323553804561827,-3.235188892557594,0.40979492083011,0.33927700084337004,-0.027127654468588565,0.9904151912634693,-0.006637365776357295,0.00904679373265475,-0.012380531281737156,0.9577385178284799,0.05099971860811023,0.008523659916180287,0.05823855479592828,0.8943609970184971
255.0,0.1321755973475011,0.8130956366870662,-3.123514194173363,0.5300971231726709,0.6625378461908452,-0.3515907926906993,0.9877187996767032,-0.02514448743639541,0.0569373424936797,-0.004826391912838846,0.9158831664710672,0.11842433543086113,-0.003819776071270969,0.08882006824393987,0.8996093324157146
256.0,0.13212143340149562,0.8102504749061019,-3.1329114344555973,0.5425185795680284,0.6812310847294345,-0.36499401927654035,0.9881065052032096,-0.02552692235519331,0.055572264042694344,-0.004085309179135848,0.915877015594875,0.1146747756204391,-0.004835024871961279,0.09067980936211141,0.8991445099085749
257.0,0.13254469385080414,0.8163927129113114,-3.12112954422732,0.5556002054401593,0.6929857360950981,-0.376877544127905,0.9884274269366886,-0.026029098062000437,0.05649727135275708,-0.0028195454030950314,0.9151300137900569,0.11402800176145304,-0.0059710627931651465,0.09180623846056256,0.8996609030546288
258.0,0.1328711061626371,0.8098244438854857,-3.1194667726721352,0.5570927115215841,0.6981977679541227,-0.39647769246494513,0.9885273514924122,-0.026848011261919363,0.0586544830609127,-0.0020785108755467844,0.9133088327243175,0.11656264150702965,-0.006363203240888984,0.09244661402806521,0.9012487042944923
259.0,0.1307686299106033,0.8118448368904546,-3.118543729373702,0.5677863406181515,0.718745599461886,-0.4034426360422265,0.9886610979609074,-0.02647195190033882,0.055363626269081624,-0.0022409939362634853,0.915269396943839,0.11026993192558619,-0.006152956884939803,0.09219826985718987,0.9004153245132447
260.0,0.1338142124175211,0.8072267487888273,-3.131140715160774,0.5758695604738242,0.7333994970955009,-0.4148920210008277,0.9887170114152142,-0.026325858383771786,0.05279368637254275,-0.0024208382846849447,0.9160668157995588,0.1053778296016168,-0.005380714625379254,0.0912763795783085,0.9017690784782888
261.0,0.12666208085619712,0.8239953297823379,-3.227579661522757,0.44218442846478495,0.3673062077227254,-0.04217988011571457,0.99139663845492,-0.006057427647758758,0.005065267170507751,-0.012029972698494758,0.9607704700180599,0.04634417346831444,0.010024873602360321,0.05577593061383198,0.8945987349650879
262.0,0.12872685702772174,0.8053936210834328,-3.1187979892796216,0.6056750101844952,0.7791580954285403,-0.470230718459193,0.9890254325080943,-0.02760156963849495,0.05244665299790233,-0.0023321884254843286,0.9164544638895951,0.10367406665749654,-0.0036284091248632894,0.08850640121767042,0.9032983628013447
263.0,0.12801764157359288,0.8020528465380452,-3.114638680923983,0.6102581046890805,0.7947898556680897,-0.49430505256594065,0.9888932289636467,-0.02783889426597367,0.05230787240163468,-0.0024424846391958212,0.9167720771827945,0.1025172590290078,-0.003067314073961577,0.08756689280575361,0.9043800889604083
264.0,0.12412073376226776,0.8285743941066231,-3.220959460944753,0.45510489061495296,0.35713644453134225,-0.04342724267216321,0.9915122771833562,-0.005347819077138963,0.005093073887857069,-0.009618455055788263,0.9610814658853064,0.04219308095477793,0.008780640541767004,0.055056846890687745,0.8954985732243617
265.0,0.1293662034878223,0.814649108190786,-3.103241032537036,0.6184912271937552,0.784802903543231,-0.4888545550093901,0.9896862876054604,-0.02726665568534482,0.052858316564901746,0.00037659612737328833,0.9168781999366651,0.10014040907503331,-0.006383664176261292,0.09012421505020596,0.903458240835515
266.0,0.12285891174487046,0.8046183334961784,-3.1011657583645627,0.6358841106959919,0.8207418446051066,-0.5244402168903638,0.9898805495664535,-0.028247359685164328,0.05034143283754484,-0.0003940149170567734,0.9170890590582481,0.09799941608798536,-0.0035802069146881094,0.08657408356491397,0.9050782810904598
267.0,0.12843226001772343,0.8140001892006463,-3.108775936528528,0.6510963130846681,0.8231119860287985,-0.5326444842721568,0.9901719934234927,-0.028131553305631874,0.050638977723119385,0.0013104664965673145,0.9174057178912935,0.09330615605116928,-0.006703511583389721,0.0897265337007722,0.9058481869699362
268.0,0.12319117806709053,0.8317036112433768,-3.226364702104384,0.4800284166902506,0.3365741921503564,-0.030330056781987188,0.9926675556502598,-0.0047864049482429245,0.0014201261945873916,-0.008152267196667982,0.9631423355416389,0.037479246216564795,0.008081074476033777,0.052952810597944995,0.896695978033244
269.0,0.12300055361363992,0.8081465782516881,-3.096305150134935,0.6313649567364715,0.7921435705937645,-0.5062833758192691,0.9896427590257888,-0.026405963038230274,0.05391329731742784,0.000721469360863945,0.9186978537836534,0.10124988745703879,-0.00644350920381388,0.08795783925022556,0.9032753144035977
270.0,0.1237946097206852,0.8062883284798896,-3.108967679293875,0.6477014044883718,0.8081270723575716,-0.5123577952299463,0.9902122454176869,-0.02703818606905887,0.052448741146586146,0.0014517076130407783,0.918551638396677,0.09811634203247545,-0.006581569300851674,0.0880178350669661,0.9032179439291741
271.0,0.12399341896795017,0.834925071821733,-3.2185369241029713,0.4414339566831917,0.2880251487974161,0.006738662700582141,0.9914965834507414,-0.004575456843199072,0.012537148324843045,-0.011742153778111566,0.9620354909364626,0.07144019426196505,0.003972372855568269,0.05751917320199136,0.8968661963734534
272.0,0.13076752810688916,0.8210784160272803,-3.1220395980108426,0.6134652533432885,0.7984748067578853,-0.5135859815746001,0.9887843570734698,-0.02657909380711369,0.05332910230408072,-0.0007434831172290451,0.9186264342270711,0.09781845530983549,-0.005872428884693129,0.08953955922575899,0.902507645345558
273.0,0.1311146824135447,0.8230495424176802,-3.110633899410691,0.595230119381123,0.7504819284228625,-0.46883343821178897,0.9889593416877185,-0.02568640674843525,0.05266845050216349,-0.0011009112621109304,0.9186500295007218,0.10187813245828264,-0.006235112039118459,0.08987113799463822,0.9025768295695415
274.0,0.13143673758211638,0.8264443426253181,-3.111795173589309,0.6259121895667953,0.7941739152916306,-0.5012226602308708,0.9895783071312516,-0.02676084924202061,0.05041598326855676,0.00011413930542649135,0.918510203275523,0.09533102928111409,-0.006046422473159149,0.0894624594777405,0.9030041171028009
275.0,0.13232050518643945,0.8295751340115533,-3.103395204815585,0.5956021805819263,0.7019859258294849,-0.44424084083436083,0.9890493610014401,-0.025291882530328453,0.048356063127411156,-0.0011453732784139478,0.91779330526221,0.09757174572816397,-0.005716703607680875,0.09125383830510146,0.9044200815609567
276.0,0.13125704049943293,0.830694997922593,-3.1032839885297845,0.5912256405111682,0.7037299869638567,-0.45242791880143585,0.9884651521209511,-0.024742575574247864,0.0503932675946867,-0.0018525840118560196,0.9188829014129982,0.0996665544683084,-0.0056374018638427805,0.08979392497484531,0.9053335032150891
277.0,0.13741410877382867,0.8443793298807031,-3.1010128808625037,0.5637329658979265,0.6655739794499488,-0.4568385296077148,0.9877218149424234,-0.025214353775533938,0.051085733619064835,-0.0032200344956738224,0.9166459653211472,0.10174272252751541,-0.005177355444568049,0.09659016866039767,0.9029418529182667
278.0,0.1325319030946654,0.8616706683792525,-3.236469031174959,0.4612845918603891,0.3152520044940528,-0.0719228887276014,0.9913308626073518,-0.005618728226746245,-0.000520907840097017,-0.011392445211545475,0.9607504506514839,0.0328826004451754,0.009036734719392328,0.06330270945597433,0.899141487760093
279.0,0.13504713120670891,0.8536898976284264,-3.0970990970687335,0.5705006357947231,0.6372650729724428,-0.48011318337570746,0.9875642902228514,-0.024565056558462885,0.04887885993362478,-0.003917518932955916,0.9183204444454083,0.0989974447689634,-0.004197099346633885,0.09601793347932835,0.9046275172939977
280.0,0.1376805185729426,0.8404089276964205,-3.1085577258691437,0.5821531391246079,0.6551399164535918,-0.4462557598853041,0.9880506484006331,-0.024761122668300165,0.04852188018554787,-0.003101923293233923,0.9173269600878484,0.0983547992374304,-0.0035739374520289764,0.09328104263756164,0.9015549273068981
281.0,0.14187292848362446,0.8360906831971823,-3.1205499372013557,0.5891981928928504,0.6933454214161724,-0.47539487058290686,0.9876921936886187,-0.02687689456979016,0.051236294335849954,-0.0035922530020684796,0.9145588035795891,0.0996382159838563,-0.00406599397026624,0.09552175597369536,0.9017201728830306
282.0,0.14254247507316117,0.8371656128184123,-3.115488280297099,0.5937095268780964,0.6788582045303921,-0.46349762816346496,0.9878204763253293,-0.026030256693896484,0.04946355170206388,-0.003154494339399836,0.9152438530376441,0.09758732833155143,-0.0031251500750005745,0.09398376333905707,0.9019921187358655
283.0,0.1419148792506347,0.8381470711366282,-3.1186895879706746,0.5794517150497918,0.6465427258145421,-0.4415860758572012,0.9880057810059029,-0.025076242280897807,0.0492404979150446,-0.002963215518992166,0.9167173922128344,0.09812128053360665,-0.003952574812624381,0.09365749340359522,0.9018114940910391
284.0,0.13839475758761324,0.8469720920124678,-3.1044404936339376,0.5766587337318347,0.6187474695483209,-0.42340051538376133,0.9881962371721116,-0.024544956680868216,0.04889574372503412,-0.0023607152627436513,0.9164701751630748,0.09968112589433997,-0.004242850457121712,0.09363622052806031,0.901426957361845
285.0,0.13605963792720718,0.8413864589009422,-3.1005847549946766,0.5220576636952031,0.570774748085376,-0.41906761746082855,0.9861423101086466,-0.021437277580061292,0.05210109802093589,-0.0074961613508991425,0.9222587412815517,0.1105268225156429,-0.0015295774329272724,0.09009083901590838,0.9003782783214418
286.0,0.13622623074085116,0.8420035886351191,-3.1204564934887724,0.5605876125920447,0.5718425032328814,-0.4135244832839855,0.9888259869762253,-0.02145589275717809,0.0449051857725168,-0.005074449655845388,0.9269827510143585,0.10132830079118005,-0.003444405911335503,0.08886666518100274,0.9026602818795144
287.0,0.13721096961523363,0.8995169536746938,-3.213389494238462,0.5594049897693837,0.5125450012650865,-0.43363359856908723,0.9890958172530102,-0.020149977348053873,0.046677652803505026,0.00047542544756838597,0.9263643975091058,0.08928492823005937,-0.007981828880041921,0.09205931250484961,0.9064307429369585
288.0,0.13647265278263046,0.9161610872787114,-3.258062322284,0.45419545082486235,0.21114691466294572,-0.03504845061707745,0.9920711583491695,-0.00434005180934934,0.007463333669556997,-0.012956016330558807,0.9660909900507639,0.06765371022526928,0.007191869701191576,0.061687640045485936,0.8984002248140439
289.0,0.13460576065123256,0.9073377592873352,-3.219213656108295,0.5746335579775051,0.5399981470816815,-0.4547945979082339,0.9888367966693468,-0.020788531379699167,0.04879068877659408,0.0006655342070429624,0.9264947370956089,0.08792877161249492,-0.008052543074346146,0.0916528248694045,0.9075724677969914
290.0,0.13749787156477736,0.9065895067379053,-3.2205130573388425,0.5745001043957898,0.5376503913127165,-0.44098868940545427,0.9887517594183588,-0.0208776546080212,0.0470674602775463,-0.00022740667009110203,0.9256800390851472,0.09012201192000441,-0.007578392328966473,0.09130193424379784,0.9074886880248987
291.0,0.13403434107608203,0.9165429449122722,-3.2595412842791522,0.42548775074176653,0.18741508023150963,-0.029624874978884334,0.9911557639179922,-0.0040533167490881036,0.010547329089834277,-0.013528242882021035,0.9648724116467349,0.07154495066274862,0.007081311463713381,0.06112598656295595,0.8988287806954307
292.0,0.1332857081675157,0.9098483469547041,-3.216894784052887,0.5664318630276083,0.5249849466502933,-0.43834930728973304,0.9888694718882445,-0.02052714164122487,0.048857162124636894,0.0008880900359179342,0.9259747963609573,0.08921326963262557,-0.00800567858459322,0.09134649271592385,0.9071885664475865
293.0,0.1343607529843764,0.906190156865551,-3.263654296553903,0.45119000519569386,0.23351467731040046,-0.04789383285012422,0.9917649535788124,-0.004055123175241719,0.002113320145158683,-0.010201286609917742,0.9649851550381934,0.04214402206521297,0.00865257480412837,0.059248943997515284,0.8993282470789665
294.0,0.13477062002195475,0.910326197787621,-3.259999496367323,0.45122677732817906,0.2329026380718191,-0.04192405004843955,0.9918697706745201,-0.00402254257994231,0.0013934090898041597,-0.01027011549822747,0.965298995868072,0.04085205464756487,0.008612491291502081,0.058867707142052764,0.8991005228629125
295.0,0.13551639076347965,0.9060811936984372,-3.2732589431270123,0.4491773575466124,0.2253184536507021,-0.04000029182632402,0.99184124486308,-0.0039042476596266515,0.0014163603857909103,-0.010355388234524995,0.9654421917462275,0.04101982759008137,0.008862612750436469,0.05835530317703249,0.8991886419792785
296.0,0.1387369833283431,0.8981585956318842,-3.2299546933587124,0.5599150556737177,0.5270464519038652,-0.4284191779152026,0.9885065561955093,-0.020316627002570774,0.04935438118724869,9.150075744551426e-5,0.9263437493316424,0.08973393085271505,-0.007650958420837657,0.09132816351262062,0.9065548407910327
297.0,0.13611735340548972,0.9063291348724714,-3.2652775931611835,0.4391401084915174,0.21551927010838431,-0.03531963693517428,0.9914597893912109,-0.0039147822423840385,0.004592223451760432,-0.010627003637021378,0.9649629627579412,0.04584302640862195,0.009409620252747808,0.05753836347358516,0.899209722869462
298.0,0.13240193415232573,0.9007715214473252,-3.2202241093599535,0.5533996525365227,0.5216594121732424,-0.4122901965776696,0.9883056316779857,-0.020183224898376446,0.050108407072958425,-0.00043034490770719184,0.9262580047908715,0.09268488554912784,-0.0074329161391329,0.09059899603119004,0.9065810678006985
299.0,0.13684789436560388,0.8993108617634289,-3.237385356457667,0.5454911320675022,0.5183964751483685,-0.4187957213228059,0.9879290577019526,-0.020086190078959128,0.05000034872113925,-0.0021617404270413716,0.92648949574088,0.09683543207623038,-0.005625814029573377,0.08904294410621576,0.9067206755414525
300.0,0.1371681821272077,0.9030574368111118,-3.2761827227845464,0.4418288412879968,0.2245791454177989,-0.022024159302209193,0.9914724810945492,-0.004038303762875365,0.003981623352575321,-0.011164876025012722,0.9651229576248506,0.04584899419145636,0.00839322584129047,0.05764496917982383,0.8991539918913898
301.0,0.13833517195316408,0.9023842321936085,-3.274019823105113,0.442259476493758,0.22332866782881686,-0.023642516352632398,0.9914440920332201,-0.003902108978243297,0.005100154107622515,-0.011749801040265495,0.9651116317026194,0.05228626341696009,0.009042166557020635,0.05712398842883011,0.8992372683438126
302.0,0.1348409777932509,0.9000682271296482,-3.2568677852754746,0.43914062494960104,0.22797047239052545,-0.02673462291836514,0.9911897526064146,-0.005363157301016908,0.013313209794342314,-0.016016607997537274,0.9644218881541562,0.08319401470265145,0.007366194287625911,0.0587671012680354,0.8995935566710103
303.0,0.13748638296872714,0.8945096031940177,-3.2157337570504843,0.5412557930680005,0.5143472122255963,-0.366940277120757,0.9876498548410635,-0.019232542734487667,0.04912233533043553,-0.0015309670594807505,0.9257593478015058,0.09435890411694423,-0.0069642783863352225,0.0890238926735181,0.9055128913577928
304.0,0.13779194461377886,0.9017456549709713,-3.2686205106988577,0.4347942781721311,0.22879731130645795,-0.01935816974533263,0.9910013554215673,-0.00412819297587628,0.006763379416928969,-0.011720140057963385,0.9639426048602264,0.05345199279245748,0.009138286190794223,0.055762071727921095,0.8991937594489539
305.0,0.1372801457826779,0.9033848651397576,-3.2742679131384547,0.4314659204696,0.21945154807183848,-0.012429931259668188,0.9910640828669048,-0.004372492549980764,0.008542283539425313,-0.01280617007638233,0.9644977849409144,0.0601440408559758,0.0102527940605903,0.053860272662866186,0.8990621807652344
306.0,0.13863562330723755,0.9026774258939639,-3.2838315279355546,0.4295454907412793,0.2198625326962466,-0.018425665031712283,0.9908853873306789,-0.0043793112325410805,0.010075234205254734,-0.012888595116268928,0.9642335636046075,0.06257764682832095,0.011473430800372922,0.052402896163161135,0.8991004674215495
307.0,0.13580287766457821,0.9015484422560741,-3.271107021756391,0.42883631158106056,0.21590931825832674,-0.018912756747464805,0.9908125509289869,-0.00427906700306133,0.009911890408056465,-0.01272429415351396,0.9640952497638169,0.06212153410434892,0.01185870306717266,0.051725595474897856,0.8994340979310249
308.0,0.1353752098451814,0.9094264645935076,-3.2748745930957743,0.43595052192490685,0.22063087576701468,-0.028595660543404317,0.9909066020240467,-0.004585695668886419,0.009848672106765759,-0.012702343743351168,0.9641970311990575,0.06167553127194014,0.013624132096253933,0.04899497149885332,0.8993764132982764
309.0,0.13295160894288907,0.9105655363424917,-3.2804573625826787,0.4367144468419737,0.2177132309267315,-0.026910159256947643,0.9909274494134841,-0.00463763091249952,0.009958904135858456,-0.012730804622842762,0.9643748770433878,0.06171232218804966,0.013469522459170045,0.0487032137176789,0.8996791308472922
310.0,0.13548920028187222,0.9107808037116648,-3.281089591852493,0.4388103663325879,0.20784170678634067,-0.022566163752584512,0.9910545424014565,-0.004300990529371637,0.008897633370204154,-0.013247509858195,0.965422821079716,0.0619611403892046,0.013624295138699335,0.0480456261823248,0.9003074369763688
311.0,0.13393218643954657,0.9061012667964873,-3.284447136224113,0.4417556824245459,0.21128663685586452,-0.01690979720853195,0.9911067427465805,-0.00452095588187103,0.0090971960019894,-0.012921913494725774,0.9651748871723964,0.06135110503853954,0.013698388009847027,0.046689138886972806,0.9001933111317524
312.0,0.13678751542315554,0.896820475456499,-3.2832178294420604,0.43563834468571094,0.2008777272091025,0.00956399270796241,0.9912595073834292,-0.005077184309228242,0.013085725898247523,-0.017043323782632135,0.9665518182208854,0.08402273967781182,0.011929825220051643,0.048332330306830214,0.8998808693404603
313.0,0.13331528001640455,0.8891225301300597,-3.2297238442426623,0.543971919489818,0.513458401582414,-0.3447254408211157,0.9870055150218391,-0.0190340717066593,0.05702540355847527,-0.00482184230000059,0.9276262841476888,0.11721768996968981,-0.004878411782673719,0.08155217842444232,0.9082061500432521
314.0,0.1374114638368561,0.8954588206473536,-3.2940241450565333,0.43551500878652316,0.2055699052357299,-0.0011062612991085952,0.9909805659923083,-0.0045054184138386575,0.010529570230681498,-0.013798521417446176,0.9654707720248001,0.06585425393824781,0.012430095425095851,0.04690927215414603,0.9000515272868745
315.0,0.13522905494245785,0.8947538604361596,-3.292394619934497,0.4327540797127619,0.20215562519806518,0.0016923478621044003,0.9910391415864686,-0.0045578452656040045,0.010164015474397287,-0.013554555453102756,0.9653572951820413,0.06490474753117606,0.012099489613739894,0.04679254433151507,0.8999715142587987
316.0,0.13343105289435095,0.8956634085085168,-3.2739604500532007,0.4294004157309548,0.1977486283547782,0.00630636017423324,0.9910373375400015,-0.0053131295373862655,0.015252387589821101,-0.017356061344437623,0.9661313215852148,0.08909416061720873,0.011753458351964537,0.04713548311865487,0.8999673045854542
317.0,0.13637683011221846,0.8940168356534265,-3.28762854128531,0.4283360778556153,0.1918215243644145,0.006169894555559026,0.991048578054746,-0.005373667192998549,0.015710183371421042,-0.017434114136082413,0.9661752226860505,0.08992871097071793,0.012599539624229059,0.0458563076304636,0.9001721979680872
318.0,0.13426639249242306,0.8924109341824239,-3.276058074704017,0.43632074624737927,0.20303518485090724,0.004880610045559685,0.9911753653185633,-0.005592326485224694,0.014324399543945146,-0.018228244207598183,0.9665228074703027,0.08993365362683078,0.01355644645667369,0.04480282157877585,0.9001955064152161
319.0,0.13435636054522163,0.9018638792814639,-3.2767522585868534,0.4305720050240729,0.1912126742684723,0.006176153037456667,0.9911542448786204,-0.005432597009916225,0.01569464605429339,-0.017348730371250606,0.9663691393581111,0.09070185310977602,0.013254411805655123,0.04409220927511934,0.9005302820521339
320.0,0.13282158104380906,0.9116020684019973,-3.287116949678643,0.43506889065057375,0.2000215974841203,-0.014167563507363853,0.9912075490867789,-0.005562824839210013,0.015318652519900463,-0.01744594365603555,0.9667477456588152,0.09013215284665801,0.014972621020670075,0.042003480646533344,0.9003407874132716
321.0,0.13046949638550706,0.9187682674810348,-3.2761648331907063,0.4349548912227532,0.18773938409193505,-0.019105775991171824,0.9912787042953994,-0.005410356417562231,0.014487198085260495,-0.017711312087966745,0.9678494332678012,0.08822386755443311,0.016915527482575778,0.038602617306822275,0.900498917683382
322.0,0.1318263468995423,0.9123953687034843,-3.2847765932372828,0.4319544224501092,0.18631739479781873,-0.015627277476921622,0.991186969753471,-0.005494386693021921,0.01522040698009922,-0.01766314328847397,0.9672369400822414,0.08945784893141712,0.016317026564070948,0.03952326772846024,0.9005980396692936
323.0,0.13030122025914143,0.9173505298141572,-3.2701307735225695,0.43372329643368346,0.1858937314147243,-0.01709784224645326,0.9912908911532528,-0.005423009364471203,0.014357051276486505,-0.017471399700938906,0.9674228141592447,0.08831883969569614,0.016695318721128016,0.03871644140191399,0.9006251307832704
324.0,0.1315319148157285,0.9200949289370711,-3.277222766677435,0.43840565266832765,0.19258206377865444,-0.02504400146011258,0.9913194870297652,-0.005473970952268638,0.014180469185167873,-0.017796431999418008,0.9680098005060322,0.08813692011851548,0.017527175274820547,0.03734739022895429,0.9006328510506989
325.0,0.12870042002474005,0.9205204168622242,-3.281915366570865,0.45023132502585017,0.1963629208798184,-0.02931082054670835,0.9918141531356772,-0.005418280817688134,0.011004812711086068,-0.0174109147329383,0.9689118485833152,0.08329539780034531,0.018281039984881432,0.0358940431845618,0.9007998556129635
326.0,0.1320910842652827,0.9195159623960805,-3.293850920389559,0.45027371820605055,0.19578171941598846,-0.028799861831269934,0.9917129210384252,-0.005750566392490766,0.013087326134647996,-0.01789216814065481,0.9685424461831229,0.08835997955104942,0.017443846683000964,0.036461157628243,0.9007950640006379
327.0,0.12805544791689538,0.9148455541099316,-3.2847223070067835,0.4778153321029057,0.17048180999978937,-0.009582382577559329,0.9932458044186996,-0.006186555152015953,0.0068570455357128525,-0.01919725243298948,0.9712473357424061,0.08716377139578198,0.019038777414826402,0.03327191954809577,0.9015824033295685
328.0,0.1304778481601155,0.9262325842831338,-3.2751036902818074,0.42015167737426296,0.15575594735724962,-0.01472755472236423,0.9905924232631926,-0.004979865210936256,0.014451630984865927,-0.0177057183006464,0.9665024892161169,0.08659995367476904,0.018021268433849266,0.036393297487486445,0.9013877290940948
329.0,0.1287374767716389,0.9296696852677615,-3.282376255316354,0.43606614353366785,0.16488585137070835,-0.022037823061069505,0.9914254402088862,-0.005228055139280553,0.013178353237525888,-0.017593862794347423,0.9685778131058509,0.0865307068057266,0.018264726728192567,0.03471866538869388,0.9013138180866456
330.0,0.13146351526874572,0.9269495957715027,-3.288232081951853,0.4433440507868957,0.1637630461395499,-0.021718874626720723,0.9916244675360497,-0.0052579897448003605,0.012456502948410516,-0.0175914778911897,0.9690731894099551,0.08595201642211873,0.018005503333392747,0.03460691132635985,0.9014416879724525
331.0,0.12578124525913695,0.9316132473572077,-3.267679564476623,0.44425179063948317,0.15411733321978158,-0.022736971296034473,0.9916962105227694,-0.0053340332250142175,0.010858720218815471,-0.018445956568182906,0.9689958317582104,0.08666788737972107,0.019519203581118156,0.03319527154470121,0.9016900738651223
332.0,0.13035763203493503,0.9308051099982657,-3.2827730787120886,0.4348378286022775,0.15085073232549792,-0.020792606793717555,0.9912829238032907,-0.0049695577308424745,0.012870477170582546,-0.01724779667789936,0.9682438918626404,0.08502278767213063,0.018423333939540796,0.034148044734706576,0.9017141294073663
333.0,0.12800496957022742,0.9330229263036217,-3.2749084408217763,0.44059949179476887,0.16973140010682572,-0.026028415861556395,0.9914719140984742,-0.005416645595707927,0.011961834342663877,-0.019015371041609046,0.9693056428944042,0.08858966977782098,0.019596814350281523,0.03269199350284614,0.9017327344522843
334.0,0.12679519427075514,0.9320347088096588,-3.281812311936938,0.4408947699206228,0.15704338034063076,-0.024377075028282603,0.991358954248821,-0.005147235849746866,0.011647801864257182,-0.018640709858730353,0.9693602997091177,0.08645405496235971,0.019293511894506277,0.032540188253932054,0.902110219476383
335.0,0.12884693907364814,0.9358166299380615,-3.2918576003510656,0.44740979073177245,0.1580872908699888,-0.026786996341385347,0.9917232323985383,-0.005134863416893677,0.011282982928781292,-0.017905423126226738,0.969964061427437,0.08498620131614158,0.018749620099079826,0.03241280088476986,0.9021433151576133
336.0,0.12907552728532812,0.9322668860439953,-3.2752516788172845,0.4476488554752897,0.14973034852586894,-0.02117050884181115,0.9917115034769011,-0.005222214862353371,0.010432145197951857,-0.018687314566181338,0.9697501324019004,0.08599294610542571,0.019783388913588475,0.0315828567246715,0.902359717320814
337.0,0.12797959846590892,0.9305605790540663,-3.285601853555154,0.45176967700098286,0.1529589699946923,-0.02225036859035963,0.9918136421603438,-0.005306058075972845,0.010296995769802943,-0.019058569454587063,0.9704450737464241,0.08649057584772446,0.019628033398521056,0.03126175247520713,0.9026035359916953
338.0,0.1304587524271082,0.9349331486921048,-3.286482947598908,0.4534877726561569,0.1534483147756121,-0.025478807442933366,0.9918472768385289,-0.005306021463126069,0.010274674182971571,-0.01912308768618188,0.9704767136809904,0.08746857498123127,0.019565457984828106,0.03110037954694482,0.9027110656017818
339.0,0.12795220450637265,0.9314333341000143,-3.2826704067414543,0.45271111619659293,0.15466049350413283,-0.024212135118335896,0.991851470855099,-0.005371739357258671,0.01033739255847474,-0.019007391966669493,0.970368779897991,0.0873418213939307,0.019586654613503108,0.030997442639032008,0.9026604492211232
340.0,0.12469383122369851,0.9404285076038309,-3.285762975691624,0.45574252759309936,0.14103821622891716,-0.028113010319121258,0.9918983378789215,-0.005057824427988451,0.010090355571971509,-0.01812256683970811,0.970731727261908,0.0838633836568642,0.019415228373527788,0.03044967775773671,0.9030629311408622
341.0,0.13316526898660766,0.9278504105100699,-3.298499851649615,0.4600466376452639,0.15301081252283785,-0.02491221153013409,0.9918772891647423,-0.005224159598449038,0.009784838444779917,-0.019223159615900882,0.9710660204494619,0.08624560484829336,0.01979951220701859,0.03015701724818503,0.9031318482230708
342.0,0.13038790970372546,0.9274385677765469,-3.297921636160132,0.4544146438551791,0.15311711060320346,-0.02020452589104172,0.9916173104246893,-0.0053651182461889844,0.011422278011859589,-0.01978412248636282,0.97103649260096,0.08794852672221018,0.019529121776151036,0.030439267784365294,0.9031854636755465
343.0,0.12965546859625923,0.9261865247608575,-3.2791407763980325,0.4621682660094956,0.15268808902061806,-0.018073017407103088,0.9919970526645003,-0.005180300240642424,0.009667378405958662,-0.019284214671173815,0.9712203627921543,0.08620059274585441,0.01979895707189859,0.030167968677747216,0.9033400475189735
344.0,0.13025201329664937,0.9218567023277435,-3.2925161946588606,0.45981008923008104,0.1504607792637085,-0.013322341205790905,0.9919251575710775,-0.00516509255368062,0.00979061769213312,-0.01935854846935114,0.9711921017030802,0.08575908900089521,0.019600664437658316,0.030274324920457438,0.9033327537975067
345.0,0.13186629758353963,0.9247078883803297,-3.2971979436043015,0.4589456259178155,0.14389444935246287,-0.012398359158144018,0.9920242347724533,-0.005420573785841162,0.00990156587960883,-0.019480342583185446,0.9710275229091392,0.08704205359037318,0.019824306605605923,0.029772866639212407,0.9033932340785733
346.0,0.13326507494763457,0.9249387115677857,-3.2921698476371093,0.45967334362932327,0.1442504507413484,-0.011835985998987043,0.9920279105254246,-0.005608497900558679,0.010602483864053871,-0.019759685454194764,0.9710382393834867,0.08854648544767503,0.020034485640506406,0.02944238890553694,0.9034678887971481
347.0,0.13304575908564475,0.9224991262617543,-3.305707572675561,0.45201424498445497,0.14508216114785746,-0.00904612524801874,0.9915428181522741,-0.0054440821328110975,0.012347282862250222,-0.020087892870829894,0.970799586650873,0.09015651719035031,0.01939589483146784,0.030191061758715994,0.903633079416885
348.0,0.12980550429125737,0.923085718378872,-3.290953033640551,0.4583899876065449,0.14869490070222874,-0.0044428913784816245,0.9918207619897401,-0.005166803918776016,0.010922709678701452,-0.01976499281631513,0.9714205454067617,0.08877706168270887,0.01897975895321617,0.030140524146363774,0.9036932730857703
349.0,0.1349130248677955,0.9214358147054129,-3.3067323297127382,0.455535055810816,0.14588267761393378,-0.009190611475439729,0.9918228208007889,-0.005324214866139342,0.011481808892940303,-0.019469592762240057,0.9710180919034361,0.08801634808769267,0.01978018576969102,0.029146357364884395,0.903598956933402
350.0,0.13364284697989845,0.921845897282687,-3.308463954457201,0.45491706931030895,0.16152840593380943,-0.016168172906198493,0.9915176984396112,-0.005293803026487527,0.01179119771308812,-0.020263389973820514,0.9718585331744616,0.08857695022734603,0.02009215474131855,0.028388805576949665,0.9038532254561655
351.0,0.13674816030991715,0.9225422503204816,-3.3123516577955106,0.4537248470528129,0.1680876205600311,-0.012039585055776746,0.9916151439288872,-0.0056755352213184495,0.012770632755918164,-0.019591193820949256,0.970432123322807,0.08925722855736497,0.01934565211604646,0.029614521975314157,0.9031890856818938
352.0,0.1294104123214517,0.9243191436087107,-3.291635020078144,0.4417305702345416,0.15953178801039972,-0.009183015155606135,0.9909799551163658,-0.005535826306783184,0.015110031689414603,-0.01967918607466994,0.9694702948963743,0.0919119308671891,0.018993238060362766,0.030378870791747625,0.9031303017037959
353.0,0.13668197230930176,0.9193400676448726,-3.322290203822444,0.45319473831551665,0.16225014178044705,-0.012731334051943852,0.991652559189421,-0.005742060671632395,0.012619061517495533,-0.019473963372492565,0.9704364171737812,0.08881770536230404,0.019699906060166344,0.02886532984452938,0.9033035426399776
354.0,0.1343580625012828,0.9246295197434194,-3.300558825695888,0.4529490405485854,0.16375922634600706,-0.012493406080170246,0.9916003025301701,-0.005550101952048052,0.01261619635674285,-0.019193561112197045,0.9704699071512091,0.08811401014443361,0.019407224144364715,0.029168252643823646,0.9033180399780776
355.0,0.1354876093275572,0.9227580522894027,-3.3089134209617748,0.4518462395287438,0.16201399978558997,-0.010891707914515237,0.991550783313613,-0.005617902382511089,0.012553846362862723,-0.019233597451649893,0.9703706204982832,0.08765460642518065,0.019222835007427636,0.02923994909917807,0.9032852312602129
356.0,0.1335203452512908,0.9223604519597542,-3.293233461824317,0.44304123971366066,0.15915701195207954,-0.012115824686736871,0.99114248916753,-0.005657099872443447,0.014745077764418274,-0.01953998202086711,0.9696036919794568,0.09105258307531179,0.019376738655221683,0.02946532861160479,0.9032272881308532
357.0,0.13134865538126453,0.9259035259267728,-3.2949336113552072,0.44703989448037035,0.16465951641806245,-0.010953482253896541,0.99129629524575,-0.005420598926823895,0.013510310359884004,-0.019129362435594217,0.9698033263996382,0.08904613062678766,0.018987245009766056,0.029754034395115,0.9031712301965165
358.0,0.134663965673606,0.923372831847976,-3.3066916731641385,0.44636727698584505,0.16232474895024196,-0.009906064650364333,0.9913304529510574,-0.005686255249587132,0.013774636693702115,-0.01920827079589016,0.9697480697026999,0.0890006507162873,0.019137379506765962,0.02940300019559342,0.9031563384968266
359.0,0.13324847757110053,0.9201173548738716,-3.3055786181880187,0.4515566576687332,0.16594682087885143,-0.011414824389738717,0.9915565904038741,-0.005553194202689822,0.012913372695068218,-0.019058745110761735,0.9701863984409664,0.08826208637978841,0.01963383726663664,0.02866842703791248,0.9031688672083076
360.0,0.1355523159263403,0.9222467239198344,-3.3091452197768616,0.44713798929148424,0.16320738738688145,-0.011065408577178937,0.9913602168482465,-0.005708261029041753,0.013589354168604488,-0.01908259886932113,0.9697820887793227,0.0882165283291345,0.01932968620074449,0.028943033828354753,0.903117235735325
361.0,0.13490298617498103,0.9226790740782524,-3.315668469234774,0.4419206803348558,0.1581750339110293,-0.009014190142424638,0.9912403629096422,-0.005725867114045018,0.014983435640723426,-0.018975006112534762,0.9694313661102996,0.08990777421484203,0.01968025135683285,0.028453921251097802,0.9029984943185068
362.0,0.13448991326569593,0.9229300313602111,-3.3076360963790457,0.4412599281310979,0.15406364024493308,-0.005627386055549876,0.991198037866754,-0.005701449388547745,0.014948468972036165,-0.019090937972371894,0.9694071485749887,0.09009570711278847,0.019139888577900905,0.02919693609521477,0.9030668638584802
363.0,0.13713626348928185,0.9198794327202708,-3.315161143846009,0.4388259917043245,0.1512621897643661,-0.00398530775455654,0.9911282749849584,-0.005411234006372533,0.015448653135453091,-0.01857123777202189,0.9693211887672437,0.09008257918598607,0.018636886555886696,0.029549778152704112,0.9030431151439977
364.0,0.13462902257435347,0.9249188855977587,-3.300916224919633,0.4373789159447917,0.14753713520194117,-0.0016517315563174732,0.9910712950861822,-0.005445116236184117,0.014736490807957038,-0.019154900156603517,0.9692633454921009,0.09030437637491912,0.019451512280019616,0.02886766333980945,0.9031083840732275
365.0,0.13524074586775264,0.9206614669277864,-3.3103733933727573,0.4368788431439438,0.14587300804204142,-0.00014866284295983218,0.991052923089045,-0.005428909507442553,0.014759876321492034,-0.01922415421078332,0.9692885691487687,0.0904148700869216,0.019217379607566056,0.029167177504951586,0.9031514133466148
366.0,0.13687784863689545,0.9253891712868453,-3.314163053683199,0.4466817510796782,0.15242590048956664,0.0014369847985372028,0.9915159205972983,-0.005541273029579111,0.012596075768330973,-0.019172181527566154,0.9699583363246629,0.08794627486280192,0.019314003208842325,0.028791249199698235,0.9031240652423118
367.0,0.13264263884298108,0.922777197210106,-3.3132609287965353,0.441268973736877,0.15154860625604327,0.0005391208802301791,0.9912393061352931,-0.005566445530254657,0.013918988745221109,-0.019179808271119824,0.969515185141437,0.0891702056315761,0.019225119152516373,0.028995487777205037,0.9030630432971949
368.0,0.13496601222929722,0.9235449486397572,-3.3057500960496373,0.4307554160315372,0.14610370438125064,0.001593767302972494,0.9907286465156067,-0.005505427743768457,0.016288348686454356,-0.019390851416068566,0.9686280299415475,0.09173440770410037,0.01866644391601554,0.03021709066817812,0.9030509949408374
369.0,0.13667298514686696,0.9203402669891865,-3.3107552416602974,0.43570544305277004,0.14474342180190414,0.0038009637895591347,0.9910610325739917,-0.005392389046648287,0.014662043464419584,-0.018926544776342223,0.9692311584610371,0.08874042584409492,0.019199319810623998,0.029209069047028198,0.903073707822017
370.0,0.13507349168073535,0.92252847613752,-3.3143203387310476,0.4399799353001776,0.14653951646097638,0.003954223146229607,0.9912366161729316,-0.005447538428922984,0.0136462194365977,-0.01907851042549423,0.9695638917893903,0.08823060556402812,0.019270459445511548,0.028891455023310735,0.9031227924547287
371.0,0.13532879639103973,0.9229973073654276,-3.307855862975541,0.44217640387072676,0.148633164338778,0.00303221571067601,0.991302321663911,-0.005576283148103529,0.013401635921636762,-0.019287984237332575,0.9696751105269794,0.08758926257638806,0.01950953865113485,0.02879644040566258,0.9031549764086917
372.0,0.13532879639103973,0.9229973073654276,-3.307855862975541,0.4425509185365112,0.14902121109900465,0.002681745850050346,0.9912897541633217,-0.005605559116277084,0.013244507455234065,-0.019442031574831667,0.9696724514689696,0.08727479311430003,0.019647369155388457,0.028777150732437133,0.9031930767381591
373.0,0.1347070989882267,0.9217943694377773,-3.306531764171846,0.4370780866379811,0.14236428543615276,0.006086750784194868,0.9911794211649001,-0.00523048956538807,0.014841194644114125,-0.018390452266095716,0.9693398037984131,0.08994987982975503,0.01809551827189766,0.029823730427840874,0.9030683983569918
374.0,0.13586536402821928,0.9217241362467569,-3.315604642477485,0.43496047788627334,0.13774576381519305,0.005781855407141829,0.9910863260702392,-0.005301169804816563,0.014728769164871031,-0.01890277640614917,0.9694236984729114,0.08979563229903997,0.018682914386087383,0.02932283730160369,0.9032079548586196
375.0,0.13522554372387963,0.9239261151144427,-3.324942115010317,0.4352995792021043,0.13501965612465563,0.007927309784837976,0.991148761227105,-0.005279388495902513,0.014435419609970282,-0.018807797705067714,0.9695545958632525,0.08944292187646653,0.018488317910938887,0.029321781598349906,0.9032323720420019
376.0,0.13465250354831976,0.9227022269869839,-3.3119161414972837,0.4418621571346355,0.1356419259595003,0.009572944567292796,0.9914784607862785,-0.005378281199756558,0.013189306785783677,-0.018963678705402522,0.9701804721574168,0.08830714261399658,0.01907829569758059,0.028592467385269854,0.9032872723314509
377.0,0.1344826941513989,0.9236546065112498,-3.3139504960171795,0.4359981160491995,0.13485526695134734,0.008404385561726109,0.9911457180722474,-0.005317392177941108,0.014483366043123839,-0.01893691143494678,0.969576102262242,0.08909190973691886,0.018758471365817875,0.029230756849950187,0.9032539833705255
378.0,0.13253592223421903,0.9260818340172235,-3.294758958419579,0.4299727623203489,0.12938413244180683,0.010283244494776165,0.99097602158984,-0.0047457267531979585,0.014866181896939765,-0.01817647451116872,0.9692459464523093,0.09049857305421873,0.01846524195325643,0.029109560430925545,0.9032093177280538
379.0,0.13441483759128325,0.9262003988097958,-3.305927660180285,0.42683920778832946,0.12871990401800004,0.009711079309986529,0.990800288423507,-0.005094261155468299,0.016217186319910155,-0.018552671943115835,0.968931051014186,0.09139940425012463,0.01811114240913681,0.0298796261505439,0.9031796103909566
380.0,0.13538828417362575,0.9250180960479881,-3.3284004569794066,0.4340895103249996,0.13092935987543278,0.010395339471203505,0.9911319692812994,-0.005255435901833563,0.014940000090078604,-0.01843228696932432,0.9695294904516298,0.08902732473000566,0.01807789177235827,0.0295279751349193,0.9032224203908203
381.0,0.1351844289903514,0.9229034066999232,-3.3182879480176872,0.4283010237760954,0.1264068962824778,0.01209817601649608,0.9908719076871566,-0.005062176076018268,0.01578236254284389,-0.018397047331975783,0.96909152217145,0.09016026820630714,0.018110342081564996,0.029699132596425266,0.9032084883481615
382.0,0.13484737651308765,0.9218460283090459,-3.3169150364699087,0.4303731721057085,0.12476837860204831,0.01423748806404198,0.9909593561156438,-0.005070649691615239,0.015225100686421198,-0.018464911250398418,0.969285323133908,0.08930978330781396,0.01831919396373116,0.029475459244392835,0.9032552906207716
383.0,0.13664851774089068,0.925688667511232,-3.3243799253892434,0.441761295607691,0.12824951109063082,0.0160471330877515,0.9914055238665582,-0.0053178139355172785,0.013061882673546368,-0.019063821693048613,0.9701952839657499,0.08670495876268491,0.01916003471676501,0.028514553246989368,0.9033890055254938
384.0,0.133008370990441,0.925101602186369,-3.3047726596975364,0.4417840737228868,0.1275236148941436,0.016555488424344275,0.99139343531976,-0.005021959250938272,0.012503260977493916,-0.018868010341065992,0.970213095386887,0.08676964102713282,0.019547280167755823,0.02791922393414176,0.9034265799186103
385.0,0.13396198862480166,0.9227097702696201,-3.3048610379491223,0.4382731911500743,0.12372389711306324,0.018379336929177696,0.991268168109906,-0.004889236239978135,0.01304708621329206,-0.01872713375459015,0.9700401378428507,0.08701372747879778,0.019431747432655504,0.02811287708023428,0.9034409051757979
386.0,0.13889343857809172,0.9245999679203395,-3.3228329953838207,0.43706012314506326,0.1226141116398642,0.0187105445883568,0.9912226920707772,-0.0051534383939903965,0.013675883914587576,-0.018890804773085756,0.9699710463118025,0.08665469793492542,0.019029902128734955,0.02869646948447921,0.9034465314294946
387.0,0.13577217861380295,0.9225062733164556,-3.320327351668558,0.43661011176942327,0.125196599666809,0.01707193357194025,0.9911381324711002,-0.005193508739597158,0.013928101058855684,-0.018996818130204936,0.9698211039443698,0.08701076328035039,0.018978232900688407,0.02896951756751649,0.9034023193892216
388.0,0.13517461548108028,0.925121838835382,-3.329412012274686,0.43253834322215684,0.12414184434383925,0.01655235475868472,0.9909288687457418,-0.005124999956734527,0.014687758919522634,-0.018951815325972572,0.9694443677170399,0.08755460503592484,0.01877584814206949,0.02926025527551552,0.9033639065579804
389.0,0.13529148704942096,0.9228059874124215,-3.3216056103775053,0.43825094539297477,0.1279195020719894,0.015348299191679255,0.9911707490893702,-0.005218205870144507,0.013718662606351111,-0.019183219212858902,0.9698554437841178,0.0879280741299714,0.01909531965549654,0.028813181865495863,0.9033782012880431
390.0,0.13669551625536247,0.9213377629384186,-3.3292828586562777,0.43761505931504263,0.12882591574674826,0.014811831097943276,0.9910831532656512,-0.005186833265658795,0.013964268686137985,-0.01916383943194061,0.9697287939619501,0.08751025766101293,0.019078866391633777,0.028926039908096814,0.9033645718928773
391.0,0.13829770591064755,0.922036402760881,-3.3257781429000772,0.43403427531169125,0.12695176030423727,0.01513744584839788,0.9908933732795355,-0.005114429083636922,0.014832049238119503,-0.019197386021158246,0.969375999280879,0.08892806293312737,0.01889449583964693,0.029261599291823218,0.9033568383982631
392.0,0.13731870719252895,0.9267701118643137,-3.3118720381026194,0.43824535315812096,0.1287428492682436,0.014293424429972517,0.9911087146230817,-0.005178994501408238,0.013917383023332916,-0.019012233219904355,0.9697465695925263,0.08729042383576695,0.019054471783601538,0.028922644924297917,0.9033656597890993
393.0,0.1365988219342832,0.9275182553282914,-3.3330478072312055,0.4330345448855196,0.1265257585372109,0.015336522327642963,0.9908165050593212,-0.004947724523729592,0.015927632257262063,-0.018505045856065754,0.9692655199218123,0.08876018072249389,0.017671172577729963,0.030380999751041873,0.903315569226844
394.0,0.13570375936258894,0.9266102648791315,-3.32474610837757,0.430471033750288,0.12755266362669576,0.013857151002787947,0.990617560060217,-0.00513531196204945,0.016086980659118823,-0.01909913834921783,0.9689194152062053,0.0892590294505886,0.018311337567917897,0.030095613377278656,0.9033190537805535
395.0,0.13635860918906761,0.9240541369821406,-3.331884597180949,0.4419712981941592,0.13424736613813337,0.012200709333831498,0.9911158137929037,-0.005197248130192186,0.013378875614880879,-0.019281700206658692,0.9698098622697016,0.0866175581838734,0.019198780527585353,0.028884273899414607,0.9033719514440188
396.0,0.14178009642720227,0.9232997213482294,-3.3315085202938217,0.4449556907137522,0.13724815412582536,0.010689715302057333,0.9912086926002934,-0.005335156619359353,0.013417450174177413,-0.019472738716139925,0.9699730678279843,0.08657162149447789,0.019496431513563457,0.028693172767692586,0.9033850533330912
397.0,0.13693182185367955,0.9227751197603511,-3.3323494983534054,0.4454895693212519,0.13703641302698089,0.010241341199273645,0.9911608666785121,-0.0053044200047869475,0.012959859045601369,-0.019577479784142898,0.969904177926084,0.0855550369261605,0.01977245635712216,0.028591359198234582,0.9034280133113308
398.0,0.1383370410862299,0.9231322654465791,-3.3366234309989613,0.44479812216980524,0.13927072868271806,0.007871114910235616,0.9910284784490171,-0.005281552343472798,0.014647108608462241,-0.019203713377458128,0.9697267029795649,0.08633519209023831,0.018777534857194043,0.02981057228013134,0.9033762470858595
399.0,0.1388649936576937,0.9234489806892361,-3.3392737401494514,0.44603476267521497,0.14061369440130697,0.007400789934401063,0.9910830544338916,-0.00522767325279543,0.014251253790888074,-0.019058456822037204,0.9698035660493676,0.08574173071134944,0.018592850356127698,0.029966411303358764,0.9033535534866013
400.0,0.13740121890319054,0.9233669671895692,-3.3261393835736355,0.45574064565809563,0.1447035685676939,0.006232594016189528,0.9914625251136853,-0.005502576718125132,0.011607132504368213,-0.019842118318498775,0.9704998457016814,0.08322554381134477,0.0204518509050983,0.02810439052588761,0.9034638996264874
401.0,0.13814705477559172,0.9238626333850446,-3.327343205129639,0.45393186650881284,0.1433488216936486,0.0069681749261219575,0.9914002108118529,-0.005515320369212185,0.011980961441980879,-0.02005461203152243,0.9703468452624522,0.08465172555849289,0.02052669572664727,0.028088503847892052,0.9033986531433988
402.0,0.1395463034810144,0.9234258066735441,-3.321396672125701,0.44222827222170974,0.13866646810358407,0.006775171312189753,0.990835469530668,-0.0053808729349154845,0.014531567379752029,-0.020175319108598724,0.9693212682067627,0.08781554003720028,0.020157921915929904,0.028994794049229826,0.9033495470062056
403.0,0.13634562397140265,0.9247601346666267,-3.3254736173377104,0.44691694827719947,0.14060337300945755,0.005968309382571483,0.9910195279472938,-0.0053910226896006115,0.013251694656964198,-0.019970891762856817,0.9696435887278716,0.08490888678838933,0.02038937469727482,0.02866811332706076,0.9033621056891539
404.0,0.13897848854704956,0.922335255383294,-3.3313463380327724,0.45093999666330536,0.14186690022003348,0.00605197535451894,0.9912012086235569,-0.005403561603734745,0.012692470686314157,-0.01995121238733126,0.9699294542702086,0.08531318237365002,0.0202288853842935,0.028614638719395517,0.9033389758861063
405.0,0.13679934660753573,0.9236495984251659,-3.3168317484120493,0.45337801744956957,0.14412035253545355,0.0042744207868334735,0.9912319454543601,-0.00547640209395729,0.012539742306443273,-0.020159522392985334,0.9699828099928012,0.08510936720377978,0.020722481782605953,0.02831819289249795,0.9033380973542748
406.0,0.1375459963992467,0.9261851042683299,-3.3128981586548982,0.4538215346124598,0.1521656975816665,0.0018150876094321629,0.9911969178467022,-0.005553724477120172,0.01276373967807548,-0.02016358616576817,0.9698120436930868,0.08529664641819854,0.020731950384480537,0.028487627956636577,0.9031654828981919
407.0,0.1362922070828616,0.9243848607602265,-3.311665177595038,0.45630002222203486,0.1599286174243174,-0.001579315208190079,0.9911573322703855,-0.005554493019765319,0.012715583747891012,-0.02039452740948306,0.9699862578385896,0.08600315438863584,0.02089424422670198,0.028321107357475155,0.9031200595788638
408.0,0.1356592287927739,0.9254493733817342,-3.313927364779345,0.45465608885075165,0.160589069610655,-0.0022876974187540353,0.9910675891694334,-0.005465711562975272,0.012790763664919144,-0.020290075743129524,0.9698520144346032,0.08620876668449652,0.020560886250601883,0.028662979597235207,0.9030719811005237
409.0,0.1356592287927739,0.9254493733817342,-3.313927364779345,0.45481001670611365,0.16226047006754252,-0.0034601062638339648,0.9910351934237172,-0.005447716011982464,0.012751087659689532,-0.02025319198059827,0.9698383058572226,0.08582736920434211,0.020590406966047494,0.02865010990830849,0.9030958957228459
410.0,0.1391670705516525,0.9263598200647455,-3.3320695519372596,0.46046244196081276,0.1657910796842061,-0.0037346171443468157,0.9912352802402242,-0.005383419434277926,0.013305553439173366,-0.01959675170960043,0.9702751969726826,0.08519329170732276,0.019465009107343723,0.029493128404871224,0.9031060844380652
411.0,0.1364083638448437,0.9234608365985766,-3.3178392989597723,0.45894366637093903,0.15558359260445168,-0.003936262170445148,0.9912379272573839,-0.005440606822028889,0.011757283865038853,-0.020008649741621528,0.970106492807604,0.0839333569356498,0.020502257605357864,0.02859569162389881,0.9033281361893988
412.0,0.13611338758301766,0.9227333801013577,-3.3252797274605173,0.4592369446796711,0.1566416802354117,-0.004327369627306739,0.9912035490224098,-0.005539509517514184,0.012275593258872161,-0.02020211995033248,0.9700347376589755,0.08493451586870072,0.020517394941705597,0.028612662919266972,0.9033705342041212
413.0,0.14025425706868067,0.9240286575683838,-3.3355388392232546,0.4581273196970414,0.15834083345570035,-0.008184832066137055,0.9911912554750306,-0.005556291687393499,0.011619597003900058,-0.020159039386898194,0.9700077697534264,0.08285973081706235,0.02070195206308362,0.028581511701957166,0.9035226609435787
414.0,0.13714067280990228,0.9239112414039518,-3.3174773077542827,0.4458350675178677,0.15434686239326267,-0.009253605800654034,0.990629713253443,-0.005572230425874986,0.013798878755167741,-0.020801966913344152,0.9690054480781376,0.0866867290526514,0.020651533897182446,0.029572894452705653,0.9035311727308568
415.0,0.13849541952602848,0.9206422002170909,-3.3316831492967154,0.4604648299601452,0.16218761849579028,-0.011552531817931528,0.991288888754899,-0.005656286802988072,0.011001753735836062,-0.020228398670185506,0.9701451120347351,0.08201225819563945,0.02097283064454023,0.0284154447974223,0.903626548148559
416.0,0.13763953071295135,0.9221787872482381,-3.3217273321856364,0.45403158237480445,0.1635953686733286,-0.01705237344477577,0.9910125493369157,-0.0054404408837428675,0.010639913297680884,-0.020512247274663227,0.9697992443131163,0.08179087831305568,0.021576642273824127,0.028266585746062802,0.9037579018603281
417.0,0.13493698616518315,0.9249163576178325,-3.3057475078138125,0.44998481258682405,0.16201840094549777,-0.015835924848344504,0.9907865250618133,-0.005493457340203153,0.012216669402990698,-0.02026199395214635,0.9693605391919566,0.08285691389337625,0.0209028194775483,0.0290543460774106,0.9036794020841903
418.0,0.14015871071997443,0.9265189054766193,-3.3386537444654376,0.4439795730263706,0.15706790359533562,-0.012992760675806047,0.9905582322647204,-0.005581668301859586,0.013682509251652123,-0.020472480895001383,0.9689292632790045,0.08410296531919277,0.020388162794611794,0.0298410816897219,0.9036361213357729
419.0,0.13736244596825234,0.9230242916058766,-3.3372864475944297,0.44933010261056855,0.16134290964549278,-0.01456751150255939,0.990735818957974,-0.005591627334032448,0.012880230055545457,-0.020412768248342223,0.9692328226845726,0.08357182511644481,0.020576542582721655,0.029442894228427947,0.903663147344907
420.0,0.13912631578290924,0.9245805705878064,-3.3270635923786065,0.4562718520650071,0.16306159348837782,-0.013495924121718114,0.9910446604176839,-0.0056213029556999835,0.01138580257518763,-0.02047724818012768,0.9697391881420845,0.08253449987825281,0.021045631427826356,0.028762769006452926,0.9037005988729123
421.0,0.1420417896186281,0.923939440229817,-3.3431261258778058,0.4505137497601046,0.1641922991221,-0.01723885479674533,0.9907658129416479,-0.005374207944116761,0.013132102955229076,-0.019643092107544318,0.9693566792096993,0.08196764431346477,0.01973096483202361,0.030240709085391893,0.9037018957005791
422.0,0.1375600487096437,0.9243579351336428,-3.3386167856331737,0.4473532290997329,0.16481122396592096,-0.020484034150985837,0.9906386089030876,-0.005562735492623574,0.013604877566558706,-0.020251777107940995,0.9692695954113535,0.0833274843149289,0.01992540247222634,0.03054131253456829,0.9038247092529459
423.0,0.14186413071535778,0.9214271051200242,-3.342601003431691,0.42931578894553013,0.1515351674217385,-0.015057113692428297,0.9901464654627896,-0.00546522759070612,0.013530845822820868,-0.021850227675657283,0.9684928371320447,0.08411516513206073,0.021065655572443696,0.031801278671985365,0.9035860369953039
424.0,0.14196646970243296,0.9221390726979023,-3.328721333653773,0.43012680000990766,0.15179827424377734,-0.015337556357495842,0.9901901920205953,-0.0055537146153842015,0.012246536864817475,-0.02257376406802555,0.9685176977766226,0.08447093407554088,0.0223290823672992,0.030638388658123867,0.9036189280237974
425.0,0.13937159210809566,0.9231889809374095,-3.342638903652447,0.4357520887190864,0.15520762894704018,-0.016679297466090287,0.9904369641729369,-0.005500133855008616,0.01220217584303933,-0.021646371503187534,0.9689244486552997,0.08235238564884974,0.021133638981470273,0.03151856197942976,0.9036337409691861
426.0,0.1412686668549727,0.9219544925116241,-3.3267439957066167,0.43674663855777757,0.15603858009290728,-0.017401639900610028,0.9904712609626491,-0.005682574723031185,0.011089445320847897,-0.022536932117601893,0.9689281049115563,0.08317342932478121,0.022629504579126686,0.030132668308825186,0.9036719377150391
427.0,0.1368086523799157,0.9234914086795236,-3.3105108742214697,0.4277177518803221,0.15198888623350398,-0.01779560983062608,0.9900397766546429,-0.005660246864399573,0.013277378533448087,-0.02245106879380249,0.9681125292878037,0.08537867102591254,0.021977063411223522,0.031238078735701887,0.9036170799638343
428.0,0.1401395037719055,0.9202076427061266,-3.3385515572334565,0.42529927219526475,0.15102252371032784,-0.016898144738846946,0.989851019384737,-0.005432981783395959,0.014963257822227644,-0.021802516909374257,0.9678511510015766,0.08560263651503931,0.020838156524709623,0.032370539937968484,0.9035899366545348
429.0,0.1375487037950946,0.923640230655447,-3.319861307121747,0.42806541921279,0.15243442720905317,-0.0180096462142251,0.989986781638537,-0.00562445171324289,0.013130424478393509,-0.02255244675652329,0.967968653055739,0.08533671511537824,0.022265169169139978,0.030926599946445338,0.9036249994579486
430.0,0.1377579744329074,0.9241722136987796,-3.323401542419797,0.4305672964209655,0.1542378237129955,-0.017553351017199063,0.9900489481199763,-0.005647250137788659,0.012839669986274447,-0.022556886982304188,0.968130833761931,0.08488051212127118,0.02217041645885047,0.030937211359601483,0.9036562954973828
431.0,0.14226909623244524,0.9222949687886989,-3.331840005841308,0.4358589124311065,0.15055860171524435,-0.017600216970919527,0.990378504186578,-0.005642793102137531,0.01155928032361235,-0.022588830194736856,0.9688712198520382,0.08364893271028974,0.02238466879923129,0.030336835212870686,0.9038265995871497
432.0,0.1428211156726606,0.9223927781240064,-3.347712521426376,0.4368382595040773,0.15153789082634156,-0.017534644268811194,0.9904005050993552,-0.005481641108115303,0.012274665831151943,-0.02178352911206971,0.968975823267701,0.08265797551826415,0.021169342158344595,0.03135360848850158,0.903834083198048
433.0,0.1406257543526824,0.9229249359031526,-3.336511115365344,0.4354210554531292,0.15220354060723315,-0.0176522112380069,0.9902518953259991,-0.005677570316745404,0.012258857922025938,-0.02240153306799738,0.9687296437538815,0.08347319526553997,0.021725870647175915,0.031035543641450298,0.903873608749473
434.0,0.1399228386747217,0.9191897674231286,-3.3228218942192314,0.43789843150708546,0.1498990799328409,-0.013392024375586077,0.9903592614866499,-0.005615514437695466,0.011573493063587452,-0.022520919111939323,0.9687851038884427,0.08406330565864278,0.021864563072831564,0.03088150981819752,0.9039189751556049
435.0,0.1407813858724162,0.9205607931312131,-3.334475465046417,0.4335495714972424,0.14635447756844253,-0.009581178339046792,0.9901213066074999,-0.005593249227757959,0.01289935729292072,-0.02260425837888417,0.9683680271507262,0.08509617318628254,0.02122822167727684,0.03177563154113103,0.9039429394910716
436.0,0.1402083735148646,0.9179933283590412,-3.3385361415056214,0.4371547379553569,0.1528731022958947,-0.01315647917763192,0.9902228835451115,-0.00569458130153498,0.012351544195907666,-0.022851977669752215,0.9687734741789007,0.0846435580722332,0.02186990070899485,0.03091560106071081,0.9039664015172479
437.0,0.14068724043844436,0.920571744411015,-3.333301382132689,0.4387996640746987,0.157399079894414,-0.01426269292140206,0.9902164382141112,-0.0057611237738700504,0.012508625172516804,-0.02259920933616574,0.9683944195292511,0.08506391338414217,0.021622545147731844,0.031199039007839352,0.9038622630622828
438.0,0.14359167183199475,0.9192094129469427,-3.351859293263364,0.4372391421143679,0.15337951981962644,-0.012622897462760085,0.9903318950487676,-0.005686678078551899,0.013200720791511916,-0.021604814901581754,0.9682507555084254,0.08363380028790265,0.02053385086913758,0.032047197501149254,0.9037594982176504
439.0,0.14239275087279285,0.9183721161287977,-3.3439323290780085,0.43851798394999153,0.15849083056049312,-0.01743854444442424,0.9902459707169395,-0.0058478790690460565,0.012644939620821936,-0.02259438868075618,0.9683110400313573,0.08508712954485548,0.022122939696676856,0.030527113384343663,0.9037786862980486
440.0,0.14239527412407893,0.9182156744331964,-3.3313212733612407,0.43459025889628433,0.1558829884749492,-0.01628809811040241,0.9900519659579241,-0.005789627548270484,0.013374957558242079,-0.022528973254775868,0.9679446205385251,0.08556198420992246,0.02195791299077312,0.030894564928489587,0.9037525620905742
441.0,0.1413587223244556,0.9218805083173478,-3.3272934354247523,0.43615798998562916,0.1560320773930459,-0.015039682262714937,0.9900888608860596,-0.005815339282619089,0.013236786264092866,-0.022503244362693738,0.9680674479753224,0.08532267656221054,0.021613830401705798,0.031175268410738644,0.9037712070909896
442.0,0.14115472561631773,0.9212385982305346,-3.32598031237894,0.43602958646394807,0.15487438123401456,-0.014126837637889389,0.9901050005021561,-0.005745234032657871,0.012942167308908348,-0.02222918705123821,0.9680279366895612,0.08426863228262986,0.021322867523004177,0.03140272163201157,0.903735521000602
443.0,0.14052982614997983,0.921477898632014,-3.330316191610808,0.43489203920300934,0.1532305228742454,-0.013724278054522289,0.9900734197493641,-0.005762298030077969,0.01299259813053122,-0.022357098372678835,0.9679902659118502,0.08429866335022684,0.021533353865292447,0.031187950946962327,0.903744819393822
444.0,0.13629655621718428,0.9224459904568538,-3.328019963052748,0.4364537281331078,0.15280995114043353,-0.013445503950288621,0.9901459436002871,-0.005705472143338587,0.01201372277658454,-0.022400800213344438,0.9681416140449222,0.08344922968015621,0.021779646074577094,0.030791414711413514,0.903808340435688
445.0,0.13523998565408626,0.9258594524908814,-3.30452110323586,0.4399191301224389,0.15456752293153486,-0.01547225387421411,0.9902589636194501,-0.00572939533935478,0.010493512477608801,-0.022519770837001022,0.9682780386711649,0.08079194404216375,0.02242478528966714,0.030369903322990867,0.9039588366665854
446.0,0.13242005069752777,0.9258384522242408,-3.308935130924763,0.44278589208729185,0.15725369353421673,-0.017868621074921164,0.9903695388195433,-0.005858794929915268,0.009586436664247994,-0.022669745701980444,0.9685108492865679,0.07887662345462237,0.022662903253502467,0.030262171332423496,0.9041554249330832
447.0,0.12526107351246962,0.930393375438982,-3.274357795167799,0.45240739377042005,0.17488829324149938,-0.031320621351177476,0.9906450817695134,-0.006295371470499534,0.005840467265361219,-0.023677997381939212,0.9688912528286038,0.07287024640083642,0.025381195033066184,0.028416797258701512,0.904764325364311
448.0,0.12684755055606273,0.9281480966620782,-3.2747890873751224,0.4715060078022802,0.1852857825202172,-0.04739899476367014,0.9913250572733128,-0.006762384433835649,0.0003815982153008627,-0.025233245494157005,0.9706152323211585,0.06518762144666952,0.029457033846150112,0.02468875736764417,0.9054158710023505
449.0,0.12858466210104008,0.9265220298721725,-3.2800718785332297,0.4633019538107485,0.1913913757284173,-0.04475160028279263,0.990998544469659,-0.0066738808770120004,0.0025028173029665694,-0.025022689074920983,0.9699468624029368,0.06841988394324428,0.028375448271201073,0.026093431036894477,0.9048310126429011
450.0,0.11585825482279534,0.9448336359622002,-3.2447568191560205,0.47813498015059414,0.23173638519199327,-0.07656426772676407,0.990811232730058,-0.005894305060060453,-0.004305777528915433,-0.02239894537633471,0.9697404490976069,0.04433382043778941,0.029918810809157197,0.025705870667534866,0.9051420366779039
451.0,0.11429756906525937,0.9510952523459422,-3.2268800811698535,0.4656254637283612,0.24144290749020075,-0.07942671355120291,0.9900545677102879,-0.005430081471401415,-0.0022901126048187267,-0.022003912327247004,0.9679887988798184,0.04691355791559862,0.028258705077095103,0.028755336411334487,0.9043284736493704
452.0,0.11214997223756548,0.9509013766247632,-3.2331815764697422,0.47369459943690545,0.2840219631849914,-0.08968458752874917,0.9904367801067109,-0.0066781031035967175,-0.003530624821119438,-0.022039720250400636,0.9667318884286826,0.044244655493659336,0.03092376063722048,0.02708001147223724,0.9033241059121626
453.0,0.07482820308061595,0.9888469870326664,-2.7955379257499082,0.5274925608754537,0.318231646389955,-0.13388498730520043,0.9916621026121906,-0.006243286628696375,-0.014946093871526307,-0.024684388368807878,0.9707797447990778,0.03382109632570035,0.03547403226027398,0.02251244043635348,0.904669388813051
454.0,0.07693486688934957,0.9911943464976565,-2.7917494430570997,0.5332745798236018,0.3177556728266209,-0.14053235279273846,0.9919229695450607,-0.005841075488105537,-0.019583857943075978,-0.025175781361966864,0.9710116003232256,0.029173455788556433,0.0353780588263624,0.024592078607654295,0.9042865837633403
455.0,0.0723283664577977,0.9939734224291862,-2.791925556452743,0.5362710576715243,0.3643625471361209,-0.16077865573221273,0.9914159949420958,-0.005817336066751342,-0.01758432493498964,-0.024158373393531628,0.9703230517165318,0.030329042816759362,0.03249959083025151,0.028128674974685467,0.9038535648517487
456.0,0.08422798263184521,0.9898465155505671,-2.7839333339526533,0.5251213557584818,0.3529704762614394,-0.15573644040256826,0.9910254776920369,-0.006089042276301616,-0.014225126438736914,-0.023942030677485803,0.969426213271239,0.03155864677357071,0.03402281759415456,0.026344456053652217,0.9036172626817824
457.0,0.07074352152823096,0.9950154956454065,-2.793384296220767,0.5611805205908409,0.3856836490788055,-0.17332581487198054,0.9922299212915122,-0.005694958354157044,-0.02295712777379975,-0.023749774426971203,0.9715005178603267,0.02545245296676472,0.03243965756942873,0.02788449737821687,0.9039453811245308
458.0,0.07195017660372456,0.9999938857522873,-1.841143556850069,0.598352550236518,0.4084281790425867,-0.1849770290885591,0.993291696161491,-0.0043797870602109825,-0.026717029636867094,-0.023168660409849186,0.9735269114425922,0.01878748752789446,0.03354819780158731,0.027745453124179566,0.9040102803318892
459.0,0.07027460352671262,0.9999505122046366,-1.979953798093586,0.7929396708065574,0.834530127260486,-0.4660109172834082,0.9899209123037651,-0.017804426838366718,0.005548184727348448,-0.004281486837822568,0.9416810336547168,0.016932557618695263,0.013235725468734623,0.05521182801777842,0.9283189725293055
460.0,0.06806323075249496,0.9986595641303838,-1.9595537016378954,0.7795939228677116,0.8020575384589,-0.45476048144770026,0.9902126560240476,-0.01663942392282671,0.0011248260196560363,-0.0037239767194646584,0.9417912585738575,0.010999125304647339,0.013952203029018097,0.05538058141039235,0.9263088529033237
461.0,0.06887441472002782,0.9978014434905488,-1.9744388299949787,0.82891853797056,0.8715428741950728,-0.5075960816444441,0.9909018923084956,-0.018632142233010424,0.0025439489984883656,-0.003581640321149203,0.9419419067459136,0.014475831455139691,0.014535784812543978,0.05420563249776918,0.9284519352003213
462.0,0.10870088555021042,0.9567643719651288,-3.2142859308720793,0.5854154190355658,0.3567106584976324,-0.15554653485910946,0.9934703652898578,-0.007101133315224254,-0.021595123326458614,-0.02316934134548889,0.9739647059422931,0.022699186253281704,0.0360431877337132,0.021525525120968173,0.9046990430433082
463.0,0.10298946407613604,0.9636296608351954,-3.2187045191940324,0.5927524321781433,0.3594099594027509,-0.15835810561454453,0.9937179245061414,-0.007182889564876895,-0.02313726023609939,-0.023027131207211365,0.9742085953454334,0.021010941995586806,0.03612789928190883,0.021057562792687126,0.9048464391961601
464.0,0.08382735761432664,0.9718322042669941,-2.7993809016873743,0.8858635395147182,0.9495903024997306,-0.5513039411379111,0.9910806297049413,-0.020819032514081997,-0.002850098798566019,-0.003676911011377153,0.9429555431443484,0.00756304094216492,0.020064819104246474,0.04636122146194354,0.9328896186087283
465.0,0.11419130508070895,0.9539465054095668,-3.213633212488814,0.5825187922045695,0.3191289776960559,-0.14257081592862506,0.99343566836176,-0.006741919745640636,-0.020514292228914998,-0.023483136429762026,0.9740285326501086,0.024500932228991218,0.03683610596207393,0.020355413877327668,0.9053491087417895
466.0,0.1217329664184642,0.9280704470391263,-3.073483025666091,0.8984391320626701,0.9608044736718048,-0.6028244547888973,0.9905394988533403,-0.023015556311881312,0.003431619419799439,-0.003279250239107118,0.9408328724032311,0.012364164486530306,0.023157907923791046,0.04367680080111024,0.9339048646155805
467.0,0.10913437402107401,0.9570772170945049,-3.2217771807581634,0.5811804056849283,0.3190459942293852,-0.14602319863727967,0.9932459774468447,-0.006536030278727099,-0.02133118172292796,-0.023430953683515488,0.974302933067174,0.02137487568871469,0.03688839564246627,0.020291757528378477,0.9059185857685104
468.0,0.07473375933466289,0.9931020168484569,-2.792249053931507,0.6115530794913769,0.35636487974145203,-0.17372235348977103,0.9938179834517407,-0.00508815763982632,-0.031296474773795574,-0.02376156140898583,0.9759967587256182,0.013752886046406784,0.03510074526736973,0.023136084177671982,0.9069491256255271
469.0,0.08032685397377595,0.990385746298231,-2.7868377336316827,0.5780469629077397,0.3138339849656014,-0.15388988063622497,0.9932244874563891,-0.005066254748134357,-0.026646771254605635,-0.02396249696731271,0.9740204064557334,0.01960937526923838,0.03500582542248286,0.023663727127256458,0.9070707442230199
470.0,0.07974893765262218,0.988220322309196,-2.7925308962784543,0.5970632175715006,0.29731849347155953,-0.13564921432880464,0.9939663811772093,-0.004966754943114993,-0.027334723331976125,-0.023597374498095073,0.975546503848584,0.018871258439429356,0.03627130856185244,0.020738379765826858,0.9073988266635544
471.0,0.11450508103773296,0.9556501056920089,-3.104271810147167,0.9430189828978405,0.994374280443407,-0.5927133155191177,0.9918791903291078,-0.021664891581885674,-0.006822223078497212,-0.0017841720228919259,0.9451635455249687,-0.0028624445199659982,0.02053110876206308,0.04295488784573484,0.9357545181357976
472.0,0.08223138004035499,0.9910798022282228,-2.793686394771121,0.5770468461174404,0.267203265967892,-0.12745991895641545,0.9934447068491552,-0.004833374012332413,-0.023957980996616328,-0.023850902153235518,0.974597002359564,0.02195496243054842,0.03627753670332979,0.02097546709750601,0.9074177581797942
473.0,0.08019200365091578,0.981462809880508,-2.797306398374958,0.8652935835688903,0.9527105806475202,-0.6380238949928871,0.9905195126831134,-0.019557297076424666,-0.0013287067561606634,-0.0039053510095026557,0.946656013162458,0.003801966727385223,0.021774144231696633,0.043427399224495684,0.9277223831831889
474.0,0.11721749633730091,0.9516239753767115,-3.0471060000482204,0.9136792738761818,0.9970579929770619,-0.6506406455312966,0.9909485165456089,-0.020892936931860586,-0.004542118984554146,-0.002797936123190075,0.9465176262017918,-0.0010094782699505342,0.02338021718555916,0.040711876487382004,0.9312881922896461
475.0,0.11435631255567368,0.9458487983020406,-3.070017767062844,0.9710116269288699,1.0206239636198777,-0.6204069097295324,0.9917839255907772,-0.02134628256773999,-0.00828112462418529,-0.002074760135417991,0.9464256465288103,-0.0034777737593110094,0.0212386482057752,0.042309132960811145,0.9366148893228237
476.0,0.07229087721833613,0.9957132496677261,-2.789589079061055,0.6147203343721398,0.2859581771218042,-0.144689963163486,0.994511354269213,-0.004314930440177713,-0.032864982417435865,-0.023072633168565216,0.9768528398028518,0.011045819415046048,0.034248109470549244,0.0228828632190322,0.9091309448871505
477.0,0.11913456980549499,0.9320143099448086,-3.2439325106357115,0.6196284904625274,0.3014878013295526,-0.1626852187284931,0.9944014020100316,-0.006650270925726924,-0.028483120944907906,-0.025121196718414045,0.9771863859690542,0.01857637414612513,0.03832343184045313,0.018336960513268157,0.9096183592991305
478.0,0.10227249373954735,0.9535225261968253,-3.2214490611315063,0.5898821468452372,0.26803452895515434,-0.12254705306599079,0.9940547208440864,-0.006473310270547275,-0.023465877581517084,-0.023724390126840057,0.9749581638649212,0.024552482262681908,0.034770605873518046,0.02134190050908629,0.9089279432875923
479.0,0.11149580525936635,0.9442869800133318,-3.2252049039761506,0.5956378153988771,0.2776561129170638,-0.1387440719956859,0.9939286587911882,-0.00622205356749663,-0.021905232183688426,-0.02307048144264783,0.9759085421016207,0.022474141571653772,0.03484300422292767,0.020893451977154396,0.9090326369773774
480.0,0.10675238051247268,0.9569197857018537,-3.219381487298384,0.6054576235753499,0.28278409607512006,-0.1404885051381459,0.9942521691864021,-0.006748417738973119,-0.02048928346488277,-0.023113252381998656,0.9759673179363866,0.02547343371482464,0.03434653221973683,0.020810311138749545,0.9090289868506503
