231.0,232.0,-3.424
231.0,233.0,-3.37
231.0,234.0,-3.328
231.0,235.0,-3.296
231.0,236.0,-3.271
231.0,237.0,-3.252
231.0,238.0,-3.238
231.0,239.0,-3.227
231.0,240.0,-3.219
231.0,241.0,-3.212
231.0,242.0,-3.207
231.0,243.0,-3.204
232.0,233.0,-3.422
232.0,234.0,-3.366
232.0,235.0,-3.325
232.0,236.0,-3.293
232.0,237.0,-3.27
232.0,238.0,-3.252
232.0,239.0,-3.239
232.0,240.0,-3.229
232.0,241.0,-3.222
232.0,242.0,-3.217
232.0,243.0,-3.213
232.0,244.0,-3.21
233.0,234.0,-3.407
233.0,235.0,-3.354
233.0,236.0,-3.314
233.0,237.0,-3.285
233.0,238.0,-3.263
233.0,239.0,-3.247
233.0,240.0,-3.235
233.0,241.0,-3.226
233.0,242.0,-3.22
233.0,243.0,-3.215
233.0,244.0,-3.211
233.0,245.0,-3.209
234.0,235.0,-3.42
234.0,236.0,-3.364
234.0,237.0,-3.323
234.0,238.0,-3.291
234.0,239.0,-3.268
234.0,240.0,-3.251
234.0,241.0,-3.237
234.0,242.0,-3.228
234.0,243.0,-3.22
234.0,244.0,-3.215
234.0,245.0,-3.211
234.0,246.0,-3.208
235.0,236.0,-3.442
235.0,237.0,-3.383
235.0,238.0,-3.339
235.0,239.0,-3.305
235.0,240.0,-3.28
235.0,241.0,-3.261
235.0,242.0,-3.247
235.0,243.0,-3.236
235.0,244.0,-3.228
235.0,245.0,-3.221
235.0,246.0,-3.217
235.0,247.0,-3.213
236.0,237.0,-3.487
236.0,238.0,-3.418
236.0,239.0,-3.366
236.0,240.0,-3.325
236.0,241.0,-3.295
236.0,242.0,-3.271
236.0,243.0,-3.253
236.0,244.0,-3.24
236.0,245.0,-3.229
236.0,246.0,-3.221
236.0,247.0,-3.215
236.0,248.0,-3.21
237.0,238.0,-3.531
237.0,239.0,-3.454
237.0,240.0,-3.395
237.0,241.0,-3.349
237.0,242.0,-3.314
237.0,243.0,-3.287
237.0,244.0,-3.266
237.0,245.0,-3.25
237.0,246.0,-3.237
237.0,247.0,-3.228
237.0,248.0,-3.22
237.0,249.0,-3.215
238.0,239.0,-3.583
238.0,240.0,-3.499
238.0,241.0,-3.434
238.0,242.0,-3.383
238.0,243.0,-3.343
238.0,244.0,-3.312
238.0,245.0,-3.288
238.0,246.0,-3.269
238.0,247.0,-3.254
238.0,248.0,-3.243
238.0,249.0,-3.234
238.0,250.0,-3.227
239.0,240.0,-3.569
239.0,241.0,-3.487
239.0,242.0,-3.423
239.0,243.0,-3.375
239.0,244.0,-3.337
239.0,245.0,-3.308
239.0,246.0,-3.285
239.0,247.0,-3.268
239.0,248.0,-3.255
239.0,249.0,-3.244
239.0,250.0,-3.236
239.0,251.0,-3.23
240.0,241.0,-3.6
240.0,242.0,-3.528
240.0,243.0,-3.47
240.0,244.0,-3.424
240.0,245.0,-3.387
240.0,246.0,-3.357
240.0,247.0,-3.334
240.0,248.0,-3.315
240.0,249.0,-3.299
240.0,250.0,-3.287
240.0,251.0,-3.277
240.0,252.0,-3.27
241.0,242.0,-3.489
241.0,243.0,-3.426
241.0,244.0,-3.377
241.0,245.0,-3.34
241.0,246.0,-3.31
241.0,247.0,-3.288
241.0,248.0,-3.27
241.0,249.0,-3.257
241.0,250.0,-3.246
241.0,251.0,-3.238
241.0,252.0,-3.232
241.0,253.0,-3.227
242.0,243.0,-3.412
242.0,244.0,-3.367
242.0,245.0,-3.332
242.0,246.0,-3.304
242.0,247.0,-3.283
242.0,248.0,-3.266
242.0,249.0,-3.253
242.0,250.0,-3.243
242.0,251.0,-3.235
242.0,252.0,-3.229
242.0,253.0,-3.224
242.0,254.0,-3.221
243.0,244.0,-3.326
243.0,245.0,-3.3
243.0,246.0,-3.279
243.0,247.0,-3.263
243.0,248.0,-3.251
243.0,249.0,-3.241
243.0,250.0,-3.233
243.0,251.0,-3.227
243.0,252.0,-3.222
243.0,253.0,-3.219
243.0,254.0,-3.216
243.0,255.0,-3.214
244.0,245.0,-3.279
244.0,246.0,-3.263
244.0,247.0,-3.25
244.0,248.0,-3.241
244.0,249.0,-3.233
244.0,250.0,-3.227
244.0,251.0,-3.223
244.0,252.0,-3.219
244.0,253.0,-3.216
244.0,254.0,-3.214
244.0,255.0,-3.213
244.0,256.0,-3.211
245.0,246.0,-3.25
245.0,247.0,-3.239
245.0,248.0,-3.231
245.0,249.0,-3.224
245.0,250.0,-3.219
245.0,251.0,-3.215
245.0,252.0,-3.212
245.0,253.0,-3.209
245.0,254.0,-3.208
245.0,255.0,-3.206
245.0,256.0,-3.205
245.0,257.0,-3.204
246.0,247.0,-3.23
246.0,248.0,-3.225
246.0,249.0,-3.22
246.0,250.0,-3.217
246.0,251.0,-3.214
246.0,252.0,-3.212
246.0,253.0,-3.21
246.0,254.0,-3.209
246.0,255.0,-3.208
246.0,256.0,-3.207
246.0,257.0,-3.207
246.0,258.0,-3.206
247.0,248.0,-3.17
247.0,249.0,-3.177
247.0,250.0,-3.183
247.0,251.0,-3.187
247.0,252.0,-3.191
247.0,253.0,-3.194
247.0,254.0,-3.196
247.0,255.0,-3.197
247.0,256.0,-3.199
247.0,257.0,-3.2
247.0,258.0,-3.2
247.0,259.0,-3.201
248.0,249.0,-3.197
248.0,250.0,-3.2
248.0,251.0,-3.203
248.0,252.0,-3.205
248.0,253.0,-3.207
248.0,254.0,-3.208
248.0,255.0,-3.209
248.0,256.0,-3.21
248.0,257.0,-3.211
248.0,258.0,-3.211
248.0,259.0,-3.212
248.0,260.0,-3.212
249.0,250.0,-3.079
249.0,251.0,-3.106
249.0,252.0,-3.127
249.0,253.0,-3.143
249.0,254.0,-3.156
249.0,255.0,-3.166
249.0,256.0,-3.173
249.0,257.0,-3.179
249.0,258.0,-3.184
249.0,259.0,-3.188
249.0,260.0,-3.191
249.0,261.0,-3.193
250.0,251.0,-3.066
250.0,252.0,-3.098
250.0,253.0,-3.123
250.0,254.0,-3.143
250.0,255.0,-3.158
250.0,256.0,-3.17
250.0,257.0,-3.179
250.0,258.0,-3.187
250.0,259.0,-3.192
250.0,260.0,-3.197
250.0,261.0,-3.2
250.0,262.0,-3.203
251.0,252.0,-3.039
251.0,253.0,-3.077
251.0,254.0,-3.105
251.0,255.0,-3.128
251.0,256.0,-3.145
251.0,257.0,-3.159
251.0,258.0,-3.169
251.0,259.0,-3.177
251.0,260.0,-3.184
251.0,261.0,-3.189
251.0,262.0,-3.193
251.0,263.0,-3.196
252.0,253.0,-3.021
252.0,254.0,-3.06
252.0,255.0,-3.09
252.0,256.0,-3.114
252.0,257.0,-3.133
252.0,258.0,-3.147
252.0,259.0,-3.159
252.0,260.0,-3.168
252.0,261.0,-3.175
252.0,262.0,-3.18
252.0,263.0,-3.185
252.0,264.0,-3.188
253.0,254.0,-3.069
253.0,255.0,-3.099
253.0,256.0,-3.122
253.0,257.0,-3.14
253.0,258.0,-3.154
253.0,259.0,-3.164
253.0,260.0,-3.173
253.0,261.0,-3.18
253.0,262.0,-3.185
253.0,263.0,-3.189
253.0,264.0,-3.192
253.0,265.0,-3.195
254.0,255.0,-3.079
254.0,256.0,-3.106
254.0,257.0,-3.127
254.0,258.0,-3.143
254.0,259.0,-3.156
254.0,260.0,-3.166
254.0,261.0,-3.174
254.0,262.0,-3.18
254.0,263.0,-3.185
254.0,264.0,-3.189
254.0,265.0,-3.192
254.0,266.0,-3.194
255.0,256.0,-3.103
255.0,257.0,-3.124
255.0,258.0,-3.14
255.0,259.0,-3.153
255.0,260.0,-3.163
255.0,261.0,-3.171
255.0,262.0,-3.178
255.0,263.0,-3.183
255.0,264.0,-3.186
255.0,265.0,-3.19
255.0,266.0,-3.192
255.0,267.0,-3.194
256.0,257.0,-3.161
256.0,258.0,-3.169
256.0,259.0,-3.176
256.0,260.0,-3.181
256.0,261.0,-3.186
256.0,262.0,-3.189
256.0,263.0,-3.192
256.0,264.0,-3.194
256.0,265.0,-3.195
256.0,266.0,-3.196
256.0,267.0,-3.197
256.0,268.0,-3.198
257.0,258.0,-3.183
257.0,259.0,-3.187
257.0,260.0,-3.19
257.0,261.0,-3.193
257.0,262.0,-3.195
257.0,263.0,-3.197
257.0,264.0,-3.198
257.0,265.0,-3.199
257.0,266.0,-3.2
257.0,267.0,-3.201
257.0,268.0,-3.201
257.0,269.0,-3.202
258.0,259.0,-3.19
258.0,260.0,-3.194
258.0,261.0,-3.197
258.0,262.0,-3.199
258.0,263.0,-3.2
258.0,264.0,-3.202
258.0,265.0,-3.203
258.0,266.0,-3.203
258.0,267.0,-3.204
258.0,268.0,-3.204
258.0,269.0,-3.205
258.0,270.0,-3.205
259.0,260.0,-3.217
259.0,261.0,-3.214
259.0,262.0,-3.212
259.0,263.0,-3.21
259.0,264.0,-3.208
259.0,265.0,-3.207
259.0,266.0,-3.206
259.0,267.0,-3.206
259.0,268.0,-3.205
259.0,269.0,-3.205
259.0,270.0,-3.204
259.0,271.0,-3.204
260.0,261.0,-3.271
260.0,262.0,-3.256
260.0,263.0,-3.245
260.0,264.0,-3.236
260.0,265.0,-3.229
260.0,266.0,-3.224
260.0,267.0,-3.219
260.0,268.0,-3.216
260.0,269.0,-3.213
260.0,270.0,-3.211
260.0,271.0,-3.209
260.0,272.0,-3.208
261.0,262.0,-3.309
261.0,263.0,-3.287
261.0,264.0,-3.269
261.0,265.0,-3.256
261.0,266.0,-3.245
261.0,267.0,-3.236
261.0,268.0,-3.23
261.0,269.0,-3.225
261.0,270.0,-3.22
261.0,271.0,-3.217
261.0,272.0,-3.215
261.0,273.0,-3.213
262.0,263.0,-3.33
262.0,264.0,-3.303
262.0,265.0,-3.282
262.0,266.0,-3.265
262.0,267.0,-3.251
262.0,268.0,-3.24
262.0,269.0,-3.232
262.0,270.0,-3.225
262.0,271.0,-3.22
262.0,272.0,-3.216
262.0,273.0,-3.212
262.0,274.0,-3.21
263.0,264.0,-3.357
263.0,265.0,-3.324
263.0,266.0,-3.298
263.0,267.0,-3.277
263.0,268.0,-3.261
263.0,269.0,-3.248
263.0,270.0,-3.238
263.0,271.0,-3.23
263.0,272.0,-3.223
263.0,273.0,-3.218
263.0,274.0,-3.214
263.0,275.0,-3.211
264.0,265.0,-3.362
264.0,266.0,-3.329
264.0,267.0,-3.303
264.0,268.0,-3.282
264.0,269.0,-3.266
264.0,270.0,-3.252
264.0,271.0,-3.242
264.0,272.0,-3.233
264.0,273.0,-3.226
264.0,274.0,-3.221
264.0,275.0,-3.217
264.0,276.0,-3.213
265.0,266.0,-3.375
265.0,267.0,-3.342
265.0,268.0,-3.315
265.0,269.0,-3.294
265.0,270.0,-3.277
265.0,271.0,-3.263
265.0,272.0,-3.253
265.0,273.0,-3.244
265.0,274.0,-3.237
265.0,275.0,-3.231
265.0,276.0,-3.227
265.0,277.0,-3.223
266.0,267.0,-3.382
266.0,268.0,-3.346
266.0,269.0,-3.317
266.0,270.0,-3.294
266.0,271.0,-3.276
266.0,272.0,-3.261
266.0,273.0,-3.25
266.0,274.0,-3.241
266.0,275.0,-3.233
266.0,276.0,-3.228
266.0,277.0,-3.223
266.0,278.0,-3.219
267.0,268.0,-3.438
267.0,269.0,-3.391
267.0,270.0,-3.354
267.0,271.0,-3.324
267.0,272.0,-3.3
267.0,273.0,-3.281
267.0,274.0,-3.267
267.0,275.0,-3.255
267.0,276.0,-3.245
267.0,277.0,-3.238
267.0,278.0,-3.232
267.0,279.0,-3.227
268.0,269.0,-3.499
268.0,270.0,-3.442
268.0,271.0,-3.395
268.0,272.0,-3.358
268.0,273.0,-3.328
268.0,274.0,-3.304
268.0,275.0,-3.285
268.0,276.0,-3.27
268.0,277.0,-3.257
268.0,278.0,-3.247
268.0,279.0,-3.239
268.0,280.0,-3.233
269.0,270.0,-3.452
269.0,271.0,-3.405
269.0,272.0,-3.366
269.0,273.0,-3.336
269.0,274.0,-3.311
269.0,275.0,-3.291
269.0,276.0,-3.275
269.0,277.0,-3.263
269.0,278.0,-3.252
269.0,279.0,-3.244
269.0,280.0,-3.237
269.0,281.0,-3.232
270.0,271.0,-3.433
270.0,272.0,-3.39
270.0,273.0,-3.355
270.0,274.0,-3.327
270.0,275.0,-3.305
270.0,276.0,-3.287
270.0,277.0,-3.272
270.0,278.0,-3.26
270.0,279.0,-3.25
270.0,280.0,-3.243
270.0,281.0,-3.236
270.0,282.0,-3.231
271.0,272.0,-3.457
271.0,273.0,-3.408
271.0,274.0,-3.37
271.0,275.0,-3.339
271.0,276.0,-3.314
271.0,277.0,-3.294
271.0,278.0,-3.278
271.0,279.0,-3.265
271.0,280.0,-3.255
271.0,281.0,-3.246
271.0,282.0,-3.239
271.0,283.0,-3.234
272.0,273.0,-3.582
272.0,274.0,-3.524
272.0,275.0,-3.476
272.0,276.0,-3.437
272.0,277.0,-3.404
272.0,278.0,-3.378
272.0,279.0,-3.356
272.0,280.0,-3.338
272.0,281.0,-3.324
272.0,282.0,-3.312
272.0,283.0,-3.302
272.0,284.0,-3.294
273.0,274.0,-3.65
273.0,275.0,-3.584
273.0,276.0,-3.53
273.0,277.0,-3.485
273.0,278.0,-3.447
273.0,279.0,-3.416
273.0,280.0,-3.39
273.0,281.0,-3.369
273.0,282.0,-3.351
273.0,283.0,-3.336
273.0,284.0,-3.324
273.0,285.0,-3.314
274.0,275.0,-3.66
274.0,276.0,-3.592
274.0,277.0,-3.536
274.0,278.0,-3.489
274.0,279.0,-3.45
274.0,280.0,-3.418
274.0,281.0,-3.391
274.0,282.0,-3.369
274.0,283.0,-3.35
274.0,284.0,-3.335
274.0,285.0,-3.322
274.0,286.0,-3.312
275.0,276.0,-3.676
275.0,277.0,-3.608
275.0,278.0,-3.552
275.0,279.0,-3.506
275.0,280.0,-3.467
275.0,281.0,-3.435
275.0,282.0,-3.408
275.0,283.0,-3.385
275.0,284.0,-3.367
275.0,285.0,-3.351
275.0,286.0,-3.338
275.0,287.0,-3.328
276.0,277.0,-3.757
276.0,278.0,-3.675
276.0,279.0,-3.607
276.0,280.0,-3.55
276.0,281.0,-3.503
276.0,282.0,-3.464
276.0,283.0,-3.432
276.0,284.0,-3.405
276.0,285.0,-3.383
276.0,286.0,-3.364
276.0,287.0,-3.349
276.0,288.0,-3.336
277.0,278.0,-3.818
277.0,279.0,-3.724
277.0,280.0,-3.646
277.0,281.0,-3.582
277.0,282.0,-3.53
277.0,283.0,-3.487
277.0,284.0,-3.451
277.0,285.0,-3.421
277.0,286.0,-3.397
277.0,287.0,-3.377
277.0,288.0,-3.361
277.0,289.0,-3.347
278.0,279.0,-3.386
278.0,280.0,-3.371
278.0,281.0,-3.357
278.0,282.0,-3.346
278.0,283.0,-3.337
278.0,284.0,-3.329
278.0,285.0,-3.323
278.0,286.0,-3.317
278.0,287.0,-3.313
278.0,288.0,-3.309
278.0,289.0,-3.306
278.0,290.0,-3.303
279.0,280.0,-3.802
279.0,281.0,-3.726
279.0,282.0,-3.66
279.0,283.0,-3.604
279.0,284.0,-3.556
279.0,285.0,-3.515
279.0,286.0,-3.479
279.0,287.0,-3.449
279.0,288.0,-3.423
279.0,289.0,-3.401
279.0,290.0,-3.382
279.0,291.0,-3.366
280.0,281.0,-3.799
280.0,282.0,-3.715
280.0,283.0,-3.644
280.0,284.0,-3.585
280.0,285.0,-3.535
280.0,286.0,-3.493
280.0,287.0,-3.458
280.0,288.0,-3.428
280.0,289.0,-3.403
280.0,290.0,-3.382
280.0,291.0,-3.364
280.0,292.0,-3.349
281.0,282.0,-3.63
281.0,283.0,-3.54
281.0,284.0,-3.47
281.0,285.0,-3.414
281.0,286.0,-3.371
281.0,287.0,-3.337
281.0,288.0,-3.31
281.0,289.0,-3.289
281.0,290.0,-3.272
281.0,291.0,-3.259
281.0,292.0,-3.249
281.0,293.0,-3.241
282.0,283.0,-3.703
282.0,284.0,-3.626
282.0,285.0,-3.564
282.0,286.0,-3.514
282.0,287.0,-3.473
282.0,288.0,-3.44
282.0,289.0,-3.413
282.0,290.0,-3.391
282.0,291.0,-3.373
282.0,292.0,-3.359
282.0,293.0,-3.347
282.0,294.0,-3.338
283.0,284.0,-3.742
283.0,285.0,-3.666
283.0,286.0,-3.602
283.0,287.0,-3.548
283.0,288.0,-3.503
283.0,289.0,-3.465
283.0,290.0,-3.434
283.0,291.0,-3.407
283.0,292.0,-3.385
283.0,293.0,-3.366
283.0,294.0,-3.35
283.0,295.0,-3.337
284.0,285.0,-3.746
284.0,286.0,-3.667
284.0,287.0,-3.602
284.0,288.0,-3.547
284.0,289.0,-3.503
284.0,290.0,-3.466
284.0,291.0,-3.435
284.0,292.0,-3.41
284.0,293.0,-3.389
284.0,294.0,-3.372
284.0,295.0,-3.358
284.0,296.0,-3.346
285.0,286.0,-3.789
285.0,287.0,-3.707
285.0,288.0,-3.638
285.0,289.0,-3.581
285.0,290.0,-3.533
285.0,291.0,-3.493
285.0,292.0,-3.46
285.0,293.0,-3.433
285.0,294.0,-3.41
285.0,295.0,-3.391
285.0,296.0,-3.375
285.0,297.0,-3.361
286.0,287.0,-3.843
286.0,288.0,-3.758
286.0,289.0,-3.685
286.0,290.0,-3.624
286.0,291.0,-3.573
286.0,292.0,-3.529
286.0,293.0,-3.492
286.0,294.0,-3.461
286.0,295.0,-3.435
286.0,296.0,-3.413
286.0,297.0,-3.394
286.0,298.0,-3.378
287.0,288.0,-3.793
287.0,289.0,-3.746
287.0,290.0,-3.705
287.0,291.0,-3.667
287.0,292.0,-3.633
287.0,293.0,-3.603
287.0,294.0,-3.575
287.0,295.0,-3.551
287.0,296.0,-3.529
287.0,297.0,-3.509
287.0,298.0,-3.491
287.0,299.0,-3.475
288.0,289.0,-3.747
288.0,290.0,-3.712
288.0,291.0,-3.681
288.0,292.0,-3.651
288.0,293.0,-3.625
288.0,294.0,-3.6
288.0,295.0,-3.578
288.0,296.0,-3.558
288.0,297.0,-3.539
288.0,298.0,-3.522
288.0,299.0,-3.506
288.0,300.0,-3.492
289.0,290.0,-3.707
289.0,291.0,-3.673
289.0,292.0,-3.641
289.0,293.0,-3.613
289.0,294.0,-3.587
289.0,295.0,-3.563
289.0,296.0,-3.542
289.0,297.0,-3.522
289.0,298.0,-3.504
289.0,299.0,-3.488
289.0,300.0,-3.474
289.0,301.0,-3.46
290.0,291.0,-3.711
290.0,292.0,-3.678
290.0,293.0,-3.648
290.0,294.0,-3.621
290.0,295.0,-3.596
290.0,296.0,-3.573
290.0,297.0,-3.552
290.0,298.0,-3.534
290.0,299.0,-3.516
290.0,300.0,-3.501
290.0,301.0,-3.486
290.0,302.0,-3.473
291.0,292.0,-3.809
291.0,293.0,-3.772
291.0,294.0,-3.738
291.0,295.0,-3.706
291.0,296.0,-3.677
291.0,297.0,-3.65
291.0,298.0,-3.626
291.0,299.0,-3.603
291.0,300.0,-3.582
291.0,301.0,-3.563
291.0,302.0,-3.545
291.0,303.0,-3.529
292.0,293.0,-3.802
292.0,294.0,-3.763
292.0,295.0,-3.728
292.0,296.0,-3.696
292.0,297.0,-3.666
292.0,298.0,-3.639
292.0,299.0,-3.614
292.0,300.0,-3.592
292.0,301.0,-3.571
292.0,302.0,-3.552
292.0,303.0,-3.535
292.0,304.0,-3.519
293.0,294.0,-3.601
293.0,295.0,-3.576
293.0,296.0,-3.554
293.0,297.0,-3.534
293.0,298.0,-3.515
293.0,299.0,-3.499
293.0,300.0,-3.484
293.0,301.0,-3.47
293.0,302.0,-3.458
293.0,303.0,-3.447
293.0,304.0,-3.437
293.0,305.0,-3.427
294.0,295.0,-3.421
294.0,296.0,-3.414
294.0,297.0,-3.408
294.0,298.0,-3.403
294.0,299.0,-3.398
294.0,300.0,-3.393
294.0,301.0,-3.389
294.0,302.0,-3.385
294.0,303.0,-3.382
294.0,304.0,-3.379
294.0,305.0,-3.376
294.0,306.0,-3.374
295.0,296.0,-3.318
295.0,297.0,-3.32
295.0,298.0,-3.322
295.0,299.0,-3.324
295.0,300.0,-3.326
295.0,301.0,-3.328
295.0,302.0,-3.329
295.0,303.0,-3.33
295.0,304.0,-3.332
295.0,305.0,-3.333
295.0,306.0,-3.334
295.0,307.0,-3.334
296.0,297.0,-3.232
296.0,298.0,-3.241
296.0,299.0,-3.249
296.0,300.0,-3.257
296.0,301.0,-3.264
296.0,302.0,-3.27
296.0,303.0,-3.275
296.0,304.0,-3.28
296.0,305.0,-3.285
296.0,306.0,-3.289
296.0,307.0,-3.293
296.0,308.0,-3.296
297.0,298.0,-3.252
297.0,299.0,-3.261
297.0,300.0,-3.269
297.0,301.0,-3.276
297.0,302.0,-3.282
297.0,303.0,-3.288
297.0,304.0,-3.293
297.0,305.0,-3.297
297.0,306.0,-3.302
297.0,307.0,-3.305
297.0,308.0,-3.309
297.0,309.0,-3.312
298.0,299.0,-3.318
298.0,300.0,-3.321
298.0,301.0,-3.323
298.0,302.0,-3.325
298.0,303.0,-3.327
298.0,304.0,-3.329
298.0,305.0,-3.331
298.0,306.0,-3.332
298.0,307.0,-3.333
298.0,308.0,-3.335
298.0,309.0,-3.336
298.0,310.0,-3.337
299.0,300.0,-3.469
299.0,301.0,-3.457
299.0,302.0,-3.445
299.0,303.0,-3.435
299.0,304.0,-3.426
299.0,305.0,-3.417
299.0,306.0,-3.409
299.0,307.0,-3.402
299.0,308.0,-3.396
299.0,309.0,-3.39
299.0,310.0,-3.384
299.0,311.0,-3.38
300.0,301.0,-3.423
300.0,302.0,-3.415
300.0,303.0,-3.407
300.0,304.0,-3.401
300.0,305.0,-3.395
300.0,306.0,-3.389
300.0,307.0,-3.384
300.0,308.0,-3.38
300.0,309.0,-3.376
300.0,310.0,-3.373
300.0,311.0,-3.37
300.0,312.0,-3.367
301.0,302.0,-3.272
301.0,303.0,-3.277
301.0,304.0,-3.282
301.0,305.0,-3.286
301.0,306.0,-3.29
301.0,307.0,-3.293
301.0,308.0,-3.297
301.0,309.0,-3.299
301.0,310.0,-3.302
301.0,311.0,-3.304
301.0,312.0,-3.307
301.0,313.0,-3.308
302.0,303.0,-3.369
302.0,304.0,-3.366
302.0,305.0,-3.364
302.0,306.0,-3.362
302.0,307.0,-3.36
302.0,308.0,-3.359
302.0,309.0,-3.357
302.0,310.0,-3.356
302.0,311.0,-3.355
302.0,312.0,-3.354
302.0,313.0,-3.353
302.0,314.0,-3.352
303.0,304.0,-3.244
303.0,305.0,-3.254
303.0,306.0,-3.262
303.0,307.0,-3.27
303.0,308.0,-3.278
303.0,309.0,-3.284
303.0,310.0,-3.29
303.0,311.0,-3.295
303.0,312.0,-3.3
303.0,313.0,-3.304
303.0,314.0,-3.308
303.0,315.0,-3.311
304.0,305.0,-3.302
304.0,306.0,-3.307
304.0,307.0,-3.312
304.0,308.0,-3.316
304.0,309.0,-3.32
304.0,310.0,-3.323
304.0,311.0,-3.326
304.0,312.0,-3.329
304.0,313.0,-3.331
304.0,314.0,-3.333
304.0,315.0,-3.335
304.0,316.0,-3.337
305.0,306.0,-3.413
305.0,307.0,-3.404
305.0,308.0,-3.396
305.0,309.0,-3.389
305.0,310.0,-3.383
305.0,311.0,-3.377
305.0,312.0,-3.371
305.0,313.0,-3.367
305.0,314.0,-3.362
305.0,315.0,-3.358
305.0,316.0,-3.355
305.0,317.0,-3.351
306.0,307.0,-3.53
306.0,308.0,-3.511
306.0,309.0,-3.493
306.0,310.0,-3.478
306.0,311.0,-3.464
306.0,312.0,-3.451
306.0,313.0,-3.44
306.0,314.0,-3.429
306.0,315.0,-3.42
306.0,316.0,-3.412
306.0,317.0,-3.404
306.0,318.0,-3.397
307.0,308.0,-3.64
307.0,309.0,-3.611
307.0,310.0,-3.585
307.0,311.0,-3.561
307.0,312.0,-3.539
307.0,313.0,-3.519
307.0,314.0,-3.501
307.0,315.0,-3.485
307.0,316.0,-3.47
307.0,317.0,-3.456
307.0,318.0,-3.444
307.0,319.0,-3.433
308.0,309.0,-3.672
308.0,310.0,-3.643
308.0,311.0,-3.617
308.0,312.0,-3.593
308.0,313.0,-3.571
308.0,314.0,-3.551
308.0,315.0,-3.533
308.0,316.0,-3.516
308.0,317.0,-3.501
308.0,318.0,-3.487
308.0,319.0,-3.474
308.0,320.0,-3.463
309.0,310.0,-3.727
309.0,311.0,-3.692
309.0,312.0,-3.661
309.0,313.0,-3.633
309.0,314.0,-3.607
309.0,315.0,-3.583
309.0,316.0,-3.562
309.0,317.0,-3.542
309.0,318.0,-3.524
309.0,319.0,-3.508
309.0,320.0,-3.493
309.0,321.0,-3.48
310.0,311.0,-3.847
310.0,312.0,-3.8
310.0,313.0,-3.758
310.0,314.0,-3.72
310.0,315.0,-3.686
310.0,316.0,-3.655
310.0,317.0,-3.626
310.0,318.0,-3.601
310.0,319.0,-3.578
310.0,320.0,-3.557
310.0,321.0,-3.538
310.0,322.0,-3.521
311.0,312.0,-3.829
311.0,313.0,-3.784
311.0,314.0,-3.743
311.0,315.0,-3.707
311.0,316.0,-3.673
311.0,317.0,-3.643
311.0,318.0,-3.615
311.0,319.0,-3.59
311.0,320.0,-3.567
311.0,321.0,-3.546
311.0,322.0,-3.528
311.0,323.0,-3.51
312.0,313.0,-3.583
312.0,314.0,-3.559
312.0,315.0,-3.538
312.0,316.0,-3.519
312.0,317.0,-3.502
312.0,318.0,-3.487
312.0,319.0,-3.473
312.0,320.0,-3.461
312.0,321.0,-3.45
312.0,322.0,-3.44
312.0,323.0,-3.431
312.0,324.0,-3.423
313.0,314.0,-3.524
313.0,315.0,-3.507
313.0,316.0,-3.491
313.0,317.0,-3.476
313.0,318.0,-3.463
313.0,319.0,-3.452
313.0,320.0,-3.441
313.0,321.0,-3.432
313.0,322.0,-3.423
313.0,323.0,-3.416
313.0,324.0,-3.409
313.0,325.0,-3.403
314.0,315.0,-3.364
314.0,316.0,-3.362
314.0,317.0,-3.36
314.0,318.0,-3.358
314.0,319.0,-3.356
314.0,320.0,-3.355
314.0,321.0,-3.354
314.0,322.0,-3.352
314.0,323.0,-3.351
314.0,324.0,-3.35
314.0,325.0,-3.35
314.0,326.0,-3.349
315.0,316.0,-3.392
315.0,317.0,-3.387
315.0,318.0,-3.382
315.0,319.0,-3.378
315.0,320.0,-3.374
315.0,321.0,-3.37
315.0,322.0,-3.367
315.0,323.0,-3.364
315.0,324.0,-3.362
315.0,325.0,-3.359
315.0,326.0,-3.357
315.0,327.0,-3.356
316.0,317.0,-3.52
316.0,318.0,-3.503
316.0,319.0,-3.488
316.0,320.0,-3.475
316.0,321.0,-3.463
316.0,322.0,-3.452
316.0,323.0,-3.442
316.0,324.0,-3.433
316.0,325.0,-3.425
316.0,326.0,-3.418
316.0,327.0,-3.411
316.0,328.0,-3.405
317.0,318.0,-3.643
317.0,319.0,-3.614
317.0,320.0,-3.588
317.0,321.0,-3.564
317.0,322.0,-3.543
317.0,323.0,-3.523
317.0,324.0,-3.506
317.0,325.0,-3.491
317.0,326.0,-3.477
317.0,327.0,-3.464
317.0,328.0,-3.453
317.0,329.0,-3.443
318.0,319.0,-3.648
318.0,320.0,-3.616
318.0,321.0,-3.588
318.0,322.0,-3.562
318.0,323.0,-3.539
318.0,324.0,-3.519
318.0,325.0,-3.5
318.0,326.0,-3.483
318.0,327.0,-3.469
318.0,328.0,-3.455
318.0,329.0,-3.443
318.0,330.0,-3.432
319.0,320.0,-3.865
319.0,321.0,-3.816
319.0,322.0,-3.771
319.0,323.0,-3.731
319.0,324.0,-3.695
319.0,325.0,-3.662
319.0,326.0,-3.633
319.0,327.0,-3.606
319.0,328.0,-3.582
319.0,329.0,-3.56
319.0,330.0,-3.541
319.0,331.0,-3.523
320.0,321.0,-3.941
320.0,322.0,-3.892
320.0,323.0,-3.847
320.0,324.0,-3.806
320.0,325.0,-3.768
320.0,326.0,-3.733
320.0,327.0,-3.701
320.0,328.0,-3.672
320.0,329.0,-3.645
320.0,330.0,-3.62
320.0,331.0,-3.598
320.0,332.0,-3.577
321.0,322.0,-3.939
321.0,323.0,-3.891
321.0,324.0,-3.848
321.0,325.0,-3.808
321.0,326.0,-3.771
321.0,327.0,-3.736
321.0,328.0,-3.705
321.0,329.0,-3.676
321.0,330.0,-3.65
321.0,331.0,-3.626
321.0,332.0,-3.603
321.0,333.0,-3.582
322.0,323.0,-3.906
322.0,324.0,-3.861
322.0,325.0,-3.821
322.0,326.0,-3.783
322.0,327.0,-3.749
322.0,328.0,-3.717
322.0,329.0,-3.688
322.0,330.0,-3.661
322.0,331.0,-3.636
322.0,332.0,-3.613
322.0,333.0,-3.592
322.0,334.0,-3.572
323.0,324.0,-3.885
323.0,325.0,-3.841
323.0,326.0,-3.801
323.0,327.0,-3.764
323.0,328.0,-3.73
323.0,329.0,-3.699
323.0,330.0,-3.671
323.0,331.0,-3.644
323.0,332.0,-3.62
323.0,333.0,-3.598
323.0,334.0,-3.578
323.0,335.0,-3.559
324.0,325.0,-3.922
324.0,326.0,-3.878
324.0,327.0,-3.838
324.0,328.0,-3.801
324.0,329.0,-3.766
324.0,330.0,-3.734
324.0,331.0,-3.705
324.0,332.0,-3.678
324.0,333.0,-3.653
324.0,334.0,-3.629
324.0,335.0,-3.608
324.0,336.0,-3.588
325.0,326.0,-4.017
325.0,327.0,-3.967
325.0,328.0,-3.92
325.0,329.0,-3.877
325.0,330.0,-3.837
325.0,331.0,-3.8
325.0,332.0,-3.766
325.0,333.0,-3.734
325.0,334.0,-3.705
325.0,335.0,-3.678
325.0,336.0,-3.653
325.0,337.0,-3.63
326.0,327.0,-4.061
326.0,328.0,-4.008
326.0,329.0,-3.959
326.0,330.0,-3.914
326.0,331.0,-3.872
326.0,332.0,-3.833
326.0,333.0,-3.798
326.0,334.0,-3.765
326.0,335.0,-3.734
326.0,336.0,-3.705
326.0,337.0,-3.679
326.0,338.0,-3.655
327.0,328.0,-4.047
327.0,329.0,-3.994
327.0,330.0,-3.944
327.0,331.0,-3.899
327.0,332.0,-3.857
327.0,333.0,-3.819
327.0,334.0,-3.783
327.0,335.0,-3.75
327.0,336.0,-3.72
327.0,337.0,-3.692
327.0,338.0,-3.667
327.0,339.0,-3.643
328.0,329.0,-4.088
328.0,330.0,-4.034
328.0,331.0,-3.984
328.0,332.0,-3.938
328.0,333.0,-3.896
328.0,334.0,-3.856
328.0,335.0,-3.819
328.0,336.0,-3.785
328.0,337.0,-3.754
328.0,338.0,-3.725
328.0,339.0,-3.698
328.0,340.0,-3.673
329.0,330.0,-4.151
329.0,331.0,-4.098
329.0,332.0,-4.048
329.0,333.0,-4.002
329.0,334.0,-3.959
329.0,335.0,-3.918
329.0,336.0,-3.881
329.0,337.0,-3.845
329.0,338.0,-3.813
329.0,339.0,-3.782
329.0,340.0,-3.754
329.0,341.0,-3.727
330.0,331.0,-4.211
330.0,332.0,-4.157
330.0,333.0,-4.106
330.0,334.0,-4.059
330.0,335.0,-4.014
330.0,336.0,-3.973
330.0,337.0,-3.934
330.0,338.0,-3.897
330.0,339.0,-3.863
330.0,340.0,-3.831
330.0,341.0,-3.801
330.0,342.0,-3.773
331.0,332.0,-4.225
331.0,333.0,-4.171
331.0,334.0,-4.12
331.0,335.0,-4.072
331.0,336.0,-4.027
331.0,337.0,-3.985
331.0,338.0,-3.946
331.0,339.0,-3.909
331.0,340.0,-3.875
331.0,341.0,-3.842
331.0,342.0,-3.812
331.0,343.0,-3.784
332.0,333.0,-4.244
332.0,334.0,-4.192
332.0,335.0,-4.144
332.0,336.0,-4.098
332.0,337.0,-4.055
332.0,338.0,-4.015
332.0,339.0,-3.977
332.0,340.0,-3.941
332.0,341.0,-3.908
332.0,342.0,-3.877
332.0,343.0,-3.847
332.0,344.0,-3.819
333.0,334.0,-4.279
333.0,335.0,-4.224
333.0,336.0,-4.172
333.0,337.0,-4.123
333.0,338.0,-4.077
333.0,339.0,-4.034
333.0,340.0,-3.993
333.0,341.0,-3.955
333.0,342.0,-3.919
333.0,343.0,-3.886
333.0,344.0,-3.854
333.0,345.0,-3.824
334.0,335.0,-4.275
334.0,336.0,-4.219
334.0,337.0,-4.167
334.0,338.0,-4.118
334.0,339.0,-4.072
334.0,340.0,-4.029
334.0,341.0,-3.989
334.0,342.0,-3.951
334.0,343.0,-3.916
334.0,344.0,-3.882
334.0,345.0,-3.851
334.0,346.0,-3.821
335.0,336.0,-4.293
335.0,337.0,-4.235
335.0,338.0,-4.181
335.0,339.0,-4.131
335.0,340.0,-4.083
335.0,341.0,-4.039
335.0,342.0,-3.997
335.0,343.0,-3.958
335.0,344.0,-3.921
335.0,345.0,-3.887
335.0,346.0,-3.855
335.0,347.0,-3.824
336.0,337.0,-4.28
336.0,338.0,-4.222
336.0,339.0,-4.168
336.0,340.0,-4.116
336.0,341.0,-4.068
336.0,342.0,-4.024
336.0,343.0,-3.982
336.0,344.0,-3.942
336.0,345.0,-3.905
336.0,346.0,-3.87
336.0,347.0,-3.838
336.0,348.0,-3.808
337.0,338.0,-4.23
337.0,339.0,-4.176
337.0,340.0,-4.124
337.0,341.0,-4.077
337.0,342.0,-4.032
337.0,343.0,-3.99
337.0,344.0,-3.951
337.0,345.0,-3.914
337.0,346.0,-3.879
337.0,347.0,-3.847
337.0,348.0,-3.817
337.0,349.0,-3.789
338.0,339.0,-4.23
338.0,340.0,-4.179
338.0,341.0,-4.13
338.0,342.0,-4.085
338.0,343.0,-4.042
338.0,344.0,-4.002
338.0,345.0,-3.964
338.0,346.0,-3.928
338.0,347.0,-3.895
338.0,348.0,-3.864
338.0,349.0,-3.834
338.0,350.0,-3.806
339.0,340.0,-4.276
339.0,341.0,-4.235
339.0,342.0,-4.195
339.0,343.0,-4.157
339.0,344.0,-4.121
339.0,345.0,-4.086
339.0,346.0,-4.053
339.0,347.0,-4.022
339.0,348.0,-3.993
339.0,349.0,-3.964
339.0,350.0,-3.937
339.0,351.0,-3.912
340.0,341.0,-4.252
340.0,342.0,-4.201
340.0,343.0,-4.152
340.0,344.0,-4.106
340.0,345.0,-4.063
340.0,346.0,-4.022
340.0,347.0,-3.983
340.0,348.0,-3.947
340.0,349.0,-3.913
340.0,350.0,-3.881
340.0,351.0,-3.85
340.0,352.0,-3.822
341.0,342.0,-4.193
341.0,343.0,-4.145
341.0,344.0,-4.099
341.0,345.0,-4.056
341.0,346.0,-4.016
341.0,347.0,-3.978
341.0,348.0,-3.942
341.0,349.0,-3.908
341.0,350.0,-3.877
341.0,351.0,-3.847
341.0,352.0,-3.819
341.0,353.0,-3.793
342.0,343.0,-3.997
342.0,344.0,-3.953
342.0,345.0,-3.913
342.0,346.0,-3.875
342.0,347.0,-3.839
342.0,348.0,-3.807
342.0,349.0,-3.776
342.0,350.0,-3.748
342.0,351.0,-3.722
342.0,352.0,-3.697
342.0,353.0,-3.674
342.0,354.0,-3.653
343.0,344.0,-3.817
343.0,345.0,-3.786
343.0,346.0,-3.757
343.0,347.0,-3.731
343.0,348.0,-3.706
343.0,349.0,-3.683
343.0,350.0,-3.661
343.0,351.0,-3.641
343.0,352.0,-3.622
343.0,353.0,-3.605
343.0,354.0,-3.589
343.0,355.0,-3.573
344.0,345.0,-3.595
344.0,346.0,-3.58
344.0,347.0,-3.565
344.0,348.0,-3.551
344.0,349.0,-3.538
344.0,350.0,-3.526
344.0,351.0,-3.515
344.0,352.0,-3.504
344.0,353.0,-3.495
344.0,354.0,-3.485
344.0,355.0,-3.477
344.0,356.0,-3.469
345.0,346.0,-3.588
345.0,347.0,-3.573
345.0,348.0,-3.559
345.0,349.0,-3.546
345.0,350.0,-3.535
345.0,351.0,-3.524
345.0,352.0,-3.513
345.0,353.0,-3.504
345.0,354.0,-3.495
345.0,355.0,-3.487
345.0,356.0,-3.479
345.0,357.0,-3.472
346.0,347.0,-3.63
346.0,348.0,-3.613
346.0,349.0,-3.597
346.0,350.0,-3.582
346.0,351.0,-3.568
346.0,352.0,-3.555
346.0,353.0,-3.543
346.0,354.0,-3.532
346.0,355.0,-3.521
346.0,356.0,-3.511
346.0,357.0,-3.502
346.0,358.0,-3.494
347.0,348.0,-3.632
347.0,349.0,-3.614
347.0,350.0,-3.598
347.0,351.0,-3.583
347.0,352.0,-3.569
347.0,353.0,-3.555
347.0,354.0,-3.543
347.0,355.0,-3.532
347.0,356.0,-3.521
347.0,357.0,-3.511
347.0,358.0,-3.502
347.0,359.0,-3.494
348.0,349.0,-3.36
348.0,350.0,-3.361
348.0,351.0,-3.362
348.0,352.0,-3.364
348.0,353.0,-3.365
348.0,354.0,-3.366
348.0,355.0,-3.367
348.0,356.0,-3.368
348.0,357.0,-3.368
348.0,358.0,-3.369
348.0,359.0,-3.37
348.0,360.0,-3.37
349.0,350.0,-3.423
349.0,351.0,-3.421
349.0,352.0,-3.418
349.0,353.0,-3.416
349.0,354.0,-3.413
349.0,355.0,-3.411
349.0,356.0,-3.409
349.0,357.0,-3.408
349.0,358.0,-3.406
349.0,359.0,-3.405
349.0,360.0,-3.403
349.0,361.0,-3.402
350.0,351.0,-3.387
350.0,352.0,-3.386
350.0,353.0,-3.385
350.0,354.0,-3.385
350.0,355.0,-3.384
350.0,356.0,-3.383
350.0,357.0,-3.383
350.0,358.0,-3.382
350.0,359.0,-3.381
350.0,360.0,-3.381
350.0,361.0,-3.381
350.0,362.0,-3.38
351.0,352.0,-3.177
351.0,353.0,-3.192
351.0,354.0,-3.207
351.0,355.0,-3.221
351.0,356.0,-3.234
351.0,357.0,-3.246
351.0,358.0,-3.257
351.0,359.0,-3.268
351.0,360.0,-3.278
351.0,361.0,-3.287
351.0,362.0,-3.295
351.0,363.0,-3.303
352.0,353.0,-3.139
352.0,354.0,-3.157
352.0,355.0,-3.173
352.0,356.0,-3.188
352.0,357.0,-3.202
352.0,358.0,-3.214
352.0,359.0,-3.226
352.0,360.0,-3.237
352.0,361.0,-3.247
352.0,362.0,-3.257
352.0,363.0,-3.266
352.0,364.0,-3.274
353.0,354.0,-3.217
353.0,355.0,-3.229
353.0,356.0,-3.239
353.0,357.0,-3.25
353.0,358.0,-3.259
353.0,359.0,-3.268
353.0,360.0,-3.276
353.0,361.0,-3.283
353.0,362.0,-3.29
353.0,363.0,-3.297
353.0,364.0,-3.302
353.0,365.0,-3.308
354.0,355.0,-3.168
354.0,356.0,-3.183
354.0,357.0,-3.197
354.0,358.0,-3.21
354.0,359.0,-3.221
354.0,360.0,-3.233
354.0,361.0,-3.243
354.0,362.0,-3.252
354.0,363.0,-3.261
354.0,364.0,-3.269
354.0,365.0,-3.277
354.0,366.0,-3.284
355.0,356.0,-3.012
355.0,357.0,-3.038
355.0,358.0,-3.062
355.0,359.0,-3.084
355.0,360.0,-3.105
355.0,361.0,-3.124
355.0,362.0,-3.142
355.0,363.0,-3.159
355.0,364.0,-3.174
355.0,365.0,-3.189
355.0,366.0,-3.202
355.0,367.0,-3.214
356.0,357.0,-2.961
356.0,358.0,-2.991
356.0,359.0,-3.019
356.0,360.0,-3.044
356.0,361.0,-3.068
356.0,362.0,-3.091
356.0,363.0,-3.111
356.0,364.0,-3.131
356.0,365.0,-3.149
356.0,366.0,-3.165
356.0,367.0,-3.181
356.0,368.0,-3.195
357.0,358.0,-2.861
357.0,359.0,-2.896
357.0,360.0,-2.929
357.0,361.0,-2.96
357.0,362.0,-2.988
357.0,363.0,-3.015
357.0,364.0,-3.039
357.0,365.0,-3.062
357.0,366.0,-3.083
357.0,367.0,-3.103
357.0,368.0,-3.122
357.0,369.0,-3.139
358.0,359.0,-2.958
358.0,360.0,-2.989
358.0,361.0,-3.018
358.0,362.0,-3.045
358.0,363.0,-3.07
358.0,364.0,-3.093
358.0,365.0,-3.114
358.0,366.0,-3.134
358.0,367.0,-3.152
358.0,368.0,-3.169
358.0,369.0,-3.185
358.0,370.0,-3.2
359.0,360.0,-3.02
359.0,361.0,-3.047
359.0,362.0,-3.071
359.0,363.0,-3.094
359.0,364.0,-3.115
359.0,365.0,-3.135
359.0,366.0,-3.153
359.0,367.0,-3.17
359.0,368.0,-3.185
359.0,369.0,-3.2
359.0,370.0,-3.214
359.0,371.0,-3.226
360.0,361.0,-2.956
360.0,362.0,-2.987
360.0,363.0,-3.015
360.0,364.0,-3.041
360.0,365.0,-3.066
360.0,366.0,-3.088
360.0,367.0,-3.109
360.0,368.0,-3.128
360.0,369.0,-3.146
360.0,370.0,-3.163
360.0,371.0,-3.179
360.0,372.0,-3.193
361.0,362.0,-3.043
361.0,363.0,-3.069
361.0,364.0,-3.093
361.0,365.0,-3.115
361.0,366.0,-3.135
361.0,367.0,-3.154
361.0,368.0,-3.172
361.0,369.0,-3.188
361.0,370.0,-3.203
361.0,371.0,-3.217
361.0,372.0,-3.229
361.0,373.0,-3.241
362.0,363.0,-3.018
362.0,364.0,-3.045
362.0,365.0,-3.07
362.0,366.0,-3.093
362.0,367.0,-3.114
362.0,368.0,-3.134
362.0,369.0,-3.152
362.0,370.0,-3.17
362.0,371.0,-3.185
362.0,372.0,-3.2
362.0,373.0,-3.214
362.0,374.0,-3.227
363.0,364.0,-3.088
363.0,365.0,-3.11
363.0,366.0,-3.131
363.0,367.0,-3.15
363.0,368.0,-3.168
363.0,369.0,-3.184
363.0,370.0,-3.199
363.0,371.0,-3.213
363.0,372.0,-3.226
363.0,373.0,-3.238
363.0,374.0,-3.249
363.0,375.0,-3.259
364.0,365.0,-3.14
364.0,366.0,-3.159
364.0,367.0,-3.176
364.0,368.0,-3.192
364.0,369.0,-3.207
364.0,370.0,-3.22
364.0,371.0,-3.233
364.0,372.0,-3.245
364.0,373.0,-3.255
364.0,374.0,-3.265
364.0,375.0,-3.274
364.0,376.0,-3.283
365.0,366.0,-3.186
365.0,367.0,-3.199
365.0,368.0,-3.212
365.0,369.0,-3.224
365.0,370.0,-3.236
365.0,371.0,-3.246
365.0,372.0,-3.256
365.0,373.0,-3.264
365.0,374.0,-3.273
365.0,375.0,-3.281
365.0,376.0,-3.288
365.0,377.0,-3.294
366.0,367.0,-3.186
366.0,368.0,-3.201
366.0,369.0,-3.215
366.0,370.0,-3.228
366.0,371.0,-3.24
366.0,372.0,-3.251
366.0,373.0,-3.261
366.0,374.0,-3.271
366.0,375.0,-3.279
366.0,376.0,-3.287
366.0,377.0,-3.295
366.0,378.0,-3.302
367.0,368.0,-3.186
367.0,369.0,-3.201
367.0,370.0,-3.215
367.0,371.0,-3.227
367.0,372.0,-3.239
367.0,373.0,-3.25
367.0,374.0,-3.26
367.0,375.0,-3.269
367.0,376.0,-3.278
367.0,377.0,-3.286
367.0,378.0,-3.293
367.0,379.0,-3.3
368.0,369.0,-3.26
368.0,370.0,-3.269
368.0,371.0,-3.277
368.0,372.0,-3.285
368.0,373.0,-3.292
368.0,374.0,-3.299
368.0,375.0,-3.305
368.0,376.0,-3.311
368.0,377.0,-3.316
368.0,378.0,-3.321
368.0,379.0,-3.325
368.0,380.0,-3.33
369.0,370.0,-3.337
369.0,371.0,-3.342
369.0,372.0,-3.346
369.0,373.0,-3.35
369.0,374.0,-3.353
369.0,375.0,-3.357
369.0,376.0,-3.36
369.0,377.0,-3.362
369.0,378.0,-3.365
369.0,379.0,-3.367
369.0,380.0,-3.37
369.0,381.0,-3.372
370.0,371.0,-3.37
370.0,372.0,-3.372
370.0,373.0,-3.372
370.0,374.0,-3.373
370.0,375.0,-3.374
370.0,376.0,-3.375
370.0,377.0,-3.376
370.0,378.0,-3.376
370.0,379.0,-3.377
370.0,380.0,-3.377
370.0,381.0,-3.378
370.0,382.0,-3.378
371.0,372.0,-3.418
371.0,373.0,-3.417
371.0,374.0,-3.415
371.0,375.0,-3.414
371.0,376.0,-3.412
371.0,377.0,-3.411
371.0,378.0,-3.41
371.0,379.0,-3.409
371.0,380.0,-3.408
371.0,381.0,-3.407
371.0,382.0,-3.406
371.0,383.0,-3.405
372.0,373.0,-3.445
372.0,374.0,-3.441
372.0,375.0,-3.437
372.0,376.0,-3.434
372.0,377.0,-3.431
372.0,378.0,-3.428
372.0,379.0,-3.425
372.0,380.0,-3.422
372.0,381.0,-3.42
372.0,382.0,-3.418
372.0,383.0,-3.416
372.0,384.0,-3.414
373.0,374.0,-3.512
373.0,375.0,-3.503
373.0,376.0,-3.495
373.0,377.0,-3.487
373.0,378.0,-3.48
373.0,379.0,-3.473
373.0,380.0,-3.467
373.0,381.0,-3.461
373.0,382.0,-3.456
373.0,383.0,-3.451
373.0,384.0,-3.446
373.0,385.0,-3.442
374.0,375.0,-3.578
374.0,376.0,-3.563
374.0,377.0,-3.549
374.0,378.0,-3.537
374.0,379.0,-3.525
374.0,380.0,-3.514
374.0,381.0,-3.505
374.0,382.0,-3.495
374.0,383.0,-3.487
374.0,384.0,-3.479
374.0,385.0,-3.472
374.0,386.0,-3.465
375.0,376.0,-3.614
375.0,377.0,-3.596
375.0,378.0,-3.58
375.0,379.0,-3.565
375.0,380.0,-3.551
375.0,381.0,-3.539
375.0,382.0,-3.527
375.0,383.0,-3.516
375.0,384.0,-3.506
375.0,385.0,-3.496
375.0,386.0,-3.488
375.0,387.0,-3.48
376.0,377.0,-3.641
376.0,378.0,-3.622
376.0,379.0,-3.604
376.0,380.0,-3.587
376.0,381.0,-3.572
376.0,382.0,-3.558
376.0,383.0,-3.545
376.0,384.0,-3.533
376.0,385.0,-3.522
376.0,386.0,-3.512
376.0,387.0,-3.502
376.0,388.0,-3.493
377.0,378.0,-3.642
377.0,379.0,-3.622
377.0,380.0,-3.604
377.0,381.0,-3.587
377.0,382.0,-3.571
377.0,383.0,-3.557
377.0,384.0,-3.543
377.0,385.0,-3.531
377.0,386.0,-3.519
377.0,387.0,-3.509
377.0,388.0,-3.499
377.0,389.0,-3.49
378.0,379.0,-3.65
378.0,380.0,-3.63
378.0,381.0,-3.612
378.0,382.0,-3.595
378.0,383.0,-3.579
378.0,384.0,-3.565
378.0,385.0,-3.551
378.0,386.0,-3.538
378.0,387.0,-3.527
378.0,388.0,-3.516
378.0,389.0,-3.506
378.0,390.0,-3.497
379.0,380.0,-3.655
379.0,381.0,-3.635
379.0,382.0,-3.616
379.0,383.0,-3.598
379.0,384.0,-3.582
379.0,385.0,-3.568
379.0,386.0,-3.554
379.0,387.0,-3.541
379.0,388.0,-3.529
379.0,389.0,-3.518
379.0,390.0,-3.508
379.0,391.0,-3.499
380.0,381.0,-3.64
380.0,382.0,-3.62
380.0,383.0,-3.602
380.0,384.0,-3.585
380.0,385.0,-3.569
380.0,386.0,-3.554
380.0,387.0,-3.541
380.0,388.0,-3.528
380.0,389.0,-3.517
380.0,390.0,-3.506
380.0,391.0,-3.496
380.0,392.0,-3.487
381.0,382.0,-3.646
381.0,383.0,-3.626
381.0,384.0,-3.607
381.0,385.0,-3.589
381.0,386.0,-3.573
381.0,387.0,-3.559
381.0,388.0,-3.545
381.0,389.0,-3.532
381.0,390.0,-3.521
381.0,391.0,-3.51
381.0,392.0,-3.5
381.0,393.0,-3.491
382.0,383.0,-3.657
382.0,384.0,-3.636
382.0,385.0,-3.616
382.0,386.0,-3.598
382.0,387.0,-3.581
382.0,388.0,-3.565
382.0,389.0,-3.551
382.0,390.0,-3.538
382.0,391.0,-3.526
382.0,392.0,-3.514
382.0,393.0,-3.504
382.0,394.0,-3.494
383.0,384.0,-3.647
383.0,385.0,-3.629
383.0,386.0,-3.612
383.0,387.0,-3.596
383.0,388.0,-3.581
383.0,389.0,-3.567
383.0,390.0,-3.555
383.0,391.0,-3.543
383.0,392.0,-3.532
383.0,393.0,-3.522
383.0,394.0,-3.512
383.0,395.0,-3.504
384.0,385.0,-3.62
384.0,386.0,-3.603
384.0,387.0,-3.588
384.0,388.0,-3.574
384.0,389.0,-3.561
384.0,390.0,-3.549
384.0,391.0,-3.537
384.0,392.0,-3.527
384.0,393.0,-3.517
384.0,394.0,-3.508
384.0,395.0,-3.499
384.0,396.0,-3.491
385.0,386.0,-3.573
385.0,387.0,-3.558
385.0,388.0,-3.544
385.0,389.0,-3.532
385.0,390.0,-3.52
385.0,391.0,-3.509
385.0,392.0,-3.5
385.0,393.0,-3.49
385.0,394.0,-3.482
385.0,395.0,-3.474
385.0,396.0,-3.467
385.0,397.0,-3.461
386.0,387.0,-3.553
386.0,388.0,-3.54
386.0,389.0,-3.528
386.0,390.0,-3.516
386.0,391.0,-3.506
386.0,392.0,-3.496
386.0,393.0,-3.487
386.0,394.0,-3.479
386.0,395.0,-3.471
386.0,396.0,-3.464
386.0,397.0,-3.458
386.0,398.0,-3.452
387.0,388.0,-3.534
387.0,389.0,-3.522
387.0,390.0,-3.512
387.0,391.0,-3.502
387.0,392.0,-3.493
387.0,393.0,-3.485
387.0,394.0,-3.477
387.0,395.0,-3.47
387.0,396.0,-3.464
387.0,397.0,-3.458
387.0,398.0,-3.452
387.0,399.0,-3.447
388.0,389.0,-3.541
388.0,390.0,-3.528
388.0,391.0,-3.516
388.0,392.0,-3.506
388.0,393.0,-3.496
388.0,394.0,-3.487
388.0,395.0,-3.478
388.0,396.0,-3.47
388.0,397.0,-3.463
388.0,398.0,-3.456
388.0,399.0,-3.45
388.0,400.0,-3.444
389.0,390.0,-3.565
389.0,391.0,-3.55
389.0,392.0,-3.537
389.0,393.0,-3.525
389.0,394.0,-3.514
389.0,395.0,-3.504
389.0,396.0,-3.494
389.0,397.0,-3.485
389.0,398.0,-3.477
389.0,399.0,-3.47
389.0,400.0,-3.463
389.0,401.0,-3.456
390.0,391.0,-3.578
390.0,392.0,-3.564
390.0,393.0,-3.551
390.0,394.0,-3.54
390.0,395.0,-3.529
390.0,396.0,-3.519
390.0,397.0,-3.509
390.0,398.0,-3.501
390.0,399.0,-3.493
390.0,400.0,-3.485
390.0,401.0,-3.478
390.0,402.0,-3.472
391.0,392.0,-3.567
391.0,393.0,-3.554
391.0,394.0,-3.541
391.0,395.0,-3.529
391.0,396.0,-3.519
391.0,397.0,-3.509
391.0,398.0,-3.5
391.0,399.0,-3.491
391.0,400.0,-3.483
391.0,401.0,-3.476
391.0,402.0,-3.469
391.0,403.0,-3.463
392.0,393.0,-3.575
392.0,394.0,-3.56
392.0,395.0,-3.546
392.0,396.0,-3.533
392.0,397.0,-3.521
392.0,398.0,-3.51
392.0,399.0,-3.5
392.0,400.0,-3.491
392.0,401.0,-3.482
392.0,402.0,-3.474
392.0,403.0,-3.467
392.0,404.0,-3.46
393.0,394.0,-3.577
393.0,395.0,-3.563
393.0,396.0,-3.549
393.0,397.0,-3.536
393.0,398.0,-3.525
393.0,399.0,-3.514
393.0,400.0,-3.504
393.0,401.0,-3.495
393.0,402.0,-3.486
393.0,403.0,-3.478
393.0,404.0,-3.471
393.0,405.0,-3.465
394.0,395.0,-3.571
394.0,396.0,-3.557
394.0,397.0,-3.543
394.0,398.0,-3.531
394.0,399.0,-3.519
394.0,400.0,-3.509
394.0,401.0,-3.499
394.0,402.0,-3.49
394.0,403.0,-3.481
394.0,404.0,-3.473
394.0,405.0,-3.466
394.0,406.0,-3.459
395.0,396.0,-3.544
395.0,397.0,-3.532
395.0,398.0,-3.521
395.0,399.0,-3.511
395.0,400.0,-3.501
395.0,401.0,-3.493
395.0,402.0,-3.485
395.0,403.0,-3.478
395.0,404.0,-3.471
395.0,405.0,-3.465
395.0,406.0,-3.459
395.0,407.0,-3.454
396.0,397.0,-3.504
396.0,398.0,-3.496
396.0,399.0,-3.488
396.0,400.0,-3.481
396.0,401.0,-3.474
396.0,402.0,-3.468
396.0,403.0,-3.462
396.0,404.0,-3.457
396.0,405.0,-3.452
396.0,406.0,-3.448
396.0,407.0,-3.444
396.0,408.0,-3.44
397.0,398.0,-3.451
397.0,399.0,-3.446
397.0,400.0,-3.442
397.0,401.0,-3.438
397.0,402.0,-3.435
397.0,403.0,-3.432
397.0,404.0,-3.429
397.0,405.0,-3.426
397.0,406.0,-3.423
397.0,407.0,-3.421
397.0,408.0,-3.419
397.0,409.0,-3.417
398.0,399.0,-3.428
398.0,400.0,-3.426
398.0,401.0,-3.424
398.0,402.0,-3.422
398.0,403.0,-3.42
398.0,404.0,-3.419
398.0,405.0,-3.417
398.0,406.0,-3.416
398.0,407.0,-3.415
398.0,408.0,-3.414
398.0,409.0,-3.413
398.0,410.0,-3.412
399.0,400.0,-3.394
399.0,401.0,-3.394
399.0,402.0,-3.394
399.0,403.0,-3.395
399.0,404.0,-3.395
399.0,405.0,-3.395
399.0,406.0,-3.395
399.0,407.0,-3.395
399.0,408.0,-3.395
399.0,409.0,-3.395
399.0,410.0,-3.395
399.0,411.0,-3.395
400.0,401.0,-3.34
400.0,402.0,-3.343
400.0,403.0,-3.347
400.0,404.0,-3.35
400.0,405.0,-3.353
400.0,406.0,-3.355
400.0,407.0,-3.358
400.0,408.0,-3.36
400.0,409.0,-3.362
400.0,410.0,-3.364
400.0,411.0,-3.366
400.0,412.0,-3.368
401.0,402.0,-3.32
401.0,403.0,-3.326
401.0,404.0,-3.331
401.0,405.0,-3.336
401.0,406.0,-3.34
401.0,407.0,-3.344
401.0,408.0,-3.348
401.0,409.0,-3.351
401.0,410.0,-3.354
401.0,411.0,-3.357
401.0,412.0,-3.36
401.0,413.0,-3.363
402.0,403.0,-3.259
402.0,404.0,-3.269
402.0,405.0,-3.279
402.0,406.0,-3.288
402.0,407.0,-3.296
402.0,408.0,-3.303
402.0,409.0,-3.31
402.0,410.0,-3.316
402.0,411.0,-3.322
402.0,412.0,-3.327
402.0,413.0,-3.332
402.0,414.0,-3.337
403.0,404.0,-3.204
403.0,405.0,-3.219
403.0,406.0,-3.233
403.0,407.0,-3.245
403.0,408.0,-3.257
403.0,409.0,-3.268
403.0,410.0,-3.279
403.0,411.0,-3.288
403.0,412.0,-3.297
403.0,413.0,-3.305
403.0,414.0,-3.313
403.0,415.0,-3.32
404.0,405.0,-3.149
404.0,406.0,-3.167
404.0,407.0,-3.184
404.0,408.0,-3.199
404.0,409.0,-3.214
404.0,410.0,-3.227
404.0,411.0,-3.239
404.0,412.0,-3.25
404.0,413.0,-3.261
404.0,414.0,-3.271
404.0,415.0,-3.28
404.0,416.0,-3.288
405.0,406.0,-3.093
405.0,407.0,-3.115
405.0,408.0,-3.134
405.0,409.0,-3.153
405.0,410.0,-3.17
405.0,411.0,-3.185
405.0,412.0,-3.2
405.0,413.0,-3.213
405.0,414.0,-3.225
405.0,415.0,-3.237
405.0,416.0,-3.247
405.0,417.0,-3.257
406.0,407.0,-3.037
406.0,408.0,-3.063
406.0,409.0,-3.087
406.0,410.0,-3.109
406.0,411.0,-3.129
406.0,412.0,-3.148
406.0,413.0,-3.165
406.0,414.0,-3.182
406.0,415.0,-3.197
406.0,416.0,-3.21
406.0,417.0,-3.223
406.0,418.0,-3.235
407.0,408.0,-3.008
407.0,409.0,-3.036
407.0,410.0,-3.062
407.0,411.0,-3.087
407.0,412.0,-3.109
407.0,413.0,-3.13
407.0,414.0,-3.15
407.0,415.0,-3.168
407.0,416.0,-3.185
407.0,417.0,-3.2
407.0,418.0,-3.215
407.0,419.0,-3.228
408.0,409.0,-3.07
408.0,410.0,-3.092
408.0,411.0,-3.113
408.0,412.0,-3.133
408.0,413.0,-3.151
408.0,414.0,-3.167
408.0,415.0,-3.183
408.0,416.0,-3.197
408.0,417.0,-3.21
408.0,418.0,-3.223
408.0,419.0,-3.234
408.0,420.0,-3.244
409.0,410.0,-3.148
409.0,411.0,-3.166
409.0,412.0,-3.183
409.0,413.0,-3.199
409.0,414.0,-3.213
409.0,415.0,-3.227
409.0,416.0,-3.239
409.0,417.0,-3.25
409.0,418.0,-3.261
409.0,419.0,-3.27
409.0,420.0,-3.279
409.0,421.0,-3.288
410.0,411.0,-3.198
410.0,412.0,-3.212
410.0,413.0,-3.224
410.0,414.0,-3.236
410.0,415.0,-3.246
410.0,416.0,-3.256
410.0,417.0,-3.266
410.0,418.0,-3.274
410.0,419.0,-3.282
410.0,420.0,-3.289
410.0,421.0,-3.296
410.0,422.0,-3.302
411.0,412.0,-3.293
411.0,413.0,-3.3
411.0,414.0,-3.307
411.0,415.0,-3.313
411.0,416.0,-3.319
411.0,417.0,-3.324
411.0,418.0,-3.329
411.0,419.0,-3.333
411.0,420.0,-3.337
411.0,421.0,-3.341
411.0,422.0,-3.345
411.0,423.0,-3.348
412.0,413.0,-3.377
412.0,414.0,-3.377
412.0,415.0,-3.378
412.0,416.0,-3.378
412.0,417.0,-3.379
412.0,418.0,-3.379
412.0,419.0,-3.379
412.0,420.0,-3.38
412.0,421.0,-3.38
412.0,422.0,-3.38
412.0,423.0,-3.381
412.0,424.0,-3.381
413.0,414.0,-3.49
413.0,415.0,-3.481
413.0,416.0,-3.474
413.0,417.0,-3.466
413.0,418.0,-3.46
413.0,419.0,-3.453
413.0,420.0,-3.448
413.0,421.0,-3.442
413.0,422.0,-3.438
413.0,423.0,-3.433
413.0,424.0,-3.429
413.0,425.0,-3.425
414.0,415.0,-3.561
414.0,416.0,-3.547
414.0,417.0,-3.534
414.0,418.0,-3.522
414.0,419.0,-3.511
414.0,420.0,-3.501
414.0,421.0,-3.492
414.0,422.0,-3.483
414.0,423.0,-3.475
414.0,424.0,-3.468
414.0,425.0,-3.461
414.0,426.0,-3.455
415.0,416.0,-3.621
415.0,417.0,-3.602
415.0,418.0,-3.585
415.0,419.0,-3.569
415.0,420.0,-3.555
415.0,421.0,-3.542
415.0,422.0,-3.53
415.0,423.0,-3.518
415.0,424.0,-3.508
415.0,425.0,-3.499
415.0,426.0,-3.49
415.0,427.0,-3.482
416.0,417.0,-3.636
416.0,418.0,-3.614
416.0,419.0,-3.594
416.0,420.0,-3.575
416.0,421.0,-3.558
416.0,422.0,-3.543
416.0,423.0,-3.528
416.0,424.0,-3.515
416.0,425.0,-3.503
416.0,426.0,-3.492
416.0,427.0,-3.482
416.0,428.0,-3.473
417.0,418.0,-3.672
417.0,419.0,-3.648
417.0,420.0,-3.625
417.0,421.0,-3.605
417.0,422.0,-3.586
417.0,423.0,-3.569
417.0,424.0,-3.553
417.0,425.0,-3.538
417.0,426.0,-3.524
417.0,427.0,-3.512
417.0,428.0,-3.501
417.0,429.0,-3.49
418.0,419.0,-3.696
418.0,420.0,-3.67
418.0,421.0,-3.646
418.0,422.0,-3.624
418.0,423.0,-3.604
418.0,424.0,-3.585
418.0,425.0,-3.568
418.0,426.0,-3.552
418.0,427.0,-3.538
418.0,428.0,-3.525
418.0,429.0,-3.513
418.0,430.0,-3.502
419.0,420.0,-3.702
419.0,421.0,-3.676
419.0,422.0,-3.652
419.0,423.0,-3.63
419.0,424.0,-3.61
419.0,425.0,-3.591
419.0,426.0,-3.574
419.0,427.0,-3.558
419.0,428.0,-3.544
419.0,429.0,-3.531
419.0,430.0,-3.518
419.0,431.0,-3.507
420.0,421.0,-3.709
420.0,422.0,-3.682
420.0,423.0,-3.657
420.0,424.0,-3.635
420.0,425.0,-3.614
420.0,426.0,-3.595
420.0,427.0,-3.577
420.0,428.0,-3.561
420.0,429.0,-3.546
420.0,430.0,-3.533
420.0,431.0,-3.52
420.0,432.0,-3.509
421.0,422.0,-3.738
421.0,423.0,-3.709
421.0,424.0,-3.682
421.0,425.0,-3.657
421.0,426.0,-3.634
421.0,427.0,-3.613
421.0,428.0,-3.593
421.0,429.0,-3.575
421.0,430.0,-3.559
421.0,431.0,-3.544
421.0,432.0,-3.53
421.0,433.0,-3.517
422.0,423.0,-3.643
422.0,424.0,-3.619
422.0,425.0,-3.598
422.0,426.0,-3.579
422.0,427.0,-3.561
422.0,428.0,-3.544
422.0,429.0,-3.529
422.0,430.0,-3.515
422.0,431.0,-3.503
422.0,432.0,-3.491
422.0,433.0,-3.48
422.0,434.0,-3.47
423.0,424.0,-3.647
423.0,425.0,-3.623
423.0,426.0,-3.6
423.0,427.0,-3.58
423.0,428.0,-3.561
423.0,429.0,-3.544
423.0,430.0,-3.528
423.0,431.0,-3.513
423.0,432.0,-3.5
423.0,433.0,-3.488
423.0,434.0,-3.477
423.0,435.0,-3.467
424.0,425.0,-3.646
424.0,426.0,-3.621
424.0,427.0,-3.598
424.0,428.0,-3.577
424.0,429.0,-3.558
424.0,430.0,-3.54
424.0,431.0,-3.524
424.0,432.0,-3.509
424.0,433.0,-3.496
424.0,434.0,-3.483
424.0,435.0,-3.472
424.0,436.0,-3.462
425.0,426.0,-3.693
425.0,427.0,-3.665
425.0,428.0,-3.639
425.0,429.0,-3.616
425.0,430.0,-3.594
425.0,431.0,-3.574
425.0,432.0,-3.556
425.0,433.0,-3.54
425.0,434.0,-3.525
425.0,435.0,-3.511
425.0,436.0,-3.498
425.0,437.0,-3.487
426.0,427.0,-3.723
426.0,428.0,-3.691
426.0,429.0,-3.662
426.0,430.0,-3.635
426.0,431.0,-3.611
426.0,432.0,-3.588
426.0,433.0,-3.568
426.0,434.0,-3.549
426.0,435.0,-3.532
426.0,436.0,-3.517
426.0,437.0,-3.502
426.0,438.0,-3.489
427.0,428.0,-3.747
427.0,429.0,-3.713
427.0,430.0,-3.682
427.0,431.0,-3.654
427.0,432.0,-3.628
427.0,433.0,-3.605
427.0,434.0,-3.583
427.0,435.0,-3.564
427.0,436.0,-3.546
427.0,437.0,-3.53
427.0,438.0,-3.515
427.0,439.0,-3.501
428.0,429.0,-3.804
428.0,430.0,-3.766
428.0,431.0,-3.732
428.0,432.0,-3.7
428.0,433.0,-3.671
428.0,434.0,-3.645
428.0,435.0,-3.621
428.0,436.0,-3.599
428.0,437.0,-3.578
428.0,438.0,-3.56
428.0,439.0,-3.543
428.0,440.0,-3.528
429.0,430.0,-3.834
429.0,431.0,-3.793
429.0,432.0,-3.756
429.0,433.0,-3.722
429.0,434.0,-3.691
429.0,435.0,-3.663
429.0,436.0,-3.637
429.0,437.0,-3.613
429.0,438.0,-3.591
429.0,439.0,-3.571
429.0,440.0,-3.553
429.0,441.0,-3.536
430.0,431.0,-3.844
430.0,432.0,-3.803
430.0,433.0,-3.766
430.0,434.0,-3.732
430.0,435.0,-3.701
430.0,436.0,-3.672
430.0,437.0,-3.646
430.0,438.0,-3.622
430.0,439.0,-3.6
430.0,440.0,-3.58
430.0,441.0,-3.562
430.0,442.0,-3.545
431.0,432.0,-3.827
431.0,433.0,-3.787
431.0,434.0,-3.75
431.0,435.0,-3.716
431.0,436.0,-3.686
431.0,437.0,-3.657
431.0,438.0,-3.632
431.0,439.0,-3.608
431.0,440.0,-3.587
431.0,441.0,-3.567
431.0,442.0,-3.549
431.0,443.0,-3.533
432.0,433.0,-3.831
432.0,434.0,-3.79
432.0,435.0,-3.752
432.0,436.0,-3.717
432.0,437.0,-3.686
432.0,438.0,-3.657
432.0,439.0,-3.631
432.0,440.0,-3.607
432.0,441.0,-3.585
432.0,442.0,-3.565
432.0,443.0,-3.547
432.0,444.0,-3.531
433.0,434.0,-3.826
433.0,435.0,-3.786
433.0,436.0,-3.748
433.0,437.0,-3.714
433.0,438.0,-3.683
433.0,439.0,-3.654
433.0,440.0,-3.628
433.0,441.0,-3.604
433.0,442.0,-3.582
433.0,443.0,-3.562
433.0,444.0,-3.544
433.0,445.0,-3.527
434.0,435.0,-3.689
434.0,436.0,-3.661
434.0,437.0,-3.636
434.0,438.0,-3.613
434.0,439.0,-3.591
434.0,440.0,-3.572
434.0,441.0,-3.554
434.0,442.0,-3.538
434.0,443.0,-3.523
434.0,444.0,-3.509
434.0,445.0,-3.496
434.0,446.0,-3.485
435.0,436.0,-3.397
435.0,437.0,-3.395
435.0,438.0,-3.393
435.0,439.0,-3.391
435.0,440.0,-3.39
435.0,441.0,-3.388
435.0,442.0,-3.387
435.0,443.0,-3.386
435.0,444.0,-3.385
435.0,445.0,-3.384
435.0,446.0,-3.383
435.0,447.0,-3.382
436.0,437.0,-3.411
436.0,438.0,-3.406
436.0,439.0,-3.402
436.0,440.0,-3.398
436.0,441.0,-3.395
436.0,442.0,-3.391
436.0,443.0,-3.388
436.0,444.0,-3.386
436.0,445.0,-3.383
436.0,446.0,-3.381
436.0,447.0,-3.379
436.0,448.0,-3.377
437.0,438.0,-3.457
437.0,439.0,-3.449
437.0,440.0,-3.442
437.0,441.0,-3.435
437.0,442.0,-3.429
437.0,443.0,-3.423
437.0,444.0,-3.418
437.0,445.0,-3.414
437.0,446.0,-3.41
437.0,447.0,-3.406
437.0,448.0,-3.402
437.0,449.0,-3.399
438.0,439.0,-3.351
438.0,440.0,-3.353
438.0,441.0,-3.354
438.0,442.0,-3.355
438.0,443.0,-3.357
438.0,444.0,-3.358
438.0,445.0,-3.359
438.0,446.0,-3.36
438.0,447.0,-3.36
438.0,448.0,-3.361
438.0,449.0,-3.362
438.0,450.0,-3.363
439.0,440.0,-3.383
439.0,441.0,-3.381
439.0,442.0,-3.38
439.0,443.0,-3.378
439.0,444.0,-3.377
439.0,445.0,-3.376
439.0,446.0,-3.375
439.0,447.0,-3.373
439.0,448.0,-3.373
439.0,449.0,-3.372
439.0,450.0,-3.371
439.0,451.0,-3.37
440.0,441.0,-3.321
440.0,442.0,-3.325
440.0,443.0,-3.328
440.0,444.0,-3.332
440.0,445.0,-3.334
440.0,446.0,-3.337
440.0,447.0,-3.339
440.0,448.0,-3.341
440.0,449.0,-3.343
440.0,450.0,-3.345
440.0,451.0,-3.347
440.0,452.0,-3.348
441.0,442.0,-3.172
441.0,443.0,-3.189
441.0,444.0,-3.204
441.0,445.0,-3.218
441.0,446.0,-3.231
441.0,447.0,-3.243
441.0,448.0,-3.254
441.0,449.0,-3.264
441.0,450.0,-3.273
441.0,451.0,-3.281
441.0,452.0,-3.289
441.0,453.0,-3.296
442.0,443.0,-3.018
442.0,444.0,-3.049
442.0,445.0,-3.076
442.0,446.0,-3.102
442.0,447.0,-3.125
442.0,448.0,-3.146
442.0,449.0,-3.166
442.0,450.0,-3.184
442.0,451.0,-3.2
442.0,452.0,-3.215
442.0,453.0,-3.229
442.0,454.0,-3.241
443.0,444.0,-2.93
443.0,445.0,-2.966
443.0,446.0,-3.0
443.0,447.0,-3.03
443.0,448.0,-3.058
443.0,449.0,-3.083
443.0,450.0,-3.107
443.0,451.0,-3.128
443.0,452.0,-3.147
443.0,453.0,-3.165
443.0,454.0,-3.181
443.0,455.0,-3.196
444.0,445.0,-2.942
444.0,446.0,-2.977
444.0,447.0,-3.009
444.0,448.0,-3.038
444.0,449.0,-3.065
444.0,450.0,-3.09
444.0,451.0,-3.113
444.0,452.0,-3.133
444.0,453.0,-3.152
444.0,454.0,-3.169
444.0,455.0,-3.185
444.0,456.0,-3.2
445.0,446.0,-2.967
445.0,447.0,-2.999
445.0,448.0,-3.03
445.0,449.0,-3.057
445.0,450.0,-3.082
445.0,451.0,-3.106
445.0,452.0,-3.127
445.0,453.0,-3.146
445.0,454.0,-3.164
445.0,455.0,-3.181
445.0,456.0,-3.196
445.0,457.0,-3.209
446.0,447.0,-2.789
446.0,448.0,-2.835
446.0,449.0,-2.876
446.0,450.0,-2.915
446.0,451.0,-2.95
446.0,452.0,-2.983
446.0,453.0,-3.013
446.0,454.0,-3.041
446.0,455.0,-3.066
446.0,456.0,-3.09
446.0,457.0,-3.111
446.0,458.0,-3.131
447.0,448.0,-2.884
447.0,449.0,-2.92
447.0,450.0,-2.952
447.0,451.0,-2.982
447.0,452.0,-3.01
447.0,453.0,-3.035
447.0,454.0,-3.059
447.0,455.0,-3.081
447.0,456.0,-3.101
447.0,457.0,-3.119
447.0,458.0,-3.136
447.0,459.0,-3.152
448.0,449.0,-2.447
448.0,450.0,-2.511
448.0,451.0,-2.57
448.0,452.0,-2.626
448.0,453.0,-2.677
448.0,454.0,-2.725
448.0,455.0,-2.769
448.0,456.0,-2.81
448.0,457.0,-2.848
448.0,458.0,-2.884
448.0,459.0,-2.916
448.0,460.0,-2.947
449.0,450.0,-2.526
449.0,451.0,-2.587
449.0,452.0,-2.643
449.0,453.0,-2.695
449.0,454.0,-2.743
449.0,455.0,-2.787
449.0,456.0,-2.828
449.0,457.0,-2.866
449.0,458.0,-2.901
449.0,459.0,-2.934
449.0,460.0,-2.964
449.0,461.0,-2.992
450.0,451.0,-1.998
450.0,452.0,-2.082
450.0,453.0,-2.16
450.0,454.0,-2.233
450.0,455.0,-2.301
450.0,456.0,-2.365
450.0,457.0,-2.426
450.0,458.0,-2.482
450.0,459.0,-2.535
450.0,460.0,-2.584
450.0,461.0,-2.63
450.0,462.0,-2.674
451.0,452.0,-1.989
451.0,453.0,-2.065
451.0,454.0,-2.136
451.0,455.0,-2.203
451.0,456.0,-2.266
451.0,457.0,-2.326
451.0,458.0,-2.382
451.0,459.0,-2.435
451.0,460.0,-2.485
451.0,461.0,-2.532
451.0,462.0,-2.576
451.0,463.0,-2.618
452.0,453.0,-2.152
452.0,454.0,-2.222
452.0,455.0,-2.288
452.0,456.0,-2.35
452.0,457.0,-2.408
452.0,458.0,-2.463
452.0,459.0,-2.514
452.0,460.0,-2.562
452.0,461.0,-2.607
452.0,462.0,-2.649
452.0,463.0,-2.689
452.0,464.0,-2.726
453.0,454.0,-2.423
453.0,455.0,-2.476
453.0,456.0,-2.525
453.0,457.0,-2.571
453.0,458.0,-2.615
453.0,459.0,-2.656
453.0,460.0,-2.694
453.0,461.0,-2.73
453.0,462.0,-2.764
453.0,463.0,-2.795
453.0,464.0,-2.825
453.0,465.0,-2.853
454.0,455.0,-2.128
454.0,456.0,-2.189
454.0,457.0,-2.247
454.0,458.0,-2.302
454.0,459.0,-2.353
454.0,460.0,-2.402
454.0,461.0,-2.449
454.0,462.0,-2.492
454.0,463.0,-2.534
454.0,464.0,-2.573
454.0,465.0,-2.61
454.0,466.0,-2.645
455.0,456.0,-1.929
455.0,457.0,-1.992
455.0,458.0,-2.052
455.0,459.0,-2.11
455.0,460.0,-2.164
455.0,461.0,-2.216
455.0,462.0,-2.266
455.0,463.0,-2.313
455.0,464.0,-2.358
455.0,465.0,-2.401
455.0,466.0,-2.442
455.0,467.0,-2.481
456.0,457.0,-1.955
456.0,458.0,-2.013
456.0,459.0,-2.069
456.0,460.0,-2.122
456.0,461.0,-2.172
456.0,462.0,-2.221
456.0,463.0,-2.267
456.0,464.0,-2.312
456.0,465.0,-2.354
456.0,466.0,-2.394
456.0,467.0,-2.433
456.0,468.0,-2.47
457.0,458.0,-1.923
457.0,459.0,-1.981
457.0,460.0,-2.036
457.0,461.0,-2.089
457.0,462.0,-2.139
457.0,463.0,-2.188
457.0,464.0,-2.234
457.0,465.0,-2.278
457.0,466.0,-2.321
457.0,467.0,-2.361
457.0,468.0,-2.4
457.0,469.0,-2.437
458.0,459.0,-2.252
458.0,460.0,-2.306
458.0,461.0,-2.357
458.0,462.0,-2.406
458.0,463.0,-2.452
458.0,464.0,-2.495
458.0,465.0,-2.536
458.0,466.0,-2.576
458.0,467.0,-2.612
458.0,468.0,-2.647
458.0,469.0,-2.681
458.0,470.0,-2.712
459.0,460.0,-2.106
459.0,461.0,-2.153
459.0,462.0,-2.197
459.0,463.0,-2.24
459.0,464.0,-2.281
459.0,465.0,-2.321
459.0,466.0,-2.359
459.0,467.0,-2.395
459.0,468.0,-2.43
459.0,469.0,-2.464
459.0,470.0,-2.496
459.0,471.0,-2.527
460.0,461.0,-1.779
460.0,462.0,-1.842
460.0,463.0,-1.901
460.0,464.0,-1.959
460.0,465.0,-2.014
460.0,466.0,-2.066
460.0,467.0,-2.117
460.0,468.0,-2.165
460.0,469.0,-2.211
460.0,470.0,-2.256
460.0,471.0,-2.298
460.0,472.0,-2.339
461.0,462.0,-1.713
461.0,463.0,-1.777
461.0,464.0,-1.838
461.0,465.0,-1.896
461.0,466.0,-1.952
461.0,467.0,-2.006
461.0,468.0,-2.058
461.0,469.0,-2.107
461.0,470.0,-2.155
461.0,471.0,-2.2
461.0,472.0,-2.244
461.0,473.0,-2.286
462.0,463.0,-2.224
462.0,464.0,-2.28
462.0,465.0,-2.332
462.0,466.0,-2.382
462.0,467.0,-2.429
462.0,468.0,-2.474
462.0,469.0,-2.516
462.0,470.0,-2.556
462.0,471.0,-2.594
462.0,472.0,-2.63
462.0,473.0,-2.664
462.0,474.0,-2.697
463.0,464.0,-2.202
463.0,465.0,-2.254
463.0,466.0,-2.303
463.0,467.0,-2.35
463.0,468.0,-2.395
463.0,469.0,-2.438
463.0,470.0,-2.478
463.0,471.0,-2.517
463.0,472.0,-2.554
463.0,473.0,-2.589
463.0,474.0,-2.622
463.0,475.0,-2.654
464.0,465.0,-2.132
464.0,466.0,-2.189
464.0,467.0,-2.242
464.0,468.0,-2.293
464.0,469.0,-2.342
464.0,470.0,-2.388
464.0,471.0,-2.431
464.0,472.0,-2.473
464.0,473.0,-2.512
464.0,474.0,-2.549
464.0,475.0,-2.585
464.0,476.0,-2.618
465.0,466.0,-2.086
465.0,467.0,-2.143
465.0,468.0,-2.196
465.0,469.0,-2.248
465.0,470.0,-2.296
465.0,471.0,-2.343
465.0,472.0,-2.387
465.0,473.0,-2.43
465.0,474.0,-2.47
465.0,475.0,-2.508
465.0,476.0,-2.545
465.0,477.0,-2.58
466.0,467.0,-2.086
466.0,468.0,-2.147
466.0,469.0,-2.204
466.0,470.0,-2.258
466.0,471.0,-2.309
466.0,472.0,-2.358
466.0,473.0,-2.404
466.0,474.0,-2.448
466.0,475.0,-2.49
466.0,476.0,-2.53
466.0,477.0,-2.568
466.0,478.0,-2.603
467.0,468.0,-2.038
467.0,469.0,-2.095
467.0,470.0,-2.15
467.0,471.0,-2.202
467.0,472.0,-2.251
467.0,473.0,-2.299
467.0,474.0,-2.344
467.0,475.0,-2.387
467.0,476.0,-2.429
467.0,477.0,-2.468
467.0,478.0,-2.506
467.0,479.0,-2.542
468.0,469.0,-2.071
468.0,470.0,-2.131
468.0,471.0,-2.187
468.0,472.0,-2.241
468.0,473.0,-2.292
468.0,474.0,-2.34
468.0,475.0,-2.386
468.0,476.0,-2.43
468.0,477.0,-2.471
468.0,478.0,-2.511
468.0,479.0,-2.548
468.0,480.0,-2.584
469.0,470.0,-2.106
469.0,471.0,-2.162
469.0,472.0,-2.215
469.0,473.0,-2.266
469.0,474.0,-2.314
469.0,475.0,-2.36
469.0,476.0,-2.403
469.0,477.0,-2.445
469.0,478.0,-2.484
469.0,479.0,-2.522
469.0,480.0,-2.557
469.0,481.0,-2.591
470.0,471.0,-2.021
470.0,472.0,-2.072
470.0,473.0,-2.121
470.0,474.0,-2.167
470.0,475.0,-2.212
470.0,476.0,-2.255
470.0,477.0,-2.296
470.0,478.0,-2.335
470.0,479.0,-2.373
470.0,480.0,-2.409
470.0,481.0,-2.444
470.0,482.0,-2.477
471.0,472.0,-2.024
471.0,473.0,-2.074
471.0,474.0,-2.123
471.0,475.0,-2.169
471.0,476.0,-2.214
471.0,477.0,-2.257
471.0,478.0,-2.298
471.0,479.0,-2.337
471.0,480.0,-2.375
471.0,481.0,-2.411
471.0,482.0,-2.446
471.0,483.0,-2.479
472.0,473.0,-1.989
472.0,474.0,-2.034
472.0,475.0,-2.079
472.0,476.0,-2.121
472.0,477.0,-2.162
472.0,478.0,-2.202
472.0,479.0,-2.24
472.0,480.0,-2.277
472.0,481.0,-2.313
472.0,482.0,-2.348
472.0,483.0,-2.381
472.0,484.0,-2.413
473.0,474.0,-2.009
473.0,475.0,-2.054
473.0,476.0,-2.098
473.0,477.0,-2.14
473.0,478.0,-2.18
473.0,479.0,-2.219
473.0,480.0,-2.257
473.0,481.0,-2.293
473.0,482.0,-2.329
473.0,483.0,-2.362
473.0,484.0,-2.395
473.0,485.0,-2.427
474.0,475.0,-2.012
474.0,476.0,-2.057
474.0,477.0,-2.101
474.0,478.0,-2.144
474.0,479.0,-2.184
474.0,480.0,-2.223
474.0,481.0,-2.261
474.0,482.0,-2.297
474.0,483.0,-2.332
474.0,484.0,-2.366
474.0,485.0,-2.399
474.0,486.0,-2.43
475.0,476.0,-2.148
475.0,477.0,-2.194
475.0,478.0,-2.238
475.0,479.0,-2.281
475.0,480.0,-2.322
475.0,481.0,-2.361
475.0,482.0,-2.398
475.0,483.0,-2.434
475.0,484.0,-2.468
475.0,485.0,-2.501
475.0,486.0,-2.532
475.0,487.0,-2.563
476.0,477.0,-2.826
476.0,478.0,-2.856
476.0,479.0,-2.885
476.0,480.0,-2.911
476.0,481.0,-2.936
476.0,482.0,-2.959
476.0,483.0,-2.98
476.0,484.0,-3.0
476.0,485.0,-3.019
476.0,486.0,-3.036
476.0,487.0,-3.053
476.0,488.0,-3.068
477.0,478.0,-3.049
477.0,479.0,-3.067
477.0,480.0,-3.084
477.0,481.0,-3.099
477.0,482.0,-3.113
477.0,483.0,-3.127
477.0,484.0,-3.139
477.0,485.0,-3.15
477.0,486.0,-3.161
477.0,487.0,-3.17
477.0,488.0,-3.179
477.0,489.0,-3.188
478.0,479.0,-3.117
478.0,480.0,-3.132
478.0,481.0,-3.146
478.0,482.0,-3.158
478.0,483.0,-3.17
478.0,484.0,-3.181
478.0,485.0,-3.192
478.0,486.0,-3.201
478.0,487.0,-3.21
478.0,488.0,-3.218
478.0,489.0,-3.225
478.0,490.0,-3.232
479.0,480.0,-3.176
479.0,481.0,-3.185
479.0,482.0,-3.194
479.0,483.0,-3.202
479.0,484.0,-3.21
479.0,485.0,-3.216
479.0,486.0,-3.223
479.0,487.0,-3.228
479.0,488.0,-3.234
479.0,489.0,-3.239
479.0,490.0,-3.243
479.0,491.0,-3.248
480.0,481.0,-3.217
480.0,482.0,-3.225
480.0,483.0,-3.231
480.0,484.0,-3.237
480.0,485.0,-3.243
480.0,486.0,-3.248
480.0,487.0,-3.252
480.0,488.0,-3.257
480.0,489.0,-3.261
480.0,490.0,-3.265
480.0,491.0,-3.268
480.0,492.0,-3.271
