231.0,232.0,6.011,-5.208,-4.335
231.0,233.0,5.945,-5.234,-4.013
231.0,234.0,5.896,-5.257,-3.736
231.0,235.0,5.861,-5.28,-3.499
231.0,236.0,5.839,-5.301,-3.297
231.0,237.0,5.828,-5.321,-3.125
231.0,238.0,5.826,-5.341,-2.981
231.0,239.0,5.832,-5.36,-2.86
231.0,240.0,5.845,-5.379,-2.76
231.0,241.0,5.863,-5.397,-2.677
231.0,242.0,5.886,-5.415,-2.611
231.0,243.0,5.914,-5.432,-2.558
232.0,233.0,6.302,-5.482,-1.736
232.0,234.0,6.37,-5.5,-1.765
232.0,235.0,6.438,-5.518,-1.797
232.0,236.0,6.505,-5.535,-1.832
232.0,237.0,6.571,-5.553,-1.871
232.0,238.0,6.635,-5.571,-1.911
232.0,239.0,6.699,-5.589,-1.953
232.0,240.0,6.762,-5.607,-1.996
232.0,241.0,6.823,-5.625,-2.041
232.0,242.0,6.883,-5.643,-2.086
232.0,243.0,6.941,-5.661,-2.132
232.0,244.0,6.999,-5.68,-2.179
233.0,234.0,6.294,-5.307,-1.297
233.0,235.0,6.382,-5.319,-1.395
233.0,236.0,6.465,-5.332,-1.489
233.0,237.0,6.544,-5.345,-1.577
233.0,238.0,6.62,-5.359,-1.661
233.0,239.0,6.692,-5.373,-1.741
233.0,240.0,6.76,-5.387,-1.817
233.0,241.0,6.826,-5.402,-1.889
233.0,242.0,6.889,-5.417,-1.958
233.0,243.0,6.949,-5.432,-2.024
233.0,244.0,7.006,-5.447,-2.087
233.0,245.0,7.061,-5.463,-2.148
234.0,235.0,6.081,-4.87,-1.097
234.0,236.0,6.158,-4.88,-1.178
234.0,237.0,6.233,-4.891,-1.255
234.0,238.0,6.303,-4.902,-1.329
234.0,239.0,6.371,-4.914,-1.399
234.0,240.0,6.436,-4.926,-1.466
234.0,241.0,6.498,-4.938,-1.53
234.0,242.0,6.557,-4.95,-1.591
234.0,243.0,6.614,-4.962,-1.65
234.0,244.0,6.669,-4.975,-1.706
234.0,245.0,6.721,-4.988,-1.761
234.0,246.0,6.772,-5.001,-1.813
235.0,236.0,5.979,-4.63,-1.326
235.0,237.0,6.036,-4.643,-1.362
235.0,238.0,6.093,-4.655,-1.399
235.0,239.0,6.148,-4.668,-1.437
235.0,240.0,6.201,-4.681,-1.475
235.0,241.0,6.254,-4.694,-1.514
235.0,242.0,6.305,-4.708,-1.553
235.0,243.0,6.355,-4.721,-1.592
235.0,244.0,6.403,-4.735,-1.631
235.0,245.0,6.45,-4.748,-1.67
235.0,246.0,6.497,-4.762,-1.709
235.0,247.0,6.541,-4.776,-1.747
236.0,237.0,5.818,-4.365,-2.411
236.0,238.0,5.812,-4.382,-2.277
236.0,239.0,5.813,-4.398,-2.164
236.0,240.0,5.82,-4.414,-2.07
236.0,241.0,5.832,-4.43,-1.992
236.0,242.0,5.848,-4.445,-1.929
236.0,243.0,5.868,-4.46,-1.878
236.0,244.0,5.892,-4.474,-1.838
236.0,245.0,5.917,-4.489,-1.807
236.0,246.0,5.945,-4.503,-1.785
236.0,247.0,5.975,-4.517,-1.77
236.0,248.0,6.006,-4.531,-1.761
237.0,238.0,5.604,-3.955,-1.703
237.0,239.0,5.614,-3.967,-1.618
237.0,240.0,5.628,-3.978,-1.548
237.0,241.0,5.646,-3.99,-1.491
237.0,242.0,5.667,-4.001,-1.446
237.0,243.0,5.691,-4.012,-1.41
237.0,244.0,5.717,-4.023,-1.383
237.0,245.0,5.744,-4.034,-1.363
237.0,246.0,5.774,-4.044,-1.35
237.0,247.0,5.804,-4.055,-1.342
237.0,248.0,5.835,-4.066,-1.339
237.0,249.0,5.867,-4.076,-1.34
238.0,239.0,5.64,-3.807,-2.29
238.0,240.0,5.614,-3.818,-2.111
238.0,241.0,5.598,-3.829,-1.957
238.0,242.0,5.589,-3.839,-1.827
238.0,243.0,5.588,-3.849,-1.716
238.0,244.0,5.592,-3.859,-1.623
238.0,245.0,5.6,-3.868,-1.545
238.0,246.0,5.613,-3.877,-1.481
238.0,247.0,5.63,-3.886,-1.428
238.0,248.0,5.649,-3.894,-1.386
238.0,249.0,5.671,-3.903,-1.352
238.0,250.0,5.695,-3.912,-1.326
239.0,240.0,5.649,-3.548,-1.245
239.0,241.0,5.664,-3.555,-1.196
239.0,242.0,5.681,-3.562,-1.156
239.0,243.0,5.702,-3.569,-1.124
239.0,244.0,5.723,-3.575,-1.099
239.0,245.0,5.747,-3.582,-1.081
239.0,246.0,5.771,-3.588,-1.068
239.0,247.0,5.797,-3.595,-1.059
239.0,248.0,5.823,-3.601,-1.055
239.0,249.0,5.849,-3.608,-1.055
239.0,250.0,5.876,-3.614,-1.057
239.0,251.0,5.903,-3.621,-1.062
240.0,241.0,5.272,-3.089,-0.697
240.0,242.0,5.295,-3.099,-0.651
240.0,243.0,5.321,-3.11,-0.615
240.0,244.0,5.349,-3.121,-0.587
240.0,245.0,5.379,-3.131,-0.568
240.0,246.0,5.411,-3.141,-0.554
240.0,247.0,5.443,-3.152,-0.547
240.0,248.0,5.476,-3.162,-0.544
240.0,249.0,5.51,-3.172,-0.546
240.0,250.0,5.544,-3.183,-0.551
240.0,251.0,5.579,-3.193,-0.56
240.0,252.0,5.613,-3.203,-0.571
241.0,242.0,4.808,-2.397,-0.128
241.0,243.0,4.824,-2.399,-0.06
241.0,244.0,4.843,-2.4,-0.004
241.0,245.0,4.865,-2.401,0.042
241.0,246.0,4.89,-2.403,0.079
241.0,247.0,4.916,-2.404,0.108
241.0,248.0,4.944,-2.405,0.13
241.0,249.0,4.973,-2.407,0.147
241.0,250.0,5.003,-2.408,0.158
241.0,251.0,5.033,-2.409,0.165
241.0,252.0,5.064,-2.411,0.169
241.0,253.0,5.095,-2.412,0.169
242.0,243.0,4.887,-2.246,0.285
242.0,244.0,4.917,-2.246,0.301
242.0,245.0,4.948,-2.247,0.312
242.0,246.0,4.979,-2.247,0.319
242.0,247.0,5.011,-2.248,0.322
242.0,248.0,5.042,-2.249,0.321
242.0,249.0,5.074,-2.249,0.318
242.0,250.0,5.106,-2.25,0.313
242.0,251.0,5.137,-2.251,0.306
242.0,252.0,5.169,-2.252,0.296
242.0,253.0,5.199,-2.254,0.286
242.0,254.0,5.23,-2.255,0.274
243.0,244.0,4.88,-2.131,0.551
243.0,245.0,4.918,-2.131,0.54
243.0,246.0,4.956,-2.132,0.528
243.0,247.0,4.992,-2.132,0.514
243.0,248.0,5.029,-2.132,0.499
243.0,249.0,5.064,-2.133,0.483
243.0,250.0,5.099,-2.134,0.466
243.0,251.0,5.133,-2.134,0.449
243.0,252.0,5.167,-2.135,0.431
243.0,253.0,5.199,-2.136,0.413
243.0,254.0,5.23,-2.137,0.395
243.0,255.0,5.261,-2.139,0.377
244.0,245.0,4.511,-1.695,0.301
244.0,246.0,4.516,-1.694,0.4
244.0,247.0,4.526,-1.693,0.484
244.0,248.0,4.541,-1.692,0.555
244.0,249.0,4.558,-1.691,0.614
244.0,250.0,4.578,-1.69,0.662
244.0,251.0,4.601,-1.689,0.702
244.0,252.0,4.626,-1.688,0.734
244.0,253.0,4.652,-1.687,0.759
244.0,254.0,4.679,-1.686,0.778
244.0,255.0,4.708,-1.686,0.792
244.0,256.0,4.736,-1.685,0.802
245.0,246.0,4.206,-1.336,0.302
245.0,247.0,4.194,-1.334,0.462
245.0,248.0,4.19,-1.331,0.599
245.0,249.0,4.193,-1.329,0.716
245.0,250.0,4.201,-1.327,0.815
245.0,251.0,4.214,-1.324,0.899
245.0,252.0,4.231,-1.322,0.97
245.0,253.0,4.252,-1.32,1.029
245.0,254.0,4.275,-1.318,1.077
245.0,255.0,4.3,-1.315,1.116
245.0,256.0,4.328,-1.313,1.148
245.0,257.0,4.357,-1.311,1.173
246.0,247.0,4.052,-0.982,0.339
246.0,248.0,4.025,-0.978,0.542
246.0,249.0,4.008,-0.974,0.717
246.0,250.0,4.0,-0.971,0.868
246.0,251.0,4.0,-0.967,0.997
246.0,252.0,4.005,-0.963,1.107
246.0,253.0,4.016,-0.959,1.2
246.0,254.0,4.031,-0.955,1.279
246.0,255.0,4.05,-0.952,1.345
246.0,256.0,4.072,-0.948,1.4
246.0,257.0,4.097,-0.945,1.445
246.0,258.0,4.124,-0.941,1.482
247.0,248.0,4.331,-1.018,0.801
247.0,249.0,4.33,-1.015,0.909
247.0,250.0,4.334,-1.012,1.001
247.0,251.0,4.342,-1.009,1.08
247.0,252.0,4.354,-1.006,1.146
247.0,253.0,4.369,-1.003,1.201
247.0,254.0,4.387,-1.0,1.247
247.0,255.0,4.407,-0.997,1.285
247.0,256.0,4.429,-0.994,1.316
247.0,257.0,4.452,-0.991,1.341
247.0,258.0,4.476,-0.989,1.36
247.0,259.0,4.501,-0.986,1.375
248.0,249.0,4.113,-0.671,0.161
248.0,250.0,4.064,-0.666,0.418
248.0,251.0,4.027,-0.662,0.641
248.0,252.0,4.001,-0.657,0.834
248.0,253.0,3.985,-0.653,1.0
248.0,254.0,3.976,-0.648,1.143
248.0,255.0,3.975,-0.644,1.266
248.0,256.0,3.979,-0.639,1.371
248.0,257.0,3.988,-0.635,1.46
248.0,258.0,4.002,-0.631,1.536
248.0,259.0,4.019,-0.626,1.599
248.0,260.0,4.039,-0.622,1.652
249.0,250.0,4.3,-0.831,1.117
249.0,251.0,4.305,-0.828,1.199
249.0,252.0,4.315,-0.824,1.269
249.0,253.0,4.328,-0.821,1.328
249.0,254.0,4.343,-0.818,1.377
249.0,255.0,4.361,-0.815,1.417
249.0,256.0,4.381,-0.812,1.451
249.0,257.0,4.402,-0.809,1.478
249.0,258.0,4.425,-0.807,1.499
249.0,259.0,4.448,-0.804,1.516
249.0,260.0,4.472,-0.802,1.528
249.0,261.0,4.496,-0.799,1.537
250.0,251.0,4.571,-0.741,0.722
250.0,252.0,4.554,-0.738,0.85
250.0,253.0,4.543,-0.735,0.961
250.0,254.0,4.537,-0.732,1.056
250.0,255.0,4.535,-0.729,1.138
250.0,256.0,4.538,-0.726,1.208
250.0,257.0,4.543,-0.724,1.267
250.0,258.0,4.552,-0.721,1.317
250.0,259.0,4.563,-0.718,1.36
250.0,260.0,4.575,-0.716,1.395
250.0,261.0,4.59,-0.713,1.424
250.0,262.0,4.605,-0.711,1.448
251.0,252.0,4.5,-0.586,0.701
251.0,253.0,4.474,-0.582,0.854
251.0,254.0,4.455,-0.579,0.987
251.0,255.0,4.443,-0.575,1.101
251.0,256.0,4.436,-0.572,1.2
251.0,257.0,4.434,-0.568,1.285
251.0,258.0,4.436,-0.565,1.358
251.0,259.0,4.442,-0.562,1.42
251.0,260.0,4.45,-0.559,1.472
251.0,261.0,4.461,-0.555,1.517
251.0,262.0,4.474,-0.552,1.554
251.0,263.0,4.488,-0.549,1.584
252.0,253.0,4.298,-0.266,0.771
252.0,254.0,4.26,-0.261,0.964
252.0,255.0,4.232,-0.257,1.131
252.0,256.0,4.212,-0.253,1.277
252.0,257.0,4.199,-0.249,1.402
252.0,258.0,4.192,-0.245,1.51
252.0,259.0,4.19,-0.241,1.603
252.0,260.0,4.192,-0.237,1.682
252.0,261.0,4.198,-0.233,1.75
252.0,262.0,4.208,-0.229,1.807
252.0,263.0,4.22,-0.225,1.856
252.0,264.0,4.234,-0.222,1.896
253.0,254.0,4.462,-0.114,0.3
253.0,255.0,4.394,-0.11,0.566
253.0,256.0,4.339,-0.105,0.797
253.0,257.0,4.296,-0.1,0.999
253.0,258.0,4.262,-0.096,1.175
253.0,259.0,4.237,-0.091,1.327
253.0,260.0,4.218,-0.087,1.46
253.0,261.0,4.207,-0.082,1.574
253.0,262.0,4.2,-0.078,1.673
253.0,263.0,4.199,-0.074,1.757
253.0,264.0,4.201,-0.07,1.83
253.0,265.0,4.207,-0.066,1.892
254.0,255.0,4.436,0.042,0.653
254.0,256.0,4.379,0.047,0.884
254.0,257.0,4.333,0.052,1.085
254.0,258.0,4.296,0.056,1.26
254.0,259.0,4.268,0.06,1.413
254.0,260.0,4.247,0.065,1.545
254.0,261.0,4.233,0.069,1.66
254.0,262.0,4.224,0.073,1.759
254.0,263.0,4.219,0.077,1.844
254.0,264.0,4.219,0.081,1.918
254.0,265.0,4.222,0.085,1.98
254.0,266.0,4.228,0.089,2.034
255.0,256.0,4.838,-0.244,0.241
255.0,257.0,4.775,-0.241,0.47
255.0,258.0,4.722,-0.238,0.67
255.0,259.0,4.679,-0.234,0.845
255.0,260.0,4.645,-0.231,0.997
255.0,261.0,4.618,-0.228,1.13
255.0,262.0,4.597,-0.224,1.245
255.0,263.0,4.581,-0.221,1.345
255.0,264.0,4.57,-0.218,1.432
255.0,265.0,4.563,-0.215,1.507
255.0,266.0,4.56,-0.212,1.572
255.0,267.0,4.56,-0.209,1.627
256.0,257.0,5.12,-0.429,-0.233
256.0,258.0,5.042,-0.427,0.024
256.0,259.0,4.977,-0.425,0.249
256.0,260.0,4.923,-0.423,0.446
256.0,261.0,4.878,-0.421,0.618
256.0,262.0,4.841,-0.418,0.768
256.0,263.0,4.812,-0.416,0.899
256.0,264.0,4.788,-0.414,1.013
256.0,265.0,4.77,-0.412,1.112
256.0,266.0,4.757,-0.41,1.198
256.0,267.0,4.748,-0.407,1.272
256.0,268.0,4.742,-0.405,1.336
257.0,258.0,5.13,-0.323,0.095
257.0,259.0,5.065,-0.321,0.312
257.0,260.0,5.01,-0.319,0.503
257.0,261.0,4.964,-0.317,0.669
257.0,262.0,4.926,-0.315,0.815
257.0,263.0,4.894,-0.313,0.942
257.0,264.0,4.869,-0.311,1.053
257.0,265.0,4.848,-0.309,1.15
257.0,266.0,4.832,-0.307,1.234
257.0,267.0,4.82,-0.305,1.307
257.0,268.0,4.812,-0.303,1.37
257.0,269.0,4.806,-0.302,1.425
258.0,259.0,5.05,-0.046,0.379
258.0,260.0,5.021,-0.035,0.544
258.0,261.0,5.0,-0.024,0.684
258.0,262.0,4.988,-0.013,0.802
258.0,263.0,4.982,-0.003,0.901
258.0,264.0,4.982,0.008,0.984
258.0,265.0,4.986,0.018,1.054
258.0,266.0,4.994,0.028,1.112
258.0,267.0,5.005,0.038,1.159
258.0,268.0,5.018,0.048,1.199
258.0,269.0,5.033,0.057,1.231
258.0,270.0,5.05,0.066,1.257
259.0,260.0,4.955,0.056,-0.352
259.0,261.0,4.852,0.06,-0.013
259.0,262.0,4.764,0.064,0.284
259.0,263.0,4.69,0.068,0.545
259.0,264.0,4.628,0.072,0.772
259.0,265.0,4.577,0.076,0.972
259.0,266.0,4.536,0.08,1.145
259.0,267.0,4.502,0.084,1.297
259.0,268.0,4.475,0.088,1.429
259.0,269.0,4.455,0.091,1.544
259.0,270.0,4.44,0.095,1.644
259.0,271.0,4.429,0.098,1.73
260.0,261.0,4.767,0.247,-0.747
260.0,262.0,4.634,0.254,-0.313
260.0,263.0,4.521,0.261,0.068
260.0,264.0,4.427,0.267,0.401
260.0,265.0,4.348,0.273,0.693
260.0,266.0,4.284,0.279,0.948
260.0,267.0,4.231,0.285,1.171
260.0,268.0,4.189,0.291,1.366
260.0,269.0,4.155,0.296,1.535
260.0,270.0,4.13,0.302,1.683
260.0,271.0,4.112,0.307,1.81
260.0,272.0,4.1,0.312,1.921
261.0,262.0,4.586,0.243,-0.333
261.0,263.0,4.473,0.25,0.054
261.0,264.0,4.378,0.257,0.392
261.0,265.0,4.299,0.264,0.689
261.0,266.0,4.234,0.27,0.948
261.0,267.0,4.181,0.277,1.175
261.0,268.0,4.139,0.283,1.373
261.0,269.0,4.107,0.289,1.545
261.0,270.0,4.082,0.294,1.694
261.0,271.0,4.065,0.3,1.824
261.0,272.0,4.053,0.305,1.936
261.0,273.0,4.047,0.31,2.033
262.0,263.0,4.654,0.363,-0.995
262.0,264.0,4.504,0.372,-0.503
262.0,265.0,4.376,0.381,-0.071
262.0,266.0,4.27,0.39,0.308
262.0,267.0,4.181,0.398,0.64
262.0,268.0,4.108,0.406,0.93
262.0,269.0,4.048,0.414,1.183
262.0,270.0,4.001,0.421,1.404
262.0,271.0,3.963,0.428,1.596
262.0,272.0,3.935,0.434,1.764
262.0,273.0,3.915,0.441,1.909
262.0,274.0,3.901,0.447,2.035
263.0,264.0,4.503,0.484,-1.047
263.0,265.0,4.344,0.496,-0.522
263.0,266.0,4.209,0.507,-0.062
263.0,267.0,4.097,0.518,0.342
263.0,268.0,4.004,0.528,0.696
263.0,269.0,3.927,0.538,1.005
263.0,270.0,3.865,0.547,1.275
263.0,271.0,3.816,0.555,1.51
263.0,272.0,3.778,0.564,1.716
263.0,273.0,3.75,0.571,1.894
263.0,274.0,3.73,0.579,2.048
263.0,275.0,3.717,0.586,2.182
264.0,265.0,4.658,0.227,-0.206
264.0,266.0,4.555,0.234,0.153
264.0,267.0,4.468,0.241,0.468
264.0,268.0,4.396,0.248,0.743
264.0,269.0,4.336,0.254,0.984
264.0,270.0,4.288,0.261,1.194
264.0,271.0,4.249,0.267,1.378
264.0,272.0,4.218,0.272,1.537
264.0,273.0,4.195,0.278,1.676
264.0,274.0,4.178,0.283,1.796
264.0,275.0,4.166,0.288,1.9
264.0,276.0,4.159,0.293,1.99
265.0,266.0,4.794,0.188,-0.341
265.0,267.0,4.687,0.195,0.023
265.0,268.0,4.596,0.201,0.342
265.0,269.0,4.521,0.207,0.622
265.0,270.0,4.458,0.213,0.866
265.0,271.0,4.406,0.219,1.079
265.0,272.0,4.364,0.224,1.265
265.0,273.0,4.33,0.23,1.427
265.0,274.0,4.303,0.235,1.569
265.0,275.0,4.283,0.239,1.691
265.0,276.0,4.269,0.244,1.798
265.0,277.0,4.259,0.249,1.89
266.0,267.0,4.707,0.334,-1.297
266.0,268.0,4.546,0.346,-0.767
266.0,269.0,4.41,0.357,-0.303
266.0,270.0,4.295,0.367,0.105
266.0,271.0,4.2,0.377,0.461
266.0,272.0,4.121,0.386,0.773
266.0,273.0,4.056,0.395,1.046
266.0,274.0,4.004,0.403,1.284
266.0,275.0,3.963,0.411,1.491
266.0,276.0,3.931,0.418,1.671
266.0,277.0,3.907,0.425,1.828
266.0,278.0,3.891,0.432,1.964
267.0,268.0,4.91,0.062,-1.508
267.0,269.0,4.753,0.073,-0.991
267.0,270.0,4.62,0.084,-0.538
267.0,271.0,4.508,0.094,-0.141
267.0,272.0,4.414,0.103,0.207
267.0,273.0,4.336,0.112,0.511
267.0,274.0,4.272,0.121,0.777
267.0,275.0,4.22,0.129,1.009
267.0,276.0,4.178,0.136,1.211
267.0,277.0,4.146,0.143,1.388
267.0,278.0,4.121,0.15,1.541
267.0,279.0,4.103,0.157,1.673
268.0,269.0,4.825,0.053,-1.188
268.0,270.0,4.684,0.064,-0.713
268.0,271.0,4.565,0.075,-0.297
268.0,272.0,4.465,0.085,0.067
268.0,273.0,4.381,0.095,0.386
268.0,274.0,4.312,0.103,0.665
268.0,275.0,4.255,0.112,0.909
268.0,276.0,4.21,0.12,1.121
268.0,277.0,4.174,0.127,1.306
268.0,278.0,4.146,0.135,1.467
268.0,279.0,4.126,0.141,1.607
268.0,280.0,4.112,0.148,1.728
269.0,270.0,4.867,-0.107,0.13
269.0,271.0,4.796,-0.101,0.387
269.0,272.0,4.737,-0.096,0.612
269.0,273.0,4.688,-0.092,0.809
269.0,274.0,4.648,-0.087,0.98
269.0,275.0,4.615,-0.082,1.129
269.0,276.0,4.589,-0.078,1.26
269.0,277.0,4.569,-0.074,1.373
269.0,278.0,4.554,-0.07,1.471
269.0,279.0,4.542,-0.066,1.556
269.0,280.0,4.535,-0.063,1.63
269.0,281.0,4.531,-0.059,1.694
270.0,271.0,5.106,-0.384,-0.123
270.0,272.0,5.037,-0.38,0.124
270.0,273.0,4.978,-0.376,0.34
270.0,274.0,4.929,-0.372,0.528
270.0,275.0,4.888,-0.369,0.693
270.0,276.0,4.854,-0.365,0.837
270.0,277.0,4.827,-0.362,0.962
270.0,278.0,4.806,-0.358,1.071
270.0,279.0,4.789,-0.355,1.166
270.0,280.0,4.776,-0.352,1.248
270.0,281.0,4.767,-0.349,1.319
270.0,282.0,4.76,-0.346,1.381
271.0,272.0,5.164,-0.321,-1.773
271.0,273.0,5.016,-0.312,-1.276
271.0,274.0,4.889,-0.303,-0.841
271.0,275.0,4.782,-0.295,-0.46
271.0,276.0,4.693,-0.288,-0.127
271.0,277.0,4.618,-0.28,0.165
271.0,278.0,4.556,-0.273,0.419
271.0,279.0,4.505,-0.267,0.642
271.0,280.0,4.464,-0.26,0.835
271.0,281.0,4.432,-0.254,1.004
271.0,282.0,4.408,-0.248,1.151
271.0,283.0,4.389,-0.243,1.278
272.0,273.0,5.019,-0.906,-1.061
272.0,274.0,4.93,-0.906,-0.719
272.0,275.0,4.856,-0.906,-0.421
272.0,276.0,4.796,-0.905,-0.161
272.0,277.0,4.748,-0.904,0.064
272.0,278.0,4.71,-0.903,0.26
272.0,279.0,4.681,-0.901,0.429
272.0,280.0,4.659,-0.9,0.576
272.0,281.0,4.644,-0.898,0.702
272.0,282.0,4.635,-0.896,0.811
272.0,283.0,4.631,-0.894,0.905
272.0,284.0,4.631,-0.892,0.985
273.0,274.0,5.253,-1.444,-1.188
273.0,275.0,5.184,-1.448,-0.901
273.0,276.0,5.127,-1.452,-0.653
273.0,277.0,5.082,-1.455,-0.437
273.0,278.0,5.047,-1.458,-0.25
273.0,279.0,5.021,-1.46,-0.089
273.0,280.0,5.001,-1.462,0.051
273.0,281.0,4.988,-1.463,0.17
273.0,282.0,4.981,-1.465,0.273
273.0,283.0,4.978,-1.466,0.36
273.0,284.0,4.98,-1.467,0.435
273.0,285.0,4.984,-1.468,0.498
274.0,275.0,5.26,-1.336,-1.81
274.0,276.0,5.156,-1.338,-1.42
274.0,277.0,5.07,-1.34,-1.08
274.0,278.0,4.999,-1.341,-0.784
274.0,279.0,4.942,-1.342,-0.526
274.0,280.0,4.897,-1.342,-0.303
274.0,281.0,4.862,-1.342,-0.11
274.0,282.0,4.835,-1.342,0.058
274.0,283.0,4.816,-1.341,0.202
274.0,284.0,4.804,-1.341,0.326
274.0,285.0,4.798,-1.34,0.433
274.0,286.0,4.796,-1.339,0.524
275.0,276.0,5.399,-2.276,-3.352
275.0,277.0,5.262,-2.284,-2.838
275.0,278.0,5.149,-2.291,-2.391
275.0,279.0,5.057,-2.296,-2.002
275.0,280.0,4.984,-2.301,-1.665
275.0,281.0,4.927,-2.305,-1.373
275.0,282.0,4.885,-2.308,-1.121
275.0,283.0,4.854,-2.31,-0.903
275.0,284.0,4.834,-2.313,-0.715
275.0,285.0,4.822,-2.314,-0.555
275.0,286.0,4.819,-2.316,-0.417
275.0,287.0,4.821,-2.317,-0.301
276.0,277.0,5.645,-2.519,-3.463
276.0,278.0,5.515,-2.528,-2.978
276.0,279.0,5.408,-2.536,-2.556
276.0,280.0,5.321,-2.542,-2.19
276.0,281.0,5.252,-2.548,-1.872
276.0,282.0,5.198,-2.553,-1.597
276.0,283.0,5.157,-2.558,-1.359
276.0,284.0,5.127,-2.562,-1.154
276.0,285.0,5.107,-2.566,-0.978
276.0,286.0,5.096,-2.569,-0.827
276.0,287.0,5.092,-2.572,-0.698
276.0,288.0,5.094,-2.575,-0.588
277.0,278.0,5.89,-4.108,-3.78
277.0,279.0,5.822,-4.152,-3.419
277.0,280.0,5.775,-4.192,-3.11
277.0,281.0,5.745,-4.229,-2.847
277.0,282.0,5.732,-4.264,-2.623
277.0,283.0,5.732,-4.297,-2.435
277.0,284.0,5.743,-4.328,-2.279
277.0,285.0,5.764,-4.359,-2.149
277.0,286.0,5.793,-4.389,-2.044
277.0,287.0,5.828,-4.418,-1.96
277.0,288.0,5.87,-4.446,-1.895
277.0,289.0,5.916,-4.475,-1.846
278.0,279.0,5.644,-3.86,-6.29
278.0,280.0,5.445,-3.931,-5.557
278.0,281.0,5.287,-3.995,-4.915
278.0,282.0,5.164,-4.051,-4.354
278.0,283.0,5.071,-4.1,-3.866
278.0,284.0,5.006,-4.145,-3.443
278.0,285.0,4.964,-4.185,-3.078
278.0,286.0,4.943,-4.221,-2.765
278.0,287.0,4.939,-4.254,-2.497
278.0,288.0,4.95,-4.285,-2.27
278.0,289.0,4.974,-4.314,-2.079
278.0,290.0,5.009,-4.341,-1.92
279.0,280.0,6.359,-5.14,-5.233
279.0,281.0,6.266,-5.184,-4.822
279.0,282.0,6.195,-5.225,-4.469
279.0,283.0,6.143,-5.263,-4.168
279.0,284.0,6.108,-5.3,-3.912
279.0,285.0,6.087,-5.335,-3.695
279.0,286.0,6.079,-5.369,-3.512
279.0,287.0,6.081,-5.402,-3.36
279.0,288.0,6.093,-5.434,-3.235
279.0,289.0,6.112,-5.465,-3.132
279.0,290.0,6.137,-5.495,-3.05
279.0,291.0,6.168,-5.525,-2.986
280.0,281.0,5.63,-4.268,-1.802
280.0,282.0,5.664,-4.288,-1.746
280.0,283.0,5.702,-4.307,-1.703
280.0,284.0,5.743,-4.327,-1.672
280.0,285.0,5.786,-4.346,-1.651
280.0,286.0,5.831,-4.366,-1.639
280.0,287.0,5.878,-4.385,-1.634
280.0,288.0,5.926,-4.405,-1.636
280.0,289.0,5.974,-4.425,-1.644
280.0,290.0,6.024,-4.445,-1.657
280.0,291.0,6.073,-4.465,-1.674
280.0,292.0,6.123,-4.486,-1.695
281.0,282.0,5.786,-3.951,-1.997
281.0,283.0,5.801,-3.962,-1.901
281.0,284.0,5.822,-3.973,-1.824
281.0,285.0,5.848,-3.984,-1.761
281.0,286.0,5.878,-3.995,-1.712
281.0,287.0,5.912,-4.006,-1.676
281.0,288.0,5.948,-4.017,-1.649
281.0,289.0,5.987,-4.029,-1.632
281.0,290.0,6.027,-4.041,-1.622
281.0,291.0,6.069,-4.054,-1.619
281.0,292.0,6.111,-4.067,-1.621
281.0,293.0,6.154,-4.081,-1.629
282.0,283.0,5.52,-3.704,-1.415
282.0,284.0,5.564,-3.723,-1.353
282.0,285.0,5.612,-3.742,-1.307
282.0,286.0,5.664,-3.762,-1.276
282.0,287.0,5.719,-3.782,-1.256
282.0,288.0,5.775,-3.802,-1.246
282.0,289.0,5.833,-3.823,-1.245
282.0,290.0,5.892,-3.844,-1.252
282.0,291.0,5.952,-3.866,-1.265
282.0,292.0,6.012,-3.889,-1.285
282.0,293.0,6.072,-3.912,-1.308
282.0,294.0,6.132,-3.936,-1.337
283.0,284.0,5.638,-3.988,-1.624
283.0,285.0,5.67,-4.003,-1.586
283.0,286.0,5.704,-4.018,-1.558
283.0,287.0,5.741,-4.034,-1.54
283.0,288.0,5.779,-4.049,-1.528
283.0,289.0,5.819,-4.064,-1.523
283.0,290.0,5.859,-4.08,-1.524
283.0,291.0,5.9,-4.096,-1.53
283.0,292.0,5.942,-4.111,-1.54
283.0,293.0,5.984,-4.127,-1.554
283.0,294.0,6.026,-4.144,-1.571
283.0,295.0,6.068,-4.16,-1.591
284.0,285.0,5.605,-3.874,-2.316
284.0,286.0,5.604,-3.899,-2.147
284.0,287.0,5.614,-3.923,-2.008
284.0,288.0,5.633,-3.946,-1.895
284.0,289.0,5.659,-3.969,-1.804
284.0,290.0,5.692,-3.991,-1.732
284.0,291.0,5.729,-4.014,-1.677
284.0,292.0,5.77,-4.036,-1.637
284.0,293.0,5.815,-4.058,-1.609
284.0,294.0,5.862,-4.081,-1.592
284.0,295.0,5.911,-4.104,-1.584
284.0,296.0,5.962,-4.128,-1.584
285.0,286.0,5.882,-4.825,-1.835
285.0,287.0,5.947,-4.854,-1.835
285.0,288.0,6.012,-4.884,-1.845
285.0,289.0,6.079,-4.914,-1.861
285.0,290.0,6.146,-4.945,-1.884
285.0,291.0,6.213,-4.976,-1.913
285.0,292.0,6.279,-5.008,-1.945
285.0,293.0,6.346,-5.041,-1.982
285.0,294.0,6.412,-5.075,-2.022
285.0,295.0,6.477,-5.11,-2.065
285.0,296.0,6.542,-5.145,-2.11
285.0,297.0,6.605,-5.182,-2.157
286.0,287.0,7.674,-7.097,-4.788
286.0,288.0,7.683,-7.178,-4.676
286.0,289.0,7.7,-7.258,-4.589
286.0,290.0,7.726,-7.337,-4.522
286.0,291.0,7.757,-7.415,-4.473
286.0,292.0,7.794,-7.493,-4.441
286.0,293.0,7.836,-7.571,-4.422
286.0,294.0,7.882,-7.649,-4.417
286.0,295.0,7.931,-7.727,-4.422
286.0,296.0,7.984,-7.805,-4.438
286.0,297.0,8.038,-7.884,-4.461
286.0,298.0,8.095,-7.963,-4.493
287.0,288.0,6.082,-5.858,-4.649
287.0,289.0,6.044,-5.929,-4.339
287.0,290.0,6.025,-5.996,-4.081
287.0,291.0,6.02,-6.061,-3.866
287.0,292.0,6.028,-6.122,-3.689
287.0,293.0,6.047,-6.182,-3.546
287.0,294.0,6.076,-6.24,-3.432
287.0,295.0,6.112,-6.297,-3.343
287.0,296.0,6.155,-6.354,-3.277
287.0,297.0,6.204,-6.41,-3.229
287.0,298.0,6.257,-6.465,-3.198
287.0,299.0,6.313,-6.521,-3.181
288.0,289.0,4.704,-4.694,-3.481
288.0,290.0,4.672,-4.735,-3.154
288.0,291.0,4.659,-4.773,-2.88
288.0,292.0,4.661,-4.808,-2.653
288.0,293.0,4.675,-4.841,-2.465
288.0,294.0,4.701,-4.872,-2.311
288.0,295.0,4.736,-4.902,-2.187
288.0,296.0,4.778,-4.93,-2.088
288.0,297.0,4.826,-4.958,-2.012
288.0,298.0,4.879,-4.985,-1.954
288.0,299.0,4.936,-5.013,-1.913
288.0,300.0,4.997,-5.04,-1.886
289.0,290.0,5.828,-5.705,-4.434
289.0,291.0,5.791,-5.766,-4.127
289.0,292.0,5.772,-5.824,-3.869
289.0,293.0,5.768,-5.879,-3.654
289.0,294.0,5.777,-5.932,-3.477
289.0,295.0,5.796,-5.982,-3.332
289.0,296.0,5.825,-6.032,-3.216
289.0,297.0,5.861,-6.08,-3.124
289.0,298.0,5.904,-6.128,-3.054
289.0,299.0,5.951,-6.175,-3.003
289.0,300.0,6.004,-6.222,-2.969
289.0,301.0,6.06,-6.269,-2.949
290.0,291.0,5.859,-5.632,-4.235
290.0,292.0,5.825,-5.685,-3.934
290.0,293.0,5.808,-5.735,-3.68
290.0,294.0,5.805,-5.783,-3.467
290.0,295.0,5.815,-5.828,-3.291
290.0,296.0,5.836,-5.872,-3.147
290.0,297.0,5.866,-5.915,-3.031
290.0,298.0,5.903,-5.957,-2.939
290.0,299.0,5.946,-5.998,-2.868
290.0,300.0,5.995,-6.039,-2.816
290.0,301.0,6.047,-6.08,-2.78
290.0,302.0,6.103,-6.12,-2.759
291.0,292.0,5.28,-5.121,-3.891
291.0,293.0,5.239,-5.161,-3.558
291.0,294.0,5.217,-5.198,-3.276
291.0,295.0,5.211,-5.233,-3.041
291.0,296.0,5.218,-5.266,-2.844
291.0,297.0,5.236,-5.297,-2.682
291.0,298.0,5.265,-5.327,-2.55
291.0,299.0,5.301,-5.356,-2.444
291.0,300.0,5.343,-5.384,-2.36
291.0,301.0,5.391,-5.412,-2.297
291.0,302.0,5.444,-5.44,-2.25
291.0,303.0,5.499,-5.467,-2.218
292.0,293.0,6.03,-6.022,-3.823
292.0,294.0,6.032,-6.074,-3.634
292.0,295.0,6.046,-6.125,-3.478
292.0,296.0,6.069,-6.174,-3.352
292.0,297.0,6.101,-6.222,-3.251
292.0,298.0,6.139,-6.269,-3.173
292.0,299.0,6.183,-6.316,-3.115
292.0,300.0,6.232,-6.363,-3.073
292.0,301.0,6.284,-6.409,-3.046
292.0,302.0,6.34,-6.456,-3.033
292.0,303.0,6.398,-6.503,-3.03
292.0,304.0,6.458,-6.55,-3.038
293.0,294.0,6.344,-6.317,-4.832
293.0,295.0,6.315,-6.386,-4.571
293.0,296.0,6.301,-6.452,-4.352
293.0,297.0,6.301,-6.516,-4.171
293.0,298.0,6.312,-6.578,-4.022
293.0,299.0,6.333,-6.639,-3.902
293.0,300.0,6.362,-6.698,-3.808
293.0,301.0,6.398,-6.756,-3.735
293.0,302.0,6.44,-6.814,-3.681
293.0,303.0,6.487,-6.872,-3.645
293.0,304.0,6.538,-6.93,-3.623
293.0,305.0,6.592,-6.988,-3.614
294.0,295.0,5.868,-5.847,-4.055
294.0,296.0,5.858,-5.901,-3.813
294.0,297.0,5.862,-5.952,-3.612
294.0,298.0,5.877,-6.002,-3.445
294.0,299.0,5.903,-6.05,-3.31
294.0,300.0,5.937,-6.096,-3.201
294.0,301.0,5.979,-6.142,-3.116
294.0,302.0,6.027,-6.188,-3.051
294.0,303.0,6.079,-6.233,-3.005
294.0,304.0,6.136,-6.278,-2.975
294.0,305.0,6.196,-6.324,-2.958
294.0,306.0,6.258,-6.369,-2.953
295.0,296.0,5.616,-5.595,-4.161
295.0,297.0,5.589,-5.646,-3.867
295.0,298.0,5.579,-5.693,-3.619
295.0,299.0,5.584,-5.738,-3.412
295.0,300.0,5.6,-5.782,-3.241
295.0,301.0,5.627,-5.824,-3.102
295.0,302.0,5.662,-5.864,-2.989
295.0,303.0,5.705,-5.904,-2.901
295.0,304.0,5.754,-5.944,-2.834
295.0,305.0,5.807,-5.983,-2.785
295.0,306.0,5.865,-6.022,-2.752
295.0,307.0,5.925,-6.061,-2.732
296.0,297.0,5.439,-5.454,-4.624
296.0,298.0,5.383,-5.507,-4.245
296.0,299.0,5.349,-5.555,-3.924
296.0,300.0,5.332,-5.6,-3.653
296.0,301.0,5.331,-5.643,-3.425
296.0,302.0,5.343,-5.683,-3.236
296.0,303.0,5.367,-5.722,-3.081
296.0,304.0,5.399,-5.759,-2.955
296.0,305.0,5.44,-5.796,-2.854
296.0,306.0,5.487,-5.832,-2.776
296.0,307.0,5.539,-5.868,-2.718
296.0,308.0,5.596,-5.903,-2.677
297.0,298.0,5.267,-5.327,-4.312
297.0,299.0,5.217,-5.37,-3.945
297.0,300.0,5.188,-5.409,-3.634
297.0,301.0,5.177,-5.446,-3.372
297.0,302.0,5.181,-5.481,-3.152
297.0,303.0,5.197,-5.513,-2.97
297.0,304.0,5.223,-5.544,-2.82
297.0,305.0,5.259,-5.575,-2.698
297.0,306.0,5.302,-5.604,-2.601
297.0,307.0,5.351,-5.633,-2.526
297.0,308.0,5.405,-5.662,-2.469
297.0,309.0,5.463,-5.691,-2.428
298.0,299.0,5.524,-5.598,-4.571
298.0,300.0,5.475,-5.646,-4.219
298.0,301.0,5.446,-5.691,-3.92
298.0,302.0,5.433,-5.733,-3.668
298.0,303.0,5.435,-5.773,-3.458
298.0,304.0,5.45,-5.81,-3.283
298.0,305.0,5.474,-5.847,-3.14
298.0,306.0,5.507,-5.883,-3.024
298.0,307.0,5.548,-5.918,-2.932
298.0,308.0,5.595,-5.952,-2.861
298.0,309.0,5.646,-5.986,-2.809
298.0,310.0,5.702,-6.02,-2.772
299.0,300.0,5.665,-5.734,-5.105
299.0,301.0,5.598,-5.775,-4.731
299.0,302.0,5.551,-5.813,-4.413
299.0,303.0,5.52,-5.849,-4.142
299.0,304.0,5.503,-5.883,-3.914
299.0,305.0,5.498,-5.916,-3.722
299.0,306.0,5.504,-5.948,-3.562
299.0,307.0,5.518,-5.979,-3.43
299.0,308.0,5.54,-6.009,-3.323
299.0,309.0,5.568,-6.038,-3.236
299.0,310.0,5.602,-6.067,-3.168
299.0,311.0,5.64,-6.096,-3.116
300.0,301.0,6.133,-6.211,-4.074
300.0,302.0,6.142,-6.264,-3.918
300.0,303.0,6.161,-6.316,-3.791
300.0,304.0,6.188,-6.367,-3.691
300.0,305.0,6.222,-6.417,-3.613
300.0,306.0,6.262,-6.467,-3.554
300.0,307.0,6.307,-6.516,-3.513
300.0,308.0,6.356,-6.566,-3.487
300.0,309.0,6.408,-6.616,-3.474
300.0,310.0,6.463,-6.666,-3.472
300.0,311.0,6.521,-6.716,-3.48
300.0,312.0,6.579,-6.767,-3.497
301.0,302.0,5.776,-5.821,-5.464
301.0,303.0,5.699,-5.864,-5.055
301.0,304.0,5.644,-5.905,-4.707
301.0,305.0,5.606,-5.943,-4.411
301.0,306.0,5.583,-5.979,-4.161
301.0,307.0,5.574,-6.014,-3.95
301.0,308.0,5.575,-6.048,-3.774
301.0,309.0,5.587,-6.08,-3.628
301.0,310.0,5.606,-6.112,-3.509
301.0,311.0,5.632,-6.143,-3.412
301.0,312.0,5.664,-6.173,-3.336
301.0,313.0,5.701,-6.203,-3.277
302.0,303.0,6.022,-6.059,-5.552
302.0,304.0,5.951,-6.121,-5.17
302.0,305.0,5.902,-6.179,-4.846
302.0,306.0,5.872,-6.233,-4.574
302.0,307.0,5.858,-6.285,-4.347
302.0,308.0,5.857,-6.335,-4.159
302.0,309.0,5.868,-6.383,-4.005
302.0,310.0,5.889,-6.43,-3.88
302.0,311.0,5.918,-6.476,-3.781
302.0,312.0,5.954,-6.522,-3.704
302.0,313.0,5.995,-6.567,-3.647
302.0,314.0,6.041,-6.612,-3.607
303.0,304.0,5.92,-5.918,-5.244
303.0,305.0,5.861,-5.976,-4.877
303.0,306.0,5.824,-6.03,-4.567
303.0,307.0,5.804,-6.082,-4.307
303.0,308.0,5.799,-6.131,-4.091
303.0,309.0,5.807,-6.178,-3.913
303.0,310.0,5.825,-6.223,-3.767
303.0,311.0,5.853,-6.268,-3.65
303.0,312.0,5.888,-6.312,-3.558
303.0,313.0,5.93,-6.355,-3.488
303.0,314.0,5.977,-6.398,-3.437
303.0,315.0,6.028,-6.441,-3.402
304.0,305.0,5.735,-5.702,-4.944
304.0,306.0,5.674,-5.745,-4.576
304.0,307.0,5.634,-5.786,-4.265
304.0,308.0,5.612,-5.823,-4.003
304.0,309.0,5.604,-5.859,-3.783
304.0,310.0,5.609,-5.893,-3.601
304.0,311.0,5.624,-5.927,-3.451
304.0,312.0,5.649,-5.959,-3.328
304.0,313.0,5.681,-5.99,-3.231
304.0,314.0,5.719,-6.021,-3.154
304.0,315.0,5.763,-6.052,-3.096
304.0,316.0,5.811,-6.083,-3.054
305.0,306.0,5.528,-5.47,-4.839
305.0,307.0,5.465,-5.501,-4.485
305.0,308.0,5.42,-5.531,-4.182
305.0,309.0,5.391,-5.559,-3.924
305.0,310.0,5.374,-5.585,-3.706
305.0,311.0,5.369,-5.611,-3.522
305.0,312.0,5.374,-5.636,-3.368
305.0,313.0,5.386,-5.66,-3.24
305.0,314.0,5.406,-5.683,-3.135
305.0,315.0,5.432,-5.706,-3.05
305.0,316.0,5.462,-5.728,-2.982
305.0,317.0,5.497,-5.751,-2.93
306.0,307.0,5.272,-5.214,-4.883
306.0,308.0,5.192,-5.236,-4.494
306.0,309.0,5.131,-5.257,-4.16
306.0,310.0,5.087,-5.276,-3.874
306.0,311.0,5.057,-5.294,-3.63
306.0,312.0,5.04,-5.311,-3.422
306.0,313.0,5.033,-5.327,-3.246
306.0,314.0,5.036,-5.343,-3.099
306.0,315.0,5.046,-5.358,-2.975
306.0,316.0,5.062,-5.373,-2.872
306.0,317.0,5.085,-5.388,-2.788
306.0,318.0,5.111,-5.402,-2.72
307.0,308.0,5.539,-5.464,-5.454
307.0,309.0,5.441,-5.483,-5.041
307.0,310.0,5.363,-5.5,-4.685
307.0,311.0,5.303,-5.516,-4.378
307.0,312.0,5.259,-5.53,-4.116
307.0,313.0,5.228,-5.544,-3.891
307.0,314.0,5.208,-5.557,-3.699
307.0,315.0,5.198,-5.57,-3.536
307.0,316.0,5.196,-5.582,-3.399
307.0,317.0,5.201,-5.594,-3.283
307.0,318.0,5.213,-5.606,-3.186
307.0,319.0,5.23,-5.617,-3.107
308.0,309.0,4.719,-4.652,-4.559
308.0,310.0,4.624,-4.662,-4.129
308.0,311.0,4.551,-4.669,-3.759
308.0,312.0,4.496,-4.676,-3.44
308.0,313.0,4.457,-4.682,-3.166
308.0,314.0,4.431,-4.687,-2.931
308.0,315.0,4.417,-4.692,-2.731
308.0,316.0,4.413,-4.696,-2.56
308.0,317.0,4.418,-4.7,-2.414
308.0,318.0,4.429,-4.704,-2.292
308.0,319.0,4.447,-4.707,-2.189
308.0,320.0,4.47,-4.711,-2.103
309.0,310.0,5.114,-5.047,-5.228
309.0,311.0,5.008,-5.059,-4.781
309.0,312.0,4.923,-5.07,-4.394
309.0,313.0,4.857,-5.079,-4.061
309.0,314.0,4.808,-5.088,-3.775
309.0,315.0,4.774,-5.096,-3.529
309.0,316.0,4.751,-5.103,-3.319
309.0,317.0,4.739,-5.109,-3.139
309.0,318.0,4.736,-5.115,-2.987
309.0,319.0,4.74,-5.121,-2.857
309.0,320.0,4.751,-5.127,-2.749
309.0,321.0,4.768,-5.132,-2.658
310.0,311.0,5.894,-5.857,-6.501
310.0,312.0,5.751,-5.882,-5.995
310.0,313.0,5.635,-5.903,-5.557
310.0,314.0,5.543,-5.922,-5.179
310.0,315.0,5.472,-5.939,-4.854
310.0,316.0,5.419,-5.953,-4.574
310.0,317.0,5.382,-5.967,-4.333
310.0,318.0,5.357,-5.979,-4.128
310.0,319.0,5.344,-5.99,-3.953
310.0,320.0,5.341,-6.0,-3.805
310.0,321.0,5.346,-6.011,-3.681
310.0,322.0,5.358,-6.02,-3.576
311.0,312.0,5.923,-5.848,-5.899
311.0,313.0,5.819,-5.857,-5.514
311.0,314.0,5.735,-5.865,-5.182
311.0,315.0,5.667,-5.872,-4.895
311.0,316.0,5.613,-5.879,-4.647
311.0,317.0,5.572,-5.885,-4.433
311.0,318.0,5.542,-5.891,-4.25
311.0,319.0,5.52,-5.897,-4.092
311.0,320.0,5.507,-5.902,-3.958
311.0,321.0,5.5,-5.907,-3.843
311.0,322.0,5.499,-5.912,-3.746
311.0,323.0,5.503,-5.917,-3.664
312.0,313.0,5.976,-5.957,-5.503
312.0,314.0,5.9,-5.971,-5.174
312.0,315.0,5.84,-5.984,-4.891
312.0,316.0,5.794,-5.996,-4.648
312.0,317.0,5.76,-6.007,-4.439
312.0,318.0,5.737,-6.018,-4.261
312.0,319.0,5.723,-6.029,-4.11
312.0,320.0,5.716,-6.039,-3.981
312.0,321.0,5.716,-6.05,-3.872
312.0,322.0,5.722,-6.06,-3.781
312.0,323.0,5.733,-6.069,-3.706
312.0,324.0,5.747,-6.079,-3.643
313.0,314.0,6.147,-6.087,-6.371
313.0,315.0,6.04,-6.104,-5.953
313.0,316.0,5.952,-6.12,-5.593
313.0,317.0,5.883,-6.135,-5.282
313.0,318.0,5.829,-6.15,-5.015
313.0,319.0,5.789,-6.163,-4.787
313.0,320.0,5.76,-6.176,-4.591
313.0,321.0,5.741,-6.188,-4.424
313.0,322.0,5.73,-6.2,-4.283
313.0,323.0,5.727,-6.212,-4.163
313.0,324.0,5.73,-6.223,-4.062
313.0,325.0,5.738,-6.235,-3.979
314.0,315.0,5.674,-5.641,-5.637
314.0,316.0,5.579,-5.652,-5.237
314.0,317.0,5.504,-5.663,-4.891
314.0,318.0,5.445,-5.672,-4.593
314.0,319.0,5.401,-5.68,-4.337
314.0,320.0,5.37,-5.688,-4.117
314.0,321.0,5.349,-5.696,-3.929
314.0,322.0,5.338,-5.703,-3.769
314.0,323.0,5.335,-5.709,-3.633
314.0,324.0,5.338,-5.716,-3.518
314.0,325.0,5.347,-5.723,-3.421
314.0,326.0,5.361,-5.729,-3.34
315.0,316.0,5.664,-5.685,-4.868
315.0,317.0,5.607,-5.692,-4.585
315.0,318.0,5.563,-5.699,-4.341
315.0,319.0,5.531,-5.706,-4.132
315.0,320.0,5.51,-5.712,-3.953
315.0,321.0,5.498,-5.718,-3.799
315.0,322.0,5.493,-5.724,-3.669
315.0,323.0,5.494,-5.73,-3.559
315.0,324.0,5.501,-5.735,-3.465
315.0,325.0,5.513,-5.741,-3.388
315.0,326.0,5.529,-5.746,-3.323
315.0,327.0,5.548,-5.752,-3.269
316.0,317.0,5.885,-5.927,-5.575
316.0,318.0,5.809,-5.941,-5.25
316.0,319.0,5.75,-5.953,-4.97
316.0,320.0,5.704,-5.965,-4.729
316.0,321.0,5.67,-5.975,-4.523
316.0,322.0,5.647,-5.986,-4.347
316.0,323.0,5.632,-5.996,-4.196
316.0,324.0,5.625,-6.006,-4.069
316.0,325.0,5.624,-6.015,-3.961
316.0,326.0,5.629,-6.025,-3.871
316.0,327.0,5.639,-6.034,-3.796
316.0,328.0,5.652,-6.043,-3.733
317.0,318.0,5.85,-5.881,-5.792
317.0,319.0,5.756,-5.886,-5.431
317.0,320.0,5.68,-5.891,-5.118
317.0,321.0,5.62,-5.895,-4.847
317.0,322.0,5.572,-5.898,-4.614
317.0,323.0,5.536,-5.901,-4.413
317.0,324.0,5.51,-5.904,-4.24
317.0,325.0,5.492,-5.906,-4.092
317.0,326.0,5.482,-5.909,-3.965
317.0,327.0,5.478,-5.911,-3.857
317.0,328.0,5.479,-5.913,-3.765
317.0,329.0,5.484,-5.915,-3.687
318.0,319.0,6.105,-6.15,-6.008
318.0,320.0,6.015,-6.154,-5.677
318.0,321.0,5.94,-6.159,-5.391
318.0,322.0,5.88,-6.162,-5.143
318.0,323.0,5.832,-6.165,-4.929
318.0,324.0,5.794,-6.168,-4.744
318.0,325.0,5.766,-6.171,-4.585
318.0,326.0,5.745,-6.173,-4.448
318.0,327.0,5.731,-6.175,-4.33
318.0,328.0,5.723,-6.177,-4.23
318.0,329.0,5.72,-6.18,-4.144
318.0,330.0,5.721,-6.182,-4.071
319.0,320.0,6.262,-6.18,-6.726
319.0,321.0,6.138,-6.182,-6.311
319.0,322.0,6.035,-6.184,-5.952
319.0,323.0,5.949,-6.185,-5.639
319.0,324.0,5.878,-6.186,-5.368
319.0,325.0,5.82,-6.186,-5.134
319.0,326.0,5.774,-6.186,-4.931
319.0,327.0,5.738,-6.185,-4.755
319.0,328.0,5.71,-6.185,-4.603
319.0,329.0,5.689,-6.184,-4.473
319.0,330.0,5.675,-6.183,-4.36
319.0,331.0,5.666,-6.183,-4.263
320.0,321.0,5.323,-5.361,-5.834
320.0,322.0,5.201,-5.352,-5.405
320.0,323.0,5.099,-5.342,-5.031
320.0,324.0,5.015,-5.332,-4.706
320.0,325.0,4.947,-5.322,-4.422
320.0,326.0,4.892,-5.311,-4.176
320.0,327.0,4.849,-5.301,-3.961
320.0,328.0,4.816,-5.29,-3.775
320.0,329.0,4.792,-5.28,-3.613
320.0,330.0,4.775,-5.269,-3.472
320.0,331.0,4.764,-5.259,-3.35
320.0,332.0,4.76,-5.248,-3.244
321.0,322.0,4.277,-4.277,-4.097
321.0,323.0,4.184,-4.252,-3.721
321.0,324.0,4.108,-4.228,-3.391
321.0,325.0,4.048,-4.204,-3.103
321.0,326.0,4.001,-4.18,-2.851
321.0,327.0,3.965,-4.157,-2.631
321.0,328.0,3.939,-4.134,-2.439
321.0,329.0,3.922,-4.112,-2.271
321.0,330.0,3.913,-4.09,-2.124
321.0,331.0,3.909,-4.068,-1.996
321.0,332.0,3.911,-4.047,-1.884
321.0,333.0,3.918,-4.025,-1.786
322.0,323.0,4.754,-4.778,-4.885
322.0,324.0,4.647,-4.756,-4.493
322.0,325.0,4.559,-4.735,-4.149
322.0,326.0,4.487,-4.715,-3.849
322.0,327.0,4.429,-4.694,-3.587
322.0,328.0,4.383,-4.673,-3.358
322.0,329.0,4.347,-4.653,-3.157
322.0,330.0,4.321,-4.633,-2.981
322.0,331.0,4.303,-4.614,-2.828
322.0,332.0,4.291,-4.594,-2.694
322.0,333.0,4.285,-4.575,-2.576
322.0,334.0,4.284,-4.556,-2.474
323.0,324.0,4.507,-4.528,-4.539
323.0,325.0,4.405,-4.503,-4.152
323.0,326.0,4.32,-4.478,-3.814
323.0,327.0,4.252,-4.453,-3.518
323.0,328.0,4.197,-4.429,-3.258
323.0,329.0,4.154,-4.405,-3.031
323.0,330.0,4.122,-4.382,-2.832
323.0,331.0,4.098,-4.358,-2.658
323.0,332.0,4.082,-4.335,-2.506
323.0,333.0,4.072,-4.313,-2.372
323.0,334.0,4.068,-4.29,-2.255
323.0,335.0,4.069,-4.268,-2.152
324.0,325.0,4.168,-4.162,-4.214
324.0,326.0,4.063,-4.131,-3.814
324.0,327.0,3.977,-4.101,-3.464
324.0,328.0,3.907,-4.071,-3.158
324.0,329.0,3.851,-4.042,-2.889
324.0,330.0,3.808,-4.013,-2.653
324.0,331.0,3.774,-3.985,-2.446
324.0,332.0,3.751,-3.957,-2.264
324.0,333.0,3.734,-3.929,-2.105
324.0,334.0,3.725,-3.902,-1.965
324.0,335.0,3.722,-3.875,-1.841
324.0,336.0,3.723,-3.849,-1.732
325.0,326.0,4.424,-4.402,-4.875
325.0,327.0,4.298,-4.371,-4.433
325.0,328.0,4.192,-4.34,-4.046
325.0,329.0,4.105,-4.309,-3.706
325.0,330.0,4.033,-4.279,-3.408
325.0,331.0,3.975,-4.25,-3.146
325.0,332.0,3.929,-4.22,-2.916
325.0,333.0,3.893,-4.192,-2.714
325.0,334.0,3.866,-4.163,-2.536
325.0,335.0,3.847,-4.135,-2.379
325.0,336.0,3.834,-4.108,-2.241
325.0,337.0,3.827,-4.08,-2.119
326.0,327.0,4.623,-4.575,-4.622
326.0,328.0,4.518,-4.544,-4.249
326.0,329.0,4.429,-4.513,-3.922
326.0,330.0,4.356,-4.483,-3.634
326.0,331.0,4.296,-4.453,-3.381
326.0,332.0,4.247,-4.424,-3.159
326.0,333.0,4.208,-4.395,-2.963
326.0,334.0,4.178,-4.366,-2.79
326.0,335.0,4.155,-4.338,-2.637
326.0,336.0,4.138,-4.31,-2.502
326.0,337.0,4.127,-4.283,-2.383
326.0,338.0,4.121,-4.256,-2.277
327.0,328.0,5.06,-5.005,-4.803
327.0,329.0,4.968,-4.978,-4.483
327.0,330.0,4.891,-4.952,-4.202
327.0,331.0,4.827,-4.925,-3.955
327.0,332.0,4.773,-4.899,-3.737
327.0,333.0,4.73,-4.874,-3.545
327.0,334.0,4.695,-4.848,-3.377
327.0,335.0,4.667,-4.823,-3.227
327.0,336.0,4.645,-4.799,-3.096
327.0,337.0,4.629,-4.774,-2.979
327.0,338.0,4.618,-4.75,-2.876
327.0,339.0,4.61,-4.726,-2.784
328.0,329.0,4.704,-4.633,-4.887
328.0,330.0,4.589,-4.6,-4.493
328.0,331.0,4.492,-4.567,-4.148
328.0,332.0,4.411,-4.535,-3.844
328.0,333.0,4.344,-4.504,-3.576
328.0,334.0,4.289,-4.472,-3.34
328.0,335.0,4.244,-4.441,-3.133
328.0,336.0,4.208,-4.411,-2.949
328.0,337.0,4.18,-4.381,-2.787
328.0,338.0,4.159,-4.351,-2.643
328.0,339.0,4.144,-4.322,-2.516
328.0,340.0,4.133,-4.293,-2.403
329.0,330.0,3.746,-3.678,-3.649
329.0,331.0,3.645,-3.636,-3.257
329.0,332.0,3.563,-3.596,-2.913
329.0,333.0,3.496,-3.556,-2.61
329.0,334.0,3.442,-3.517,-2.343
329.0,335.0,3.401,-3.479,-2.107
329.0,336.0,3.369,-3.441,-1.899
329.0,337.0,3.346,-3.405,-1.716
329.0,338.0,3.331,-3.368,-1.554
329.0,339.0,3.323,-3.333,-1.41
329.0,340.0,3.32,-3.298,-1.282
329.0,341.0,3.321,-3.264,-1.169
330.0,331.0,4.037,-3.947,-3.792
330.0,332.0,3.942,-3.907,-3.434
330.0,333.0,3.864,-3.868,-3.118
330.0,334.0,3.8,-3.829,-2.839
330.0,335.0,3.748,-3.792,-2.593
330.0,336.0,3.708,-3.755,-2.376
330.0,337.0,3.676,-3.718,-2.184
330.0,338.0,3.652,-3.682,-2.014
330.0,339.0,3.635,-3.647,-1.863
330.0,340.0,3.625,-3.613,-1.729
330.0,341.0,3.619,-3.579,-1.61
330.0,342.0,3.618,-3.545,-1.504
331.0,332.0,3.94,-3.862,-4.156
331.0,333.0,3.822,-3.817,-3.736
331.0,334.0,3.723,-3.772,-3.367
331.0,335.0,3.641,-3.729,-3.041
331.0,336.0,3.573,-3.686,-2.753
331.0,337.0,3.519,-3.644,-2.498
331.0,338.0,3.475,-3.603,-2.273
331.0,339.0,3.441,-3.563,-2.074
331.0,340.0,3.415,-3.523,-1.896
331.0,341.0,3.397,-3.484,-1.739
331.0,342.0,3.384,-3.446,-1.598
331.0,343.0,3.378,-3.408,-1.473
332.0,333.0,4.142,-4.039,-4.427
332.0,334.0,4.044,-4.001,-4.062
332.0,335.0,3.961,-3.962,-3.729
332.0,336.0,3.893,-3.923,-3.427
332.0,337.0,3.837,-3.884,-3.152
332.0,338.0,3.794,-3.844,-2.901
332.0,339.0,3.76,-3.804,-2.674
332.0,340.0,3.736,-3.763,-2.467
332.0,341.0,3.721,-3.723,-2.279
332.0,342.0,3.712,-3.684,-2.109
332.0,343.0,3.71,-3.644,-1.954
332.0,344.0,3.715,-3.605,-1.814
333.0,334.0,4.458,-4.376,-4.726
333.0,335.0,4.337,-4.332,-4.323
333.0,336.0,4.234,-4.29,-3.968
333.0,337.0,4.148,-4.248,-3.655
333.0,338.0,4.075,-4.207,-3.378
333.0,339.0,4.015,-4.167,-3.133
333.0,340.0,3.965,-4.128,-2.915
333.0,341.0,3.924,-4.089,-2.722
333.0,342.0,3.891,-4.05,-2.55
333.0,343.0,3.865,-4.012,-2.397
333.0,344.0,3.846,-3.975,-2.26
333.0,345.0,3.831,-3.938,-2.138
334.0,335.0,4.411,-4.318,-4.375
334.0,336.0,4.305,-4.275,-4.014
334.0,337.0,4.216,-4.231,-3.695
334.0,338.0,4.14,-4.189,-3.412
334.0,339.0,4.077,-4.148,-3.162
334.0,340.0,4.025,-4.107,-2.94
334.0,341.0,3.981,-4.067,-2.743
334.0,342.0,3.947,-4.027,-2.567
334.0,343.0,3.919,-3.988,-2.411
334.0,344.0,3.897,-3.95,-2.271
334.0,345.0,3.88,-3.912,-2.145
334.0,346.0,3.868,-3.874,-2.032
335.0,336.0,4.301,-4.219,-4.413
335.0,337.0,4.189,-4.173,-4.039
335.0,338.0,4.094,-4.129,-3.709
335.0,339.0,4.013,-4.085,-3.416
335.0,340.0,3.945,-4.041,-3.157
335.0,341.0,3.889,-3.999,-2.927
335.0,342.0,3.842,-3.957,-2.722
335.0,343.0,3.804,-3.915,-2.54
335.0,344.0,3.773,-3.875,-2.377
335.0,345.0,3.748,-3.834,-2.23
335.0,346.0,3.729,-3.795,-2.099
335.0,347.0,3.715,-3.756,-1.981
336.0,337.0,4.615,-4.566,-4.592
336.0,338.0,4.513,-4.524,-4.267
336.0,339.0,4.426,-4.482,-3.979
336.0,340.0,4.351,-4.442,-3.723
336.0,341.0,4.288,-4.401,-3.496
336.0,342.0,4.234,-4.362,-3.293
336.0,343.0,4.188,-4.322,-3.113
336.0,344.0,4.15,-4.284,-2.951
336.0,345.0,4.118,-4.245,-2.806
336.0,346.0,4.092,-4.207,-2.675
336.0,347.0,4.07,-4.17,-2.557
336.0,348.0,4.053,-4.133,-2.45
337.0,338.0,5.02,-4.989,-4.868
337.0,339.0,4.922,-4.949,-4.563
337.0,340.0,4.838,-4.909,-4.292
337.0,341.0,4.766,-4.869,-4.052
337.0,342.0,4.704,-4.83,-3.838
337.0,343.0,4.651,-4.792,-3.647
337.0,344.0,4.606,-4.754,-3.477
337.0,345.0,4.567,-4.716,-3.324
337.0,346.0,4.535,-4.679,-3.187
337.0,347.0,4.508,-4.643,-3.064
337.0,348.0,4.485,-4.607,-2.952
337.0,349.0,4.467,-4.571,-2.851
338.0,339.0,4.914,-4.852,-5.139
338.0,340.0,4.796,-4.809,-4.773
338.0,341.0,4.695,-4.767,-4.449
338.0,342.0,4.609,-4.725,-4.163
338.0,343.0,4.534,-4.684,-3.908
338.0,344.0,4.471,-4.644,-3.682
338.0,345.0,4.418,-4.604,-3.481
338.0,346.0,4.373,-4.565,-3.301
338.0,347.0,4.335,-4.526,-3.14
338.0,348.0,4.304,-4.488,-2.996
338.0,349.0,4.278,-4.45,-2.866
338.0,350.0,4.256,-4.413,-2.749
339.0,340.0,4.916,-4.862,-5.054
339.0,341.0,4.827,-4.834,-4.76
339.0,342.0,4.751,-4.805,-4.49
339.0,343.0,4.686,-4.776,-4.242
339.0,344.0,4.631,-4.746,-4.016
339.0,345.0,4.586,-4.715,-3.808
339.0,346.0,4.549,-4.684,-3.618
339.0,347.0,4.52,-4.653,-3.444
339.0,348.0,4.497,-4.621,-3.284
339.0,349.0,4.481,-4.59,-3.138
339.0,350.0,4.47,-4.558,-3.005
339.0,351.0,4.464,-4.527,-2.883
340.0,341.0,4.463,-4.439,-4.597
340.0,342.0,4.354,-4.39,-4.259
340.0,343.0,4.26,-4.342,-3.96
340.0,344.0,4.18,-4.295,-3.693
340.0,345.0,4.11,-4.249,-3.455
340.0,346.0,4.051,-4.203,-3.242
340.0,347.0,4.0,-4.157,-3.052
340.0,348.0,3.957,-4.112,-2.881
340.0,349.0,3.92,-4.068,-2.727
340.0,350.0,3.889,-4.024,-2.587
340.0,351.0,3.863,-3.981,-2.461
340.0,352.0,3.842,-3.938,-2.345
341.0,342.0,5.071,-5.07,-4.592
341.0,343.0,4.993,-5.03,-4.35
341.0,344.0,4.926,-4.99,-4.133
341.0,345.0,4.867,-4.951,-3.94
341.0,346.0,4.816,-4.912,-3.767
341.0,347.0,4.772,-4.874,-3.612
341.0,348.0,4.735,-4.836,-3.472
341.0,349.0,4.702,-4.798,-3.346
341.0,350.0,4.674,-4.761,-3.231
341.0,351.0,4.65,-4.724,-3.127
341.0,352.0,4.63,-4.687,-3.032
341.0,353.0,4.613,-4.651,-2.945
342.0,343.0,5.215,-5.222,-4.338
342.0,344.0,5.164,-5.186,-4.2
342.0,345.0,5.118,-5.151,-4.075
342.0,346.0,5.076,-5.116,-3.96
342.0,347.0,5.039,-5.081,-3.856
342.0,348.0,5.006,-5.046,-3.76
342.0,349.0,4.975,-5.011,-3.672
342.0,350.0,4.947,-4.976,-3.591
342.0,351.0,4.922,-4.941,-3.515
342.0,352.0,4.899,-4.907,-3.444
342.0,353.0,4.878,-4.872,-3.377
342.0,354.0,4.858,-4.838,-3.315
343.0,344.0,5.237,-5.268,-4.997
343.0,345.0,5.147,-5.226,-4.735
343.0,346.0,5.069,-5.184,-4.501
343.0,347.0,5.0,-5.143,-4.292
343.0,348.0,4.94,-5.102,-4.106
343.0,349.0,4.887,-5.062,-3.938
343.0,350.0,4.841,-5.022,-3.786
343.0,351.0,4.801,-4.983,-3.65
343.0,352.0,4.766,-4.944,-3.526
343.0,353.0,4.736,-4.905,-3.413
343.0,354.0,4.709,-4.866,-3.31
343.0,355.0,4.686,-4.828,-3.216
344.0,345.0,4.988,-5.031,-4.582
344.0,346.0,4.912,-4.993,-4.335
344.0,347.0,4.847,-4.956,-4.117
344.0,348.0,4.791,-4.919,-3.922
344.0,349.0,4.742,-4.882,-3.748
344.0,350.0,4.701,-4.846,-3.592
344.0,351.0,4.666,-4.81,-3.453
344.0,352.0,4.637,-4.775,-3.327
344.0,353.0,4.612,-4.74,-3.213
344.0,354.0,4.591,-4.705,-3.11
344.0,355.0,4.573,-4.67,-3.017
344.0,356.0,4.559,-4.636,-2.932
345.0,346.0,4.851,-4.868,-5.104
345.0,347.0,4.741,-4.824,-4.762
345.0,348.0,4.647,-4.782,-4.459
345.0,349.0,4.565,-4.739,-4.19
345.0,350.0,4.496,-4.698,-3.952
345.0,351.0,4.436,-4.656,-3.739
345.0,352.0,4.386,-4.616,-3.549
345.0,353.0,4.343,-4.575,-3.379
345.0,354.0,4.306,-4.535,-3.227
345.0,355.0,4.276,-4.496,-3.09
345.0,356.0,4.25,-4.456,-2.966
345.0,357.0,4.229,-4.418,-2.853
346.0,347.0,4.853,-4.843,-5.123
346.0,348.0,4.74,-4.797,-4.775
346.0,349.0,4.643,-4.752,-4.467
346.0,350.0,4.559,-4.707,-4.194
346.0,351.0,4.487,-4.663,-3.951
346.0,352.0,4.425,-4.62,-3.734
346.0,353.0,4.372,-4.577,-3.54
346.0,354.0,4.327,-4.534,-3.366
346.0,355.0,4.288,-4.492,-3.21
346.0,356.0,4.255,-4.45,-3.069
346.0,357.0,4.228,-4.409,-2.941
346.0,358.0,4.205,-4.368,-2.826
347.0,348.0,5.273,-5.226,-5.843
347.0,349.0,5.144,-5.182,-5.47
347.0,350.0,5.033,-5.138,-5.14
347.0,351.0,4.935,-5.094,-4.848
347.0,352.0,4.851,-5.051,-4.588
347.0,353.0,4.778,-5.008,-4.356
347.0,354.0,4.714,-4.966,-4.149
347.0,355.0,4.659,-4.924,-3.964
347.0,356.0,4.611,-4.882,-3.797
347.0,357.0,4.57,-4.841,-3.647
347.0,358.0,4.534,-4.8,-3.511
347.0,359.0,4.503,-4.759,-3.388
348.0,349.0,5.065,-5.041,-5.633
348.0,350.0,4.941,-5.0,-5.25
348.0,351.0,4.835,-4.96,-4.912
348.0,352.0,4.745,-4.92,-4.612
348.0,353.0,4.667,-4.88,-4.347
348.0,354.0,4.6,-4.841,-4.112
348.0,355.0,4.543,-4.803,-3.903
348.0,356.0,4.495,-4.765,-3.717
348.0,357.0,4.455,-4.727,-3.55
348.0,358.0,4.421,-4.689,-3.401
348.0,359.0,4.392,-4.652,-3.266
348.0,360.0,4.369,-4.615,-3.145
349.0,350.0,4.566,-4.539,-4.98
349.0,351.0,4.446,-4.489,-4.595
349.0,352.0,4.342,-4.44,-4.255
349.0,353.0,4.254,-4.392,-3.953
349.0,354.0,4.179,-4.344,-3.685
349.0,355.0,4.115,-4.297,-3.447
349.0,356.0,4.061,-4.251,-3.234
349.0,357.0,4.016,-4.206,-3.043
349.0,358.0,3.978,-4.161,-2.872
349.0,359.0,3.946,-4.116,-2.719
349.0,360.0,3.92,-4.073,-2.58
349.0,361.0,3.9,-4.029,-2.454
350.0,351.0,4.462,-4.432,-4.91
350.0,352.0,4.341,-4.382,-4.518
350.0,353.0,4.237,-4.332,-4.171
350.0,354.0,4.148,-4.283,-3.864
350.0,355.0,4.072,-4.235,-3.59
350.0,356.0,4.008,-4.187,-3.347
350.0,357.0,3.954,-4.141,-3.13
350.0,358.0,3.909,-4.094,-2.936
350.0,359.0,3.871,-4.049,-2.762
350.0,360.0,3.84,-4.004,-2.605
350.0,361.0,3.815,-3.96,-2.464
350.0,362.0,3.795,-3.916,-2.336
351.0,352.0,4.192,-4.178,-4.58
351.0,353.0,4.093,-4.134,-4.205
351.0,354.0,4.011,-4.089,-3.866
351.0,355.0,3.944,-4.043,-3.561
351.0,356.0,3.89,-3.998,-3.286
351.0,357.0,3.847,-3.952,-3.037
351.0,358.0,3.814,-3.905,-2.813
351.0,359.0,3.791,-3.859,-2.61
351.0,360.0,3.775,-3.814,-2.427
351.0,361.0,3.766,-3.768,-2.262
351.0,362.0,3.764,-3.723,-2.113
351.0,363.0,3.767,-3.678,-1.978
352.0,353.0,4.006,-4.012,-4.437
352.0,354.0,3.888,-3.958,-4.028
352.0,355.0,3.788,-3.906,-3.666
352.0,356.0,3.704,-3.855,-3.346
352.0,357.0,3.634,-3.805,-3.062
352.0,358.0,3.575,-3.755,-2.809
352.0,359.0,3.527,-3.706,-2.584
352.0,360.0,3.488,-3.658,-2.384
352.0,361.0,3.457,-3.61,-2.204
352.0,362.0,3.432,-3.563,-2.043
352.0,363.0,3.413,-3.517,-1.898
352.0,364.0,3.4,-3.472,-1.767
353.0,354.0,3.839,-3.824,-4.154
353.0,355.0,3.725,-3.768,-3.757
353.0,356.0,3.629,-3.713,-3.406
353.0,357.0,3.548,-3.659,-3.095
353.0,358.0,3.481,-3.606,-2.818
353.0,359.0,3.424,-3.554,-2.572
353.0,360.0,3.378,-3.502,-2.352
353.0,361.0,3.341,-3.452,-2.155
353.0,362.0,3.311,-3.402,-1.979
353.0,363.0,3.287,-3.353,-1.82
353.0,364.0,3.27,-3.304,-1.677
353.0,365.0,3.257,-3.257,-1.547
354.0,355.0,3.828,-3.833,-3.995
354.0,356.0,3.725,-3.779,-3.625
354.0,357.0,3.638,-3.727,-3.298
354.0,358.0,3.565,-3.675,-3.008
354.0,359.0,3.504,-3.624,-2.75
354.0,360.0,3.454,-3.574,-2.52
354.0,361.0,3.413,-3.525,-2.315
354.0,362.0,3.379,-3.476,-2.131
354.0,363.0,3.353,-3.428,-1.966
354.0,364.0,3.333,-3.381,-1.817
354.0,365.0,3.318,-3.334,-1.683
354.0,366.0,3.308,-3.288,-1.562
355.0,356.0,3.654,-3.666,-3.797
355.0,357.0,3.553,-3.612,-3.419
355.0,358.0,3.468,-3.56,-3.083
355.0,359.0,3.398,-3.507,-2.786
355.0,360.0,3.34,-3.456,-2.522
355.0,361.0,3.293,-3.406,-2.288
355.0,362.0,3.255,-3.356,-2.078
355.0,363.0,3.226,-3.307,-1.891
355.0,364.0,3.203,-3.259,-1.724
355.0,365.0,3.187,-3.212,-1.573
355.0,366.0,3.176,-3.165,-1.438
355.0,367.0,3.169,-3.119,-1.315
356.0,357.0,3.272,-3.273,-3.386
356.0,358.0,3.171,-3.215,-2.998
356.0,359.0,3.088,-3.157,-2.655
356.0,360.0,3.02,-3.101,-2.35
356.0,361.0,2.964,-3.045,-2.079
356.0,362.0,2.919,-2.991,-1.838
356.0,363.0,2.883,-2.937,-1.624
356.0,364.0,2.856,-2.884,-1.431
356.0,365.0,2.836,-2.832,-1.259
356.0,366.0,2.822,-2.781,-1.104
356.0,367.0,2.814,-2.731,-0.964
356.0,368.0,2.81,-2.681,-0.837
357.0,358.0,3.383,-3.398,-3.616
357.0,359.0,3.278,-3.343,-3.21
357.0,360.0,3.191,-3.288,-2.851
357.0,361.0,3.119,-3.234,-2.533
357.0,362.0,3.061,-3.181,-2.251
357.0,363.0,3.015,-3.129,-2.001
357.0,364.0,2.978,-3.078,-1.778
357.0,365.0,2.95,-3.028,-1.58
357.0,366.0,2.93,-2.979,-1.402
357.0,367.0,2.916,-2.93,-1.243
357.0,368.0,2.908,-2.882,-1.1
357.0,369.0,2.905,-2.835,-0.971
358.0,359.0,3.266,-3.259,-3.394
358.0,360.0,3.166,-3.202,-3.002
358.0,361.0,3.082,-3.145,-2.655
358.0,362.0,3.013,-3.089,-2.347
358.0,363.0,2.957,-3.035,-2.074
358.0,364.0,2.912,-2.981,-1.832
358.0,365.0,2.877,-2.929,-1.615
358.0,366.0,2.85,-2.877,-1.421
358.0,367.0,2.831,-2.826,-1.248
358.0,368.0,2.818,-2.776,-1.092
358.0,369.0,2.81,-2.726,-0.952
358.0,370.0,2.807,-2.678,-0.825
359.0,360.0,3.067,-3.05,-3.032
359.0,361.0,2.973,-2.99,-2.648
359.0,362.0,2.894,-2.931,-2.308
359.0,363.0,2.83,-2.874,-2.006
359.0,364.0,2.779,-2.817,-1.739
359.0,365.0,2.738,-2.761,-1.5
359.0,366.0,2.707,-2.707,-1.287
359.0,367.0,2.684,-2.653,-1.097
359.0,368.0,2.669,-2.6,-0.927
359.0,369.0,2.659,-2.548,-0.774
359.0,370.0,2.654,-2.497,-0.636
359.0,371.0,2.654,-2.447,-0.511
360.0,361.0,2.905,-2.934,-2.13
360.0,362.0,2.853,-2.879,-1.866
360.0,363.0,2.811,-2.825,-1.63
360.0,364.0,2.779,-2.771,-1.419
360.0,365.0,2.755,-2.719,-1.231
360.0,366.0,2.738,-2.667,-1.062
360.0,367.0,2.727,-2.617,-0.91
360.0,368.0,2.721,-2.567,-0.773
360.0,369.0,2.72,-2.518,-0.648
360.0,370.0,2.722,-2.469,-0.535
360.0,371.0,2.728,-2.422,-0.433
360.0,372.0,2.737,-2.375,-0.338
361.0,362.0,2.3,-2.29,-1.881
361.0,363.0,2.224,-2.223,-1.542
361.0,364.0,2.163,-2.157,-1.241
361.0,365.0,2.114,-2.093,-0.973
361.0,366.0,2.076,-2.03,-0.733
361.0,367.0,2.047,-1.968,-0.518
361.0,368.0,2.026,-1.908,-0.326
361.0,369.0,2.012,-1.849,-0.152
361.0,370.0,2.004,-1.791,0.005
361.0,371.0,2.001,-1.734,0.147
361.0,372.0,2.003,-1.677,0.276
361.0,373.0,2.009,-1.622,0.394
362.0,363.0,2.733,-2.769,-1.893
362.0,364.0,2.684,-2.712,-1.633
362.0,365.0,2.646,-2.656,-1.401
362.0,366.0,2.616,-2.601,-1.194
362.0,367.0,2.595,-2.547,-1.009
362.0,368.0,2.58,-2.493,-0.842
362.0,369.0,2.571,-2.441,-0.692
362.0,370.0,2.567,-2.389,-0.557
362.0,371.0,2.567,-2.339,-0.433
362.0,372.0,2.571,-2.289,-0.322
362.0,373.0,2.579,-2.239,-0.219
362.0,374.0,2.589,-2.191,-0.126
363.0,364.0,2.667,-2.651,-1.97
363.0,365.0,2.608,-2.593,-1.683
363.0,366.0,2.561,-2.535,-1.428
363.0,367.0,2.524,-2.479,-1.201
363.0,368.0,2.496,-2.424,-0.997
363.0,369.0,2.475,-2.369,-0.815
363.0,370.0,2.461,-2.316,-0.651
363.0,371.0,2.452,-2.263,-0.503
363.0,372.0,2.449,-2.211,-0.369
363.0,373.0,2.449,-2.161,-0.247
363.0,374.0,2.454,-2.11,-0.137
363.0,375.0,2.461,-2.061,-0.036
364.0,365.0,2.893,-2.925,-2.109
364.0,366.0,2.841,-2.87,-1.85
364.0,367.0,2.799,-2.815,-1.62
364.0,368.0,2.766,-2.762,-1.414
364.0,369.0,2.74,-2.709,-1.229
364.0,370.0,2.722,-2.657,-1.063
364.0,371.0,2.709,-2.606,-0.914
364.0,372.0,2.702,-2.555,-0.779
364.0,373.0,2.698,-2.506,-0.656
364.0,374.0,2.699,-2.457,-0.545
364.0,375.0,2.703,-2.409,-0.443
364.0,376.0,2.709,-2.362,-0.35
365.0,366.0,3.071,-3.077,-2.242
365.0,367.0,3.02,-3.023,-1.993
365.0,368.0,2.979,-2.97,-1.771
365.0,369.0,2.947,-2.919,-1.573
365.0,370.0,2.922,-2.867,-1.396
365.0,371.0,2.903,-2.817,-1.236
365.0,372.0,2.89,-2.768,-1.092
365.0,373.0,2.882,-2.719,-0.962
365.0,374.0,2.878,-2.671,-0.844
365.0,375.0,2.878,-2.623,-0.736
365.0,376.0,2.881,-2.577,-0.637
365.0,377.0,2.886,-2.531,-0.547
366.0,367.0,3.409,-3.427,-2.542
366.0,368.0,3.363,-3.379,-2.317
366.0,369.0,3.325,-3.332,-2.117
366.0,370.0,3.296,-3.285,-1.937
366.0,371.0,3.273,-3.239,-1.777
366.0,372.0,3.256,-3.194,-1.632
366.0,373.0,3.244,-3.149,-1.502
366.0,374.0,3.236,-3.105,-1.384
366.0,375.0,3.232,-3.062,-1.277
366.0,376.0,3.231,-3.018,-1.179
366.0,377.0,3.233,-2.976,-1.089
366.0,378.0,3.237,-2.934,-1.007
367.0,368.0,3.072,-3.025,-2.118
367.0,369.0,3.025,-2.973,-1.883
367.0,370.0,2.988,-2.921,-1.673
367.0,371.0,2.958,-2.871,-1.485
367.0,372.0,2.936,-2.821,-1.317
367.0,373.0,2.919,-2.771,-1.165
367.0,374.0,2.908,-2.723,-1.028
367.0,375.0,2.902,-2.675,-0.904
367.0,376.0,2.899,-2.628,-0.791
367.0,377.0,2.9,-2.582,-0.688
367.0,378.0,2.904,-2.536,-0.594
367.0,379.0,2.91,-2.491,-0.507
368.0,369.0,3.143,-3.077,-1.787
368.0,370.0,3.117,-3.029,-1.611
368.0,371.0,3.097,-2.981,-1.453
368.0,372.0,3.083,-2.934,-1.311
368.0,373.0,3.073,-2.887,-1.182
368.0,374.0,3.068,-2.842,-1.066
368.0,375.0,3.067,-2.797,-0.959
368.0,376.0,3.068,-2.752,-0.863
368.0,377.0,3.072,-2.708,-0.774
368.0,378.0,3.079,-2.665,-0.692
368.0,379.0,3.087,-2.622,-0.617
368.0,380.0,3.097,-2.58,-0.547
369.0,370.0,2.974,-2.959,-1.778
369.0,371.0,2.942,-2.908,-1.584
369.0,372.0,2.917,-2.858,-1.41
369.0,373.0,2.899,-2.809,-1.254
369.0,374.0,2.886,-2.76,-1.112
369.0,375.0,2.877,-2.712,-0.985
369.0,376.0,2.873,-2.665,-0.869
369.0,377.0,2.872,-2.618,-0.763
369.0,378.0,2.874,-2.572,-0.666
369.0,379.0,2.879,-2.527,-0.577
369.0,380.0,2.886,-2.482,-0.495
369.0,381.0,2.896,-2.438,-0.419
370.0,371.0,3.079,-2.992,-1.503
370.0,372.0,3.062,-2.944,-1.359
370.0,373.0,3.05,-2.896,-1.229
370.0,374.0,3.043,-2.849,-1.111
370.0,375.0,3.039,-2.803,-1.003
370.0,376.0,3.038,-2.758,-0.904
370.0,377.0,3.04,-2.713,-0.814
370.0,378.0,3.044,-2.668,-0.73
370.0,379.0,3.05,-2.625,-0.653
370.0,380.0,3.058,-2.581,-0.581
370.0,381.0,3.068,-2.539,-0.514
370.0,382.0,3.079,-2.497,-0.451
371.0,372.0,3.03,-2.829,-0.847
371.0,373.0,3.039,-2.784,-0.772
371.0,374.0,3.05,-2.74,-0.703
371.0,375.0,3.062,-2.696,-0.638
371.0,376.0,3.075,-2.653,-0.577
371.0,377.0,3.089,-2.61,-0.519
371.0,378.0,3.104,-2.568,-0.464
371.0,379.0,3.119,-2.527,-0.413
371.0,380.0,3.135,-2.486,-0.363
371.0,381.0,3.152,-2.445,-0.316
371.0,382.0,3.169,-2.405,-0.271
371.0,383.0,3.186,-2.366,-0.227
372.0,373.0,3.063,-2.765,-0.614
372.0,374.0,3.081,-2.722,-0.566
372.0,375.0,3.099,-2.679,-0.52
372.0,376.0,3.118,-2.637,-0.475
372.0,377.0,3.137,-2.595,-0.432
372.0,378.0,3.156,-2.554,-0.39
372.0,379.0,3.175,-2.513,-0.35
372.0,380.0,3.194,-2.473,-0.31
372.0,381.0,3.213,-2.433,-0.272
372.0,382.0,3.232,-2.394,-0.234
372.0,383.0,3.25,-2.356,-0.197
372.0,384.0,3.269,-2.318,-0.161
373.0,374.0,2.799,-2.443,-1.422
373.0,375.0,2.76,-2.391,-1.209
373.0,376.0,2.729,-2.34,-1.017
373.0,377.0,2.706,-2.29,-0.846
373.0,378.0,2.688,-2.241,-0.691
373.0,379.0,2.676,-2.193,-0.552
373.0,380.0,2.668,-2.145,-0.426
373.0,381.0,2.664,-2.098,-0.311
373.0,382.0,2.664,-2.051,-0.206
373.0,383.0,2.667,-2.005,-0.11
373.0,384.0,2.672,-1.96,-0.022
373.0,385.0,2.679,-1.915,0.06
374.0,375.0,2.518,-2.159,-1.018
374.0,376.0,2.484,-2.105,-0.813
374.0,377.0,2.459,-2.052,-0.629
374.0,378.0,2.44,-2.0,-0.463
374.0,379.0,2.426,-1.948,-0.314
374.0,380.0,2.418,-1.897,-0.178
374.0,381.0,2.414,-1.847,-0.055
374.0,382.0,2.414,-1.798,0.057
374.0,383.0,2.417,-1.749,0.16
374.0,384.0,2.422,-1.702,0.255
374.0,385.0,2.43,-1.654,0.342
374.0,386.0,2.441,-1.608,0.423
375.0,376.0,2.584,-2.302,-1.045
375.0,377.0,2.556,-2.25,-0.864
375.0,378.0,2.535,-2.198,-0.7
375.0,379.0,2.52,-2.147,-0.552
375.0,380.0,2.51,-2.096,-0.418
375.0,381.0,2.504,-2.046,-0.296
375.0,382.0,2.501,-1.997,-0.185
375.0,383.0,2.502,-1.949,-0.083
375.0,384.0,2.505,-1.901,0.012
375.0,385.0,2.511,-1.854,0.099
375.0,386.0,2.519,-1.808,0.179
375.0,387.0,2.529,-1.762,0.255
376.0,377.0,2.664,-2.402,-0.896
376.0,378.0,2.649,-2.354,-0.754
376.0,379.0,2.639,-2.306,-0.626
376.0,380.0,2.634,-2.259,-0.509
376.0,381.0,2.631,-2.213,-0.402
376.0,382.0,2.632,-2.167,-0.305
376.0,383.0,2.635,-2.122,-0.215
376.0,384.0,2.64,-2.077,-0.132
376.0,385.0,2.648,-2.033,-0.055
376.0,386.0,2.657,-1.989,0.017
376.0,387.0,2.668,-1.946,0.084
376.0,388.0,2.679,-1.904,0.147
377.0,378.0,2.556,-2.189,-0.557
377.0,379.0,2.547,-2.139,-0.428
377.0,380.0,2.542,-2.089,-0.311
377.0,381.0,2.541,-2.041,-0.204
377.0,382.0,2.543,-1.993,-0.105
377.0,383.0,2.547,-1.946,-0.014
377.0,384.0,2.554,-1.899,0.07
377.0,385.0,2.562,-1.853,0.148
377.0,386.0,2.572,-1.808,0.221
377.0,387.0,2.584,-1.763,0.289
377.0,388.0,2.597,-1.719,0.354
377.0,389.0,2.611,-1.675,0.414
378.0,379.0,2.193,-1.912,-1.039
378.0,380.0,2.147,-1.855,-0.799
378.0,381.0,2.109,-1.799,-0.584
378.0,382.0,2.08,-1.743,-0.392
378.0,383.0,2.058,-1.689,-0.219
378.0,384.0,2.042,-1.635,-0.063
378.0,385.0,2.031,-1.582,0.079
378.0,386.0,2.024,-1.53,0.208
378.0,387.0,2.021,-1.479,0.326
378.0,388.0,2.022,-1.428,0.434
378.0,389.0,2.026,-1.378,0.533
378.0,390.0,2.032,-1.329,0.625
379.0,380.0,2.052,-1.732,-0.674
379.0,381.0,2.015,-1.675,-0.458
379.0,382.0,1.986,-1.619,-0.263
379.0,383.0,1.964,-1.564,-0.088
379.0,384.0,1.948,-1.509,0.07
379.0,385.0,1.938,-1.455,0.213
379.0,386.0,1.932,-1.402,0.343
379.0,387.0,1.929,-1.35,0.463
379.0,388.0,1.93,-1.298,0.572
379.0,389.0,1.935,-1.247,0.673
379.0,390.0,1.941,-1.197,0.766
379.0,391.0,1.95,-1.148,0.852
380.0,381.0,2.081,-1.735,-0.155
380.0,382.0,2.07,-1.681,-0.012
380.0,383.0,2.064,-1.629,0.118
380.0,384.0,2.061,-1.576,0.237
380.0,385.0,2.062,-1.525,0.346
380.0,386.0,2.066,-1.474,0.446
380.0,387.0,2.073,-1.424,0.539
380.0,388.0,2.081,-1.375,0.625
380.0,389.0,2.092,-1.326,0.705
380.0,390.0,2.104,-1.278,0.781
380.0,391.0,2.117,-1.231,0.851
380.0,392.0,2.132,-1.184,0.918
381.0,382.0,2.159,-1.832,-0.355
381.0,383.0,2.142,-1.779,-0.202
381.0,384.0,2.131,-1.727,-0.063
381.0,385.0,2.124,-1.676,0.064
381.0,386.0,2.121,-1.625,0.18
381.0,387.0,2.121,-1.575,0.286
381.0,388.0,2.124,-1.525,0.384
381.0,389.0,2.13,-1.477,0.474
381.0,390.0,2.138,-1.429,0.558
381.0,391.0,2.147,-1.381,0.637
381.0,392.0,2.158,-1.334,0.71
381.0,393.0,2.171,-1.288,0.779
382.0,383.0,2.531,-2.191,-0.575
382.0,384.0,2.521,-2.143,-0.453
382.0,385.0,2.515,-2.095,-0.342
382.0,386.0,2.513,-2.047,-0.239
382.0,387.0,2.513,-2.0,-0.145
382.0,388.0,2.516,-1.954,-0.058
382.0,389.0,2.52,-1.908,0.023
382.0,390.0,2.527,-1.863,0.099
382.0,391.0,2.535,-1.818,0.17
382.0,392.0,2.544,-1.774,0.236
382.0,393.0,2.555,-1.73,0.299
382.0,394.0,2.566,-1.687,0.359
383.0,384.0,3.269,-2.842,-0.513
383.0,385.0,3.296,-2.805,-0.514
383.0,386.0,3.32,-2.768,-0.509
383.0,387.0,3.343,-2.731,-0.501
383.0,388.0,3.364,-2.695,-0.49
383.0,389.0,3.385,-2.659,-0.476
383.0,390.0,3.404,-2.623,-0.46
383.0,391.0,3.422,-2.588,-0.442
383.0,392.0,3.439,-2.553,-0.422
383.0,393.0,3.456,-2.519,-0.401
383.0,394.0,3.472,-2.485,-0.379
383.0,395.0,3.487,-2.451,-0.356
384.0,385.0,3.337,-2.855,-0.621
384.0,386.0,3.359,-2.818,-0.61
384.0,387.0,3.379,-2.782,-0.596
384.0,388.0,3.398,-2.746,-0.58
384.0,389.0,3.417,-2.71,-0.562
384.0,390.0,3.434,-2.674,-0.542
384.0,391.0,3.451,-2.639,-0.521
384.0,392.0,3.467,-2.604,-0.498
384.0,393.0,3.482,-2.57,-0.475
384.0,394.0,3.497,-2.536,-0.45
384.0,395.0,3.511,-2.502,-0.425
384.0,396.0,3.525,-2.468,-0.399
385.0,386.0,3.322,-2.855,-0.696
385.0,387.0,3.34,-2.817,-0.674
385.0,388.0,3.356,-2.78,-0.65
385.0,389.0,3.372,-2.743,-0.626
385.0,390.0,3.387,-2.706,-0.6
385.0,391.0,3.402,-2.67,-0.573
385.0,392.0,3.416,-2.634,-0.546
385.0,393.0,3.43,-2.599,-0.518
385.0,394.0,3.444,-2.564,-0.489
385.0,395.0,3.457,-2.529,-0.461
385.0,396.0,3.47,-2.494,-0.432
385.0,397.0,3.483,-2.46,-0.403
386.0,387.0,3.134,-2.61,-0.37
386.0,388.0,3.155,-2.572,-0.353
386.0,389.0,3.175,-2.534,-0.334
386.0,390.0,3.195,-2.496,-0.313
386.0,391.0,3.213,-2.459,-0.29
386.0,392.0,3.231,-2.422,-0.266
386.0,393.0,3.249,-2.386,-0.241
386.0,394.0,3.266,-2.35,-0.216
386.0,395.0,3.282,-2.314,-0.189
386.0,396.0,3.298,-2.279,-0.162
386.0,397.0,3.313,-2.244,-0.135
386.0,398.0,3.329,-2.21,-0.107
387.0,388.0,3.165,-2.437,-0.864
387.0,389.0,3.155,-2.396,-0.756
387.0,390.0,3.148,-2.356,-0.657
387.0,391.0,3.144,-2.316,-0.566
387.0,392.0,3.143,-2.277,-0.483
387.0,393.0,3.143,-2.238,-0.406
387.0,394.0,3.146,-2.199,-0.335
387.0,395.0,3.15,-2.161,-0.269
387.0,396.0,3.156,-2.124,-0.208
387.0,397.0,3.163,-2.086,-0.15
387.0,398.0,3.17,-2.05,-0.095
387.0,399.0,3.179,-2.013,-0.044
388.0,389.0,2.975,-2.195,-0.766
388.0,390.0,2.957,-2.152,-0.631
388.0,391.0,2.945,-2.11,-0.508
388.0,392.0,2.936,-2.068,-0.397
388.0,393.0,2.93,-2.026,-0.296
388.0,394.0,2.928,-1.986,-0.204
388.0,395.0,2.928,-1.945,-0.119
388.0,396.0,2.93,-1.905,-0.041
388.0,397.0,2.935,-1.866,0.032
388.0,398.0,2.94,-1.827,0.099
388.0,399.0,2.948,-1.788,0.162
388.0,400.0,2.956,-1.75,0.221
389.0,390.0,2.885,-1.961,-0.939
389.0,391.0,2.847,-1.915,-0.742
389.0,392.0,2.817,-1.869,-0.567
389.0,393.0,2.794,-1.824,-0.409
389.0,394.0,2.776,-1.78,-0.267
389.0,395.0,2.762,-1.736,-0.139
389.0,396.0,2.754,-1.693,-0.023
389.0,397.0,2.748,-1.65,0.083
389.0,398.0,2.746,-1.608,0.179
389.0,399.0,2.747,-1.566,0.268
389.0,400.0,2.75,-1.525,0.35
389.0,401.0,2.755,-1.484,0.425
390.0,391.0,2.899,-1.917,-0.651
390.0,392.0,2.874,-1.872,-0.491
390.0,393.0,2.855,-1.828,-0.347
390.0,394.0,2.84,-1.785,-0.217
390.0,395.0,2.83,-1.742,-0.1
390.0,396.0,2.823,-1.699,0.008
390.0,397.0,2.82,-1.657,0.105
390.0,398.0,2.82,-1.616,0.195
390.0,399.0,2.822,-1.575,0.277
390.0,400.0,2.826,-1.535,0.354
390.0,401.0,2.831,-1.495,0.424
390.0,402.0,2.839,-1.456,0.49
391.0,392.0,3.015,-1.993,-1.141
391.0,393.0,2.969,-1.947,-0.927
391.0,394.0,2.931,-1.902,-0.735
391.0,395.0,2.901,-1.857,-0.564
391.0,396.0,2.877,-1.812,-0.41
391.0,397.0,2.858,-1.769,-0.271
391.0,398.0,2.844,-1.725,-0.146
391.0,399.0,2.834,-1.683,-0.032
391.0,400.0,2.828,-1.641,0.071
391.0,401.0,2.825,-1.599,0.166
391.0,402.0,2.824,-1.558,0.253
391.0,403.0,2.826,-1.518,0.333
392.0,393.0,2.701,-1.684,-0.861
392.0,394.0,2.653,-1.635,-0.63
392.0,395.0,2.615,-1.587,-0.423
392.0,396.0,2.584,-1.539,-0.238
392.0,397.0,2.56,-1.492,-0.073
392.0,398.0,2.542,-1.445,0.076
392.0,399.0,2.529,-1.4,0.21
392.0,400.0,2.52,-1.354,0.332
392.0,401.0,2.516,-1.31,0.443
392.0,402.0,2.515,-1.266,0.544
392.0,403.0,2.516,-1.223,0.637
392.0,404.0,2.52,-1.18,0.722
393.0,394.0,2.856,-1.825,-0.416
393.0,395.0,2.838,-1.781,-0.276
393.0,396.0,2.825,-1.737,-0.15
393.0,397.0,2.815,-1.694,-0.036
393.0,398.0,2.81,-1.652,0.068
393.0,399.0,2.807,-1.61,0.164
393.0,400.0,2.807,-1.569,0.251
393.0,401.0,2.81,-1.528,0.332
393.0,402.0,2.814,-1.488,0.406
393.0,403.0,2.82,-1.448,0.476
393.0,404.0,2.828,-1.409,0.541
393.0,405.0,2.836,-1.37,0.601
394.0,395.0,2.797,-1.687,-0.106
394.0,396.0,2.788,-1.643,0.011
394.0,397.0,2.782,-1.601,0.117
394.0,398.0,2.779,-1.558,0.214
394.0,399.0,2.779,-1.517,0.303
394.0,400.0,2.781,-1.476,0.386
394.0,401.0,2.786,-1.435,0.461
394.0,402.0,2.792,-1.395,0.532
394.0,403.0,2.8,-1.355,0.598
394.0,404.0,2.809,-1.316,0.659
394.0,405.0,2.819,-1.278,0.717
394.0,406.0,2.83,-1.239,0.772
395.0,396.0,2.669,-1.429,0.413
395.0,397.0,2.673,-1.386,0.497
395.0,398.0,2.679,-1.344,0.576
395.0,399.0,2.686,-1.302,0.648
395.0,400.0,2.695,-1.261,0.716
395.0,401.0,2.706,-1.221,0.779
395.0,402.0,2.717,-1.181,0.839
395.0,403.0,2.73,-1.141,0.895
395.0,404.0,2.743,-1.102,0.949
395.0,405.0,2.758,-1.064,0.999
395.0,406.0,2.772,-1.026,1.048
395.0,407.0,2.788,-0.989,1.094
396.0,397.0,2.556,-1.201,0.643
396.0,398.0,2.56,-1.159,0.732
396.0,399.0,2.566,-1.118,0.813
396.0,400.0,2.575,-1.077,0.889
396.0,401.0,2.585,-1.037,0.959
396.0,402.0,2.596,-0.997,1.024
396.0,403.0,2.609,-0.957,1.085
396.0,404.0,2.623,-0.919,1.142
396.0,405.0,2.638,-0.88,1.196
396.0,406.0,2.654,-0.842,1.247
396.0,407.0,2.67,-0.805,1.296
396.0,408.0,2.687,-0.768,1.342
397.0,398.0,2.826,-1.419,1.015
397.0,399.0,2.86,-1.381,1.01
397.0,400.0,2.891,-1.344,1.009
397.0,401.0,2.92,-1.308,1.013
397.0,402.0,2.948,-1.271,1.021
397.0,403.0,2.974,-1.236,1.031
397.0,404.0,2.999,-1.201,1.044
397.0,405.0,3.023,-1.166,1.06
397.0,406.0,3.046,-1.131,1.077
397.0,407.0,3.068,-1.098,1.096
397.0,408.0,3.09,-1.064,1.116
397.0,409.0,3.111,-1.031,1.137
398.0,399.0,3.063,-1.449,0.623
398.0,400.0,3.078,-1.412,0.663
398.0,401.0,3.093,-1.376,0.701
398.0,402.0,3.109,-1.339,0.739
398.0,403.0,3.124,-1.304,0.776
398.0,404.0,3.14,-1.269,0.812
398.0,405.0,3.155,-1.234,0.847
398.0,406.0,3.171,-1.199,0.881
398.0,407.0,3.186,-1.165,0.915
398.0,408.0,3.202,-1.132,0.948
398.0,409.0,3.217,-1.099,0.98
398.0,410.0,3.233,-1.066,1.012
399.0,400.0,2.845,-1.142,0.697
399.0,401.0,2.849,-1.102,0.778
399.0,402.0,2.855,-1.063,0.853
399.0,403.0,2.863,-1.024,0.922
399.0,404.0,2.872,-0.986,0.987
399.0,405.0,2.882,-0.948,1.047
399.0,406.0,2.894,-0.911,1.103
399.0,407.0,2.907,-0.874,1.156
399.0,408.0,2.92,-0.838,1.206
399.0,409.0,2.935,-0.803,1.254
399.0,410.0,2.949,-0.768,1.299
399.0,411.0,2.965,-0.733,1.342
400.0,401.0,3.004,-1.246,1.087
400.0,402.0,3.033,-1.211,1.092
400.0,403.0,3.06,-1.177,1.099
400.0,404.0,3.085,-1.143,1.11
400.0,405.0,3.11,-1.109,1.122
400.0,406.0,3.133,-1.076,1.137
400.0,407.0,3.156,-1.043,1.154
400.0,408.0,3.177,-1.01,1.172
400.0,409.0,3.198,-0.978,1.191
400.0,410.0,3.219,-0.947,1.211
400.0,411.0,3.238,-0.916,1.232
400.0,412.0,3.258,-0.885,1.253
401.0,402.0,2.935,-1.075,0.713
401.0,403.0,2.937,-1.037,0.799
401.0,404.0,2.94,-0.999,0.878
401.0,405.0,2.946,-0.962,0.95
401.0,406.0,2.953,-0.925,1.017
401.0,407.0,2.962,-0.889,1.079
401.0,408.0,2.973,-0.853,1.137
401.0,409.0,2.984,-0.818,1.191
401.0,410.0,2.997,-0.784,1.242
401.0,411.0,3.01,-0.75,1.29
401.0,412.0,3.024,-0.716,1.335
401.0,413.0,3.039,-0.683,1.378
402.0,403.0,2.851,-0.982,1.08
402.0,404.0,2.866,-0.944,1.129
402.0,405.0,2.881,-0.907,1.175
402.0,406.0,2.897,-0.871,1.22
402.0,407.0,2.914,-0.835,1.263
402.0,408.0,2.931,-0.799,1.304
402.0,409.0,2.948,-0.764,1.343
402.0,410.0,2.966,-0.73,1.381
402.0,411.0,2.983,-0.696,1.418
402.0,412.0,3.001,-0.662,1.453
402.0,413.0,3.019,-0.629,1.488
402.0,414.0,3.037,-0.596,1.521
403.0,404.0,2.939,-0.992,1.149
403.0,405.0,2.958,-0.956,1.185
403.0,406.0,2.977,-0.92,1.221
403.0,407.0,2.995,-0.885,1.255
403.0,408.0,3.014,-0.851,1.289
403.0,409.0,3.033,-0.816,1.322
403.0,410.0,3.052,-0.783,1.354
403.0,411.0,3.07,-0.75,1.386
403.0,412.0,3.089,-0.717,1.417
403.0,413.0,3.108,-0.685,1.447
403.0,414.0,3.126,-0.653,1.477
403.0,415.0,3.144,-0.622,1.506
404.0,405.0,2.825,-0.801,0.944
404.0,406.0,2.825,-0.762,1.04
404.0,407.0,2.827,-0.724,1.128
404.0,408.0,2.832,-0.686,1.208
404.0,409.0,2.838,-0.649,1.282
404.0,410.0,2.847,-0.612,1.35
404.0,411.0,2.857,-0.576,1.413
404.0,412.0,2.869,-0.54,1.471
404.0,413.0,2.881,-0.505,1.526
404.0,414.0,2.895,-0.47,1.577
404.0,415.0,2.91,-0.436,1.625
404.0,416.0,2.925,-0.403,1.671
405.0,406.0,3.04,-0.913,0.987
405.0,407.0,3.047,-0.878,1.053
405.0,408.0,3.055,-0.843,1.115
405.0,409.0,3.065,-0.808,1.172
405.0,410.0,3.076,-0.774,1.225
405.0,411.0,3.088,-0.741,1.275
405.0,412.0,3.101,-0.708,1.322
405.0,413.0,3.115,-0.675,1.366
405.0,414.0,3.129,-0.643,1.408
405.0,415.0,3.143,-0.612,1.448
405.0,416.0,3.159,-0.581,1.486
405.0,417.0,3.174,-0.55,1.522
406.0,407.0,3.139,-0.919,0.777
406.0,408.0,3.135,-0.884,0.87
406.0,409.0,3.135,-0.849,0.954
406.0,410.0,3.137,-0.814,1.031
406.0,411.0,3.141,-0.78,1.101
406.0,412.0,3.147,-0.747,1.166
406.0,413.0,3.155,-0.714,1.226
406.0,414.0,3.164,-0.682,1.282
406.0,415.0,3.174,-0.65,1.333
406.0,416.0,3.186,-0.618,1.381
406.0,417.0,3.198,-0.587,1.427
406.0,418.0,3.211,-0.557,1.469
407.0,408.0,2.946,-0.637,0.65
407.0,409.0,2.923,-0.597,0.81
407.0,410.0,2.905,-0.558,0.953
407.0,411.0,2.893,-0.519,1.081
407.0,412.0,2.885,-0.481,1.197
407.0,413.0,2.881,-0.444,1.301
407.0,414.0,2.88,-0.407,1.395
407.0,415.0,2.883,-0.371,1.481
407.0,416.0,2.887,-0.336,1.56
407.0,417.0,2.894,-0.301,1.631
407.0,418.0,2.903,-0.266,1.697
407.0,419.0,2.914,-0.233,1.758
408.0,409.0,2.647,-0.219,0.049
408.0,410.0,2.571,-0.171,0.369
408.0,411.0,2.51,-0.124,0.651
408.0,412.0,2.46,-0.077,0.901
408.0,413.0,2.421,-0.031,1.123
408.0,414.0,2.391,0.013,1.321
408.0,415.0,2.368,0.057,1.497
408.0,416.0,2.352,0.101,1.654
408.0,417.0,2.342,0.143,1.795
408.0,418.0,2.337,0.185,1.922
408.0,419.0,2.337,0.226,2.036
408.0,420.0,2.34,0.266,2.14
409.0,410.0,2.598,-0.19,-0.014
409.0,411.0,2.518,-0.142,0.321
409.0,412.0,2.452,-0.094,0.617
409.0,413.0,2.399,-0.047,0.878
409.0,414.0,2.357,-0.001,1.109
409.0,415.0,2.325,0.044,1.315
409.0,416.0,2.3,0.089,1.498
409.0,417.0,2.283,0.132,1.662
409.0,418.0,2.272,0.175,1.808
409.0,419.0,2.266,0.217,1.94
409.0,420.0,2.264,0.258,2.058
409.0,421.0,2.267,0.299,2.166
410.0,411.0,2.719,-0.3,-0.055
410.0,412.0,2.642,-0.252,0.265
410.0,413.0,2.579,-0.206,0.547
410.0,414.0,2.529,-0.16,0.797
410.0,415.0,2.488,-0.114,1.019
410.0,416.0,2.457,-0.07,1.216
410.0,417.0,2.433,-0.027,1.392
410.0,418.0,2.416,0.016,1.549
410.0,419.0,2.405,0.058,1.69
410.0,420.0,2.399,0.1,1.816
410.0,421.0,2.397,0.14,1.931
410.0,422.0,2.399,0.18,2.034
411.0,412.0,2.435,-0.026,-0.457
411.0,413.0,2.324,0.029,-0.03
411.0,414.0,2.231,0.084,0.346
411.0,415.0,2.155,0.137,0.678
411.0,416.0,2.093,0.189,0.972
411.0,417.0,2.044,0.241,1.232
411.0,418.0,2.005,0.291,1.463
411.0,419.0,1.976,0.34,1.668
411.0,420.0,1.954,0.389,1.852
411.0,421.0,1.939,0.437,2.017
411.0,422.0,1.931,0.483,2.164
411.0,423.0,1.927,0.529,2.297
412.0,413.0,2.644,-0.237,-0.768
412.0,414.0,2.528,-0.183,-0.335
412.0,415.0,2.432,-0.13,0.046
412.0,416.0,2.352,-0.078,0.383
412.0,417.0,2.287,-0.027,0.68
412.0,418.0,2.234,0.024,0.943
412.0,419.0,2.192,0.073,1.177
412.0,420.0,2.159,0.122,1.384
412.0,421.0,2.134,0.17,1.57
412.0,422.0,2.116,0.218,1.736
412.0,423.0,2.105,0.264,1.885
412.0,424.0,2.098,0.31,2.02
413.0,414.0,2.331,0.004,-1.277
413.0,415.0,2.174,0.067,-0.723
413.0,416.0,2.043,0.13,-0.237
413.0,417.0,1.934,0.19,0.191
413.0,418.0,1.844,0.25,0.569
413.0,419.0,1.77,0.308,0.903
413.0,420.0,1.71,0.365,1.198
413.0,421.0,1.663,0.421,1.461
413.0,422.0,1.627,0.476,1.694
413.0,423.0,1.6,0.53,1.903
413.0,424.0,1.581,0.583,2.089
413.0,425.0,1.568,0.634,2.256
414.0,415.0,2.303,-0.238,-1.345
414.0,416.0,2.154,-0.174,-0.818
414.0,417.0,2.03,-0.112,-0.355
414.0,418.0,1.926,-0.05,0.053
414.0,419.0,1.84,0.01,0.413
414.0,420.0,1.77,0.069,0.733
414.0,421.0,1.714,0.127,1.016
414.0,422.0,1.669,0.183,1.267
414.0,423.0,1.634,0.239,1.492
414.0,424.0,1.609,0.294,1.693
414.0,425.0,1.591,0.347,1.873
414.0,426.0,1.579,0.4,2.035
415.0,416.0,2.194,-0.138,-0.815
415.0,417.0,2.069,-0.077,-0.347
415.0,418.0,1.965,-0.017,0.064
415.0,419.0,1.879,0.042,0.428
415.0,420.0,1.809,0.1,0.749
415.0,421.0,1.752,0.157,1.034
415.0,422.0,1.707,0.212,1.287
415.0,423.0,1.672,0.267,1.513
415.0,424.0,1.646,0.321,1.715
415.0,425.0,1.628,0.374,1.895
415.0,426.0,1.616,0.426,2.058
415.0,427.0,1.61,0.477,2.204
416.0,417.0,1.668,0.277,-1.166
416.0,418.0,1.499,0.353,-0.574
416.0,419.0,1.358,0.426,-0.053
416.0,420.0,1.241,0.498,0.407
416.0,421.0,1.144,0.569,0.813
416.0,422.0,1.065,0.638,1.173
416.0,423.0,1.002,0.706,1.492
416.0,424.0,0.951,0.772,1.777
416.0,425.0,0.912,0.838,2.031
416.0,426.0,0.883,0.902,2.258
416.0,427.0,0.863,0.965,2.463
416.0,428.0,0.851,1.026,2.647
417.0,418.0,1.749,0.074,-0.506
417.0,419.0,1.627,0.142,-0.042
417.0,420.0,1.526,0.209,0.368
417.0,421.0,1.443,0.274,0.73
417.0,422.0,1.375,0.338,1.051
417.0,423.0,1.321,0.401,1.337
417.0,424.0,1.278,0.463,1.591
417.0,425.0,1.246,0.524,1.819
417.0,426.0,1.222,0.583,2.023
417.0,427.0,1.206,0.642,2.207
417.0,428.0,1.197,0.699,2.372
417.0,429.0,1.193,0.756,2.523
418.0,419.0,1.84,-0.307,-0.312
418.0,420.0,1.749,-0.246,0.064
418.0,421.0,1.674,-0.186,0.398
418.0,422.0,1.613,-0.127,0.693
418.0,423.0,1.564,-0.069,0.956
418.0,424.0,1.527,-0.011,1.19
418.0,425.0,1.498,0.045,1.399
418.0,426.0,1.477,0.1,1.587
418.0,427.0,1.463,0.155,1.756
418.0,428.0,1.456,0.209,1.909
418.0,429.0,1.453,0.261,2.047
418.0,430.0,1.455,0.313,2.173
419.0,420.0,1.915,-0.317,-0.201
419.0,421.0,1.83,-0.255,0.153
419.0,422.0,1.76,-0.195,0.466
419.0,423.0,1.703,-0.135,0.745
419.0,424.0,1.658,-0.077,0.993
419.0,425.0,1.623,-0.019,1.215
419.0,426.0,1.596,0.038,1.414
419.0,427.0,1.577,0.093,1.593
419.0,428.0,1.564,0.148,1.754
419.0,429.0,1.557,0.202,1.9
419.0,430.0,1.554,0.255,2.033
419.0,431.0,1.556,0.307,2.154
420.0,421.0,2.223,-0.701,-0.511
420.0,422.0,2.141,-0.642,-0.178
420.0,423.0,2.073,-0.584,0.118
420.0,424.0,2.018,-0.527,0.382
420.0,425.0,1.973,-0.471,0.616
420.0,426.0,1.938,-0.416,0.826
420.0,427.0,1.911,-0.362,1.014
420.0,428.0,1.891,-0.309,1.183
420.0,429.0,1.877,-0.256,1.336
420.0,430.0,1.868,-0.205,1.474
420.0,431.0,1.864,-0.154,1.6
420.0,432.0,1.864,-0.104,1.716
421.0,422.0,1.823,-0.288,-1.086
421.0,423.0,1.688,-0.219,-0.599
421.0,424.0,1.576,-0.15,-0.169
421.0,425.0,1.482,-0.083,0.211
421.0,426.0,1.406,-0.018,0.548
421.0,427.0,1.343,0.047,0.848
421.0,428.0,1.293,0.11,1.115
421.0,429.0,1.254,0.173,1.353
421.0,430.0,1.224,0.234,1.567
421.0,431.0,1.202,0.294,1.76
421.0,432.0,1.187,0.354,1.934
421.0,433.0,1.178,0.412,2.091
422.0,423.0,1.576,-0.284,-1.691
422.0,424.0,1.408,-0.207,-1.112
422.0,425.0,1.266,-0.131,-0.601
422.0,426.0,1.148,-0.057,-0.15
422.0,427.0,1.05,0.016,0.249
422.0,428.0,0.969,0.088,0.603
422.0,429.0,0.903,0.158,0.918
422.0,430.0,0.85,0.227,1.199
422.0,431.0,0.809,0.295,1.451
422.0,432.0,0.777,0.362,1.677
422.0,433.0,0.754,0.428,1.88
422.0,434.0,0.738,0.493,2.065
423.0,424.0,1.059,-0.99,-0.526
423.0,425.0,0.989,-0.923,-0.208
423.0,426.0,0.932,-0.858,0.075
423.0,427.0,0.887,-0.793,0.329
423.0,428.0,0.853,-0.729,0.556
423.0,429.0,0.827,-0.666,0.761
423.0,430.0,0.809,-0.604,0.945
423.0,431.0,0.798,-0.543,1.113
423.0,432.0,0.793,-0.483,1.265
423.0,433.0,0.793,-0.423,1.404
423.0,434.0,0.797,-0.365,1.532
423.0,435.0,0.804,-0.307,1.649
424.0,425.0,1.032,-0.952,-0.613
424.0,426.0,0.954,-0.884,-0.279
424.0,427.0,0.891,-0.818,0.018
424.0,428.0,0.841,-0.752,0.284
424.0,429.0,0.801,-0.687,0.522
424.0,430.0,0.772,-0.624,0.736
424.0,431.0,0.75,-0.561,0.929
424.0,432.0,0.735,-0.499,1.104
424.0,433.0,0.727,-0.438,1.263
424.0,434.0,0.724,-0.378,1.408
424.0,435.0,0.726,-0.319,1.541
424.0,436.0,0.732,-0.261,1.663
425.0,426.0,1.148,-1.0,-1.078
425.0,427.0,1.049,-0.932,-0.69
425.0,428.0,0.967,-0.865,-0.345
425.0,429.0,0.9,-0.798,-0.039
425.0,430.0,0.846,-0.733,0.235
425.0,431.0,0.804,-0.668,0.479
425.0,432.0,0.771,-0.604,0.699
425.0,433.0,0.747,-0.542,0.897
425.0,434.0,0.73,-0.48,1.077
425.0,435.0,0.719,-0.418,1.239
425.0,436.0,0.714,-0.358,1.388
425.0,437.0,0.714,-0.298,1.524
426.0,427.0,1.2,-1.067,-1.224
426.0,428.0,1.096,-1.0,-0.828
426.0,429.0,1.011,-0.934,-0.477
426.0,430.0,0.941,-0.869,-0.165
426.0,431.0,0.885,-0.804,0.112
426.0,432.0,0.84,-0.74,0.361
426.0,433.0,0.805,-0.677,0.584
426.0,434.0,0.778,-0.615,0.784
426.0,435.0,0.759,-0.554,0.966
426.0,436.0,0.747,-0.493,1.13
426.0,437.0,0.74,-0.433,1.28
426.0,438.0,0.738,-0.374,1.418
427.0,428.0,0.964,-0.87,-0.923
427.0,429.0,0.866,-0.798,-0.541
427.0,430.0,0.784,-0.726,-0.201
427.0,431.0,0.718,-0.656,0.102
427.0,432.0,0.663,-0.587,0.373
427.0,433.0,0.62,-0.518,0.616
427.0,434.0,0.587,-0.451,0.835
427.0,435.0,0.561,-0.384,1.034
427.0,436.0,0.543,-0.318,1.214
427.0,437.0,0.531,-0.253,1.378
427.0,438.0,0.525,-0.189,1.528
427.0,439.0,0.523,-0.125,1.667
428.0,429.0,1.403,-1.309,-1.493
428.0,430.0,1.296,-1.239,-1.101
428.0,431.0,1.207,-1.17,-0.754
428.0,432.0,1.133,-1.102,-0.445
428.0,433.0,1.073,-1.035,-0.169
428.0,434.0,1.024,-0.969,0.079
428.0,435.0,0.985,-0.904,0.301
428.0,436.0,0.954,-0.839,0.502
428.0,437.0,0.931,-0.776,0.683
428.0,438.0,0.915,-0.713,0.848
428.0,439.0,0.904,-0.652,0.999
428.0,440.0,0.898,-0.591,1.138
429.0,430.0,1.357,-1.271,-1.397
429.0,431.0,1.254,-1.201,-1.019
429.0,432.0,1.168,-1.131,-0.682
429.0,433.0,1.097,-1.063,-0.382
429.0,434.0,1.038,-0.995,-0.114
429.0,435.0,0.99,-0.928,0.127
429.0,436.0,0.952,-0.862,0.344
429.0,437.0,0.922,-0.797,0.54
429.0,438.0,0.899,-0.733,0.718
429.0,439.0,0.882,-0.67,0.88
429.0,440.0,0.871,-0.607,1.029
429.0,441.0,0.865,-0.545,1.166
430.0,431.0,1.728,-1.635,-1.703
430.0,432.0,1.629,-1.568,-1.347
430.0,433.0,1.546,-1.503,-1.031
430.0,434.0,1.477,-1.437,-0.749
430.0,435.0,1.42,-1.373,-0.497
430.0,436.0,1.373,-1.309,-0.27
430.0,437.0,1.335,-1.247,-0.066
430.0,438.0,1.304,-1.184,0.12
430.0,439.0,1.28,-1.123,0.288
430.0,440.0,1.262,-1.062,0.442
430.0,441.0,1.249,-1.001,0.583
430.0,442.0,1.241,-0.942,0.713
431.0,432.0,1.631,-1.554,-1.604
431.0,433.0,1.532,-1.486,-1.245
431.0,434.0,1.449,-1.419,-0.926
431.0,435.0,1.38,-1.352,-0.642
431.0,436.0,1.323,-1.287,-0.387
431.0,437.0,1.276,-1.222,-0.158
431.0,438.0,1.238,-1.158,0.048
431.0,439.0,1.208,-1.095,0.235
431.0,440.0,1.185,-1.033,0.405
431.0,441.0,1.167,-0.971,0.56
431.0,442.0,1.155,-0.91,0.702
431.0,443.0,1.147,-0.85,0.833
432.0,433.0,1.863,-1.806,-1.981
432.0,434.0,1.758,-1.739,-1.617
432.0,435.0,1.67,-1.674,-1.293
432.0,436.0,1.597,-1.609,-1.004
432.0,437.0,1.535,-1.545,-0.746
432.0,438.0,1.483,-1.481,-0.514
432.0,439.0,1.441,-1.418,-0.305
432.0,440.0,1.407,-1.356,-0.116
432.0,441.0,1.38,-1.294,0.056
432.0,442.0,1.359,-1.233,0.212
432.0,443.0,1.342,-1.173,0.356
432.0,444.0,1.331,-1.113,0.489
433.0,434.0,2.199,-2.145,-2.414
433.0,435.0,2.09,-2.082,-2.049
433.0,436.0,1.998,-2.02,-1.725
433.0,437.0,1.919,-1.958,-1.437
433.0,438.0,1.853,-1.897,-1.179
433.0,439.0,1.798,-1.837,-0.948
433.0,440.0,1.752,-1.777,-0.74
433.0,441.0,1.714,-1.718,-0.552
433.0,442.0,1.682,-1.659,-0.382
433.0,443.0,1.657,-1.601,-0.227
433.0,444.0,1.637,-1.544,-0.084
433.0,445.0,1.622,-1.487,0.046
434.0,435.0,2.664,-2.647,-2.669
434.0,436.0,2.571,-2.593,-2.354
434.0,437.0,2.492,-2.538,-2.074
434.0,438.0,2.426,-2.484,-1.825
434.0,439.0,2.369,-2.431,-1.602
434.0,440.0,2.322,-2.377,-1.402
434.0,441.0,2.283,-2.324,-1.223
434.0,442.0,2.25,-2.272,-1.06
434.0,443.0,2.223,-2.22,-0.912
434.0,444.0,2.201,-2.168,-0.777
434.0,445.0,2.184,-2.117,-0.653
434.0,446.0,2.17,-2.066,-0.54
435.0,436.0,2.912,-2.9,-3.31
435.0,437.0,2.797,-2.843,-2.945
435.0,438.0,2.699,-2.786,-2.621
435.0,439.0,2.616,-2.729,-2.333
435.0,440.0,2.545,-2.674,-2.076
435.0,441.0,2.485,-2.618,-1.846
435.0,442.0,2.434,-2.563,-1.64
435.0,443.0,2.391,-2.509,-1.454
435.0,444.0,2.356,-2.454,-1.286
435.0,445.0,2.326,-2.401,-1.134
435.0,446.0,2.302,-2.348,-0.994
435.0,447.0,2.282,-2.295,-0.866
436.0,437.0,2.73,-2.722,-3.063
436.0,438.0,2.618,-2.663,-2.701
436.0,439.0,2.524,-2.605,-2.381
436.0,440.0,2.443,-2.548,-2.095
436.0,441.0,2.375,-2.491,-1.841
436.0,442.0,2.317,-2.434,-1.613
436.0,443.0,2.269,-2.378,-1.408
436.0,444.0,2.228,-2.322,-1.223
436.0,445.0,2.195,-2.267,-1.056
436.0,446.0,2.167,-2.213,-0.903
436.0,447.0,2.145,-2.158,-0.764
436.0,448.0,2.127,-2.105,-0.637
437.0,438.0,2.768,-2.778,-3.124
437.0,439.0,2.657,-2.719,-2.767
437.0,440.0,2.562,-2.66,-2.449
437.0,441.0,2.48,-2.602,-2.167
437.0,442.0,2.411,-2.544,-1.915
437.0,443.0,2.352,-2.487,-1.689
437.0,444.0,2.303,-2.431,-1.485
437.0,445.0,2.261,-2.374,-1.302
437.0,446.0,2.226,-2.319,-1.135
437.0,447.0,2.197,-2.263,-0.984
437.0,448.0,2.174,-2.209,-0.845
437.0,449.0,2.154,-2.154,-0.717
438.0,439.0,2.312,-2.297,-2.229
438.0,440.0,2.224,-2.238,-1.911
438.0,441.0,2.149,-2.18,-1.629
438.0,442.0,2.087,-2.123,-1.378
438.0,443.0,2.035,-2.066,-1.152
438.0,444.0,1.992,-2.009,-0.95
438.0,445.0,1.956,-1.954,-0.767
438.0,446.0,1.928,-1.898,-0.602
438.0,447.0,1.905,-1.843,-0.451
438.0,448.0,1.887,-1.789,-0.314
438.0,449.0,1.874,-1.735,-0.188
438.0,450.0,1.864,-1.681,-0.072
439.0,440.0,1.984,-1.95,-2.051
439.0,441.0,1.884,-1.884,-1.699
439.0,442.0,1.799,-1.819,-1.385
439.0,443.0,1.728,-1.754,-1.105
439.0,444.0,1.669,-1.691,-0.854
439.0,445.0,1.62,-1.628,-0.628
439.0,446.0,1.58,-1.565,-0.425
439.0,447.0,1.547,-1.504,-0.241
439.0,448.0,1.521,-1.443,-0.074
439.0,449.0,1.501,-1.383,0.079
439.0,450.0,1.485,-1.323,0.22
439.0,451.0,1.475,-1.264,0.349
440.0,441.0,2.014,-1.984,-1.978
440.0,442.0,1.921,-1.92,-1.641
440.0,443.0,1.842,-1.856,-1.342
440.0,444.0,1.776,-1.793,-1.074
440.0,445.0,1.721,-1.731,-0.834
440.0,446.0,1.676,-1.669,-0.619
440.0,447.0,1.639,-1.608,-0.424
440.0,448.0,1.609,-1.547,-0.248
440.0,449.0,1.586,-1.487,-0.087
440.0,450.0,1.568,-1.428,0.06
440.0,451.0,1.554,-1.369,0.195
440.0,452.0,1.545,-1.311,0.32
441.0,442.0,2.166,-2.149,-2.146
441.0,443.0,2.073,-2.086,-1.814
441.0,444.0,1.995,-2.024,-1.518
441.0,445.0,1.929,-1.963,-1.254
441.0,446.0,1.874,-1.902,-1.018
441.0,447.0,1.829,-1.842,-0.805
441.0,448.0,1.792,-1.783,-0.614
441.0,449.0,1.762,-1.724,-0.44
441.0,450.0,1.738,-1.666,-0.281
441.0,451.0,1.719,-1.608,-0.137
441.0,452.0,1.705,-1.551,-0.004
441.0,453.0,1.696,-1.494,0.119
442.0,443.0,2.062,-2.073,-1.437
442.0,444.0,2.007,-2.016,-1.191
442.0,445.0,1.961,-1.96,-0.972
442.0,446.0,1.924,-1.905,-0.774
442.0,447.0,1.895,-1.85,-0.596
442.0,448.0,1.872,-1.795,-0.435
442.0,449.0,1.854,-1.741,-0.289
442.0,450.0,1.841,-1.687,-0.155
442.0,451.0,1.832,-1.634,-0.032
442.0,452.0,1.827,-1.581,0.081
442.0,453.0,1.825,-1.528,0.186
442.0,454.0,1.826,-1.476,0.284
443.0,444.0,1.817,-1.833,-0.926
443.0,445.0,1.774,-1.775,-0.71
443.0,446.0,1.739,-1.718,-0.516
443.0,447.0,1.711,-1.661,-0.341
443.0,448.0,1.689,-1.605,-0.182
443.0,449.0,1.673,-1.55,-0.037
443.0,450.0,1.662,-1.495,0.096
443.0,451.0,1.654,-1.44,0.218
443.0,452.0,1.651,-1.387,0.331
443.0,453.0,1.65,-1.333,0.435
443.0,454.0,1.652,-1.281,0.532
443.0,455.0,1.657,-1.229,0.624
444.0,445.0,1.835,-1.832,-0.424
444.0,446.0,1.818,-1.776,-0.279
444.0,447.0,1.806,-1.72,-0.147
444.0,448.0,1.798,-1.664,-0.024
444.0,449.0,1.793,-1.609,0.088
444.0,450.0,1.791,-1.555,0.193
444.0,451.0,1.792,-1.501,0.291
444.0,452.0,1.796,-1.448,0.383
444.0,453.0,1.801,-1.395,0.469
444.0,454.0,1.808,-1.343,0.55
444.0,455.0,1.817,-1.292,0.628
444.0,456.0,1.827,-1.241,0.701
445.0,446.0,2.017,-1.923,0.688
445.0,447.0,2.065,-1.875,0.657
445.0,448.0,2.11,-1.827,0.638
445.0,449.0,2.15,-1.779,0.627
445.0,450.0,2.187,-1.733,0.623
445.0,451.0,2.222,-1.686,0.626
445.0,452.0,2.254,-1.641,0.634
445.0,453.0,2.283,-1.595,0.647
445.0,454.0,2.312,-1.551,0.665
445.0,455.0,2.338,-1.506,0.685
445.0,456.0,2.363,-1.462,0.708
445.0,457.0,2.387,-1.419,0.734
446.0,447.0,1.965,-1.811,1.34
446.0,448.0,2.042,-1.765,1.242
446.0,449.0,2.112,-1.72,1.163
446.0,450.0,2.175,-1.675,1.1
446.0,451.0,2.232,-1.63,1.05
446.0,452.0,2.283,-1.586,1.013
446.0,453.0,2.331,-1.543,0.986
446.0,454.0,2.374,-1.5,0.967
446.0,455.0,2.414,-1.458,0.957
446.0,456.0,2.451,-1.416,0.953
446.0,457.0,2.486,-1.374,0.954
446.0,458.0,2.518,-1.334,0.961
447.0,448.0,2.324,-2.089,3.724
447.0,449.0,2.552,-2.061,3.236
447.0,450.0,2.751,-2.033,2.814
447.0,451.0,2.925,-2.006,2.45
447.0,452.0,3.078,-1.979,2.136
447.0,453.0,3.211,-1.953,1.866
447.0,454.0,3.328,-1.927,1.634
447.0,455.0,3.431,-1.901,1.435
447.0,456.0,3.521,-1.876,1.265
447.0,457.0,3.6,-1.851,1.12
447.0,458.0,3.669,-1.826,0.997
447.0,459.0,3.731,-1.801,0.893
448.0,449.0,3.194,-2.876,2.205
448.0,450.0,3.387,-2.852,1.799
448.0,451.0,3.554,-2.828,1.447
448.0,452.0,3.701,-2.804,1.143
448.0,453.0,3.828,-2.78,0.881
448.0,454.0,3.939,-2.756,0.654
448.0,455.0,4.036,-2.733,0.459
448.0,456.0,4.12,-2.709,0.292
448.0,457.0,4.194,-2.686,0.149
448.0,458.0,4.257,-2.663,0.027
448.0,459.0,4.313,-2.64,-0.077
448.0,460.0,4.361,-2.617,-0.165
449.0,450.0,3.045,-2.321,1.651
449.0,451.0,3.173,-2.291,1.414
449.0,452.0,3.285,-2.262,1.211
449.0,453.0,3.385,-2.232,1.037
449.0,454.0,3.473,-2.203,0.888
449.0,455.0,3.55,-2.175,0.762
449.0,456.0,3.619,-2.146,0.655
449.0,457.0,3.68,-2.118,0.564
449.0,458.0,3.735,-2.091,0.489
449.0,459.0,3.783,-2.063,0.426
449.0,460.0,3.826,-2.036,0.374
449.0,461.0,3.865,-2.01,0.332
450.0,451.0,3.147,-2.06,2.149
450.0,452.0,3.292,-2.034,1.883
450.0,453.0,3.42,-2.008,1.653
450.0,454.0,3.533,-1.983,1.454
450.0,455.0,3.633,-1.958,1.283
450.0,456.0,3.721,-1.933,1.135
450.0,457.0,3.8,-1.909,1.008
450.0,458.0,3.869,-1.885,0.9
450.0,459.0,3.931,-1.862,0.807
450.0,460.0,3.986,-1.838,0.729
450.0,461.0,4.035,-1.815,0.662
450.0,462.0,4.079,-1.793,0.607
451.0,452.0,2.612,-0.659,2.198
451.0,453.0,2.677,-0.626,2.168
451.0,454.0,2.738,-0.593,2.143
451.0,455.0,2.795,-0.562,2.124
451.0,456.0,2.85,-0.531,2.109
451.0,457.0,2.902,-0.501,2.097
451.0,458.0,2.951,-0.472,2.089
451.0,459.0,2.998,-0.443,2.084
451.0,460.0,3.044,-0.415,2.081
451.0,461.0,3.087,-0.388,2.08
451.0,462.0,3.129,-0.361,2.081
451.0,463.0,3.169,-0.334,2.083
452.0,453.0,3.24,-0.975,2.521
452.0,454.0,3.354,-0.952,2.412
452.0,455.0,3.46,-0.93,2.311
452.0,456.0,3.56,-0.909,2.217
452.0,457.0,3.654,-0.889,2.13
452.0,458.0,3.742,-0.87,2.05
452.0,459.0,3.824,-0.851,1.975
452.0,460.0,3.902,-0.833,1.906
452.0,461.0,3.974,-0.816,1.842
452.0,462.0,4.043,-0.799,1.783
452.0,463.0,4.107,-0.783,1.728
452.0,464.0,4.168,-0.768,1.677
453.0,454.0,3.785,-1.023,3.72
453.0,455.0,3.977,-1.014,3.422
453.0,456.0,4.151,-1.005,3.148
453.0,457.0,4.31,-0.998,2.896
453.0,458.0,4.453,-0.992,2.665
453.0,459.0,4.583,-0.986,2.453
453.0,460.0,4.7,-0.98,2.258
453.0,461.0,4.806,-0.975,2.08
453.0,462.0,4.901,-0.971,1.917
453.0,463.0,4.987,-0.967,1.767
453.0,464.0,5.064,-0.963,1.631
453.0,465.0,5.133,-0.959,1.506
454.0,455.0,4.028,-0.533,2.892
454.0,456.0,4.152,-0.524,2.722
454.0,457.0,4.265,-0.515,2.567
454.0,458.0,4.368,-0.507,2.424
454.0,459.0,4.463,-0.499,2.292
454.0,460.0,4.549,-0.492,2.171
454.0,461.0,4.627,-0.486,2.06
454.0,462.0,4.699,-0.479,1.958
454.0,463.0,4.764,-0.473,1.865
454.0,464.0,4.823,-0.468,1.779
454.0,465.0,4.877,-0.462,1.7
454.0,466.0,4.926,-0.457,1.628
455.0,456.0,3.487,0.312,3.499
455.0,457.0,3.598,0.326,3.386
455.0,458.0,3.701,0.34,3.282
455.0,459.0,3.798,0.353,3.184
455.0,460.0,3.888,0.365,3.093
455.0,461.0,3.972,0.376,3.008
455.0,462.0,4.051,0.387,2.929
455.0,463.0,4.125,0.397,2.856
455.0,464.0,4.193,0.406,2.787
455.0,465.0,4.258,0.415,2.723
455.0,466.0,4.318,0.423,2.663
455.0,467.0,4.374,0.431,2.607
456.0,457.0,3.744,0.088,2.941
456.0,458.0,3.812,0.1,2.856
456.0,459.0,3.875,0.112,2.782
456.0,460.0,3.932,0.123,2.716
456.0,461.0,3.984,0.134,2.658
456.0,462.0,4.032,0.144,2.607
456.0,463.0,4.077,0.154,2.562
456.0,464.0,4.118,0.164,2.522
456.0,465.0,4.156,0.173,2.487
456.0,466.0,4.191,0.182,2.456
456.0,467.0,4.224,0.191,2.429
456.0,468.0,4.254,0.199,2.404
457.0,458.0,3.26,1.078,3.125
457.0,459.0,3.309,1.096,3.16
457.0,460.0,3.359,1.113,3.19
457.0,461.0,3.409,1.13,3.214
457.0,462.0,3.46,1.145,3.233
457.0,463.0,3.512,1.16,3.248
457.0,464.0,3.564,1.175,3.259
457.0,465.0,3.615,1.188,3.266
457.0,466.0,3.666,1.201,3.27
457.0,467.0,3.717,1.213,3.271
457.0,468.0,3.767,1.224,3.27
457.0,469.0,3.817,1.235,3.266
458.0,459.0,3.663,0.826,3.325
458.0,460.0,3.739,0.842,3.266
458.0,461.0,3.811,0.858,3.211
458.0,462.0,3.88,0.873,3.159
458.0,463.0,3.944,0.887,3.111
458.0,464.0,4.005,0.901,3.066
458.0,465.0,4.063,0.914,3.024
458.0,466.0,4.117,0.926,2.984
458.0,467.0,4.169,0.937,2.947
458.0,468.0,4.218,0.948,2.912
458.0,469.0,4.265,0.958,2.88
458.0,470.0,4.309,0.968,2.849
459.0,460.0,3.12,1.442,2.252
459.0,461.0,3.064,1.467,2.496
459.0,462.0,3.022,1.491,2.711
459.0,463.0,2.991,1.514,2.9
459.0,464.0,2.97,1.537,3.066
459.0,465.0,2.958,1.559,3.212
459.0,466.0,2.953,1.58,3.34
459.0,467.0,2.954,1.6,3.452
459.0,468.0,2.961,1.62,3.551
459.0,469.0,2.973,1.638,3.637
459.0,470.0,2.989,1.656,3.712
459.0,471.0,3.008,1.674,3.778
460.0,461.0,3.136,1.286,3.439
460.0,462.0,3.162,1.303,3.486
460.0,463.0,3.19,1.319,3.525
460.0,464.0,3.219,1.335,3.56
460.0,465.0,3.249,1.35,3.59
460.0,466.0,3.28,1.364,3.616
460.0,467.0,3.311,1.378,3.638
460.0,468.0,3.343,1.391,3.656
460.0,469.0,3.376,1.404,3.672
460.0,470.0,3.409,1.416,3.685
460.0,471.0,3.441,1.427,3.696
460.0,472.0,3.474,1.438,3.704
461.0,462.0,3.4,1.51,3.695
461.0,463.0,3.428,1.521,3.717
461.0,464.0,3.457,1.532,3.736
461.0,465.0,3.486,1.542,3.752
461.0,466.0,3.516,1.552,3.765
461.0,467.0,3.546,1.561,3.776
461.0,468.0,3.576,1.57,3.784
461.0,469.0,3.605,1.578,3.79
461.0,470.0,3.635,1.585,3.795
461.0,471.0,3.665,1.592,3.798
461.0,472.0,3.694,1.599,3.8
461.0,473.0,3.723,1.605,3.8
462.0,463.0,3.517,1.498,3.503
462.0,464.0,3.587,1.516,3.458
462.0,465.0,3.654,1.533,3.416
462.0,466.0,3.717,1.55,3.378
462.0,467.0,3.777,1.565,3.343
462.0,468.0,3.835,1.58,3.31
462.0,469.0,3.889,1.594,3.281
462.0,470.0,3.941,1.608,3.253
462.0,471.0,3.991,1.621,3.227
462.0,472.0,4.038,1.633,3.203
462.0,473.0,4.084,1.644,3.181
462.0,474.0,4.127,1.656,3.16
463.0,464.0,3.572,1.584,2.917
463.0,465.0,3.548,1.598,3.054
463.0,466.0,3.533,1.611,3.174
463.0,467.0,3.523,1.624,3.279
463.0,468.0,3.519,1.636,3.37
463.0,469.0,3.521,1.648,3.45
463.0,470.0,3.526,1.659,3.52
463.0,471.0,3.535,1.67,3.581
463.0,472.0,3.547,1.68,3.633
463.0,473.0,3.561,1.689,3.679
463.0,474.0,3.578,1.698,3.717
463.0,475.0,3.596,1.706,3.751
464.0,465.0,3.815,1.472,2.434
464.0,466.0,3.826,1.49,2.508
464.0,467.0,3.84,1.508,2.573
464.0,468.0,3.857,1.525,2.63
464.0,469.0,3.877,1.542,2.68
464.0,470.0,3.898,1.559,2.725
464.0,471.0,3.922,1.574,2.764
464.0,472.0,3.947,1.59,2.798
464.0,473.0,3.973,1.605,2.827
464.0,474.0,4.0,1.619,2.853
464.0,475.0,4.028,1.633,2.875
464.0,476.0,4.056,1.647,2.893
465.0,466.0,4.287,0.946,1.834
465.0,467.0,4.236,0.958,1.997
465.0,468.0,4.195,0.969,2.14
465.0,469.0,4.162,0.979,2.266
465.0,470.0,4.136,0.989,2.377
465.0,471.0,4.116,0.999,2.475
465.0,472.0,4.101,1.008,2.56
465.0,473.0,4.091,1.017,2.635
465.0,474.0,4.085,1.025,2.701
465.0,475.0,4.082,1.033,2.758
465.0,476.0,4.083,1.041,2.808
465.0,477.0,4.086,1.048,2.852
466.0,467.0,4.704,0.642,0.905
466.0,468.0,4.656,0.653,1.046
466.0,469.0,4.616,0.664,1.173
466.0,470.0,4.583,0.675,1.289
466.0,471.0,4.555,0.686,1.394
466.0,472.0,4.533,0.697,1.488
466.0,473.0,4.516,0.707,1.574
466.0,474.0,4.504,0.717,1.651
466.0,475.0,4.495,0.727,1.721
466.0,476.0,4.49,0.737,1.784
466.0,477.0,4.488,0.746,1.84
466.0,478.0,4.489,0.755,1.89
467.0,468.0,3.989,1.314,1.379
467.0,469.0,3.888,1.333,1.677
467.0,470.0,3.805,1.352,1.94
467.0,471.0,3.737,1.369,2.172
467.0,472.0,3.682,1.386,2.376
467.0,473.0,3.639,1.402,2.555
467.0,474.0,3.605,1.418,2.713
467.0,475.0,3.58,1.432,2.851
467.0,476.0,3.563,1.446,2.973
467.0,477.0,3.552,1.459,3.079
467.0,478.0,3.548,1.472,3.173
467.0,479.0,3.548,1.484,3.254
468.0,469.0,3.511,1.885,0.926
468.0,470.0,3.414,1.914,1.252
468.0,471.0,3.335,1.942,1.545
468.0,472.0,3.272,1.97,1.809
468.0,473.0,3.222,1.998,2.047
468.0,474.0,3.185,2.025,2.259
468.0,475.0,3.159,2.051,2.45
468.0,476.0,3.143,2.077,2.621
468.0,477.0,3.136,2.102,2.773
468.0,478.0,3.136,2.126,2.909
468.0,479.0,3.143,2.15,3.03
468.0,480.0,3.156,2.173,3.138
469.0,470.0,3.53,1.897,0.617
469.0,471.0,3.416,1.926,0.976
469.0,472.0,3.323,1.955,1.301
469.0,473.0,3.246,1.983,1.595
469.0,474.0,3.185,2.011,1.86
469.0,475.0,3.138,2.039,2.098
469.0,476.0,3.104,2.066,2.313
469.0,477.0,3.08,2.093,2.505
469.0,478.0,3.067,2.119,2.678
469.0,479.0,3.062,2.145,2.833
469.0,480.0,3.065,2.169,2.971
469.0,481.0,3.074,2.193,3.094
470.0,471.0,3.968,1.416,1.08
470.0,472.0,3.91,1.436,1.301
470.0,473.0,3.863,1.455,1.5
470.0,474.0,3.827,1.475,1.679
470.0,475.0,3.8,1.494,1.841
470.0,476.0,3.781,1.513,1.986
470.0,477.0,3.769,1.532,2.115
470.0,478.0,3.764,1.55,2.232
470.0,479.0,3.765,1.568,2.336
470.0,480.0,3.771,1.585,2.428
470.0,481.0,3.781,1.602,2.511
470.0,482.0,3.795,1.618,2.584
471.0,472.0,3.9,1.365,1.319
471.0,473.0,3.838,1.384,1.537
471.0,474.0,3.787,1.403,1.735
471.0,475.0,3.746,1.421,1.915
471.0,476.0,3.714,1.44,2.077
471.0,477.0,3.691,1.458,2.224
471.0,478.0,3.675,1.475,2.357
471.0,479.0,3.666,1.493,2.476
471.0,480.0,3.662,1.509,2.583
471.0,481.0,3.664,1.526,2.679
471.0,482.0,3.67,1.542,2.765
471.0,483.0,3.681,1.557,2.842
472.0,473.0,4.422,0.831,1.216
472.0,474.0,4.343,0.845,1.444
472.0,475.0,4.277,0.858,1.645
472.0,476.0,4.222,0.87,1.822
472.0,477.0,4.177,0.882,1.978
472.0,478.0,4.141,0.893,2.116
472.0,479.0,4.112,0.904,2.237
472.0,480.0,4.09,0.915,2.343
472.0,481.0,4.073,0.924,2.436
472.0,482.0,4.062,0.934,2.518
472.0,483.0,4.055,0.943,2.59
472.0,484.0,4.051,0.951,2.653
473.0,474.0,4.197,1.038,1.304
473.0,475.0,4.11,1.053,1.569
473.0,476.0,4.037,1.068,1.802
473.0,477.0,3.977,1.083,2.007
473.0,478.0,3.929,1.097,2.188
473.0,479.0,3.891,1.11,2.347
473.0,480.0,3.861,1.123,2.487
473.0,481.0,3.839,1.135,2.609
473.0,482.0,3.823,1.147,2.717
473.0,483.0,3.813,1.158,2.811
473.0,484.0,3.808,1.169,2.894
473.0,485.0,3.808,1.179,2.966
474.0,475.0,4.125,1.177,1.229
474.0,476.0,4.09,1.195,1.388
474.0,477.0,4.064,1.213,1.532
474.0,478.0,4.045,1.231,1.662
474.0,479.0,4.032,1.248,1.778
474.0,480.0,4.025,1.265,1.884
474.0,481.0,4.023,1.282,1.978
474.0,482.0,4.026,1.298,2.063
474.0,483.0,4.033,1.314,2.139
474.0,484.0,4.043,1.33,2.206
474.0,485.0,4.056,1.345,2.266
474.0,486.0,4.071,1.36,2.32
475.0,476.0,3.661,1.776,0.261
475.0,477.0,3.543,1.803,0.624
475.0,478.0,3.444,1.831,0.954
475.0,479.0,3.363,1.858,1.254
475.0,480.0,3.297,1.884,1.527
475.0,481.0,3.245,1.911,1.774
475.0,482.0,3.205,1.937,1.998
475.0,483.0,3.177,1.962,2.201
475.0,484.0,3.159,1.987,2.384
475.0,485.0,3.15,2.012,2.548
475.0,486.0,3.149,2.035,2.697
475.0,487.0,3.156,2.059,2.829
476.0,477.0,3.742,1.419,-1.997
476.0,478.0,3.509,1.457,-1.415
476.0,479.0,3.308,1.496,-0.883
476.0,480.0,3.134,1.535,-0.395
476.0,481.0,2.987,1.574,0.05
476.0,482.0,2.863,1.613,0.457
476.0,483.0,2.76,1.652,0.828
476.0,484.0,2.677,1.69,1.167
476.0,485.0,2.61,1.729,1.474
476.0,486.0,2.56,1.766,1.754
476.0,487.0,2.524,1.803,2.008
476.0,488.0,2.5,1.839,2.239
477.0,478.0,3.836,0.725,-2.392
477.0,479.0,3.592,0.764,-1.831
477.0,480.0,3.377,0.804,-1.309
477.0,481.0,3.19,0.844,-0.824
477.0,482.0,3.026,0.886,-0.374
477.0,483.0,2.886,0.927,0.044
477.0,484.0,2.767,0.97,0.432
477.0,485.0,2.667,1.012,0.79
477.0,486.0,2.584,1.054,1.121
477.0,487.0,2.518,1.095,1.427
477.0,488.0,2.467,1.137,1.709
477.0,489.0,2.429,1.178,1.969
478.0,479.0,4.335,0.138,-1.103
478.0,480.0,4.214,0.161,-0.77
478.0,481.0,4.11,0.185,-0.467
478.0,482.0,4.022,0.209,-0.192
478.0,483.0,3.948,0.234,0.057
478.0,484.0,3.887,0.259,0.284
478.0,485.0,3.837,0.284,0.489
478.0,486.0,3.798,0.309,0.676
478.0,487.0,3.767,0.334,0.844
478.0,488.0,3.745,0.36,0.997
478.0,489.0,3.73,0.385,1.135
478.0,490.0,3.722,0.41,1.259
479.0,480.0,4.144,0.212,-0.541
479.0,481.0,4.055,0.234,-0.267
479.0,482.0,3.979,0.256,-0.017
479.0,483.0,3.916,0.279,0.209
479.0,484.0,3.865,0.303,0.415
479.0,485.0,3.823,0.327,0.601
479.0,486.0,3.791,0.352,0.771
479.0,487.0,3.767,0.376,0.924
479.0,488.0,3.75,0.401,1.063
479.0,489.0,3.739,0.426,1.189
479.0,490.0,3.734,0.451,1.302
479.0,491.0,3.734,0.475,1.406
480.0,481.0,4.779,-0.64,-0.826
480.0,482.0,4.715,-0.628,-0.647
480.0,483.0,4.661,-0.615,-0.485
480.0,484.0,4.615,-0.602,-0.338
480.0,485.0,4.577,-0.588,-0.204
480.0,486.0,4.545,-0.574,-0.083
480.0,487.0,4.519,-0.559,0.027
480.0,488.0,4.498,-0.544,0.126
480.0,489.0,4.482,-0.529,0.217
480.0,490.0,4.47,-0.514,0.299
480.0,491.0,4.462,-0.499,0.373
480.0,492.0,4.457,-0.483,0.441
