11.583325791583922,-3.9103149654321463,-1.4997275509877428,-2.945421640133878
12.247695615236355,-4.063142934636493,-1.4312786505303288,-2.896587741305355
11.870828201003091,-3.974045021011732,-2.448949301172897,-2.698901419654632
12.03327187262932,-4.465331436847574,0.16719814239383934,-3.182924042448945
11.161534092696764,-4.1898062088154635,-0.6514469957429916,-3.223571433323615
11.246189676747521,-4.524976450723382,0.016001661335153572,-3.3324504250117695
11.322962617758362,-4.376698069728101,-2.2334341153243313,-2.9698037222186033
11.139878806082354,-4.214738920060425,-1.5755796027903124,-3.0924727168168262
11.028291726361758,-3.802416367649531,2.7345399234662917,-3.805960813951584
10.568985057079532,-3.4680838722196894,-3.113489101405409,-2.8504053834511343
10.201976230227457,-2.9435626951320306,2.1781234876352897,-3.906789841536747
10.05456369263927,-3.0106391260604517,-0.3435533210211581,-3.6223600143126227
10.38023277605706,-3.2335393898727753,0.44972371942943523,-3.9781303619723127
8.448804364362635,-1.4301650910885768,-0.09999117051397866,-3.344369271158407
7.672836853161779,-1.3077344005265605,-0.03567235126202051,-3.2402006198820166
7.767791000729762,-1.799344430763425,-0.22011296686650372,-3.0674724071178314
8.626513466549405,-2.4404192702849197,0.4466109163895783,-3.297194435815619
8.046867980819608,-2.1659372585460703,-0.09666804370242943,-3.1970084907137393
8.56754133949998,-2.724907331438989,0.8509927855136932,-3.8843285104905396
8.60816334387799,-3.450296638683702,-0.13025657129288915,-3.8281309016852076
8.82086526144526,-3.6225559712223503,-0.6816603026025414,-3.426705376279192
8.518859147601175,-3.1753393268260526,2.1706155087287184,-4.255061406432618
9.157981236362053,-3.7372785850792027,-0.5595011840510946,-3.98212732411064
9.402718528274006,-3.638973503256178,-0.9026202966624539,-4.150870998074833
9.113354445664749,-3.485381383755065,-0.7150590869817068,-4.074836989727465
8.319871680463798,-2.780095071068619,-0.19021527039760044,-3.751991663014777
8.023697787967565,-2.562776107207172,-0.7424264476482911,-3.1541017600722574
4.774151270679503,35.165152756964495,-43.04213054235788,-1.4185717043319268
8.7401271080637,-3.2169095966730326,0.8617569645153895,-3.008455241850487
8.584531859228756,-3.1800584403147645,-1.6142384530583247,-2.644354915177373
9.289699392406453,-3.327905463677776,0.09363230595635097,-3.2977077601012184
9.3915288497326,-3.3468103862278364,-0.9379429457050938,-2.9740171419441808
9.820535951119277,-3.478560719195273,-1.751037035249224,-2.6993142906278695
8.68809998003545,-3.303773816905162,-5.516410287882984,-2.178706164496815
9.284301965432824,-4.336320349548262,-0.6201148769602469,-2.771821343759881
8.682673196739366,-3.1825212596878276,-3.95316073566232,-2.265102892465365
8.767365280668068,-2.838213740220165,0.7957651888260964,-3.4898437213445446
8.68562729455913,-3.025152472414093,-0.40891000028382685,-3.1878995608737157
9.318854114561901,-3.376171868132439,-0.37169710398761535,-3.3189934368784177
9.247830992925534,-3.367608313638334,-0.9403649606472708,-2.9772925523957694
9.347771868046053,-3.103793956022255,-1.0778043258530383,-2.7842241951663773
9.086073448053323,-2.5860118051651115,-0.31701664665840035,-3.0624271141725323
9.298302258233623,-2.3807075469978574,-0.37827408405103746,-3.01134054218449
9.299020926994753,-1.8922587496257952,-0.14635144263813704,-3.001612586973147
8.884114980991502,-1.5724320871315998,-0.04797261881123549,-2.9807823471586943
8.663679340503181,-1.2922141991259772,-0.08943390627776271,-3.111517885144468
8.928708198464285,-0.9988635708370837,0.3191503314807869,-2.990494659940237
9.002450860090487,-1.1537191499639,0.7604889294033502,-2.601465081002166
8.751149015043191,-0.577106986304637,1.1237331243190365,-2.7643034064137186
9.096587613580866,-0.5964809837284554,1.3124829560740052,-2.7201995446636476
9.159604607864777,-0.7069411348282233,1.8880861108706568,-2.5111543301987354
8.823323574086942,-0.4925111906454418,1.1600916739442884,-2.650133476406097
8.361645900208659,0.18672735765806087,0.7327945828448917,-2.8699311283402746
7.9943270635084,0.1269236742181212,-0.43290792422377256,-3.158135230976443
8.3377825286805,-0.5621486660519018,-2.2715203739182357,-3.450759080432037
8.00569032381095,-0.0012377111241464586,0.5508363653985913,-3.2746566781075215
8.058585607546863,0.04172793073905978,0.6200138396273307,-3.174883715327557
7.914527411188273,-0.10554430933642267,-0.4842087629065388,-3.270100322652472
7.9729963923064515,-0.34404895538596425,-0.7112701390902634,-3.3287988312283243
7.995047392872633,-0.33104363842033313,-0.2658919796131829,-3.3457663352449165
8.454476352163994,-0.6178825924769811,-0.059128634341595654,-3.3141489995955995
8.581335883355674,-0.7592158783345718,-0.011438261382824333,-3.297773475265638
8.529300741964587,-0.6321679990714925,0.6040200593074984,-3.1758131111575567
8.986448444034528,-1.3990019565729073,0.2847357229785376,-2.665825598968471
8.609799294715426,-0.8343630234885929,-0.12893254385159147,-3.0128681408893643
8.478489779902638,-0.781616056701346,-0.20035048386148024,-3.1704081867017573
8.647708049872703,-1.1843123521186798,-0.8850845313690228,-3.303450342351425
9.433551795644934,-1.9650017513799465,-1.1683452199240547,-3.365076722743531
9.374116306110773,-2.0940087504470837,-0.8567523509491359,-3.3987329783408438
9.324957569192792,-2.1922991100507208,-1.4954847581753172,-3.3598278153798917
8.836242904910096,-1.7998960325213993,-1.1116519611343458,-3.405212712786276
8.737975282821887,-2.3159575504128664,-0.5820980064556014,-3.427507960759833
8.763994569055425,-2.615275452191877,-0.8759077897801195,-3.373380412009563
8.754759766021024,-2.806285639864146,-0.7411358138919568,-3.3349476827155
8.752770232286437,-3.027399456908766,-0.2962246805759937,-3.3125308904494726
8.756492390505146,-3.3305955267949434,-0.25607671337141424,-3.3022331444483877
8.87306370247907,-3.421289295401894,-0.6238858539848136,-3.288127511331593
8.954355694764292,-3.534677052394775,-0.018341724126333614,-3.2823241597680735
8.972076282357362,-3.5638186068365565,-0.7944042089986316,-3.2583132431078177
8.472501370969093,-3.1801373497405145,-2.9698619104427246,-2.968839150278746
8.293125850362188,-3.2773431630522065,-2.6622275162475706,-3.076529563696649
8.286356782949463,-3.5052533462310542,-3.8093965796539253,-2.991987787107458
9.344364009623476,-5.128463114490136,-1.2282916994509498,-3.593912806701096
7.840620719717122,-4.094696957290247,-4.164524432966481,-3.022336759640468
7.267141314640392,-2.826824865967338,-6.956376846193509,-2.465375428053744
8.311579322566386,-4.428182498407055,3.056975073965585,-3.884570543457184
8.036969264432415,-4.019887498222699,4.052481108194895,-3.826476655596729
8.444406955619664,-4.80084287836163,3.704131643456983,-3.7923419938633898
9.112695202124769,-5.585112368603452,-0.2969222148629449,-3.5387107704505576
8.169004308791967,-4.621938398325952,-5.0116837430858165,-2.9395403250750984
8.510071671893185,-5.511096777265737,-3.2746404044038453,-3.269959237026792
6.690235502489203,-2.9587131337415458,-7.126982711069644,-2.546320377639446
7.388675174807557,-4.466069142191445,6.799499000330973,-5.372804878262779
7.7358468742262,-4.5785570806807625,5.114261391233432,-4.213366299773856
8.323472338584377,-5.120803727371405,2.0630653601566618,-3.731813812149759
8.501355971036357,-5.573095743006892,-0.6355805400304926,-3.4824762365569666
8.119892073552851,-5.337883099581561,-3.1926125254758473,-3.24782465194903
7.716013151975684,-4.876224877124422,-3.9312452514507354,-3.2041561335961504
7.866120341543014,-5.097929810899725,-3.3643073987449945,-3.277947575635567
7.70637628745333,-4.876400643229062,-4.38335352517587,-3.182148985685446
7.991202069385079,-5.013820286942327,-2.081450111663501,-3.4339652034363994
7.438031971198593,-4.497536119308968,-2.0998973387248547,-3.4151927753932405
7.183695286031253,-4.2490999895427874,-1.586876667185544,-3.371817005271141
6.997498040628467,-4.081876176535685,-2.1280663247062668,-3.4014448717306744
6.906940582825212,-4.023965599348052,-1.69069821862731,-3.4331018469177845
6.809102608857252,-3.8551229796183146,-1.3225916224069365,-3.4403136342083522
7.197286314992491,-4.179031257984144,-1.616615913870367,-3.3757723490410787
7.156922707163654,-4.1784701688688,-1.1829733793828832,-3.4015016484443668
6.954004357088023,-4.068988563666741,-1.262935446112202,-3.3955967195932084
7.311409143813037,-4.047758513503276,-0.6348092882401779,-3.3735219924636795
7.7316413271462565,-4.246132585861107,-0.13951775178182635,-3.304464136740728
7.6109587573442266,-3.9930466469956563,-0.5134346830524892,-3.018269134444684
7.646846634004691,-3.695875065547669,-0.45168793369384463,-2.9991677063087336
7.733236162576871,-3.8855610439986115,-0.9396221513162881,-2.8530090320842647
7.54798806809782,-3.4765585798405745,-0.3297425084647052,-3.0217283059512754
7.722299018552344,-3.2762866486961237,-0.2282182993468398,-3.151358551398047
7.985624672875782,-3.456240145618668,-0.5125481753464731,-2.9372311433164677
8.21024038660837,-3.2991757052962325,-0.008741656437105783,-3.092160032105913
8.022006108615345,-2.8751665438241933,-0.7408696906157539,-2.6197157229225154
7.632943630914624,-1.68038933796828,-5.184776052287825,-1.8935516276318873
7.685532058206754,-2.082095377636036,-0.4726339927868639,-2.651739724914656
7.409996849366592,-1.759020574730675,-0.11380633945215746,-3.0098369519915362
7.405677349831005,-1.6932842421225687,0.17944453046194053,-3.117122828238432
7.310280938654667,-1.6029057784454497,-0.05020432277456577,-3.209300781351286
6.914932778544444,-1.2890848120858165,-1.300580828889182,-3.4321678731277965
6.810613580304384,-1.3414286408878189,-0.9748575296370381,-3.468422170096183
7.060477708035539,-1.6791856279378012,-0.8089371289803082,-3.433037204136352
6.8038838746029375,-1.477560752634334,-0.5790935711280372,-3.420490518005402
6.546185423809361,-1.1914503508098442,-0.2714417559271354,-3.3984818872637805
6.460699336132055,-1.1318457175296963,-0.7715454904273369,-3.4184997125007497
6.426337015197522,-1.125132112546773,-1.575089900390836,-3.450784854356341
6.107564543910372,-1.1582064218241113,-0.817776478169244,-3.477167089080604
6.476728977213554,-1.629304406784975,-1.9223279079006825,-3.453703456978948
6.909681865204665,-2.0424619713717043,-1.0600171422621074,-3.4619422759290717
6.915882861048381,-1.9020812530808824,-0.2988226706852217,-3.3958209926121317
7.041795668546296,-2.0987680741685395,0.19449888267035542,-3.270661474561628
7.156688980256181,-2.179815095650447,0.3695291251765729,-3.218133755585095
6.964176340698037,-1.9335115147248507,0.21446521697697346,-3.187392357639994
6.966512651900012,-1.8561123559509718,0.2900516255133769,-3.1522978968148814
7.1971370243308765,-2.1576036323651127,0.3309861317165192,-3.1647083050360285
6.949085790978636,-2.005773410558033,0.20232120342007354,-3.1556835761815663
6.723047088045916,-1.6924528866459971,-0.4168399122706157,-3.281042695200206
6.420523229302359,-1.376572162425612,-0.4132259637563185,-3.3493447755516663
6.681046164770713,-1.6460816311430522,0.162032457941912,-3.2904227845970504
6.800211146499387,-1.781631715802918,0.04986871760415812,-3.271976405216284
6.81987849171222,-1.7214600832189557,0.22963678279155414,-3.2420615067298524
7.1102586352669785,-1.8877677981690757,0.44476038270281737,-3.1425502325021863
6.886279211704862,-1.8452620123205667,0.3117528456111798,-3.0125934127147707
6.815799633507003,-1.9615173351880562,0.20901779230912682,-2.94653907415354
6.728003324968442,-1.6582712711007392,0.12528590780608395,-3.112053063492197
6.261589453575628,-1.0711581023729044,-0.21386892951550218,-3.2462384035227183
6.586517391447957,-1.4135510373172326,0.1840246168460355,-3.241970970230114
6.268283172380221,-1.3175931289827962,0.3831075934120173,-3.146356976645193
6.0256172793619145,-0.9151465765124508,0.1101012468275464,-3.2244832850916305
5.8918907527128095,-0.6770901637077072,0.5880884336739405,-3.1673388204059485
5.770924591884466,-0.5498698347271316,0.34875737409294616,-3.2036368811711595
5.773544131160956,-0.6381179419415525,-0.4698103971063248,-3.364463643200506
5.815084406661679,-0.5810981782516605,-0.06443498604141062,-3.355371056693648
5.8057526055685935,-0.6383464502986881,0.1972229232116473,-3.311681344416993
5.73393644484628,-0.7983681189073061,0.6574823508433791,-3.113623972583924
5.5986670218749595,-0.617238575248433,0.6732118403626657,-3.0497107553563807
5.452850296942095,-0.41122893400812055,0.6657260077519074,-3.0930461678688874
5.52653699379907,-0.5233396428884554,0.5880833522112137,-3.108785751550072
5.398018118840036,-0.5017804169981772,-0.8710828465002594,-3.4166117169050407
5.672663942634021,-1.3273323082964807,-1.956203155715296,-3.7992881867382295
6.571845194993346,-2.325133980942955,-2.8460228547321584,-3.896047521040943
5.453104036772028,-0.9924660987000392,-0.9525640453874995,-3.6641315070293343
5.648641503756576,-1.2008239437475436,-1.1653984200748182,-3.6855919872001626
5.571276208212767,-1.127888186967671,-1.1161869920217147,-3.6884983127595383
5.667361828851842,-1.0712159196000948,0.356096149175148,-3.4029123245003925
5.932615984042391,-1.432206650025746,-0.36039417708282184,-3.4196287194960844
5.850895944341008,-1.3604441249383141,-0.044875836846386186,-3.38591307969425
5.990212898653858,-1.513087588628005,0.5216048014007509,-3.1655346845986942
6.100970008142695,-1.6093809644204784,0.25791452904644485,-3.044966487923893
6.302257736267678,-1.7289872873501715,0.27320746010163377,-3.1044252499154315
6.356745301750438,-1.5965782260524093,0.2688741711994046,-3.092658998395715
6.299704258134899,-1.7006935865721216,0.13216970061473265,-3.0393649243748033
6.330092944999842,-1.5408085698877245,0.23793889736285923,-2.9836570314902104
6.464879815029345,-1.2661558717692927,0.1619087537125894,-3.081160502377839
6.625825595629082,-1.5507456024191355,0.22074592395985865,-2.8052494021698466
6.6473572435020305,-1.301569538054854,1.223495947220362,-2.9531389104814147
6.303936152576476,-0.6764302055186113,1.7364755564140038,-3.2051867084398467
6.033984408226846,-0.38157016991124065,1.5295346536019583,-2.8815740506154106
6.429218903815746,-1.390042936992295,1.130381053257353,-2.368812863712021
6.5444707541435205,-2.1016229912437567,0.46681285716232235,-1.9790896546905585
6.011418023538788,-0.3851684570883982,1.6383971290102763,-2.797078133320737
5.864217579179423,0.2339575472401087,1.0686393469605804,-2.967572049481559
5.6396258419821805,0.5894045893139526,0.580623269354761,-3.113693154662001
5.993595590726121,0.18482649365733442,-0.7318616599463119,-3.4051002125121608
6.040564422954646,0.20857494834539625,-1.2582679773917058,-3.5334227996251104
6.1953443030673,-0.12873793215849003,-2.377559062176111,-3.683520419928709
6.357121424877202,-0.7350421003947941,-3.2428923227305972,-3.6787140447565676
6.172345701703288,-1.4269855026830587,-2.352801228979369,-3.5191341556940676
5.889386921562065,-1.215176857762823,-2.502893435825145,-3.402220892626515
6.1613137052325495,-1.9265419712486773,-2.7208673140397357,-3.412606114164633
6.575148320231672,-2.8366361864936134,-1.127141810280243,-3.5466833772678465
6.488749488121549,-3.107623984050053,-0.967459068833096,-3.421903534175497
6.450687752088503,-2.999900247500085,-0.9636690757473707,-3.391977340170552
5.916578373254034,-2.52875232089044,-2.7337889817963426,-3.1208027813166925
5.71145318123011,-2.4630007568337535,-2.7609973094678084,-3.098213203589136
7.30311113952421,-5.088572238891498,-2.0602859024320006,-3.784834306857733
5.174471207996418,-3.1383718198976895,-4.687451942960193,-2.9587895176388193
5.6859082206427125,-3.937790604839375,-4.730694474856174,-2.8779195753964117
4.631132954152482,-1.2586962341984296,-9.37517466349845,-2.2190947259483003
4.037144841813966,-2.100152277761415,8.308773541646724,-4.436762985313687
6.615536220771739,-4.978229550313575,1.1968901539166923,-3.760877144831224
6.66084514216957,-5.098042012296724,-0.5112888577920005,-3.230748451084373
6.311854031045737,-4.8265390754453446,-2.8955497366473217,-3.0714226538078675
6.497766473016495,-5.004642444479617,-1.8997482526161231,-3.2526152378967588
6.415406396728086,-4.972510650774248,-2.970160952113078,-3.225908800068547
6.514716251401365,-5.00382001169775,-4.8496788680301295,-3.2727023233411128
7.395842413189403,-5.9366019239835985,-3.7300555069310786,-3.71184424584714
6.805676889881687,-5.456211933131121,-5.530622204694899,-3.550968966177679
7.3817979281824595,-6.172131494197508,-5.709314672075461,-3.565692929430887
6.674100379520043,-5.626665163414729,-3.2364267838731235,-3.475507377822997
7.675105450362005,-6.708764314850807,-4.474840684742574,-3.7581453905327233
5.678633585061307,-4.597915717538623,-4.9468706482724665,-3.1934793248397737
9.00732886523953,-7.986175122546787,-4.085503885795702,-4.291607587070896
6.021514178772429,-5.030577199107353,-5.27350586877327,-3.312662496517802
6.656882809455192,-5.740703146092127,-4.783130030508372,-3.4921588081201325
7.945911349379025,-7.0253365440384705,-5.169952332295028,-3.955311713685014
5.792515005191211,-5.01932964265681,-4.786241461368003,-3.3819563491722295
7.5957148244457535,-6.8547172851050036,-4.011957218807636,-3.5630692593173867
6.24047909717857,-5.379129435610006,-4.516099715755032,-3.2037566337712575
8.712818251987203,-7.915232425171723,-2.343628530584323,-4.315622011096433
7.291942292829476,-6.491088994711415,-2.773595198671998,-3.6636569178741993
6.7809895258926804,-5.942257301970704,-2.1387925839944018,-3.581285994066422
6.6022361005860954,-5.876294563097733,-3.412241961985157,-3.4439389754505534
6.646365509494261,-5.904643127127671,-2.785116044130742,-3.54873594699127
6.186906287362195,-5.386897032520453,-4.083715418738734,-3.39229550794174
7.18007389811621,-6.401896783781342,-3.427475745329204,-3.7456397560984143
6.537310966617337,-5.684963914971413,-0.6805470814754881,-3.58184547523571
6.435429764240282,-5.428945930566455,-0.3785642260232931,-3.540912931782402
6.258715106583958,-5.004700353161108,-0.019018440044833662,-3.600404779819937
6.224768155089583,-4.831788971957139,-0.22242036502245865,-3.6414674220106034
6.493186969867561,-5.010105837333445,-1.3722610414256475,-3.78294698483219
6.142640471085207,-4.44770595862926,-0.7580112775765968,-3.8036260669291373
6.369033276717687,-4.5225141608661055,-1.7041618386497814,-3.826176077086595
5.964355015786509,-3.840875723536354,-0.6050395966026949,-3.716708408401171
5.510391465146954,-3.296477260655412,-0.25656522423353556,-3.692223599975389
4.864638640207215,-2.4515548695408587,0.009069106416434547,-3.4924780914242657
4.8556898320790784,-2.2529823512420717,0.12592752556554365,-3.3002575576797972
4.81501680595114,-2.1535123049212377,0.11102628864973163,-3.12880131441851
4.466982409134387,-1.6947411195615387,0.17413998277157727,-3.1849707047130043
4.187292123507391,-1.340423201066483,0.25652056520312033,-3.2073633579079566
4.0478560104034305,-0.9919715326096541,0.3295006758707889,-3.2142290007843366
4.319028051048086,-1.1030202736657253,0.604881298381872,-2.9862157673683907
4.115873420894873,-0.6787345157704957,0.17480111821015243,-3.198364923803245
4.3203970023482,-1.1388530014509042,0.8893445791929784,-2.7065530471645616
4.554398948683232,-0.8973203485424314,0.5983180338248735,-2.7639875491833354
4.487559327872767,-0.7583224108392103,0.7383513649972429,-2.749676138976925
4.326429102527551,-0.4310481070862559,0.8852307203400149,-2.785594683551229
4.463150294395004,-0.13080002803050775,0.40867523265838007,-3.034265623414705
4.462931082401671,0.0030560983682028356,0.7049453544957536,-3.081571078154001
4.865344506115789,-0.268390769778044,0.23718321395877429,-3.204122405764831
5.298318504534571,-0.5989115423040233,-0.42285802559401975,-3.434323910003963
5.2567063153756495,-0.4326517317861416,-0.07710447158269007,-3.4332747579005223
5.069136076910308,-0.09137764033703288,0.31618406485571815,-3.3386874255889953
5.206382431117771,-0.20670092150229458,-0.7762604667627757,-3.507196069276492
5.2156336206246445,-0.24439195782231077,-1.5128088027308733,-3.6038600392813183
5.025090209785012,-0.21887571959101135,-1.1600135155079414,-3.660925073038177
5.115144355682802,-0.14929988077177775,-1.7855302836528846,-3.60330374346216
5.010859316753586,-0.08172548704982632,-1.9578719297810998,-3.6245647596427775
4.967563675775815,-0.09764921149561154,-0.8140492905902568,-3.62548749301876
5.05371673026323,-0.09009827159515219,-0.811442774800698,-3.5912419177632806
5.126983269377398,-0.1393237547730153,-1.9803489924936228,-3.5768555020020094
5.73322206011192,-0.8482856703255106,-2.7351027375384867,-3.7506782020662714
5.702730754017655,-0.8994724319213782,-2.5333087596854247,-3.829610485959219
5.014392892368464,-0.2507654157907004,-0.11601457746613786,-3.600063113090711
5.234543553833878,-0.513890748169022,-0.2581225500317461,-3.535270398333917
5.695279147766327,-0.917789681834258,-2.415232044389298,-3.6381459625817616
5.797696438247499,-1.7121901611105514,-1.7997184189999198,-3.886065738194228
5.783616704550381,-1.9880507927907896,-1.4388895396841266,-3.8130239722843573
5.784504888621314,-1.8944086702700513,-2.177898151049688,-3.7388807761706624
5.937126353830441,-2.8527911857661707,-3.654231034527097,-3.6562538422945643
7.550929923563739,-4.514504575287224,-4.733529382632405,-4.096156321055301
6.322532227506045,-4.541793371516051,-3.8458982616567265,-3.693880740667992
2.9103261939358105,0.05870040455386102,-4.595871803832111,-2.313188251014716
11.121504877414345,-9.93810359706233,-6.464349578380316,-5.588393562585586
6.274167793212215,-4.815723486510106,0.29515009601835007,-4.307658418966341
6.170065489600296,-4.345172689782712,-1.3045371578697265,-3.7470966004638413
5.597330880728686,-3.8119291386489373,-1.2614349966434484,-3.5822395184611135
5.728099529492269,-4.101208219027755,-1.4723492947523498,-3.5893389494755223
5.780114465125049,-4.066294353493326,-2.2096040970099136,-3.6142436133602223
6.0580996554485775,-5.0148682860524,-1.5065300516535587,-3.6669256618149864
8.520385110663364,-7.9166248133620565,-4.181463685533627,-3.815314705345034
6.036616485352789,-5.777177820545028,-4.696280991707168,-3.517191424404001
4.7453858453208175,-4.7225597570382165,-3.4568978995932698,-3.5163891802629585
6.211303445431311,-6.075713597553111,-4.2541219031848385,-3.592295753557842
6.114516105570121,-5.874770656798658,-4.138140155385106,-3.5579206316385585
5.820601077949375,-5.6555816821595615,-3.7443390198878355,-3.690901101153373
6.141654848053545,-6.123338625911092,-3.782527651251666,-3.565162993244196
5.990029728403877,-5.905957111683313,-5.149696154465584,-3.3385538058966437
5.4671947850673615,-5.385628766319391,-4.667676667513353,-3.2128853590297117
5.619041791854785,-5.582853567342783,-4.206217055344739,-3.2943025680677014
5.293737852993084,-5.258682311976021,-4.839065320418152,-3.2033308274391405
5.384753715979608,-5.43872390243369,-4.213384159488999,-3.2971288501092566
5.597062844420623,-5.657251947016393,-4.532913975447974,-3.312935851858377
6.1563458094394345,-6.254350655294937,-4.751801141065577,-3.497475084223825
6.060663168410379,-6.134009522682632,-4.19587202736848,-3.3261569646795093
5.678944937898234,-5.699924218811253,-5.55198235124613,-3.243775641798586
6.5339530433089115,-6.591269439188987,-5.121249675272864,-3.448632856530429
5.475570748943536,-5.3734122940565765,-5.718653631488123,-3.1323907493960945
6.404541999739152,-6.413091254095387,-4.18082428183906,-3.4856831104179604
5.377478093776252,-5.303090014788457,-4.929399392568183,-3.297394184587035
6.183343921259604,-6.1798326081453085,-4.402574842882472,-3.6445302352455675
5.625973097030166,-5.5629500294321845,-5.370085446944483,-3.4683936773305977
5.358308488861862,-5.332922797085939,-4.4215471732500955,-3.6322844538112804
5.590106934585083,-5.559052993056178,-5.162679777747819,-3.598939221956289
7.684889431036013,-7.707283720906541,-6.934533643656548,-3.873868977678259
6.029758728668407,-5.979536725472722,-5.799540971743511,-3.562166537230274
5.596571898476547,-5.558805782206474,-5.603257276434238,-3.3307947073561097
7.968158632326092,-8.019824615449856,-5.74532271612622,-3.7859512852823762
5.128949919314296,-5.024203891819909,-5.877955040809602,-3.1756427309118775
6.487114946738007,-6.580427168722436,-3.9337029441645823,-3.5787288552329635
5.620190053484682,-5.660854784026079,-5.60866892263253,-3.3281669605440722
7.762773675165374,-7.885121664273707,-5.214156506285557,-3.901530228287168
5.757543763212306,-5.80363614744984,-5.954341245979595,-3.3805062918603617
10.04820800126488,-10.086842191633316,-7.640262080816056,-4.307677451233801
5.674333286751893,-5.760015514227296,-5.788894211619126,-3.6610897588165674
4.650290209883418,-4.696651306890587,-4.027323003441774,-3.6899369996527867
5.19737562023123,-5.276291970872423,-4.81966259172341,-3.6779352244858927
4.897196447192734,-4.971371554943799,-4.451223167142819,-3.6618191297932685
4.6736036489518735,-4.724149760713133,-4.188798578839004,-3.7117256418958133
5.417086683766599,-5.467642432057771,-5.182900000843143,-3.8456195735818453
5.134000018023518,-5.144821086424489,-4.640330562540608,-3.766747435350272
5.511212016908832,-5.517290177648427,-4.745860630292633,-3.7479766732320714
5.517717000484855,-5.51795117949045,-5.075366098869681,-3.841156286432989
4.130840465294212,-4.115698183119662,-3.6638819078938347,-3.791976592444023
4.453452413111388,-4.418874788909602,-3.813999004952085,-3.8258169768136416
4.24228738493511,-4.218305900738517,-4.1293516672921236,-3.793102251188205
4.544094717137702,-4.5165938614234005,-4.406331802156782,-3.8286417468202085
5.07460452211682,-5.0598875434314206,-4.897026883225521,-3.882728268297657
4.61993433750619,-4.5845540607669575,-4.278199025769618,-3.792122594980862
4.794589357763653,-4.77788925714448,-4.486568129852549,-3.8697001245201905
4.919164201300639,-4.933873084357445,-4.515353331646454,-3.8185913980803905
5.193177393984126,-5.226253435734207,-4.7237862003491795,-3.762060786989407
5.565634358273394,-5.580083563010243,-5.256934640016827,-3.8622516215061813
5.393780159555956,-5.419614134514664,-5.0235268080983975,-3.848150498969896
4.845806325078386,-4.892958383167235,-4.551311352156808,-3.8211276884444
5.0801642997155065,-5.142983368873909,-4.385538997040167,-3.7052547434589256
4.653263377585427,-4.700162528092221,-4.251524113294319,-3.4549337497364485
5.577278630960244,-5.689275142874045,-4.739650246951037,-3.6132496576673727
4.379429209605887,-4.407676939914038,-4.721732734109026,-3.2430672709592807
6.5487192301851564,-6.697448330269146,-4.513265523170338,-3.870444298730395
4.669567544255292,-4.70124137022182,-4.931546455340397,-3.3891090005597837
7.015930017881848,-7.120771102462388,-5.551302128294036,-3.8301271427529584
4.271384081304529,-4.156420775126809,-5.70824226023435,-3.10027747189718
6.22926683661103,-6.356528899998753,-4.0043799203902255,-3.8295758902488863
4.127537392977297,-4.100078698065215,-4.833947825234131,-3.2214508138254137
3.9529632700754025,-3.9521712334494588,-4.561674791924992,-3.1395667424564007
4.042452641447275,-4.10450236591987,-4.251070349788275,-3.208374358201991
3.8571480383510934,-3.897427238651575,-3.973777210383357,-3.2393732953008714
3.7103993699764173,-3.744125808745516,-3.935382615557584,-3.165679309999645
3.346803008845803,-3.316363052209504,-4.038560391506963,-3.0012448614999236
3.1929958596321275,-3.2203683764275737,-3.36020298733629,-3.0684950496647936
3.12920951855363,-3.0943218196643034,-3.879278286307505,-2.936855508089936
3.2951128889171417,-3.3431112296194754,-3.218991322454392,-3.1187008187015377
3.052595500403849,-3.080284271093768,-2.9193948445307383,-3.12649080904274
2.8690466406449615,-2.945092924823459,-2.0935554280127313,-3.080128552880928
2.4119211178616426,-2.4723646079148334,-1.561582705555567,-3.2244545327590775
2.786457025287695,-2.889758107456557,-1.6167632425361942,-3.180004743567178
2.7602985897707573,-2.81215405295701,-1.6500292182020975,-3.2358649151687553
2.9804538820060094,-3.0807665171844887,-1.7915956624151164,-3.255587680709503
3.1537457088669782,-3.227425785237574,-1.938587352532651,-3.2728730219157276
3.406064276875532,-3.4847181876966338,-2.3750702371489565,-3.222182257222034
3.0805576364508385,-3.0936024367290074,-1.9399419111679805,-3.226629446504116
3.235762038430795,-3.235258216351246,-1.4165687145756738,-3.3305205711449535
3.0790427532301714,-3.1292346520331855,-1.4116686954008129,-3.3722684333727884
3.136937837053387,-3.1125972992347672,-1.185839692073597,-3.3643111632441167
3.0611692807385587,-2.919681540270345,-0.5365832019284118,-3.385540403039088
3.0706075246563973,-2.833716967511742,-0.3641118444696423,-3.378310655794837
2.8975039068348183,-2.5986672878874293,-1.1297245685702173,-3.453420521012803
2.6028963974800385,-2.2984710698318995,-0.7425792618020484,-3.484971139816866
2.641191017900245,-2.4162949989295037,-0.7772615128212423,-3.4805789340403854
2.6730344338718073,-2.468126321687922,-0.6820850179362039,-3.4542961412278306
2.5398026406773235,-2.232263945192036,-0.4071045664031423,-3.4246061206038583
2.184881399891505,-1.9578182864414893,-0.8381576142657183,-3.4321177142803894
2.034589993730391,-1.7695466092512409,-0.49404166571475194,-3.4196894799206534
2.053364005283562,-1.768968942100319,-0.06190799898500354,-3.380705880481288
2.1371886418712736,-1.8691477197205526,-0.19426132481878522,-3.4123170606167
2.5153023449195997,-2.234509625609286,-0.405707556647233,-3.4345971484091606
3.2028137200079487,-2.8456323005171154,-0.6343032280787886,-3.3589225251497785
3.2457749078893867,-2.8324058795542935,-0.8307727176076469,-3.318468539492042
3.215740949504682,-2.813315926962439,-0.9678354998477825,-3.2798595307502123
3.061757178590538,-2.607199969563179,-0.5909129600013194,-3.2843756221274836
3.0874304131755723,-2.4137043944172483,-0.9157920583973487,-3.3017762527837817
2.961499774178729,-2.235257481906791,-0.6210812513242525,-3.379695080294935
2.903142130107872,-2.0288531835528714,-0.7442762560176606,-3.419784553776263
2.885556644496851,-1.9544203225862529,-0.5203208072140355,-3.3884632555598557
2.999524323134172,-2.025558557706547,-0.9934062317249637,-3.38505237197922
2.7074449598793175,-1.737473929587728,-0.6882314236063583,-3.4066871781650088
2.841126524187754,-1.8618201384640616,-0.2992462640960447,-3.382834427589267
2.779067815605358,-1.72338030339064,-0.02775434247614772,-3.3620577110126852
2.657772476198625,-1.4824352973075074,0.40910958955286997,-3.308859733407341
2.5582529424881066,-1.2734421541771608,0.5945560551756799,-3.2628046033429436
2.8550659860788903,-1.5295325056896183,0.830511130357903,-3.2348799309437
3.0669357754680164,-1.521448040464926,0.5241231287864128,-3.243168478701783
2.8574464121311522,-1.216822795724736,0.660708712181892,-3.2383027412840253
3.0329296146241767,-1.3502458646946416,0.9650954897077424,-3.2021766004785928
2.949078223515806,-1.1452100955058524,0.7079357046801464,-3.223462206117914
2.877866423652168,-1.0778420464707952,1.0325753613192732,-3.1754298653637845
2.9697161004115014,-1.0944028667526982,1.0798962692301362,-3.144904813261241
2.8460775607638706,-0.8815234970279696,0.9606633816805326,-3.138106066444477
3.0563262669783167,-0.9855920306775219,1.0062351004978556,-3.1299753437011897
3.147674321711468,-0.9828459775423386,0.8217355958794653,-3.1037794735042388
2.9575625742498546,-0.6914879045898822,0.750217377420382,-3.11380304261528
2.7189146422435866,-0.3161360656256645,0.10110234418939268,-3.2760599369095296
2.696266302334746,-0.3145236339600636,0.0066291777867293344,-3.3511223862996253
2.8081595627218237,-0.41744774886786284,0.008172209244427853,-3.368037774833214
2.5794700082651496,-0.20955946798034203,-0.49204598134799826,-3.412944234982883
2.8023686795059097,-0.43831015929507305,-0.7834960244689329,-3.4408743174706626
2.562849068251534,-0.27906397774449204,-1.4109683021028727,-3.496613367080495
2.4823421242813186,-0.46124130537642166,-1.359795461820908,-3.4956307940961002
2.3002300620634086,-0.2787413735628744,-0.7513073356819653,-3.4933779261216595
1.769857123610075,0.14625037770059596,-1.0626727394442756,-3.4745701069818082
1.8030444308408733,-0.008769283695308307,-0.3443404847974165,-3.4699251105260114
1.8541979291106494,-0.35282719049366074,-0.10701920407772403,-3.4446068559489316
1.912204338613901,-0.34761264489490995,0.014978352972159326,-3.4097634001620416
2.217047721293482,-0.7300230147777302,-0.315764794269199,-3.4319025353263655
1.8762323335844564,-0.3725561591666004,-0.8971709832558277,-3.4977666430442396
1.510908754582514,-0.2190867322228279,-1.3004230438560995,-3.359894325934929
1.050064156018188,-1.0212665989142458,-0.277400751910968,-3.4025279631651246
1.0302298796232705,-0.9886235838422461,-0.3551491043518009,-3.4104022465203303
1.2173258800066542,-1.1086398560883282,-0.8301092226402156,-3.5002214536409433
1.303167455236572,-1.2109065226975253,-0.9931640961761601,-3.5380272068505043
1.0154768220011174,-0.9599421092116946,-0.6543463623385621,-3.5122502239476687
1.5659878268313032,-1.519204985723162,-1.2922116355669624,-3.6060195047841193
1.4688961487004895,-1.4282282042038608,-1.1599200789921096,-3.5919286386478473
1.8273942367026863,-1.782586502765281,-1.4484392624276594,-3.587377392679036
1.6820979295626197,-1.6499646563287411,-1.3323686470620208,-3.550146899858448
2.0358476854394545,-2.0319316038497854,-1.7509895294220972,-3.6161662902528287
2.43182824605894,-2.435985976120384,-2.1989850650352105,-3.630805382694885
2.5138932859798055,-2.5295114431067702,-2.408724182643434,-3.3918489596424672
2.7360207992795464,-2.739342039404602,-3.0960424857480424,-3.2439904887752906
3.295227114165124,-3.3872525878907584,-2.6144524465734804,-3.5724110812766146
2.616427213424059,-2.6501681774087182,-2.8746544100450775,-3.282483860042437
2.2468690738732167,-2.2652797775366134,-2.02441799410882,-3.252335891387327
2.146377131340071,-2.173473292903992,-1.7356616346778029,-3.4032211648329374
1.962695191484722,-1.9663718233915277,-1.7615800596741196,-3.238111918407309
1.9820745591656284,-1.9598496049116814,-2.086878445103519,-3.0751409626971546
1.8458121825139766,-1.8190999813052626,-1.7735212155078457,-2.9074449019330695
1.7121831340760045,-1.7300956988140723,-1.1656090376270434,-2.9229139323878996
1.8333199392001094,-1.8879913838283802,-0.2394246614331773,-3.090249724459519
1.9982195928271569,-1.975546703246691,0.8927618840442884,-3.117204755104297
1.9820229878091586,-2.0219640970924826,0.47431063729667056,-2.7396202660262734
1.5785540323791147,-1.149300104355297,5.487850614805374,-3.354685898233627
0.7650904371110304,22.37351129747581,-29.87544463040809,-1.4540847262916117
2.9981649330723523,-2.4911594591278643,-0.7039361700828701,-2.4102354105892814
3.017861096507049,-1.7626516529873812,-2.275419221030784,-1.8499453107624413
2.6057945314564384,-0.7437304860185401,2.2615039116875804,-2.631183847609841
3.3603635564421386,-1.5242869270911192,1.7545314931012617,-2.3568179253103283
3.856477319261244,-1.3706302750200408,3.2890685176993175,-2.728574439408866
4.359840528198527,-2.106069013067424,2.0328031531566912,-1.9001232466742617
3.4067284314782142,0.35214166180000644,3.49980659442517,-2.671350356109469
4.093238776376792,-1.2481076376075968,3.448131573521696,-2.0902361239602767
3.518259159569843,0.2636287158917903,4.047758640215687,-2.3059967766660883
3.886550681418969,0.24286497764729711,3.5694031926158347,-2.529756450790846
3.237245726984694,1.224236159365714,2.6648471439448427,-2.6061363762711727
3.3606840051821694,0.5218191632578711,4.56194969650447,-2.3234907685909016
4.002947324417502,-0.9584218674714811,6.967301625385613,-1.9965245083108136
3.0832137593542037,2.14090290785545,2.5051032404814357,-3.1432108819696847
3.414204582520568,1.8869992788949481,2.273907014471545,-2.987080559490866
3.640519260007081,1.7382876524003827,1.7628071155405036,-2.9788592921241577
4.216531490265852,1.179783765808516,0.8613313068296526,-3.085552271671885
4.962765041871233,0.4415364516837805,-0.7803717260464667,-3.380924021266896
4.895371525344781,0.3767563117600492,-2.587372179131254,-3.6341843260286124
3.9766645679692054,1.2491280902860014,-2.0303961023581634,-3.3918309123105317
4.393599424977817,0.7734246048437057,-3.0340696993525125,-3.49911182113091
4.369112723373651,0.899798657136965,-1.6411587186052954,-3.4829806460003105
4.217539678522959,0.9922058950323005,-1.3514842609633553,-3.4975031753190526
4.50651793429584,0.797766511175479,-0.3290166464999016,-3.4370047634423817
4.431367156301538,0.8404781990982944,-0.8348518558481739,-3.4632274113576837
4.429741263817984,0.8203377061730994,-1.2784043335121407,-3.5112193598879013
4.397755265055933,0.7777543773874046,-2.7194403139599643,-3.4465438545940836
3.844468359125159,1.3021876410440234,-1.822644001688486,-3.0901397133608475
4.170658853920285,0.3237357280573221,-2.6066316504497014,-3.3093454477038224
4.490942800004954,-0.0744875948373378,-1.1328491250013852,-3.3386846019828456
4.3071799975483245,-0.004444121690017087,-0.6945143906671876,-3.4252172623314934
4.897581684947503,-0.8069906477962348,-0.687617119299708,-3.405908388932412
