231.0,0.0995960404130504,0.7648750704932636,-3.191440857310398,4.996745006998964,0.21642014663034506,1.9899069685706479,0.9998222098839202,0.0005584420549398236,-0.08421448078745156,-0.04468880017664806,0.9995762995854922,0.10016573673620864,0.04873577703833712,0.004409754178321263,0.8496247744363381
232.0,0.10440995743463377,0.7480416134751973,-3.2004136732019526,5.002406857546124,0.21922197177614372,1.9873646735235582,0.9998221634487758,0.002500675257650547,-0.09847898015965321,-0.04263310626744252,0.9995760356374539,0.08067543532703768,0.046896134360352365,0.006265144526439384,0.8497145852751369
233.0,0.10513770480061076,0.7406584477704469,-3.2009316375606085,4.998503431185094,0.21710119860507346,1.9883874791726208,0.9998221910970075,0.0010375570052186286,-0.09650666957600643,-0.0449597285516325,0.9995761982821918,0.08484598224637531,0.048883002448455795,0.004924076094700711,0.8493669479038308
234.0,0.10478022014921316,0.7482647819367179,-3.1986649054352867,4.998488327315824,0.21709392714396206,1.9887400953609244,0.9998221935856404,0.0007951119271649448,-0.09484763541489721,-0.044956787921532765,0.9995762078759354,0.08714356298068636,0.0488941611737731,0.004428946308005078,0.8493425135488686
235.0,0.10380727987576414,0.7549776357720234,-3.20240930022588,4.997948381805551,0.21681771097062547,1.9889655927909573,0.9998221980074009,0.0005253003727943645,-0.09272643970378015,-0.04465232365974501,0.9995762300523263,0.09170428742947383,0.0479414437117776,0.004578446435968109,0.8493102861727655
236.0,0.1010251497654693,0.7635710231222648,-3.195356840173214,4.996997951694562,0.21639448229443217,1.9897098169615641,0.9998222057343644,0.0005473652360387311,-0.08615170800597623,-0.04410651341890595,0.9995762718959269,0.09986758390566297,0.04728294725411509,0.004420433134419334,0.8494753023451098
237.0,0.10073752329558075,0.771459114317999,-3.195201368045856,4.99690815336759,0.2163596294539995,1.9898100780913588,0.9998222072112142,-0.00017315249680549798,-0.08640719699056984,-0.04417907448058702,0.9995762808001942,0.10040173810136338,0.047274335214693736,0.0037003436431615865,0.8494738068268259
238.0,0.10311684966432628,0.780219081284485,-3.2018894555391584,4.996852219757045,0.21635731096192967,1.989860701701662,0.9998222077188703,-0.000519610428869023,-0.084770329540733,-0.04464150633610481,0.9995762824950247,0.10196458769729674,0.047875709910390314,0.002955095458072546,0.8495053551927432
239.0,0.10601863640436791,0.7723736392212901,-3.20901273750526,4.997022035534699,0.21653359547636855,1.989751430626601,0.9998222080059005,-0.001297215150326111,-0.0859274969923121,-0.04545877037365885,0.9995762848963492,0.10129533101653308,0.04820387316840964,0.002335892687036787,0.8494885398842149
240.0,0.10298326177110145,0.8006135285051263,-3.23842372624852,4.996723939990427,0.21638399084590054,1.989869771703814,0.9998222104726568,-0.0006027318314766472,-0.08461073829388951,-0.04461525670240691,0.99957630002862,0.10138417120984788,0.04610963957368126,0.00451150012637762,0.8494810835098197
241.0,0.10676775718514522,0.7730608612765015,-3.2108536213245036,4.996958159363185,0.21654331471883237,1.989819336903574,0.9998222090374893,-0.0017302850997809596,-0.0844419577312661,-0.045721250994273016,0.999576289767599,0.10213076671396805,0.048889070476294386,0.0013521618654788697,0.84950990686696
242.0,0.10509742458205303,0.7785916860623255,-3.207689495539216,4.997305216169333,0.21683076457458964,1.9896351502548373,0.9998222082871453,-0.00237123956911275,-0.08604848005702555,-0.04600344648955082,0.999576285825132,0.10151260258287602,0.048902664006858665,0.0010556783252832426,0.8494815609984177
243.0,0.10660926831906838,0.7801386462946461,-3.205955798915243,4.997561049507311,0.21704075157165703,1.9894929944010813,0.9998222075455676,-0.0024451476491338243,-0.08711913699622768,-0.04632514292930301,0.9995762815306635,0.10112509837241031,0.04913159462643729,0.0009927311197363428,0.8494723893651259
244.0,0.1054999181635902,0.774099403702099,-3.207068270662186,4.99712074231972,0.21676547627931492,1.9896541508839691,0.9998222090035702,-0.0024709410705378043,-0.08475087575012279,-0.04614928473364116,0.9995762888243651,0.10255232770993886,0.0492391122176854,0.0006244787562200097,0.8495045010707609
245.0,0.10471753440627563,0.7759927641012371,-3.2011366510519634,4.997003368857695,0.21670228532016678,1.9896779978728414,0.9998222091769795,-0.0024338088307285363,-0.08356391365528305,-0.046043821758114695,0.9995762886864958,0.10316586702044984,0.049510084712889625,0.00023818587721722195,0.8495165431666609
246.0,0.10260450909556762,0.7682956022903288,-3.2049497843617845,4.997086152966501,0.2168450431089224,1.9895394385402132,0.9998222091123041,-0.0030831126179347128,-0.08324849907078195,-0.046292452959780156,0.9995762875992722,0.10340706116052167,0.04981372963569602,-0.0002541098180215315,0.8495123898961645
247.0,0.10760876784801636,0.7785529384608721,-3.2031981095443456,4.997486206390356,0.21723897861163163,1.989319614430953,0.9998222089727398,-0.0034736741846325496,-0.08473289860612361,-0.04642323424559486,0.9995762881841095,0.10298781480574887,0.04950534775206995,-0.00027179318358423114,0.8495073902143222
248.0,0.10550253494671989,0.7795776803450796,-3.212876346111245,4.99734749605027,0.21718045573030342,1.9893014801095301,0.9998222090277014,-0.0036673120391838413,-0.08345630499869462,-0.04630594562501055,0.9995762872605358,0.10362360540571712,0.0494147525855489,-0.0004385934953395026,0.849512807230663
249.0,0.10467536535539801,0.7778737123571143,-3.2004481935264857,4.99766780475567,0.21744040076331578,1.9891733833247054,0.9998222088187096,-0.0036021309261626564,-0.08485984284445461,-0.04608306202377711,0.9995762869396394,0.10331945438226296,0.04900096130967921,-0.0003303840681997005,0.8494955938053823
250.0,0.10365755809637699,0.7797910352784515,-3.2121842107177825,4.998027572556561,0.21787042274122884,1.9888774622198155,0.9998222086760293,-0.004364161380741641,-0.08566487695770116,-0.04645319696406522,0.999576286684726,0.10330641437840564,0.04895458917369534,-0.000503957345980959,0.8494926862032721
251.0,0.10493986308891208,0.7768368844443051,-3.2059204885306114,4.9980870140622295,0.2179773598892898,1.9887921638429655,0.9998222085026331,-0.004364609194744993,-0.08553612984654167,-0.0465649117947843,0.999576285270882,0.103512371861974,0.04932727148290569,-0.0007953462984156885,0.8494975269185143
252.0,0.10534078756452113,0.7842767020186385,-3.2004131183521656,4.998119446108799,0.2180437233581345,1.9887433784726778,0.9998222083892048,-0.004257307551143292,-0.0851078394763869,-0.04655386363332776,0.9995762842435405,0.1034428443381556,0.04942128846173601,-0.0008991866688488168,0.8494964827715528
253.0,0.1030619273571051,0.7811935744820878,-3.2034402018634935,4.998353086285106,0.21837101305619577,1.9885111412718137,0.999822208378492,-0.0047010289353256775,-0.08511289257287558,-0.04649895292817628,0.9995762843808258,0.10356694906027078,0.049297796545317296,-0.0011824224574550376,0.8495064668005952
254.0,0.10281838396106333,0.7826862799200801,-3.202419064232576,4.998443240878129,0.21848296540327466,1.9884597241405018,0.9998222085285542,-0.004846472763244735,-0.08502510507967845,-0.04612632117731163,0.9995762856582293,0.10347647255856406,0.04895922320932326,-0.0013116513495795843,0.8495098428926309
255.0,0.1023500106064284,0.7864259959430814,-3.2007334565417063,4.998900176131122,0.21894219913480448,1.9881383446650438,0.9998222079396519,-0.005075488476974544,-0.08548096350386965,-0.04565226870410204,0.9995762818520757,0.10368314596619256,0.048317319569113434,-0.0013180718217289682,0.8494955705568814
256.0,0.1025084755948434,0.7872642286494023,-3.2011472080861916,4.999157012444866,0.21923506855127664,1.9879431445965239,0.9998222075883556,-0.004732252670466233,-0.08541714044612382,-0.04550885978217458,0.9995762796108851,0.10376471102339303,0.04807124707540795,-0.0009638647238293356,0.8495015162438329
257.0,0.10206587292425626,0.7888512267880118,-3.2034220237885394,4.999938690281401,0.22006276658790763,1.987414487813103,0.9998222060495401,-0.005005996459552442,-0.08554127494137503,-0.044932298974610145,0.9995762692791306,0.10373770246842272,0.04737161205636,-0.0011903231319214452,0.8494680533395715
258.0,0.09939931737520175,0.7496711282322422,-3.2054044459397777,5.583962766780267,0.861108297311925,1.5499936205443239,0.9998208089438547,-0.013890283587222399,-0.09435786126817086,-0.04430606259486371,0.9995668017099884,0.10305576623611407,0.05964119134675447,-0.0028271181914561122,0.8220567349631946
259.0,0.10161882702304346,0.7925595442174947,-3.202961408652835,4.999316739327294,0.2195284560845475,1.987744902807444,0.9998222075699426,-0.005222661510497248,-0.08481504851311873,-0.04472080218737706,0.9995762799245282,0.10337256795990882,0.04744731596080228,-0.001590245159149005,0.8495124420071722
260.0,0.10416455781536892,0.7899273265795084,-3.202567835415042,4.999183320071044,0.21952610687271096,1.9877094132312736,0.9998222077190799,-0.005270718130943104,-0.08449647868028749,-0.04519310666622718,0.9995762810161217,0.10311278771762189,0.048276528965165696,-0.0020318422225918315,0.8495428958245672
261.0,0.10389826537244912,0.7864868950011535,-3.205359478859515,4.999034287767876,0.2193670674284132,1.9878056001509345,0.9998222079145866,-0.005337534086320536,-0.0847999969167749,-0.04546882079640308,0.99957628240865,0.10315556232006051,0.04848334858108971,-0.0021199292276720865,0.8495452054646999
262.0,0.10177993464717158,0.7925941787867874,-3.199506627116162,4.999090069859894,0.2195302379076087,1.9876840186846756,0.9998222080493875,-0.005480882313249763,-0.08408580933427916,-0.045011634930471,0.9995762833627773,0.10294832764609682,0.048390269368214806,-0.0025667560473552104,0.8495755579249713
263.0,0.10131511816371455,0.7910279112785691,-3.1988686057601585,4.999354906947469,0.2199398882781546,1.9873968515734564,0.9998222073791676,-0.005755118442959497,-0.08365575494385766,-0.044921550474281584,0.9995762793443084,0.102545587659271,0.04861934748108603,-0.0030893288994223475,0.8495993211631891
264.0,0.09963285720473791,0.7988572337193487,-3.199371271948656,4.999288787300822,0.2196499758876459,1.9876376131594573,0.9998222078369818,-0.005630366963584684,-0.08388395613750889,-0.043668863679588055,0.9995762821642036,0.10293311602932019,0.04693645139153575,-0.0024810394367227226,0.8495596389999476
265.0,0.10156202472066032,0.798847163705727,-3.2093431033367272,4.999331935020752,0.21975031464775335,1.9875897939504377,0.9998222079603634,-0.0055362108072988395,-0.08350101576315642,-0.043451023499750836,0.9995762828928005,0.10301370428167139,0.046594998255782415,-0.0023991648072475965,0.8495757135150845
266.0,0.10085501214830835,0.7949170744118921,-3.2050366872990823,4.999333623741114,0.2199314307308249,1.9873882902219007,0.9998222079191958,-0.0057530986619222955,-0.083050216916627,-0.04384732662388286,0.9995762825058998,0.10278445811787101,0.047454248514894534,-0.0030716568063464647,0.8496178490312252
267.0,0.10168813872649697,0.7935076850394964,-3.2093890551334407,4.999455137870492,0.22011493556945552,1.9872760501570017,0.9998222074665251,-0.005814501905152859,-0.08288483320910635,-0.043201964195376016,0.9995762799960091,0.10254780820411472,0.046765786657432785,-0.0030535776402101874,0.8496261792534039
268.0,0.10393340292036518,0.8040251980599805,-3.2059688390454117,4.999680786675066,0.22039723926813637,1.9870921560814112,0.9998222070535003,-0.005907695368196977,-0.0825402333240251,-0.04291509100290584,0.9995762773050023,0.10247752770799824,0.046683739126201065,-0.0032533931611968122,0.8496363964988645
269.0,0.10252513869248017,0.8042204328189375,-3.209849643552933,4.99888762372361,0.21917436122371886,1.9879867848089146,0.9998222089364881,-0.005436450191525706,-0.08312575948844209,-0.04207558057342639,0.9995762897927338,0.10233048217702292,0.045249448642738214,-0.0024026902644241678,0.8495635961840615
270.0,0.1025250216107832,0.807896066715287,-3.2099543928811336,4.99839893686991,0.21858646989543892,1.98839198874773,0.999822210042264,-0.005406197620743919,-0.08363442636939603,-0.04210416622398372,0.9995762971332847,0.10282370081211759,0.04498054131543364,-0.002114675145917321,0.8495758590485549
271.0,0.10440466571548292,0.8035456482500423,-3.2120444510966357,4.998220274008191,0.2185515248522968,1.9883564817235884,0.9998222101930252,-0.005522765624526392,-0.08328694664245623,-0.04242093643106721,0.9995762981489236,0.10274631543585817,0.045600481314355845,-0.0025600360016171937,0.8496047113953569
272.0,0.10472936462905794,0.8212201241383177,-3.2564717145671715,4.9979756871925956,0.21826928488461567,1.988472987181396,0.9998222104717194,-0.004900488544974245,-0.0838248272301847,-0.04395191984197963,0.9995762997521569,0.10227552214288389,0.04540509708220912,0.0001893138598926403,0.8495546968402474
273.0,0.10874549945470756,0.8291285849427731,-3.2651260032746574,4.997643595417947,0.21785781306836502,1.988751316950929,0.9998222110781712,-0.0048678710408343205,-0.08403859047014013,-0.04435153586516358,0.9995763039259882,0.10221385437104501,0.04508947183725438,0.0011824401473798556,0.8495522476547579
274.0,0.1089328241385222,0.8306529056731924,-3.2594901784935666,4.9976869313996195,0.21797459890774448,1.9886577403214278,0.9998222109989887,-0.004874758201420255,-0.08355062763678565,-0.04425412855109505,0.9995763031786569,0.102394236829382,0.0454892281409619,0.0004898912744448063,0.8495699066697144
275.0,0.11032185160404957,0.832521297857418,-3.274123898669029,4.997552817729756,0.21803330659325312,1.9884574095578855,0.9998222106206853,-0.004523177330425302,-0.08373996679225638,-0.04596196644186289,0.9995763004010654,0.102621573071977,0.047224372445470036,0.0013398633494375114,0.8495975277489669
276.0,0.1131368506371724,0.8304618581059976,-3.273419575040867,4.997374043435171,0.21776541675075936,1.9886966745463153,0.9998222112400075,-0.004677117781813047,-0.08341351747113357,-0.04597792154190016,0.9995763043739927,0.10272048188436757,0.04694863410882047,0.0013255671179459158,0.8496080316198436
277.0,0.11609939848415878,0.824061727061288,-3.2836368824163924,5.354031179116477,0.673200641684629,1.499127161587024,0.999821269392974,-0.008669079025015626,-0.0980350258553182,-0.044032811736219916,0.9995695573960242,0.08121780709967186,0.052773245248700314,0.007736217358190594,0.8481676308425314
278.0,0.11750352717068382,0.8383031687902718,-3.2893103591358384,5.36692479979558,0.6910477005915638,1.4667679132153915,0.9998213208690152,-0.008398708906843383,-0.09807110357994515,-0.043020798979555866,0.9995700488567998,0.07774459474049629,0.05089597765649772,0.009188834611933441,0.8563045007990859
279.0,0.1161201793758943,0.856631637718201,-3.2685129138997646,4.997733543256847,0.2187043577754429,1.987469353970207,0.999822209831668,-0.002371806230058891,-0.08441169287791228,-0.048682484715435424,0.9995762946220093,0.10444736769825425,0.04900978731808508,0.0059116666034479326,0.8496370544082861
280.0,0.11900433268101562,0.8408094470493376,-3.2710238718459816,4.997359138940228,0.2179464575508724,1.9882674213655755,0.9998222108286852,-0.0032860375018367413,-0.08464988173640553,-0.04864106140734442,0.9995763013253876,0.10263351903283888,0.04854683215725721,0.005185969511781113,0.8495743458930705
281.0,0.11863369578192125,0.7857455677235788,-3.211533221899301,5.396773957954723,0.6997031948124204,1.4849909774244554,0.9998213104847444,-0.01126434643400465,-0.1006283470214387,-0.04802735597376397,0.9995698219034796,0.09088069879089859,0.059917178617126705,0.00244645597667593,0.8399007948300667
282.0,0.1215870421005009,0.8104814124105439,-3.2979271835244157,5.386988033756478,0.6917777623042952,1.4960766312515388,0.9998213005016556,-0.010543815495407633,-0.09772464178056534,-0.04675535602630719,0.9995697177507183,0.08904357390769342,0.055429236275522105,0.006785504255966142,0.8399555256937756
283.0,0.12180622163418717,0.8393743702092046,-3.2674806946145463,5.002152796083263,0.22428793468777528,1.9817030796699613,0.9998221994108387,-0.0036587104704286534,-0.08454981751579073,-0.05004927100126324,0.9995762183280024,0.1071115450595331,0.04964307919174797,0.004101563277682209,0.8495218799188553
284.0,0.11921511215120366,0.8265276005797755,-3.2897617811660353,5.39873495872887,0.7129452030667692,1.4605903215606564,0.9998212617630522,-0.010528618811125679,-0.0921791696495957,-0.04556790990277155,0.9995693831013177,0.0930926048411738,0.05544750419826798,0.006639491655967735,0.837201679090938
285.0,0.1198537450688644,0.8330828200218617,-3.2951906681826744,5.3454350905049095,0.6763252320928145,1.4567069119650164,0.9998212887760607,-0.008014847833536926,-0.0949096752589516,-0.043841808014373325,0.9995696712163022,0.08659844661457594,0.05366743959327667,0.00822023954416943,0.8400303837053984
286.0,0.11788115221443915,0.8447345314261785,-3.2920470212895876,5.29647530809823,0.6582788052331928,1.4443598478622477,0.9998212101972794,-0.005749719510512051,-0.09524456661217309,-0.04032039707135699,0.9995696678619963,0.07578559617621793,0.04865907879541137,0.011375490529333215,0.8515088512715303
287.0,0.11855210747614205,0.8987538890169454,-3.332725221485288,5.421450911738273,0.7500444167980512,1.3755139127575569,0.9998212923469594,-0.007080756380628726,-0.09281200527867879,-0.038788031435906596,0.9995699013004984,0.08525084717898315,0.04880214232730315,0.011529590930457564,0.8449423305723418
288.0,0.1199382280650348,0.9155195934037355,-3.3356151332142723,5.437207302479276,0.7607758432823356,1.3703470345718096,0.9998213196454493,-0.007492605658150124,-0.08675428049419873,-0.03924639571733922,0.9995698216432605,0.09339661047477445,0.050670608454908075,0.010184708424500989,0.8407289938680795
289.0,0.11581840044588913,0.9088247357980316,-3.32762809683601,5.461527431908384,0.7682846676966286,1.3703792819127727,0.9998213121621278,-0.007707507767491421,-0.09439393849321673,-0.03869003187544868,0.9995701192001785,0.08543603506094652,0.049448175590275756,0.010573167827154563,0.8458967000964799
290.0,0.11914161797315954,0.9117985294770818,-3.3386758672764474,5.460262928782279,0.756101730996099,1.394373155205455,0.9998212954921155,-0.007404155383161504,-0.09796144318963976,-0.03880854081086307,0.9995699925915771,0.08253417035780845,0.05010482902540471,0.009422689489107112,0.8458411548347184
291.0,0.11501093189988079,0.9208968446612951,-3.3384706862954627,5.48079687974278,0.7666562040001774,1.3896732302052532,0.9998213183102276,-0.008157935670144506,-0.09450270670942289,-0.03913024198836059,0.9995699763062638,0.08754014681290305,0.051385630508844024,0.008453398112009137,0.8428637259723399
292.0,0.12073316970957697,0.9144061918806844,-3.3498688054240664,5.471693436462583,0.7627485473459901,1.3830617509930974,0.99982130076738,-0.007964940871111466,-0.09707030357954247,-0.0385196433691999,0.9995700729091637,0.0817240390937797,0.04976676716808075,0.009777950531767733,0.8467897729904168
293.0,0.11927382191831809,0.904467769797203,-3.341415563732003,5.484846045848634,0.7697244067407298,1.3720888265548286,0.9998213653548249,-0.008561000164263815,-0.09569770208309637,-0.0389437042048679,0.9995706648657761,0.08360965737170666,0.049157381819769724,0.010471338102673975,0.8491908869715135
294.0,0.12155542749219952,0.9055994577558751,-3.3500269385050214,5.447516876759795,0.747125949484022,1.4062838753409856,0.9998213178251052,-0.008284336673683725,-0.09660366550270283,-0.039317794958458954,0.9995703523344839,0.08254543159661502,0.049356563771816984,0.009742854627710901,0.8486450926195204
295.0,0.12174075252272774,0.9044648787296086,-3.342710581151698,5.4503366308077705,0.7469204916069065,1.4082769906372663,0.999821327825406,-0.008224165018894123,-0.09564161947446943,-0.039714815108184844,0.9995703751831688,0.08503540263868575,0.04999778581397832,0.00933539328454384,0.8474832840203319
296.0,0.12081130302566946,0.9054422007047676,-3.3283902285201656,5.454509410127654,0.7477861634075363,1.4055050448624706,0.9998213317829507,-0.007662437142948478,-0.0952776717811975,-0.03996836093045407,0.9995703872023585,0.08787755930574254,0.05037322919987761,0.009132770810475352,0.8470505251822353
297.0,0.1223235519648042,0.9040380532959468,-3.3413422937250647,5.463513880401583,0.7552786376523777,1.4006906098876581,0.9998213143395058,-0.008696718972171483,-0.0926429075347283,-0.03981849094132879,0.9995702000883162,0.08754384569862539,0.051025266582973045,0.008295109363369219,0.8457704864251547
298.0,0.12016132417347083,0.904745640516436,-3.3459191856442594,5.463643327525377,0.7552126795881914,1.3998834550109578,0.999821308162526,-0.008577503013781197,-0.09378111268539722,-0.03986453426831884,0.999570214071019,0.08772458654235331,0.05064187390465416,0.008441321682340172,0.8466934047033494
299.0,0.12519060791096834,0.9106577477201432,-3.3296449474322487,5.012686875973843,0.23629402833737653,1.9685808894074401,0.9998221746748659,-0.0014578533904673955,-0.08106459586192585,-0.043913109007211786,0.9995760706198831,0.10676818472111031,0.04647603147329854,0.005928880663397396,0.8495663638950233
300.0,0.12439096439064337,0.8988009224693442,-3.3414931292508414,5.4415958999300855,0.7404219629802917,1.413445799012908,0.9998212589385129,-0.008372142884449187,-0.09494674852022517,-0.04047077603933768,0.9995699767663799,0.08898040177819035,0.04962658235560528,0.009206283702953667,0.8469193987174009
301.0,0.12542766871685723,0.9050470997631425,-3.326675955507023,5.010851772157819,0.23366486268152528,1.9712482641088755,0.9998221776027818,-0.0014062613447626948,-0.08155626217123292,-0.04383464380442881,0.9995760933830997,0.10718342421658547,0.045948356469737536,0.0059841891970171665,0.8494205022944885
302.0,0.12332770956811719,0.897326380794007,-3.3442447412002907,5.450574219309849,0.7257796403783696,1.433296979082504,0.9998212994418485,-0.009312263921641131,-0.09047171583254963,-0.041377186253112444,0.9995701930812471,0.09592258948102411,0.0502791995152488,0.008489012186869867,0.8447146904130225
303.0,0.12362453000125972,0.8999643342197037,-3.3421341813000955,5.440686902569638,0.7216721403403359,1.4404683146539217,0.999821258369769,-0.009215045440367076,-0.09271280737379381,-0.04125979193970215,0.999569932280874,0.09476595411185938,0.04969139635403919,0.008453637009555485,0.8443369884323351
304.0,0.12356175224800729,0.902127113512575,-3.3534210397993762,5.439564645161238,0.7138849850281423,1.4591487216771608,0.9998212461579148,-0.009497345672928063,-0.09040427224985371,-0.041255756636517135,0.9995697887506878,0.09494617767115462,0.05078865999757355,0.00677426507871561,0.843310839905175
305.0,0.12427001649022638,0.9056462404534051,-3.319982903668664,5.010865867229644,0.23405925540015937,1.9721454940395204,0.9998221709373041,-0.0026623028684140543,-0.07925361865057629,-0.04433508882752926,0.9995760482707552,0.10988417591968802,0.046337040130837746,0.004763056762529915,0.8499020333302756
306.0,0.1246770198786437,0.9032765935072654,-3.3330546690990532,5.008864363115074,0.23065569027791982,1.9754716059344395,0.9998221835930139,-0.0031210797051172416,-0.07536235795296947,-0.04487794911695305,0.9995761187269814,0.1144140303426706,0.04731449834185873,0.003447948309312697,0.8495464512568633
307.0,0.12512509198460475,0.9073734771503482,-3.3247513724803412,5.009101268485021,0.23084293207828635,1.975382888391656,0.9998221833730105,-0.0036010760541271237,-0.07324234759963262,-0.04518223607468903,0.9995761172096063,0.11672927913608097,0.04785726542102047,0.0025422700254309305,0.8496660330563548
308.0,0.12644022367719046,0.9123292585719888,-3.3430761741837465,5.012448417737817,0.23418028107256475,1.9724719534115598,0.9998221784007104,-0.004494391523512395,-0.0707288357931095,-0.04533213694382999,0.9995760785894083,0.11736417076585776,0.04838437476721968,0.0019108526868589664,0.8496489965575211
309.0,0.1280034406635989,0.9101423928612831,-3.344226255405445,5.012220830571311,0.2339131631743953,1.972755654507378,0.999822178858397,-0.004768694170679712,-0.06994286467844898,-0.04552470181376108,0.9995760839086756,0.11871996467812786,0.04820889434267907,0.0019056382519389585,0.8497881520995805
310.0,0.12159393055860228,0.9041840704758471,-3.3610506191174183,5.4805951297450415,0.7191249488503209,1.486972462511684,0.9998212961199902,-0.012806629595476049,-0.07788092582819622,-0.04229647024541982,0.9995700327479868,0.10269643238066334,0.05277819350139208,0.0027860221861353055,0.8480901868719182
311.0,0.12753836648604688,0.9079695239623038,-3.342124897549534,5.0092318308541435,0.2301415783638354,1.976652484268304,0.9998221852385072,-0.005244535709326153,-0.0680244995446731,-0.04588367756890968,0.9995761296068915,0.12099789025015768,0.048529641790845866,0.0008646737090971004,0.8499468687602767
312.0,0.1271374691735437,0.8968570341246642,-3.3543649600168597,5.009357933853506,0.2305237265550035,1.9763706671247803,0.9998221803497302,-0.005334994671670158,-0.06927545931877933,-0.045375629408753206,0.9995761025622569,0.11756245130825818,0.047719226150368964,0.0015139254903045064,0.8498290233680053
313.0,0.12614107229594804,0.9004413689920294,-3.3467051771270975,5.011086607352959,0.23124200204479511,1.9752171479499676,0.9998221834674692,-0.005350290600349744,-0.06968897316384495,-0.04577155869883415,0.9995761208499345,0.11972747494581529,0.047549164944676404,0.001685834472432212,0.8498240510819193
314.0,0.12524590818499176,0.8999380399054002,-3.341597937410795,5.007320573061565,0.22823695286216353,1.9787071233543414,0.99982218485352,-0.005539499046129577,-0.06927420015816456,-0.04551772854999263,0.999576131972989,0.11864619011658087,0.04754249175999717,0.0013038254222804198,0.8498963732866991
315.0,0.12379028762733559,0.8980417301047342,-3.3393742361001366,5.006310936231185,0.22711624446567333,1.9798378105954748,0.9998221869870498,-0.005429549258534528,-0.07061455574112016,-0.045525168104921764,0.9995761463525972,0.11815600518276001,0.04767141971840255,0.0009753114985379592,0.8498834018203911
316.0,0.12752064691183276,0.899680257156267,-3.353137524885947,5.008524310600313,0.22943152005368891,1.9775837745026095,0.9998221814622703,-0.005749955202615433,-0.06821211298531,-0.045796094954618005,0.9995761090877144,0.1215288677270242,0.04731566307643276,0.0014268117292900616,0.8499311608163507
317.0,0.12578989709653154,0.8989665994088417,-3.352777774149139,5.009266023655211,0.22986803606176534,1.9772802942460599,0.9998221818189592,-0.006149051478112343,-0.06608921907474495,-0.04594554122025365,0.9995761084821047,0.1224670038516117,0.04815894551626222,0.00032797487982270116,0.8500033664952187
318.0,0.12402604731394246,0.8978642211233402,-3.337447364166743,5.00828177899788,0.22890314106609091,1.9782946165773045,0.9998221827904779,-0.0064348580327372555,-0.06593668796011923,-0.04631008304130366,0.9995761165540633,0.12455142378498853,0.048290738954628855,3.527155262206744e-5,0.8500764854133884
319.0,0.12761807404420128,0.9026111600894262,-3.3591768341120947,5.008042199218843,0.22814226200361445,1.9793102619116862,0.9998221860401162,-0.007073800230860276,-0.06312364872695754,-0.046537184399974986,0.9995761348259795,0.12647945742710362,0.048443613064361735,-0.00044036955511909097,0.8501901240215477
320.0,0.12228290475975405,0.9175118592398899,-3.345740966835843,5.007504159642129,0.2277147279463901,1.979806234662629,0.9998221902266657,-0.007141007328415566,-0.06340785791186868,-0.04688692237930495,0.999576159500535,0.12892067042553956,0.049193235858837385,-0.0011916597166261632,0.850326025766148
321.0,0.118924410029097,0.9199020210647384,-3.345572758070029,5.008694235771353,0.22876439747151184,1.979213895408275,0.9998221882486424,-0.007695136585955457,-0.06287937476779415,-0.04680775019256397,0.9995761456526022,0.1284049716257634,0.05011878061822545,-0.0028058258583850693,0.8503707636646565
322.0,0.12011059828486936,0.9207217009736529,-3.3475254890043153,5.007842370193424,0.22795657516840706,1.9798275785636938,0.9998221899152684,-0.007848285232058856,-0.06216566082952343,-0.047089515711958456,0.9995761580780163,0.1298815367988923,0.04989691208617102,-0.002479498486062151,0.8504174345548179
323.0,0.12002838646744685,0.918277020621275,-3.349319337342635,5.008464687905311,0.22851862085821273,1.9794130135998096,0.9998221889490295,-0.008280285199948128,-0.0612766402930789,-0.04716029964854829,0.9995761517748039,0.13009557675984043,0.05014796605697111,-0.0029098031325110064,0.8504667960365444
324.0,0.11810333174146534,0.9243986115666627,-3.34550067773067,5.008605140966504,0.22869073502629406,1.9793665449812148,0.9998221888753038,-0.008770431602665153,-0.05930111146128367,-0.04722992622592747,0.9995761501891574,0.1312541772166745,0.05042297562417757,-0.0034615629792131937,0.8505260970037434
325.0,0.12050049637388634,0.9238460274629275,-3.35189916091898,5.0086364204329294,0.22881966495817194,1.9792380885684717,0.9998221889311365,-0.00885625787617403,-0.05788886094442159,-0.047548521571342435,0.9995761504848844,0.1329547070088748,0.050586477530117066,-0.0035415689383333712,0.8506221479180138
326.0,0.12104998622685996,0.9254856128585206,-3.353057086117112,5.008349663862432,0.22832923162534036,1.9797715561551943,0.9998221902425859,-0.009107489730994534,-0.058114112074049463,-0.04746604765195749,0.9995761599070043,0.13236340367445013,0.05057212294372165,-0.003907636507980749,0.8506165461725019
327.0,0.1231931574744479,0.9219672187263168,-3.363190900305045,5.010553764419003,0.22942280839472598,1.9787981567918838,0.9998221895869326,-0.00953198936688891,-0.058598814150398575,-0.04742626103820671,0.9995761573202544,0.13195063542339777,0.05018065291429414,-0.003709464007558309,0.8505114116431027
328.0,0.11915933885010989,0.9267942410704192,-3.355464580970498,5.008396878932852,0.22825111990846525,1.9799248264163771,0.999822190705195,-0.009784092179732015,-0.057006316267240724,-0.04749562482420685,0.9995761638985683,0.13349543388110588,0.050401856076595745,-0.004098856759425124,0.8507107839189918
329.0,0.11846414340910194,0.9326058570192185,-3.359795711563699,5.010310474372551,0.23020714335768913,1.9784286572559102,0.9998221871400346,-0.010064421894903152,-0.057063263858360656,-0.04734397984172922,0.9995761404436756,0.13303006926364713,0.050768422057903724,-0.004816945566870208,0.8508574330866114
330.0,0.11980340581117842,0.9360789808098259,-3.362878640756832,5.0117919685393355,0.23163630506789265,1.977164221488628,0.9998221854630032,-0.010331024602596038,-0.05741638722759075,-0.04749609967406554,0.9995761295182028,0.133460580791884,0.05081872091850971,-0.00488007538013774,0.8508895843081294
331.0,0.11976115982038868,0.9371075256975504,-3.3605137586008995,5.016451290665776,0.23523542761417113,1.9743078881017686,0.9998221779100334,-0.010457542614987323,-0.05518432886771797,-0.04781321718810332,0.9995760847907122,0.1348437300733876,0.05128633616495797,-0.005307184465810627,0.8511609134338709
332.0,0.11553749921614485,0.9399956461854759,-3.383339053203529,5.549561544841468,0.7317817320081575,1.5959040992915723,0.999820873570376,-0.01623268251480021,-0.06955314873957583,-0.039660747333574484,0.9995683438968972,0.09290461023219143,0.04783023610080517,-0.0021350401766228474,0.8820344883482238
333.0,0.11933303490365015,0.9397252359877745,-3.3610912306326726,5.010176701013569,0.2301725276598438,1.9784673377292015,0.9998221871686466,-0.010870578399270926,-0.053893300691541655,-0.04775145207217894,0.9995761439386976,0.1358952914943013,0.05087183839719802,-0.005262182687845342,0.8510501870387066
334.0,0.12045680699978707,0.9384025292522865,-3.373477788235748,5.010763160119039,0.23055550033621341,1.978280497135382,0.9998221862291161,-0.011382050909460631,-0.05346356755130086,-0.04771345680878975,0.9995761390253184,0.13556740290238317,0.05086562045287564,-0.005521309530858732,0.8510834703816998
335.0,0.12031228726980861,0.9372281737503106,-3.374095568038732,5.009932726090524,0.22997022427176642,1.9786737057708605,0.9998221879245559,-0.011367650014277078,-0.05253259936447707,-0.04824301931781489,0.9995761480870533,0.13822202834501437,0.0511656952973455,-0.005592447875274509,0.8511194594956202
336.0,0.12004642183659534,0.9372214377364954,-3.3532822493837777,5.009724237789087,0.23094243447271132,1.9775764821147148,0.9998221864132171,-0.011556372436108062,-0.05198577346174853,-0.04857418653402997,0.9995761393108786,0.1398757276138306,0.050992355436115605,-0.0053756687089220895,0.8514855971146174
337.0,0.12154507327959621,0.9361975038210134,-3.3744838420237073,5.009617351921145,0.22944406931205735,1.9791355049478765,0.9998221887354994,-0.011584777272513148,-0.053624551521780826,-0.04792228627306096,0.9995761564053984,0.1367424564213623,0.050798586451931416,-0.0056268317382640945,0.8511018996087607
338.0,0.12244986752046527,0.9396380913779067,-3.375390292549984,5.010281766533957,0.23007716413222734,1.9786860247295315,0.9998221873625908,-0.011492373662013689,-0.05370662855418471,-0.048114262319459915,0.9995761488427153,0.13739704159437485,0.050885655404260176,-0.0055674777506819475,0.8512368727557686
339.0,0.11019846212085112,0.9522730824160919,-3.399580642582756,5.57765582129025,0.7413010199573122,1.60351216013965,0.9998208517172427,-0.01797681198342824,-0.07030748041539546,-0.038935720096354036,0.9995683891734017,0.08966696859753567,0.0461175446885039,-0.0020040147791775117,0.8873214682973642
340.0,0.11800354376743094,0.9425532346081037,-3.3524542986471157,5.010019391940226,0.23017300582359332,1.9783329960103957,0.9998221906816485,-0.012126829737188358,-0.04962140253905153,-0.04896502043749072,0.9995761634806635,0.1428975304787189,0.05133798866827279,-0.006106692451673686,0.851309056356464
341.0,0.11950301673521165,0.9402832331558831,-3.3797679683003854,5.012261984407863,0.23210722762106917,1.976960808680369,0.9998221840962196,-0.012354785048970661,-0.05310878671561228,-0.04812336001922002,0.9995761301708499,0.1377852076121427,0.05072652746363909,-0.005881667267228056,0.8513783962070918
342.0,0.12232067620508928,0.9301256705919896,-3.370921269543221,5.0183362861392915,0.2369586377859002,1.9740372303129534,0.9998221689665303,-0.013246150624113875,-0.0475964511080712,-0.0495406311844635,0.9995760419730417,0.14421462891245962,0.05095743717032525,-0.005668872601243129,0.8518744968960321
343.0,0.1202251149237133,0.9320067068020268,-3.3656952134273306,5.008333124168041,0.2280899414116876,1.9802023401228073,0.999822192632807,-0.012106695964457615,-0.052211422507493235,-0.04852761654965244,0.9995761818938438,0.13913672366381966,0.05113388946820795,-0.006105799651372732,0.8511321245165104
344.0,0.11987203333678473,0.9325162628417509,-3.3597759313769107,5.006977258443298,0.2267175551414157,1.9812950248229826,0.9998221961485116,-0.012334202943029175,-0.053210326954472795,-0.048614043087898996,0.9995762023807435,0.13935146940227797,0.050541908943816716,-0.005364086762792391,0.8510157196026382
345.0,0.12447153087390249,0.9305405196405703,-3.375883404128454,5.006926993800015,0.2268240351455464,1.9811897444528035,0.9998221953838715,-0.012486726023471919,-0.05056469598919679,-0.04900675045512231,0.9995761970390691,0.14146543337356884,0.050714979834636784,-0.0055311588508456435,0.8510929183866933
346.0,0.1243091857735278,0.9314214713818462,-3.379441805082557,5.007181224291626,0.22700811968338072,1.981079479135152,0.9998221949927708,-0.012682744788210364,-0.05036383532889978,-0.04906547418001321,0.9995761950791371,0.14158039808685421,0.05091281649827842,-0.005882454486536889,0.8511305479359648
347.0,0.1228567147623497,0.9296089443095799,-3.3816949691690805,5.007862716160897,0.22763616879607887,1.9806346120237637,0.9998221930979396,-0.013286196703419803,-0.049402058293362354,-0.049436052915634,0.9995761853130163,0.14267281156417141,0.05089278887199407,-0.005849940937077306,0.8512479015125938
348.0,0.12299593560111907,0.9292036141886895,-3.3790306592163355,5.006798538755072,0.2266862935247085,1.981250258561329,0.9998221949577906,-0.01246812561764606,-0.05198117151019518,-0.049050436226608686,0.9995761970379913,0.14186547682934805,0.05010543128085531,-0.005153596991217398,0.8511462537685095
349.0,0.12548846152314233,0.9281145266194526,-3.3849435908378123,5.006726511545338,0.22645317292623762,1.9815822424186795,0.9998221956224234,-0.012675006184843931,-0.050480050181500175,-0.04908959079838233,0.9995761993745909,0.14151619993930367,0.05089144086629335,-0.006064705149992675,0.8511184378667909
350.0,0.12695227527627925,0.9272486271485278,-3.374628753066478,5.008750377866618,0.22879684492203403,1.9795871207637554,0.9998221913148848,-0.012651049464619016,-0.05033384091909391,-0.04911930133240515,0.9995761746612655,0.1415636498990686,0.05089576758635408,-0.006054028859646231,0.8513381958310533
351.0,0.12465940732198169,0.9329381647481092,-3.4134839040651945,5.500251724798507,0.7041161301531205,1.5650126543227088,0.9998214081827521,-0.018610481645317773,-0.06510705568620531,-0.04114593509771073,0.9995715154775444,0.1007146803128768,0.04877400062263011,-0.002894105024442481,0.8727760929596928
352.0,0.12573729674705267,0.9274116265222875,-3.377837341483061,5.008554633277612,0.2284667635974177,1.9799221942673892,0.9998221912015306,-0.013107228692514895,-0.050129438560753366,-0.0487412980116466,0.9995761757203767,0.1403587289433364,0.05064231747833674,-0.005944287410783373,0.8513135266723442
353.0,0.12669495995964752,0.9270599787802654,-3.3780516688907913,5.007179804281309,0.22691819604563926,1.9811904019588422,0.9998221950449415,-0.013295399981673233,-0.049302360850640825,-0.04903110648813947,0.9995761949408748,0.14175928176870176,0.05092244952090713,-0.006311861022171323,0.8511361802927866
354.0,0.12694671022788956,0.9275328113009031,-3.3735640332327534,5.00612531155565,0.22596139829972595,1.9820472406677982,0.9998221963736322,-0.013067128123930453,-0.0492659395839339,-0.04920342173054344,0.9995762037653091,0.14250326599915794,0.05072810691103058,-0.006096535134239628,0.8511164552905341
355.0,0.12567935643346922,0.9284126779358685,-3.3744903622020823,5.006883352443261,0.22652481354737405,1.9816318237240245,0.9998221949995614,-0.013243251343327475,-0.05062148933301608,-0.048920972836119035,0.9995761971919432,0.14125381984593274,0.050508274216712494,-0.0059442183018075054,0.8511360208176262
356.0,0.12783183161501685,0.9295559653519518,-3.385320928827378,5.006294954533482,0.22577914008781838,1.9822525662626813,0.9998221966678991,-0.013612498209411818,-0.048964842457459606,-0.04908678686988549,0.9995762043407446,0.14189091939080883,0.05069137112756287,-0.006241733720124474,0.8510519449872209
357.0,0.12389633669855468,0.9305372575076648,-3.368470509499309,5.007038616380146,0.22650194543239655,1.9816673140619487,0.999822194804538,-0.01317706695043953,-0.051523962955226356,-0.048828095577383684,0.9995761965745642,0.14091549472122022,0.05040020821392639,-0.005868403616780742,0.8511136604017739
358.0,0.12515209399978133,0.9267074504939985,-3.384929806229435,5.006394460638373,0.22615199865062782,1.9819513288061916,0.9998221951854582,-0.013321032965591775,-0.04968196335619464,-0.049167499947407864,0.9995761971720218,0.14193253110723184,0.05067336636937676,-0.006144261495202944,0.8511279062485841
359.0,0.1261475326518374,0.929160200648041,-3.391704211693528,5.00705120960186,0.2265906800395621,1.9816722860649563,0.999822193813811,-0.013630254164527813,-0.0492027596223884,-0.048650614525236544,0.999576187995977,0.13971636087723127,0.050793429627504216,-0.006446525769575564,0.8510886682764893
360.0,0.12519027994362275,0.9269270750552159,-3.374359294859345,5.005708425988137,0.22561294960600323,1.9823592601406628,0.9998221971076966,-0.013532629434233483,-0.05000093296630673,-0.04943006029452126,0.9995762050581523,0.14333623124953945,0.050731706422508155,-0.006187898411734184,0.8510645254958522
361.0,0.12711989661061276,0.9243056702891256,-3.38540265306682,5.006787384906406,0.22677346949624777,1.981351482971361,0.9998221933280995,-0.013865489583104658,-0.04470996906033772,-0.0488852086066658,0.9995761738805589,0.1420717021111623,0.05151856317752495,-0.0073776285213454865,0.851078642443764
362.0,0.12842321976196738,0.9285382464643506,-3.3918620191788684,5.007485377745671,0.22745299550980186,1.9807244673607503,0.9998221919681347,-0.013713649094819222,-0.04838277728580283,-0.049148540877523565,0.9995761717411207,0.142402645240889,0.05072257370480206,-0.006380010819779601,0.8511804537795267
363.0,0.1287994566805487,0.9229987125933259,-3.3802967343092094,5.004640099783611,0.22461822500093315,1.9830815170037288,0.9998221978938657,-0.013535116542645578,-0.047210218798464494,-0.04918398919701462,0.999576206359325,0.14354769176037552,0.050821395275557076,-0.006478770929045735,0.8509777968789691
364.0,0.1286978426609224,0.9235700446524431,-3.3848519482856667,5.00457528727409,0.22455541349554733,1.9831208203083677,0.9998221973454844,-0.013375881150372394,-0.04736483947772994,-0.049107069474223455,0.9995762059821005,0.14317507555070305,0.050732541147393236,-0.006352394139260478,0.8510219241965844
365.0,0.12757267618218823,0.9292339103553788,-3.381972628639091,5.004604768679822,0.22462154280182203,1.9830463329424108,0.9998221970323868,-0.013539221618734203,-0.04776646620246802,-0.04908718853362127,0.9995762058046311,0.14330858603145877,0.050515350133672254,-0.006150139739830461,0.8510420701205414
366.0,0.12876708140670926,0.924834234964575,-3.386291381578654,5.004411415037854,0.22456784881015093,1.9830216619727226,0.9998221975725148,-0.013403826900590811,-0.04887938314424824,-0.04930174786530687,0.9995762111784177,0.1443565490293443,0.050068465996917104,-0.005499416229163328,0.8510733731165638
367.0,0.12687703067692604,0.9240577644125257,-3.3821697508722246,5.004455459383887,0.22451857941098952,1.9831201668158502,0.9998221974409185,-0.013420886338122206,-0.047961053467729615,-0.049256585816679195,0.9995762080651738,0.14418927460637204,0.05051906233258959,-0.00608994262498622,0.8510362772867079
368.0,0.12675261784080263,0.9253186722599673,-3.3813209346281328,5.004278659590413,0.2244137062137293,1.9831778272633178,0.9998221980297066,-0.013576353308304808,-0.0487722070545595,-0.04937795461602413,0.9995762118328351,0.14431933081650578,0.05030004026185324,-0.005758663830182477,0.8510279950769732
369.0,0.12878568680302532,0.9251413339175519,-3.3971743381570505,5.003725767534483,0.22397306852525126,1.9834992113690058,0.9998221982057041,-0.013416883157470997,-0.04682078013805109,-0.0491880156098049,0.9995762107739452,0.14498391099040064,0.0502188897901371,-0.0058858037401857514,0.8510165326960402
370.0,0.1271521071572872,0.9239678171439024,-3.384049851076331,5.003795091090977,0.22400530567363963,1.983494091251814,0.9998221986047517,-0.013350979259066236,-0.04751984840090934,-0.0493947227649028,0.999576213814263,0.14525073948841477,0.05045941618612479,-0.006038011376159271,0.8510223370595194
371.0,0.12834520890388817,0.9272726865772092,-3.394937864001826,5.003663957152722,0.22391121428134758,1.9835595575296474,0.999822199930805,-0.01367611517032458,-0.04824197870760471,-0.04961789468978284,0.9995762209278884,0.14491611160083337,0.050394275006307034,-0.005885413052801345,0.8509859087839744
372.0,0.129237126140911,0.9246623583261044,-3.391618085611223,5.004017852647885,0.22423976228807,1.9832694758529759,0.9998221997260568,-0.013788581059804324,-0.04889210856884591,-0.04984928614699339,0.9995762193814599,0.1452256526127623,0.050487617803305636,-0.005885851085190198,0.8509854364496421
373.0,0.12858304664066234,0.925429224930182,-3.389429532816238,5.002827927430922,0.22331189969779522,1.9839508851307273,0.9998222004679327,-0.013645689515742234,-0.04449756973814255,-0.04919352358210596,0.9995762196055886,0.14706093680511614,0.05006701802903902,-0.005943871350712959,0.8509350539565421
374.0,0.12926356727503463,0.9236519526353275,-3.385049597652469,5.003007929986113,0.22350143694635347,1.983844733038143,0.999822199460717,-0.013757294490304862,-0.04393093848227717,-0.049208282818587246,0.9995762120238592,0.14748188155462388,0.05033506350060418,-0.006270552107195986,0.8509341659430074
375.0,0.12584185832969114,0.9252335688806418,-3.380869387440831,5.002314666766035,0.22296233166501875,1.9842075285598553,0.9998222002576089,-0.0136596995214838,-0.04304291827242961,-0.04911598239013044,0.9995762168973412,0.14806150208245536,0.050149226101417324,-0.006126186296346818,0.8509560375167717
376.0,0.12978233148308344,0.9255768527716791,-3.3832634781941797,5.002225663658832,0.22285378650737891,1.984299206189084,0.9998222003897972,-0.013232117679815355,-0.043031698982885634,-0.04877625046884317,0.9995762181508256,0.14788847919854917,0.04969085552935298,-0.005628464943403632,0.8509452426917461
377.0,0.1293594507925618,0.9235303038338918,-3.381497620581303,5.002841647686267,0.22350192901351956,1.9837633138222333,0.999822199057673,-0.013567942874756113,-0.04352341426071269,-0.04912687071896817,0.9995762092782539,0.14777227958176523,0.050265494057420534,-0.00620347320167289,0.8509661331513378
378.0,0.12767126569398016,0.9255192423516208,-3.382779506705213,5.001377925834927,0.2223182705999824,1.9847206712021046,0.9998222002536301,-0.013388123911840627,-0.038886459323110904,-0.04861760795745458,0.9995762133329711,0.1499666251580121,0.04977793676998433,-0.006108669759542506,0.850950952590066
379.0,0.12767126569398016,0.9255192423516208,-3.382838881405352,5.001369375922725,0.22232404996399216,1.9847208195416646,0.9998222003809267,-0.013503225537956095,-0.038529921521412554,-0.0486399180231931,0.999576213532775,0.15006849041404638,0.04982273184465842,-0.006174521180190404,0.850945255063049
380.0,0.12833871952645823,0.9243751429752962,-3.37607571808425,5.001280350951251,0.22214054758318988,1.9848561957904056,0.9998222013117741,-0.013549295863040274,-0.03987313123858372,-0.04873532853723511,0.9995762203389407,0.14948479287986816,0.049906438303611786,-0.00618290566654839,0.8509338529469574
381.0,0.12599380986076394,0.9229257556350792,-3.381319867606944,5.00095941664524,0.22192374022851077,1.9850135668544222,0.9998222011473117,-0.013276881815804943,-0.039325431873238774,-0.04853747061080933,0.999576219669529,0.14954266992528362,0.049802409744799686,-0.006132052620373567,0.8509422669666842
382.0,0.12619697277540795,0.9233342314437335,-3.378554057165589,5.000899410880813,0.22187444592603897,1.9850202339025587,0.9998222014141567,-0.013288642385571817,-0.04068324156034486,-0.048517480889513014,0.9995762233610364,0.14915575450116575,0.04959541530702354,-0.0058077986047482474,0.8509518791292789
383.0,0.12659262194837173,0.928276840181105,-3.3901739543246974,5.001538806047026,0.22232182847635926,1.9846633238589702,0.9998222015409872,-0.013006050988101345,-0.04558565934383848,-0.04883727551783445,0.9995762287696801,0.14729676792805851,0.049517164176435514,-0.005402953780572065,0.850950425869974
384.0,0.12659262194837173,0.928276840181105,-3.3901739543246974,5.001478034221141,0.22227966771063615,1.9846901167127806,0.9998222016978717,-0.012983046060467348,-0.045577277558404676,-0.04882097132352132,0.9995762298598665,0.14732928221897587,0.04949213166994133,-0.005383434912253511,0.8509503046468088
385.0,0.12653257419022595,0.9230847410339003,-3.381155692240373,5.001384200306916,0.22217615269772992,1.9847783728868371,0.999822201432409,-0.012803995879634308,-0.04537266082607451,-0.048736678917347245,0.999576228424577,0.1474200454861638,0.0496255705722954,-0.005538067804384714,0.8509653944421662
386.0,0.12653257419022595,0.9230847410339003,-3.3801898060823685,5.00135078639905,0.22214589622350062,1.9848049047044165,0.9998222015554472,-0.012832504754405328,-0.04499662787391691,-0.0486970349242283,0.9995762280349894,0.14757595168162538,0.049633457572053306,-0.005594221965496366,0.8509559241181475
387.0,0.12679149373073687,0.9233106295511678,-3.385377094692445,5.000976655138759,0.22196014364414618,1.9848858066793291,0.9998222032366142,-0.013217274335675717,-0.04399692791076029,-0.04901155668403072,0.9995762360648659,0.14928763254558933,0.049468509592766226,-0.00538103535176598,0.8509142326248913
388.0,0.12612458172051275,0.9238490070966885,-3.3751996159623308,5.000894832485036,0.22190289355587975,1.9849331576357088,0.9998222032729873,-0.01328442805397786,-0.043080372220244655,-0.04898172389543932,0.9995762351181028,0.14982338077979437,0.049508304653440985,-0.005456025825077482,0.8509084915388101
389.0,0.1265877654289654,0.9225953015118535,-3.3802074785821707,5.0009414427168055,0.22200458586516944,1.9848504128471882,0.9998222032977087,-0.013579796065436859,-0.042033257196199346,-0.04915436975970683,0.9995762342232763,0.15049600870953453,0.04968760623363141,-0.005670023750809856,0.8509024235627831
390.0,0.12823977639553655,0.925277853482352,-3.3937155785390165,5.001084891941542,0.22214241429682757,1.9847382575930044,0.9998222032590935,-0.013607462505851448,-0.042146602401905625,-0.04928399492207674,0.9995762340650722,0.150331920859962,0.049739984345071986,-0.005771738586343728,0.8509000157877378
391.0,0.1269533183853546,0.9248066999991784,-3.3864150864002927,5.0009453762131875,0.22207143523409167,1.9847788544763427,0.9998222032758446,-0.013575234438405482,-0.04157993161004657,-0.049253165778737826,0.999576234308081,0.15077681080879632,0.049801311014505266,-0.005868994539950533,0.8509084103397329
392.0,0.1265877654289654,0.9225953015118535,-3.3802074785821707,5.001178548977187,0.22224616671551797,1.9846795757591582,0.9998222020521232,-0.01374206199374616,-0.04082041386551235,-0.04902873175838074,0.9995762266215009,0.15024299765439808,0.04982393026459183,-0.005898253516139052,0.8509098467368568
393.0,0.12682952335123793,0.9228808723490621,-3.3848866154710056,5.000900350261005,0.22202614422190936,1.9848127351550136,0.9998222035312436,-0.013725980621414372,-0.04188656410448277,-0.04922049133698934,0.9995762356912243,0.15059987614704226,0.04970213293435013,-0.005715012768062432,0.8508959867928518
394.0,0.12726614452737076,0.9261839265951815,-3.374985726668288,5.001006396566133,0.22212327135464857,1.984737823930568,0.9998222036320294,-0.013829970768863425,-0.04195617725948825,-0.04927976420425317,0.9995762360762366,0.15058914111659275,0.04978409663298149,-0.005762824402356032,0.8508899177688527
395.0,0.12926356727503463,0.9236519526353275,-3.3890879325131635,5.001318919948683,0.22237181277278095,1.9845528274454765,0.9998222036205291,-0.014017179298213507,-0.04233598336738148,-0.04950307731900923,0.9995762355674349,0.15053832821452764,0.04998653778959922,-0.0059783388664871664,0.85088152002611
396.0,0.1307366393325154,0.9253884806200804,-3.391625122430008,5.001301734149321,0.2222762632732669,1.9846322227907094,0.999822204115189,-0.013997665283750437,-0.04165744111670216,-0.049153638100903,0.9995762385125804,0.14969596827591697,0.04943583427635825,-0.005374094169879987,0.850847923520353
397.0,0.12746773149467497,0.9232353282440374,-3.392402328396983,5.001953323815925,0.22275681035932446,1.984271744234719,0.9998222035410851,-0.014353660886870678,-0.043712872008139926,-0.04956907386460385,0.9995762366160015,0.1491811592411694,0.04996759137586269,-0.005789180360870528,0.8508705845350439
398.0,0.13014299596865278,0.9242904398462848,-3.400074060462246,5.003085186127741,0.2237337924202355,1.9835248731626898,0.9998222017414924,-0.014616105433591504,-0.04353773272521374,-0.04954138181418986,0.9995762271809414,0.1479870482250857,0.05012979890018324,-0.005904389283711604,0.8508648432368573
399.0,0.12947465604275687,0.9240275526110436,-3.394714786084974,5.002275644946796,0.223089899415314,1.983969978913329,0.9998222034223829,-0.014603571200787225,-0.043367186022608806,-0.04995629035748171,0.9995762351571102,0.1497190408867729,0.050356318843059245,-0.006082467431990577,0.8508539059074112
400.0,0.12638042410179928,0.926416390852364,-3.3893870632556276,5.002808291964427,0.22348451361852759,1.9837099366050315,0.9998222028884587,-0.014458914612360535,-0.044683581196363675,-0.049950278814998285,0.9995762334238438,0.14879394035307797,0.05050137754966105,-0.006184735360970015,0.8508617865321926
401.0,0.12789847715638786,0.9251291620654057,-3.393903803985326,5.002437062127098,0.22322440284060735,1.9838994601859172,0.9998222032615509,-0.014543818982919798,-0.043652500497438594,-0.04993583018798103,0.9995762345014794,0.1493404656545235,0.05035348425869588,-0.006071170345091552,0.8508399834453682
402.0,0.12746773149467497,0.9232353282440374,-3.392402328396983,5.002355087546377,0.22314918534621225,1.9839503392965376,0.9998222035606905,-0.014761061656571522,-0.04372013226475027,-0.04987355681588855,0.9995762357514382,0.14932759719207753,0.050183433487085434,-0.005875349588480596,0.850831481633695
403.0,0.12796075870476006,0.9271005991346596,-3.409071529272252,5.003355093799084,0.22390575176125924,1.9834215132717978,0.9998222014700804,-0.014835668762361016,-0.04408404462599485,-0.04961500021221183,0.9995762249100071,0.14731803131901458,0.05024284649601428,-0.006054045553661061,0.850829480544532
404.0,0.12597720729011486,0.9257428327370691,-3.3918675998333634,5.002238206598532,0.22310098848580004,1.983981382367474,0.9998222037279607,-0.014871180854193993,-0.043267620984463004,-0.04990991718398493,0.9995762359785956,0.14961033075683877,0.05019739579495648,-0.005938289382470174,0.8508190042092414
405.0,0.12717708691618498,0.9252943073910013,-3.378562160508541,5.002797688418233,0.22355796710210868,1.9836454139257627,0.9998222031327701,-0.01471628863306221,-0.04452347669422018,-0.05009194809220072,0.9995762339038279,0.14927124196776254,0.05054147313249604,-0.0061957588637790405,0.8508327912828464
406.0,0.12782937514534418,0.9253895084968354,-3.3818230141014087,5.002843352208266,0.22364550414817308,1.9835596298040528,0.9998222031335335,-0.014802423553741602,-0.04467249845839569,-0.05016547299394636,0.9995762342610344,0.14932226877426838,0.050540477850628374,-0.006168970363696928,0.8508298130344145
407.0,0.12717444785679025,0.9288617979919533,-3.4047038054395236,5.002561236020262,0.22349929145617098,1.9836538591161164,0.9998222034083148,-0.015153271857798793,-0.04364741237893244,-0.0502008684955148,0.999576234348406,0.14984461640412278,0.050470251836638384,-0.006236535341662492,0.8508155946039628
408.0,0.1266714739976303,0.9262199776374723,-3.3764076131469425,5.002129711243268,0.22338055379712138,1.9836912621443956,0.9998222034122957,-0.015229310076078265,-0.04166931182217493,-0.05028708169730035,0.9995762319443662,0.15098389568555418,0.05060887030797047,-0.006307781009630424,0.8508244850199203
409.0,0.12805650688775358,0.9237315166984782,-3.3874852078532567,5.001632617975543,0.22303101712156634,1.9839861364941807,0.9998222038895304,-0.014955474879358626,-0.041241768607031694,-0.050293237269999236,0.9995762351380202,0.15096346492245494,0.05070160012561913,-0.00634829451776045,0.8508429827963435
410.0,0.12891602898622442,0.9247611574099233,-3.378353928534699,5.001943093188099,0.22333012593588109,1.983699758933846,0.999822203521499,-0.015167341899473608,-0.04150565556831843,-0.050302786327622064,0.999576232913306,0.15121612464798095,0.05062202335603595,-0.0062817624828857095,0.8508403909495346
411.0,0.12758339793552398,0.9228622924222829,-3.386315896160384,5.0013635646990835,0.2230410606611005,1.9839463764502863,0.9998222036414943,-0.015364480994008228,-0.03926637991276143,-0.05062914665356597,0.999576233114605,0.15169928648272193,0.05106957276334038,-0.006548419021247394,0.8508770736286047
412.0,0.12907465317548994,0.9263208827243998,-3.384157447087015,5.0012381232025325,0.22292404495533363,1.9839974035052435,0.9998222039604463,-0.015585425843248457,-0.03915868082700029,-0.05018632473311811,0.9995762359415461,0.15079969318283049,0.05055908371528682,-0.00618963108077749,0.8508662215555678
413.0,0.1297551746449642,0.9227494423273674,-3.3796894532666863,5.001253714666642,0.22320035590868215,1.98383616939325,0.9998222024542298,-0.015372928415671618,-0.03763810229622642,-0.05067115350387888,0.9995762270330875,0.150931320274813,0.05155924212658584,-0.006917114108721218,0.8509612480201014
414.0,0.1303006112530347,0.9237611821298621,-3.379290599625045,5.000297061276149,0.22256094355341513,1.9842608151428545,0.9998222035572584,-0.015269246833432587,-0.0371130707549038,-0.051196735653944725,0.9995762327443007,0.15168096649505938,0.051853520331357844,-0.006754154578517339,0.8509705695460001
415.0,0.13086933218760688,0.920446128020643,-3.388428861956355,5.000368837848026,0.22252336468402373,1.9843594246322531,0.9998222035583864,-0.015270439273613495,-0.037429982139224806,-0.05099312307763458,0.9995762336543681,0.1517092068653878,0.05142736215993533,-0.006493576308916635,0.8509736084661481
416.0,0.1307495210033354,0.918535167303131,-3.3668307922964478,4.9994899682998515,0.2221162105538361,1.9846656305745836,0.9998222043031311,-0.015813945327882866,-0.034265610448161045,-0.05199243391456287,0.9995762364940437,0.1534212420117425,0.05268286918126943,-0.007155023860456835,0.8510653396219827
417.0,0.1298383446728546,0.9201984042975846,-3.368494666024323,4.99974324694745,0.22233993698633753,1.984448789466523,0.9998222034291444,-0.015601720767637887,-0.03555266084407033,-0.05168745932129038,0.9995762314691929,0.15254358227589673,0.05235059798799383,-0.006913845302316589,0.8510326370904107
418.0,0.13186699932027118,0.9179184676098054,-3.377422177343908,4.998666621069898,0.2211860675998792,1.985357831171866,0.9998222049183383,-0.014778588230579644,-0.036364267424652104,-0.05153744312940403,0.9995762408447377,0.1524485066882617,0.05184869227802662,-0.006142355081790545,0.8509855866380083
419.0,0.13267682576032058,0.9206313882457505,-3.375948038098839,5.002432998025395,0.22701305499097615,1.9801748787819486,0.9998221907537754,-0.015192591774213126,-0.036200800475588976,-0.05161773580596642,0.9995761507234089,0.15168082156190504,0.05228279627570708,-0.006722246602718471,0.8512579896794961
420.0,0.13126646908090614,0.9178789776640514,-3.381392969651645,4.999547056755631,0.2220881257955997,1.9846838864145102,0.9998222013451465,-0.015060615003094222,-0.03656990444306927,-0.05154333399301468,0.9995762218778927,0.15114677712120692,0.05225885748751823,-0.00670005826471203,0.8510487250165102
421.0,0.13160353758316892,0.9201650992697764,-3.3694417915023016,4.99839328827228,0.22115284723970227,1.9853867665448448,0.9998222042838449,-0.01520519382569791,-0.03398313164595437,-0.05194007904101308,0.9995762373622259,0.15330079958367782,0.052552999322665835,-0.0068653125595081466,0.8510583744003597
422.0,0.1333207621939701,0.9173244462381176,-3.3617883550549656,4.997638442355447,0.22073918234425707,1.985718835673012,0.99982220403886,-0.015111372382233562,-0.03220754535759182,-0.05272617439275112,0.9995762351850819,0.15470056594271503,0.05320446868718428,-0.006828148708167299,0.8511438245844938
423.0,0.135058734982969,0.9134386086632155,-3.36204536211876,4.995836975156877,0.21849734835251255,1.9877159366417623,0.9998222032200335,-0.013104382123389798,-0.03338234540205557,-0.054654350059539766,0.9995762281653493,0.15512289464297024,0.0545394140674263,-0.005740515079069573,0.8510914355709438
424.0,0.13474829879295502,0.9148489538689547,-3.350377390814601,4.995759594266276,0.21840440331356897,1.9878038352674086,0.9998222042341585,-0.012952359093464543,-0.032847145800121325,-0.054903369170170795,0.9995762336858176,0.15686876111933876,0.054775733676338235,-0.006078509141249088,0.8511052977405718
425.0,0.13511126410712784,0.915580048136363,-3.3614017790310364,4.995651229128753,0.21840204387195586,1.987763400288789,0.9998222048759255,-0.013057968885743211,-0.03209302258840683,-0.05462849051747257,0.9995762375639483,0.15717556321410597,0.054286844011160316,-0.005698066511231888,0.8510989145293242
426.0,0.13432639023417173,0.9149610625066146,-3.348234580657108,4.995569857392882,0.21837301189144345,1.9877892349132282,0.9998222047318808,-0.012916541438773086,-0.03160019910177962,-0.05459433810691447,0.9995762369215837,0.15722423833500776,0.05415603748193151,-0.00542695912463642,0.8511103958438289
427.0,0.1369206230725759,0.9130016882930704,-3.3583658766550357,4.995428727321018,0.21824696965142798,1.9878866797808308,0.9998222056606481,-0.013540501818673134,-0.030040829947725358,-0.055118209682072754,0.9995762412705627,0.15812943796704643,0.05466574308056934,-0.005871042489893201,0.8511209808752151
428.0,0.13573113201705506,0.9142698455664157,-3.3629504620778246,4.995658470338269,0.21826874628605794,1.9879233896540125,0.9998222031951751,-0.013274159542697906,-0.031008309203484827,-0.05467660581617708,0.9995762299300575,0.15592845245729708,0.054814349482464206,-0.00623764498908963,0.851133273249209
429.0,0.1346492793610849,0.9157681573768793,-3.353710417464625,4.995440372670833,0.21825691114010176,1.98787761972674,0.9998222049676833,-0.013452327529406177,-0.030156720826015,-0.054929026509710495,0.9995762391630847,0.15781592876171774,0.05476961712222636,-0.006182239631950279,0.851147961174223
430.0,0.1353029856615268,0.9149047724495558,-3.3656964028812966,4.995473107152675,0.21836608166022156,1.9877469280789637,0.9998222049350196,-0.013638730989620701,-0.0303143932745615,-0.05512234265048909,0.999576239916371,0.15801039448266416,0.05450448860039245,-0.005723243324125934,0.8511580546947435
431.0,0.13468338776954375,0.9144395803836276,-3.357144295484294,4.995491243587814,0.21828991028903535,1.9878431004953994,0.9998222042507858,-0.013450022368365696,-0.03046738908248556,-0.054837313559946886,0.9995762366992065,0.15712887671920175,0.05473987864797993,-0.006170528942224505,0.8511623658967291
432.0,0.13611440485448015,0.9125302915503278,-3.3575466627030224,4.995377565534074,0.21830169662024,1.987798958468257,0.9998222050149155,-0.013626447854082811,-0.030120712362464195,-0.05503791818668318,0.9995762412867,0.15839174467161418,0.05446006541790069,-0.005719053889309626,0.8511830900933872
433.0,0.13428170684760543,0.9150089217578766,-3.346195283521077,4.99527744361519,0.21829671831800096,1.9877342570561778,0.9998222057045134,-0.01322191832949259,-0.030359387487173515,-0.054766575485792154,0.9995762458349133,0.15866658228441696,0.054239991306288475,-0.005673760079061592,0.8511823652305857
434.0,0.13526812688556755,0.9151156334136032,-3.361365691316881,4.995389855502577,0.2183982943522876,1.9876157978005247,0.9998222045522589,-0.01314120677334537,-0.03162531722168433,-0.05456251925330875,0.9995762413201483,0.1576185118818085,0.05356433017200173,-0.004910659060021664,0.8511821498641108
435.0,0.13820877170692022,0.9124317320852345,-3.3727359934429995,4.995540051477462,0.21854689465732938,1.9874880937478663,0.9998222027529398,-0.013262997654522275,-0.032665266564751015,-0.054891622867688346,0.999576233287433,0.15730862069996787,0.05398280695775525,-0.005346863236711326,0.8512305332746268
436.0,0.1361709567795889,0.913240401910946,-3.3579431641403854,4.995476254760312,0.2184856653828555,1.9875338650584886,0.9998222036995219,-0.013340388815111105,-0.03253544298360941,-0.05494780823262463,0.9995762379948685,0.15756222568009218,0.0540755565659803,-0.005345225692613828,0.8512151177141618
437.0,0.13710981757027899,0.9123604404403957,-3.3655622542826196,4.99547685515415,0.21854608650133997,1.9874803706781394,0.9998222036143356,-0.013382063465376154,-0.0318837957205166,-0.05500379070277509,0.9995762374405555,0.15811445648934808,0.05410571742928175,-0.005486505587806668,0.8512390019121245
438.0,0.13592146046117254,0.9139250473131413,-3.36955173465606,4.9954472094578835,0.21845158236743922,1.9875632099839573,0.999822204453308,-0.013233752373284223,-0.03205288947215283,-0.054565945289713945,0.9995762416828049,0.15744557297900352,0.053619048204598084,-0.005197383985389543,0.8511934844308653
439.0,0.1364596049067517,0.913430695727581,-3.362430371075715,4.995418165933662,0.21840433602901585,1.987638806751534,0.9998222045303293,-0.013630779782031139,-0.031132643448959045,-0.05499470495708163,0.9995762409263873,0.15769701650073037,0.05444890647323626,-0.005916222368527656,0.8511999303375539
440.0,0.13506641104407957,0.9132570519108781,-3.364031058294694,4.995400379638731,0.21842622451792576,1.9876010090430671,0.9998222045828722,-0.013727640968647259,-0.03151852388841578,-0.0549929637436987,0.9995762417781624,0.15774154570695972,0.05423547724370603,-0.00567155518762942,0.8512027065202605
441.0,0.13716323945173825,0.9149146798108139,-3.369929424105333,4.995422193194831,0.21857043891579134,1.9874694658974443,0.9998222035359443,-0.013607080484367807,-0.03206476686605424,-0.054967725572527916,0.9995762372038837,0.15775810457951883,0.054061741781091896,-0.005549733888480446,0.8512390131546148
442.0,0.13545025112515774,0.9159196021793837,-3.3785133905969134,4.995415419651405,0.21852758941836364,1.9874664407112135,0.9998222046393588,-0.01367317925834809,-0.03304032146203264,-0.05445572742932756,0.9995762435827569,0.15755732857171761,0.05277125991193748,-0.0044203259029689775,0.8511930230360771
443.0,0.1363589720517554,0.9144362695120656,-3.355374708802499,4.995347334071361,0.2184041444376976,1.987566627427849,0.9998222056861574,-0.013133026753363336,-0.0332367751704455,-0.0546679469285066,0.9995762480761003,0.1578102908213874,0.053663288330776125,-0.005192396727258758,0.8511690385048412
444.0,0.13622793077531822,0.9156785948162046,-3.357591617159203,4.995526010670301,0.21854258873977941,1.9874868418468175,0.999822204235641,-0.013564527408733106,-0.03396724885808855,-0.054840206280056536,0.9995762409929903,0.15677323088556824,0.05392852337059471,-0.005326495639369187,0.8511900496811526
445.0,0.12997307194217717,0.916773055141883,-3.361062824521202,4.995864015750961,0.21892289336239407,1.987148862091412,0.9998222040897358,-0.013543337581185984,-0.03729411717812225,-0.05521814113449057,0.9995762419244083,0.15619331343930215,0.05415402426963171,-0.005446447711483388,0.8512053586057697
446.0,0.12926979884971948,0.9204310321356297,-3.3605399667886506,4.996260841268808,0.21922915858263142,1.9869346352952302,0.9998222023030203,-0.013733040148155044,-0.03904365863484494,-0.055289455854360965,0.9995762320889785,0.15394346332614575,0.05445760651160699,-0.005518198715442428,0.8512258793323941
447.0,0.12447025843067301,0.9217724021884487,-3.336101633745727,4.996837242018019,0.2198929435578764,1.986312213295492,0.9998222042931317,-0.013712379040172704,-0.04575254079317087,-0.05672610186600666,0.9995762476907877,0.15254059461300204,0.05562598650635689,-0.005479208369295951,0.851327091715004
448.0,0.12749071108834528,0.9278684712834387,-3.3381119138105904,4.997533985927999,0.22058738899555846,1.9857944180902907,0.9998222042443965,-0.013469647922706678,-0.05039253563369942,-0.057989556296836886,0.9995762557469934,0.14986288545391993,0.05710240146149394,-0.006015982825088457,0.8513846336826232
449.0,0.12591076700230558,0.9258230563475063,-3.3413128569415527,4.997281075714164,0.2202604602775287,1.9860669525054486,0.9998222039731377,-0.013831890504908973,-0.04880222015692047,-0.05768734226318659,0.9995762503825967,0.15021350680162943,0.05682757304125813,-0.005924931037629175,0.8513265758780693
450.0,0.12017259546551608,0.936670671868859,-3.3144453371652434,4.998849077215309,0.2220218601773739,1.9845527389614752,0.9998222019860188,-0.014145156912583863,-0.05349246718887416,-0.05923501403868203,0.9995762361583089,0.14913098708365116,0.05821209964725825,-0.006181868707708206,0.8513151139358106
451.0,0.11516067374177352,0.9421532991826574,-3.297106414686535,5.001949849261437,0.2247791262866022,1.9826829154177785,0.9998221934534888,-0.014225267884220794,-0.05419266943311361,-0.058344098302777536,0.9995761735399133,0.14452407537726716,0.05850024804123788,-0.00686012917834685,0.85151441173309
452.0,0.1195651027956483,0.9387226064509548,-3.296694584431118,5.2235431612963055,0.4962430730475112,1.7877862408308234,0.9998215315152388,-0.013093073211809372,-0.0647587611495088,-0.049679976865592015,0.9995725393603552,0.10192257335584586,0.05493576655876715,-0.004984190243079745,0.8803981764602666
453.0,0.11724793113137798,0.9388919299440601,-3.283016791954056,5.2311190650248784,0.5336982366826788,1.7494786282135777,0.999821613121384,-0.013268919966822463,-0.0689780355470212,-0.050595371676709675,0.9995732535320583,0.10089585146191289,0.057271448881985626,-0.0054846153145781135,0.8778057739058309
454.0,0.11374271886252707,0.9462383588799027,-3.263794382355848,5.216757126665856,0.5192041621275929,1.753586374480515,0.9998217247962544,-0.013013702341461758,-0.07277871017723918,-0.053012037008899254,0.9995736134782673,0.10534797256900359,0.05949091393432089,-0.005857955805490457,0.8727878026281342
455.0,0.11242078747284817,0.9528794733380526,-3.2705196571868536,5.225433598583097,0.5089302042161608,1.7666480202931314,0.9998217142243211,-0.013433608771066913,-0.07109063729068836,-0.05235858120304506,0.9995733313252333,0.10521946497028432,0.057669215737670566,-0.0050603742913453535,0.8758309052787632
456.0,0.11021059448002385,0.9559073770731441,-3.27267848003682,5.009055507737218,0.23416171848736428,1.97450949754698,0.9998221895318704,-0.01485660482451287,-0.06281116672606744,-0.060893680818899065,0.9995761610555787,0.13942448219314893,0.061169613123189324,-0.00716559713862089,0.8515308689407008
457.0,0.1111149454944778,0.9569158741893851,-3.2617660799571095,5.225162602583294,0.52398611470331,1.7602889513399136,0.9998216454307165,-0.012586756077172604,-0.07222393673453892,-0.05047552802299041,0.9995728942263988,0.09733910714768416,0.05605583083149201,-0.004767006974052869,0.8825056858751748
458.0,0.11340997718838848,0.9467716236617952,-3.2697841922836526,5.254479653957165,0.5566730270632345,1.7322793040043596,0.9998216637889199,-0.014376303193006977,-0.06625658065320986,-0.051893932596420736,0.999573179153944,0.10749512419886673,0.0565170775434667,-0.0038011642472852943,0.8785256481834458
459.0,0.1119923141373297,0.9603855608645329,-3.2780721791862355,5.008859279080498,0.23380456492585683,1.974554788787169,0.9998221888740637,-0.014467263340045208,-0.06148866652174847,-0.059935574790135525,0.9995761487050554,0.14007083624934016,0.059869023879576405,-0.00652703411979765,0.8516104223523866
460.0,0.11084559636118363,0.9581708581123608,-3.2713221580675933,5.012494406734274,0.23767583120524535,1.9707823513346843,0.9998221850294684,-0.014511768711626377,-0.0625188343028684,-0.06024503707959795,0.9995761278610229,0.13979268038430617,0.060314835572209693,-0.0066299931623466845,0.8517153518727452
461.0,0.1148876574642412,0.9593384120502209,-3.2763753955148935,5.011790126727261,0.23741590966255505,1.9714084824050857,0.9998221875657516,-0.014647130295218368,-0.0637837407668624,-0.060018958605429336,0.9995761482723382,0.13765217835244323,0.06045280595837095,-0.006835431796651161,0.8517903893393974
462.0,0.11759332980032265,0.9473839427507103,-3.278306646000955,5.343546437845786,0.648541609482858,1.5969835848445595,0.9998217708814754,-0.014581279795182946,-0.06458804155409781,-0.05108421641378628,0.9995736081204198,0.11531180564350167,0.05943080074367622,-0.0043468560363589355,0.8629634887260151
463.0,0.1183516349780497,0.9524029300688562,-3.290869673017847,5.011465731906726,0.23718959721582042,1.9715460551495279,0.9998221895124952,-0.014852866950334833,-0.06372703044990695,-0.06034099905719916,0.9995761625510731,0.13763816386345398,0.06094784878370245,-0.007088408530659745,0.8516065379873643
464.0,0.11401493803899324,0.9495164986430437,-3.2512822833259336,5.362622617802089,0.6722032510191338,1.5727349625219647,0.9998217611431448,-0.014242286204341426,-0.06389231812973803,-0.049846975922425964,0.9995735389027334,0.11351779509595344,0.0584486344991871,-0.003979291442009893,0.8651565723084418
465.0,0.11774521029169105,0.9531861817950056,-3.290254445727763,5.011171124755351,0.23727469891231368,1.9712879624623103,0.9998221913307599,-0.014765587289461717,-0.06283090673825022,-0.059615649803257134,0.9995761703028698,0.1365603879836409,0.06077814695728275,-0.007377350384824183,0.8514732472441309
466.0,0.11845210134875495,0.9494377345533095,-3.2752155638412512,5.242670827654522,0.5898896053674051,1.6929422368511355,0.999821697245943,-0.01319630198303579,-0.07032083194662707,-0.049510161117331794,0.999573371341594,0.09901331491978915,0.0573797067439168,-0.005232778043526706,0.8765264881412338
467.0,0.11494813600388845,0.9545095877688101,-3.294710992680172,5.011040647303554,0.23740771382357387,1.9711800889769509,0.999822190829764,-0.014820730779447157,-0.06336527910216777,-0.05965954074842479,0.9995761715597185,0.135201085039653,0.06115006106262,-0.007648230003774222,0.8515596358738857
468.0,0.11625598439623368,0.9503613584307744,-3.2666843072069214,5.3383159202166395,0.6673909672219979,1.5810167251338423,0.9998217839742471,-0.014136939354939057,-0.06439559372998932,-0.048513569276010526,0.9995737945585916,0.10228024866445087,0.05830399370008617,-0.005092714350863688,0.8721041315902414
469.0,0.11349571561554414,0.9512931893996794,-3.2541376405680325,5.345178135059051,0.6767843828986112,1.5694763926604278,0.9998217815417574,-0.013751111259414453,-0.06520687140983174,-0.047990929245889144,0.9995737912590277,0.10026989051728087,0.057646947859380945,-0.0048009638263002445,0.8750831720900756
470.0,0.11534550241765786,0.958810960829932,-3.2512170318112177,5.383914517179279,0.7166556607455384,1.537336413913793,0.9998217182125533,-0.012921834135435243,-0.0660758730890544,-0.0466764319856116,0.9995733822128852,0.10049343723075121,0.056525087417867347,-0.004038929058200061,0.8750046486324781
471.0,0.11572356766918318,0.9591819267602686,-3.2618842604983205,5.2195031291718985,0.5628828153887905,1.7155047661422023,0.9998217024518057,-0.01334393455190299,-0.06766434631946115,-0.05007265961478312,0.9995734684222524,0.10124799928919315,0.05625844157683787,-0.004614136295486374,0.8789162492024931
472.0,0.11958100620208847,0.965149227011476,-3.3018448977475225,5.011971107902459,0.23956574554505722,1.9692014230245984,0.9998221895570547,-0.014027208194971837,-0.064517302718575,-0.057582068251003676,0.9995761628470847,0.132264365449085,0.05964686332480204,-0.007401997404860935,0.8518572247471614
473.0,0.11670986357960075,0.9647496034711055,-3.2898584604120638,5.007929353013781,0.23398868966078215,1.9736894973242916,0.9998221973549124,-0.014012894256423358,-0.06416341301694116,-0.0595256075289463,0.9995762091152349,0.14082829111505868,0.05949931250442413,-0.006559069003692231,0.8516002536033676
474.0,0.11537765665225626,0.9631926477858398,-3.2483303241475676,5.421203409615675,0.7466948597260604,1.5045735243103406,0.9998217358230939,-0.013217494113788067,-0.06533411801791997,-0.044730326558231004,0.9995734943315564,0.09531581576565168,0.05543201135173351,-0.003968315760620816,0.8782798759504586
475.0,0.11452980602752867,0.9576158088733462,-3.242476193117568,5.376711313623521,0.7277540010870435,1.5271752890837784,0.9998217326394021,-0.01293590565447996,-0.06745658439189403,-0.04530042339201104,0.9995735654674198,0.09249415094498462,0.05578626586985866,-0.004405666909762418,0.8816475245957547
476.0,0.12192680919655238,0.9323626643089471,-3.276044773189507,5.357729393291704,0.7105453898864955,1.5421654592522618,0.999821779239537,-0.01372488268280374,-0.06503692972665509,-0.046286255937473125,0.9995738519725799,0.0916218583345781,0.05663504697103827,-0.004612578146217573,0.8836460653859208
477.0,0.12539343423079216,0.9249651374921484,-3.289762995452855,5.2875540103294085,0.48888061954152945,1.798448508418512,0.9998213234597209,-0.01450150951042232,-0.06713192509935292,-0.05175430573301886,0.9995700928849638,0.09409617535113268,0.05532237048835098,-0.004211919035129308,0.8946896982427959
478.0,0.1240726480841231,0.9250042310762842,-3.3170200540172474,5.363244291963725,0.6934406340666576,1.550595799704994,0.9998217768616717,-0.014369840380933233,-0.06399793400126594,-0.046968281120432206,0.9995736388855831,0.09803847986813086,0.05559183408732256,-0.003012991314226609,0.8787742700759422
479.0,0.1208487756143595,0.9221307613703733,-3.2972329920902474,5.374416720195833,0.7115814319862567,1.5334215790253747,0.9998217728560974,-0.014741316757656098,-0.06241965643342909,-0.047681187534556316,0.9995736429216338,0.10408276875604143,0.05468029785488638,-0.001513712241105774,0.8795134545408174
480.0,0.12151514720546909,0.9225887994607045,-3.3087235754600877,5.379257844895949,0.7083971105087826,1.5339526747352674,0.9998217748629044,-0.01456364459215665,-0.06157761138334806,-0.048315041593606924,0.999573600646539,0.10793602665251428,0.054499132707575976,-0.0011707541037942776,0.8782629984613366
