-0.06270113616258505,8.957956914859983,5.484067909994786,0.34373517160230793
1.3318912274029493,9.493826304429831,5.759640977110864,0.10876954806885786
1.6388212333063332,9.323601607026514,5.647204442004602,0.015144513363756884
1.537677217219781,9.152602623327029,5.484335911354676,-0.08346530869068997
1.173474311706692,8.36533328605893,5.027168333813628,-0.11104406225583657
1.0367202037986594,8.341153406779952,4.955696472637919,-0.15738192335515883
1.180645137818151,8.5506239557666,5.102350684911578,-0.11161081561685943
1.0268583744333741,8.343420484242554,5.003469199010682,-0.0682490047080152
0.9466184314013069,8.340187504513834,4.987381276729148,-0.050684563849546116
0.9338500529388207,8.07907136361066,4.905882992590634,0.041490229622681396
0.8745545971341511,7.73445089734568,4.771933394376504,0.1752265217262188
0.8783791384039572,7.2635304498196405,4.594085657755785,0.3461796341883655
0.5401826372497707,7.40080141232847,4.717677949636204,0.4018624878728819
1.4405904847731763,6.815834870766832,4.547423397683189,0.5527249545673247
0.9490480740792424,6.370097585996002,4.331850380476377,0.6233851294148434
0.030810150338884956,6.467779540081981,4.352190895386163,0.6252155409578969
-0.41552764265547654,6.954718032911901,4.541114576135283,0.5481061875732262
-0.045282329303828195,6.4308695684082275,4.2138468568684475,0.5415988234311924
-0.2603661110813615,6.312807423064963,4.076578203581683,0.49869733290741536
-0.47111663979374824,5.7735592465354815,3.661530543842231,0.4233218435531665
-0.3828325325849435,6.113882223126701,3.717659841815659,0.2767222744856969
-0.04742747008093334,5.892461154461203,3.5880949325783345,0.2423577608512402
0.24426474862438613,5.79546873183317,3.631924033189426,0.2973489237371159
0.4791905558288854,5.942297029539085,3.8318300879667535,0.3702763791507965
0.31101230018793596,5.846651813583132,3.7664346712128305,0.4187733987553308
0.1303866671138481,5.838927677930115,3.740612970258609,0.4523236227555044
-0.07242967441070308,6.020870516308772,3.7803884656883513,0.458123080591376
-0.40851441361344704,6.521756530874838,3.8572374725721046,0.36931985682951357
0.0458011007916011,6.744064096450342,4.026277465928015,0.31214985165510717
0.2304107216435612,6.637022048456494,3.9740641450943004,0.2582642633240143
0.5113069195364137,6.850171836941167,4.139738858981161,0.16243013337181217
0.8060643653293587,7.10789364769836,4.292472756866672,0.10552509221032003
1.1180489352517708,7.6389423400428065,4.605810029886311,0.06824136590824892
0.7918452508554472,6.957077385711714,4.039793986014639,0.0057899657347270095
0.8501998537918478,6.981412938852464,4.0523718101634225,0.010648797076449612
0.807939403762892,6.906987839199195,4.082372874310355,0.08933651703182427
0.7204801040843176,6.484780404740784,3.9591835583042787,0.19327884184814279
0.5012962171588422,6.3975923505884795,3.887536655803114,0.2207789005407381
0.589116363190721,6.7808844107182225,4.112163304582627,0.12118463681451208
0.8092996498444409,6.950058924752569,4.181849000746216,0.09982118146866814
1.0038710431145554,7.234357677221341,4.401064621750432,0.17360219699980595
0.9649063496383963,7.01831574496774,4.366764938277424,0.27294014634494307
1.031393298890847,7.313944393986349,4.611568088662415,0.3527855688455259
1.306335339239767,7.540154317223904,4.876792986268994,0.45591040558547813
1.3172964350236642,7.327225810143955,4.813954982114465,0.5504941665507473
1.4269798957716981,7.218514125820458,4.837456312297193,0.6157318107976888
1.845951209779533,7.691334407670622,5.2206256451977815,0.6627639048278153
2.1302158522832877,7.773187791395891,5.234357965568123,0.7014954680225477
3.0203628310091375,7.495207662316993,5.040136751225206,0.7264025659352086
3.224332588224624,7.816660773456283,5.258420449078204,0.7379061498118159
3.9653457893828508,7.643465275801341,5.048861833489615,0.7396759155043413
3.4403836909971544,7.5003363817418744,5.040186870841039,0.7436140842108336
4.462986197612982,6.919764289755812,4.614842300840101,0.73790628929022
4.104232546655633,6.573978622123326,4.490413949184584,0.7402668888570442
4.089206134715121,6.252469769615558,4.321650215033245,0.7425498268255644
3.3032354874045624,6.90915074220223,4.722182676535661,0.7443761463960561
3.4869478805065413,6.920243650909156,4.707334071268374,0.745140814803195
3.640960417001693,6.494545746110713,4.4477286205050826,0.7452595449116528
3.203433609788411,6.551582733207385,4.537688298099868,0.7449584872708299
3.0399046640235143,6.647111905959593,4.5587498642584015,0.7447386485178633
2.364073222130891,7.235855833543361,5.0190621076698365,0.7348500964023175
2.0926548405997485,7.399776979928189,5.1572649667109145,0.7192694604040759
2.1267128232734365,7.483402641979705,5.16315455652958,0.7167632566949558
1.3466882193248966,7.804636439799959,5.273167647840959,0.698912215538728
1.9939411241221967,7.415674540031336,5.119954181592983,0.6987104146078861
2.1285681696250465,7.222022087499575,4.992980799842107,0.7038515791964916
1.7620776874712403,7.1244148479460865,4.941677844147745,0.6907405216010938
1.068928027298855,7.4720056796639,5.075644417040204,0.6092761816229969
1.0449479342936836,7.28595051630874,4.843719370440939,0.5416085684135288
1.1946993611386916,7.060558523628165,4.684677794554152,0.49562607308112666
1.469733998698903,6.787119491125694,4.540438161937762,0.5397781899782027
0.7221078999819202,6.559430491725683,4.250008892754348,0.4685930710014672
0.7053593472587723,6.433489787423907,4.093853927575598,0.32125686992542823
0.8709717173082103,6.406633797512069,3.9929466573346524,0.1435740391977542
1.1275183207093604,6.527357882876948,3.999353741890811,-0.11524134135315084
1.3459777851976067,6.5525356530954735,3.975138895429886,-0.323720521435443
1.4222599926363642,6.628271362448656,4.0220830584631155,-0.39013152045077065
1.5338322313706818,6.758875966568721,4.086987704561404,-0.3952468323204433
1.4267444265732867,6.725003342153795,4.063581190395314,-0.43408803323455564
1.166355783026494,6.492624319783033,3.9028873035189036,-0.46332412195469813
1.0085195190858387,6.181082517931091,3.709013798025453,-0.43392559127088054
0.8055021361264765,6.359460829100806,3.72491264666044,-0.604816475094061
0.8002866379705871,6.554602528495843,3.7553563411539295,-0.7757739384694942
0.47842315679194064,6.05924718976329,3.4153091494165295,-0.7710303825994902
1.0546725765667082,6.7171025529915385,3.8053040169724484,-0.9358686853927356
0.8399647534572408,6.516784880706425,3.6876421092761045,-0.804562339409318
1.1380884393807773,6.640019414646718,3.7976800654014493,-0.7931198123012451
1.289264683248009,6.8186494667750335,3.865246602634113,-0.907388834740315
0.6497994053836553,6.555246179774247,3.6565483508193855,-0.7954134129577339
0.33552216816037467,6.422300090333568,3.539504186853347,-0.7814874097872857
0.04308872513614387,5.99244772694705,3.252925259427563,-0.7421573303511675
-0.22051158960969003,6.119873981991025,3.2710731745105597,-0.7890110378803472
-0.42219828819890587,6.0251314734842785,3.1533252197904775,-0.8189324921073442
-0.0574619618144982,6.0023885300264235,3.2249107767534033,-0.6937418007583038
0.0976410107692916,5.956817164077015,3.250463241300487,-0.6109359510005765
-0.08988897346613672,5.810064979309564,3.1429591593748274,-0.6169964728034063
-0.39895620226159084,5.403923366079174,2.8990133928689508,-0.5340683175480212
-0.5739739828954835,4.965659741106661,2.6834917130255973,-0.4183894014173492
-0.6090967882813463,4.914149449676346,2.6504404671444624,-0.3764217628605306
-0.7233442687267313,4.866147781460827,2.6209743219671067,-0.3622973240703095
-0.5024692711177321,4.811309076276678,2.6452933867334862,-0.25050357656123096
-0.5960630924811674,4.406737054371707,2.4601315554083105,-0.10813816909415713
-0.7135147939116104,4.390509867652697,2.4503262725822457,-0.033527228320311186
-0.79994174413348,4.0844473081258625,2.3250434208087207,0.07351440234953721
-0.9582021615704195,4.058316242207016,2.3128213755947185,0.1273492386679108
-0.9828883904214967,4.070779796113137,2.335940659468141,0.18458697537675592
-1.1047020586527199,4.360380961372265,2.462713716088435,0.13381752748700415
-1.026089560961622,4.368333084491755,2.4467267011582376,0.10150488096239263
-1.004009666407048,4.225344187115038,2.3723389666228982,0.09978077232713412
-0.8235853471014807,4.691944117984367,2.6400243893700055,0.08061697933256695
-0.6107933213397632,5.215178364375102,2.909379354842504,-0.004608535450477236
-0.37100737274365087,5.418705895853571,3.046573214429437,0.04570225401240352
-0.3494515707953398,5.523649350436843,3.16066145558439,0.12856381435148484
-0.49125964719013177,5.638554912842886,3.1932051262420296,0.15094785107897063
-0.49291928415607894,5.475137077488529,3.1673602770596596,0.21132276498988284
-0.44741255807993613,5.6104105397697905,3.3218926795024015,0.23907910377087052
-0.44340611744554054,5.931001832098351,3.4749845028077972,0.2580962501651844
-0.3247655678175649,6.141814450697508,3.6594724981543765,0.24798945473075024
-0.051588141628420014,6.373230316624713,3.888799490407564,0.3711748173134267
-0.32818536884013144,6.430925282989798,3.909645714621381,0.5123004975923373
-0.09392501678678417,6.424109733171946,4.174521846150275,0.560942573908984
0.023136811181211858,6.1566429114147105,4.104256686242952,0.5960389307135372
-0.0005632085728450309,6.203040332266139,4.167087280687012,0.616756072031157
0.1253832152781696,6.071242304828207,4.123678634368539,0.6368521908886502
1.3027513813777352,5.317016531834207,3.7123937400875784,0.6854621571103741
0.9262054643456807,5.359663160120959,3.773054053263196,0.7027769977963729
0.22447259285335958,5.635270252297918,3.960983650182084,0.6921948449761789
0.3596785170668884,5.497857182809867,3.85679875584196,0.6932573039847763
0.6017571753366424,5.3916747585756,3.7702602561980934,0.7030973486505241
1.011851914501021,5.164832873237998,3.640783510358739,0.7145312287974199
1.580881133531272,4.849117003755118,3.440711293520226,0.7266482938157962
0.9019777489522707,4.778387705712978,3.365506954808202,0.7286150155872207
0.776589091766634,4.76449147157023,3.4059279642642166,0.7238119438279458
-0.347406233603299,5.36235295432042,3.782539292555537,0.6844885019294504
-0.4203724394629413,5.564974337004162,3.840606644582307,0.649390449701745
-0.7521472200039725,5.699138039801058,3.7916299321197653,0.599080413678118
-0.6552262341369748,5.75674606780935,3.7560581638562582,0.5519212007108851
-0.3066240470195966,5.613038737424668,3.6837812448556773,0.5607122312135192
-0.2504111264069728,5.6780766843550365,3.7360836580366605,0.5751247316341888
-0.5246243888954603,5.792037013478915,3.7595355841757767,0.5383785092023652
-0.35275242988273287,5.570445519085936,3.6254490234720507,0.5424900249335118
0.1503510405364759,5.296045126021129,3.56392812756581,0.5875792252360903
0.4792479908947532,5.121079954967352,3.522648392292994,0.6373228775385886
-0.1962312053551873,5.495866338681537,3.733057935631424,0.6288882818983151
-0.284805907279922,5.523161976892906,3.7192873493957084,0.6146528467598724
-0.20750494208314246,5.603391859203817,3.7675807103318113,0.6021783174633415
-0.32487391543016936,5.867734503434975,3.871315810569885,0.5777047480952797
-0.2610813748502638,5.673860678065364,3.7170529469661844,0.5884991454479409
-0.4596769972794125,5.621774757140733,3.668514113685573,0.5807900754936755
-0.0631480604056997,5.535131083216486,3.693880231070086,0.590899413870554
0.7981607428594077,5.138932318893861,3.5494763222430876,0.6479329515403195
0.08344938310271904,5.516462786863976,3.780932839371707,0.6457930964412197
0.04133247212645569,5.308263179852001,3.6170738408308014,0.656372090800939
0.7706180913181309,5.063147825492237,3.508217151497783,0.6867338151199718
0.9679997178341238,5.116704311750287,3.558786129500294,0.7070472671457885
1.2563718745981018,4.949840638548842,3.458166070673233,0.7214855063644754
1.5468330139330593,4.658810084505996,3.2675528474070887,0.7312656001981614
1.41489549931092,4.86295817576726,3.4234527262819348,0.7335159744008322
1.0748299235408105,4.9936258434169325,3.535647358462783,0.7293405412624425
0.5855134191300972,5.005531216703762,3.4729285913863914,0.72567988947459
0.9745004778152417,4.8679179189177395,3.3747095449586078,0.7302630852202308
1.3399073544899414,4.743834826321697,3.311983172042344,0.7348203788503751
1.1320797269246043,4.801271968862906,3.3520715853696452,0.7345970985554615
2.013630843752559,4.141878089062373,2.900316667352938,0.7405422557676884
1.6848164142546989,3.658030330241825,2.5239820677381024,0.7435570926814068
1.150423384700288,3.8997201503705488,2.7552376917786643,0.7406842902625153
1.3253333073520397,4.043425801199088,2.8633900829772365,0.7402246121069131
1.1326042339576372,4.1287166231947,2.936820794675765,0.7374941422199641
1.2169074507400326,4.076289567440506,2.892907449855689,0.7374000761190656
0.10140495123042986,4.845529912179331,3.4207979189781996,0.7086911441566489
0.0020939213337419216,4.800757721794878,3.395736966377511,0.6766449651919938
0.015249261087507293,4.757114416430453,3.3034587524919945,0.6642309281986085
-0.34196495090395657,5.01907164081517,3.390763321808081,0.6290092838865957
-0.29445008181630933,5.035841327034846,3.349810051111754,0.6115905317160961
-0.2985858468917241,5.137263733134829,3.392767717303096,0.5751564520823411
-0.040211488337836776,5.195964217706022,3.4360991606267097,0.5772281389110667
-0.17599071904462144,5.104980358598635,3.3471799944913525,0.5708449346892327
0.059768012574919205,5.211703930880844,3.442243576252747,0.5896600542071594
0.4231494285263209,5.398297544804948,3.648475645929448,0.61648365343085
0.09985198302601345,5.598483306195711,3.7237627867611907,0.6219223866153394
0.38134423608116547,5.771860743688021,3.86965256112168,0.6390161720299545
0.8577436065539394,5.688339344534685,3.883551137203897,0.6698163602365398
1.9277737328706772,5.284206324580025,3.6154260290355413,0.7116201917030256
1.2109510019930456,5.460866100803908,3.6416617294759295,0.729681709477793
0.9553497198897165,5.478963958610759,3.585463062030431,0.7424084749166575
2.16812168815454,5.137868964323106,3.451862036926492,0.745281984654985
3.2193271084674926,4.91116785908048,3.318649528449989,0.7411138928761627
3.885399726619864,4.634690225529752,3.141614347788561,0.7294273340028309
3.7082136107600894,4.614260902378272,3.119830673697398,0.7259125863233407
4.182936937217698,4.485081539643115,3.0440420503771835,0.7125579074891624
4.437355429473201,4.201043980867101,2.875436908773029,0.6904619084545671
4.05313703608617,3.937857820546785,2.723153606087747,0.6942591287219104
1.5935045366195661,4.253429523576111,3.0448911181320097,0.7150730517463135
1.665324796028434,4.125993221752558,2.985054005984845,0.7253410114655963
0.40508576697121584,4.316402035512427,3.1588281085464813,0.6843513039033198
-0.806048941903996,4.34783638289833,2.8420102626307293,0.5350710664585684
-0.686377554273842,4.186351686030334,2.535782190714486,0.2777461502361027
-0.1864667910921442,4.2138191616513,2.5246040751848695,0.10959159078629477
-0.08666538157092835,3.9267416856822046,2.3859835605818747,0.0349061096855669
-0.07808254340626614,3.7876698185878754,2.291197047847405,0.0036713417425723316
-0.5747827267213477,3.704331691838666,2.0239974960244806,-0.3532260990014188
-0.7185816568443208,3.888354917676532,2.0205605465381353,-0.7013051457230741
0.30184515137105655,4.782824779683906,2.54966534277645,-1.0502306731694575
0.5137837366212952,4.896278523796472,2.6204951373564076,-1.026864297331742
0.10030253483374435,4.588914333532942,2.4240560988413025,-0.8306141211137497
0.0009932433489435177,4.539042085820597,2.3885329889272775,-0.8468191784526757
0.2977377128186898,4.682091471122915,2.502695653910845,-0.7062875630113978
0.24192154027959806,4.648799439596496,2.4715341598399165,-0.8634471902670102
-0.20141393622986964,4.425422892894297,2.305620363274449,-0.7176035432018075
-0.38650877096439124,4.412148356056586,2.26718799428036,-0.7833896363055151
-1.0820167855198466,4.217028920073774,2.08787427687471,-0.7612276823714443
-1.0725779899494141,3.4718740193991144,1.7565049931325778,-0.5384067152986685
-1.1757745603621463,2.8067966652840752,1.4394902014952031,-0.3593583889403437
-1.474564404945763,3.1450751387019515,1.538755746788282,-0.44289171470476923
-1.192026984925029,3.62639575317645,1.753571040213367,-0.5894229103812421
-1.4228828191294804,3.097942682663472,1.4818197181062054,-0.4946574739825334
-1.4278639251264542,3.251774150143295,1.549695165046289,-0.5071079195152821
-1.4001236860501247,2.81694271475048,1.3713994373250729,-0.38330164386065374
-1.5681727269484769,2.973165735622351,1.407882798883287,-0.4189461613300974
-1.55105191329701,2.974520995188377,1.409319446398321,-0.41810912656423677
-1.2711326394364073,2.2821140031344105,1.143974226877417,-0.18416164840925492
-1.559990122596116,2.3654714708317344,1.1161253883024642,-0.17517096858485864
-1.7055557306598348,3.6562466213908587,1.672154872944364,-0.5429074663706426
-1.3692138513501246,3.879773919005657,1.8194961100082638,-0.648021414442437
-1.5944533711643232,3.121523965759025,1.4384241068588945,-0.49522359933222265
-1.4975438623102137,3.484965202051223,1.6217839557626195,-0.5259687847019101
-1.34106060200831,3.410929816988165,1.6071480607916147,-0.4701562423628189
-1.5170025078060676,3.3465990574300917,1.5477902519906055,-0.47669266836850394
-1.493278344219852,3.1739673343172172,1.4738939988946949,-0.42001994612124854
-1.5795684164653356,2.927500163075151,1.3665763598001222,-0.3450149714304928
-1.6101411271651573,2.735759063926681,1.2809395549614835,-0.2727564977201667
