7.83403892981863,7.96778641185185,8.0879429345174,8.19646854996761,8.29581456763365,8.38852627394103,8.47676933904957,8.56204740716902,8.64530565669538,8.72728235154795,8.80878691538615,8.89072080635325,9.39930784631146,9.72875685615993,9.9870366806908,10.1655047371595,10.5179476243355,10.6324292094349,10.9004578463821,11.0591890776022,10.806215559265,11.0105642266477,10.9519681799619,11.371582727334
8.30247299311406,8.46780405699119,8.63073427199717,8.78629884416256,8.93056388166947,9.0613557508511,9.17874494048269,9.28469654730829,9.38203104468459,9.47344590167287,9.5610776743251,9.64645992658149,10.1077360847084,10.3810025902314,10.6618960962359,10.8381210139715,11.2399086417694,11.3480090111953,11.6454408007827,11.809831207141,11.6034838076752,11.7409323826111,11.657231239239,12.0250709896095
8.00714966603204,8.20617811498059,8.38804137607614,8.55322854049611,8.70201599267226,8.8353875004503,8.95553171722084,9.06542577995567,9.16791182621788,9.26508693676221,9.35827126006705,9.44825047498216,9.9236177612461,10.2352820642258,10.4629554825996,10.6309536837204,11.0367718361042,11.1382730183821,11.4651010977293,11.5541890204011,11.3786847407235,11.5048555510614,11.4536705690383,11.8025777520098
7.51888071414597,7.72776031273687,7.91766051031979,8.08653135131399,8.23453697009085,8.36417106397894,8.47932464095983,8.58394270823644,8.68126247830164,8.7739116508502,8.86437360674889,8.95508171363607,9.50203647312893,9.82708285394758,10.0930963798683,10.2688553057778,10.6772772324009,10.8046476288205,11.2097341495152,11.26071778826,11.2406138959136,11.3960503163933,11.2818137874328,11.7293812593429
7.15522493695991,7.21992875425322,7.28627610296167,7.35349845799387,7.42152313720247,7.4909494677005,7.56277931886167,7.63808441731205,7.71783080766413,7.80278809643178,7.89322823021653,7.98837035989289,8.53250578528323,8.82814355401842,9.06927844039021,9.25588245669396,9.72969850152332,9.76240968388927,10.1453022790351,10.1304991951661,10.090699777844,10.2708678573172,10.2287981879786,10.944213039424
6.82106601822452,6.92561008944688,7.02108766387572,7.1084910431943,7.18949265194115,7.26608704049296,7.34019574643568,7.4134645154585,7.48732969001686,7.56313990982312,7.6420162628363,7.72438094524513,8.24130960895833,8.64193225986716,8.90969593978765,9.1397889404802,9.56716820334431,9.755270406442,10.2345765969771,10.1507604682306,10.0889832451985,10.2640844429263,10.2235094382154,10.8572810206199
7.01963335243404,7.17689166747248,7.31521412691375,7.4364502427833,7.54321455102599,7.638354717832,7.72456954071003,7.80437053775858,7.88028263904474,7.95490752321391,8.03050414371686,8.10825831883634,8.58433147677536,8.94121965290513,9.21605313149561,9.46404992138751,9.94606700685995,10.0699581512754,10.5170121490323,10.3973771787756,10.4415590218307,10.5632075497225,10.5129572488185,11.1923411179272
7.10646242361377,7.1798318385575,7.25677667877094,7.33558141091423,7.41483889268899,7.49355707193861,7.57132369790942,7.64835738887571,7.72531839737412,7.80292875597753,7.88158478843606,7.96113542295503,8.42057156775996,8.77625290554478,9.04530777338557,9.30156707481159,9.69712655949906,9.83559676118311,10.2125142122946,10.062798032912,10.1386022235793,10.2171460319559,10.2541255483708,11.0154565719308
7.03765354540241,7.12690093112955,7.21132099810756,7.29389175375606,7.37708429666744,7.46236146561468,7.54996871028889,7.63926619748644,7.72936299248364,7.81951735088266,7.90911115736234,7.99744607933508,8.45189263202627,8.74045457875434,8.98002256755954,9.19322486936884,9.64925896691565,9.82667938336472,10.1748343925913,10.0761766540971,10.1824325476237,10.2429654816405,10.3517343342528,11.1965307235743
7.16332553897856,7.24183744757424,7.31335587331357,7.37941064657702,7.44208198638104,7.50366143005496,7.56611797846619,7.63065918967111,7.6977159182824,7.76722771553404,7.83883945651062,7.91184789602481,8.31327861108946,8.55950263887904,8.74640129856947,8.98352209166301,9.33609658979109,9.57411425789634,9.90383344995858,9.78303737066727,9.88085459387897,9.92467813990369,10.0425883325408,10.8483417612352
7.10788422727176,7.19328043432039,7.26860803302215,7.33593808582702,7.39752406566097,7.45535550857174,7.51085118494802,7.56485048831439,7.61787773863188,7.67041711922693,7.72299394296615,7.77602351559145,8.08033481799528,8.30444505741499,8.49985807787359,8.66520064327635,9.01268177934335,9.24671227974295,9.48894362585619,9.3849842117782,9.50144200542712,9.57356231021559,9.7071383715491,10.2284544344605
6.93432951020428,7.02339302100981,7.10531904153395,7.17869907052275,7.24404398510488,7.30294220124606,7.35705785946011,7.40745127535097,7.45445748463371,7.49789088586401,7.53730854449007,7.57230603607482,7.72789362331441,7.87468643092712,8.00871961004256,8.18687708763481,8.47475541463053,8.65337882844589,8.84579280877129,8.70040677130333,8.77361508857979,8.96176556914146,9.12634961220105,9.71035137047565
7.06845522514459,7.11343607227336,7.15904246837854,7.20590370561334,7.25428049311078,7.30370996438666,7.35318169218263,7.40160167746764,7.44815252706692,7.49238138819427,7.53412614567766,7.57341881701209,7.76308207321772,7.89958066305279,8.06616129597335,8.204199048177,8.47627651644253,8.69985455164768,8.90108651213503,8.80463013480728,8.97359499897152,9.10443346599651,9.23276153816904,9.7931838695077
7.0412743890757,7.09972644816472,7.1482109178639,7.18851712509172,7.22252391189665,7.25178862482647,7.27734853663276,7.29982633555952,7.31973919531682,7.33779280210326,7.35500515557842,7.37258685695302,7.5106134904949,7.63420035297641,7.72607866986887,7.79739282862066,7.88565743602095,8.03691188797042,8.11766725860459,7.92005968715197,8.01360327389309,8.07219013961035,8.14724856451249,8.52344304724975
6.4535848622013,6.48085827456499,6.50449933628418,6.52780655877266,6.55319142536688,6.58158861860982,6.61251260931275,6.64473422029189,6.67704529050706,6.70861409758024,6.73892367289144,6.76756028682828,6.8854714847124,6.94493150126515,7.03526745157601,7.15267129323608,7.29338261846627,7.40267153785772,7.40438543110827,7.20777232190712,7.33027815688045,7.41328786558831,7.45872373485812,7.74033034687453
6.04943277821908,6.11580561075249,6.17699769164878,6.23305359465091,6.28424005526243,6.33079911612896,6.37289694243659,6.41070978630669,6.44458488662286,6.47527290134752,6.50419451023115,6.53340274063831,6.7478719621235,6.8984628909865,7.03561332840946,7.12781533535688,7.27626683071928,7.4017259987871,7.42799897535021,7.36140757685586,7.41950388027294,7.46351397876815,7.48700300159649,7.80707533590874
6.30238299459385,6.36056592689709,6.41510036825932,6.46593387574342,6.51358915609543,6.55891249851273,6.60284067922296,6.64629809526736,6.69025967292386,6.73582952265723,6.7840615538044,6.83539182090219,7.14312328346573,7.34691940279593,7.55847778628366,7.75271404190351,8.0071583508653,8.10482947552906,8.12397893527958,8.05666200332516,8.10540897242701,8.144789108909,8.13295700889424,8.62536935882872
5.99382419750494,6.04882109316491,6.09910365834574,6.14485910523138,6.18702617899169,6.22680719824215,6.26527080964751,6.30325578131126,6.34153512742286,6.38095525214355,6.42226469927056,6.46564660324078,6.71214517023321,6.86095467928288,7.0569020552286,7.23787676563712,7.44151767204547,7.54611865448925,7.54065301205578,7.48810674261531,7.54040207440207,7.59816316110241,7.59852422098121,8.06060646957193
5.78237389209859,5.82863255757451,5.87537785235421,5.92129683307725,5.96559101291144,6.00782481898566,6.04788397773663,6.0859935589417,6.12272478018452,6.1589014859404,6.19533659978325,6.23248865764666,6.4517962342938,6.60938123698627,6.79741978671434,6.96621078948496,7.19950080445913,7.378056138001,7.43142630857269,7.4449875081565,7.56066233762234,7.63189102261494,7.69125188038938,8.32151667021031
5.22228133975262,5.23885837073831,5.2561064848547,5.27556259974619,5.29789356493321,5.32278698727006,5.34942399648864,5.37723268213887,5.40640328063177,5.43785259465824,5.47272108590977,5.51172477708594,5.78421846562017,5.95302044822383,6.1366666697464,6.31602628722895,6.55630085848333,6.81522781610015,6.82405425975059,6.96675670128859,7.06444149989276,7.15515816038988,7.2360141551236,7.91761303340035
5.29270558749097,5.33818240109784,5.38149897886014,5.42318332753404,5.46405931099448,5.50521597445162,5.54781588511629,5.59275157267027,5.64042220991297,5.69079965309201,5.74363827785803,5.79860679010982,6.14057897139134,6.37692168960574,6.60657873187601,6.79471227151616,7.10400229641554,7.32552318472127,7.40751162870803,7.48875167624794,7.58057836216087,7.66299677203069,7.75261149224079,8.51022350407436
5.14307061288757,5.22062730838883,5.28533787335442,5.33963222661808,5.38762389383344,5.4337647412912,5.48129184110495,5.531372131842,5.58352112634393,5.63661652185381,5.68950171857671,5.74105052889136,5.98717692514253,6.16717958516945,6.36515347563375,6.52796327864301,6.78001146611227,7.05119776319035,7.17949509197614,7.27724802818481,7.37952703752839,7.46528183890567,7.56543921909144,8.28701280498677
5.41042242568616,5.44847915977513,5.48369928492129,5.51563155538916,5.5449277962457,5.57276542188369,5.60037633073857,5.62872871797059,5.6584617149911,5.68998017625332,5.72348957112651,5.75884083184022,5.96423114193875,6.11596155922826,6.26040752258975,6.38755513302899,6.62594957669219,6.8363934166682,6.99150668561233,7.12583995171725,7.22743915255845,7.28663155235584,7.39329592780136,8.11459447129348
5.86768895588843,5.84929806444225,5.83545230184258,5.83020589542835,5.83540826792976,5.85013614023783,5.87192408022666,5.89835049193439,5.92779765871798,5.9593939474995,5.99261418038409,6.02689740205544,6.21352379687055,6.34661142356053,6.4653619148393,6.56896420356397,6.7618023108951,6.90020810789233,7.03698562314379,7.17958145584082,7.25926566304756,7.3336665360261,7.44399607783542,8.12476902686972
5.62932302137743,5.66180047388931,5.68839924185967,5.71151396607197,5.73355563517347,5.75610315087927,5.77972690190215,5.80439985250419,5.83004401468112,5.85682150448942,5.88506851703788,5.91493853585585,6.08533977240997,6.21847667130185,6.36526755738926,6.45311023761118,6.66274243557992,6.81074206889996,6.92048939333935,7.05693016074279,7.15330674811274,7.24615563142753,7.3687091805827,7.9963160770963
5.45655524026295,5.51305955493796,5.56639469500374,5.61747048538222,5.6673840767417,5.71663810861094,5.76499009167844,5.81184077914176,5.8567137458279,5.89946218446219,5.94018348940246,5.97898728352089,6.15755984306282,6.26384898493354,6.37642225798683,6.48768406475824,6.6651780791957,6.81808356856484,6.90769130638274,7.01898435958195,7.11577558741686,7.21422019387987,7.32168136474529,7.85305550250104
5.32998143371178,5.47325187780577,5.59919221378397,5.70795972087529,5.80069277793277,5.87939542404636,5.94661825889862,6.00498822530737,6.05684235657829,6.10409442686341,6.14823179142597,6.19026255935241,6.39432157372569,6.50767257907482,6.60893527469701,6.7272832213846,6.91656524347614,7.06691311319702,7.20871271637832,7.34345879309854,7.40954026023269,7.51081614400198,7.60586364306579,8.07515187404532
5.08554039927401,5.32482348077254,5.55189481897184,5.76351499739313,5.95678359032935,6.12991563830745,6.28299114913622,6.41782645288609,6.53695228260413,6.64256022409547,6.73608401829023,6.81836803483413,7.12367735088198,7.29209621813255,7.4647686479993,7.57437748177229,7.75483474456537,7.88237519909945,7.97183399163962,8.05215566398349,8.15918617175917,8.16874324239101,8.25188538735303,8.68475603823669
5.50244015406512,5.69929414936841,5.89119308566504,6.07405106763297,6.2443065930214,6.39983934652261,6.54059737074409,6.66812107400911,6.78432557265193,6.8905739201875,6.98750825747531,7.07541688916539,7.44404494451039,7.60991781276244,7.740634599401,7.88430160795047,8.02635530495146,8.15636557534383,8.20010614585627,8.2889339034891,8.4104747422463,8.46391051328896,8.51879417513013,8.84173941490388
5.48286962602555,5.68180075576839,5.8611217440704,6.02123669108909,6.1637071551757,6.29102436815856,6.40588993863069,6.51039601157287,6.60569360256628,6.69227953541337,6.77061966899578,6.84162752264564,7.15403348062689,7.34537980484537,7.51964624020632,7.68365579304172,7.87381495762996,8.01897307193819,8.11133487374793,8.23244682761438,8.35403537450574,8.40311750086916,8.47039621342137,8.80736764162486
5.89358633307911,6.02196018032514,6.14044363734219,6.2481074229195,6.34598482027643,6.43587148508693,6.51923686205325,6.59688152189962,6.66932945265015,6.73743095058673,6.80261010268041,6.86637773295083,7.21130416148216,7.43760500768686,7.63731827201903,7.82067961560944,8.00082307636677,8.18406828817368,8.32130668051008,8.45029785764495,8.55690019465362,8.6539576252903,8.72660798842646,9.12587046294428
6.07760107705492,6.23509778072547,6.37023383277262,6.48836056734651,6.59473494990796,6.69336925543304,6.78651734642179,6.87497273729051,6.9588212391966,7.03813925325553,7.11329011222548,7.18473492893139,7.53887838019472,7.78478301041423,7.98614354433674,8.16199874514025,8.30483758497917,8.45938421197329,8.61098951103085,8.77193990778318,8.902711923271,8.96385330525078,9.03858563943667,9.32615858828924
6.46982979818291,6.63513862108507,6.79258403428595,6.94247432719945,7.08457689860044,7.21831957096953,7.34312594767615,7.45868932967511,7.56506923488297,7.6626178327281,7.75180732280153,7.83306946933575,8.18144431633596,8.43940478271476,8.66557822338251,8.81984111591527,8.98919461678592,9.11045972319761,9.28566382555567,9.4057789547396,9.50839657200398,9.57807544207913,9.63679661906701,9.91246085945742
4.99741434784984,5.28545093572766,5.55847860921503,5.81077591506187,6.0372851144351,6.23495371985411,6.40405843080995,6.54811755308287,6.67221729670205,6.78123206271318,6.87911076725474,6.96889586654821,7.38896469101651,7.62981131223613,7.85668945426846,8.02025706264241,8.3101493986243,8.4509012991596,8.63134802645007,8.82182386612904,8.87078597187976,8.88885556161273,8.92857095613644,9.18811061881597
4.95804118565155,5.28925362485348,5.59586510749312,5.87087050715542,6.10943299268775,6.31097358838309,6.47957633362201,6.62199396768771,6.74499681930183,6.85401721450603,6.95307783226754,7.04485450131531,7.46153744655546,7.67858106648757,7.8521722849386,8.00461604699868,8.28302741824463,8.4658782429655,8.66357340446122,8.85658487561496,8.94382312286886,8.99048416951481,9.04472828477713,9.32061042810173
5.41063695094261,5.64504803909027,5.8674804985578,6.07490734846098,6.26507147508096,6.43732006197785,6.59255170287505,6.7323308144618,6.85795225510773,6.97010355717712,7.06920503047161,7.15602907434685,7.49377178380183,7.67176543694609,7.82548735358441,7.95568274062604,8.17829861858446,8.31791116435299,8.50390494904046,8.67572830000461,8.75243533792411,8.81778757979767,8.87620332579984,9.15146757571818
5.70308473219686,5.83700572496952,5.9626274476726,6.08012398010184,6.18941897520878,6.29022603224488,6.38227555340397,6.46556805529264,6.54053765433645,6.6081237011772,6.66969400104822,6.72666785572081,6.98638633669507,7.13345341641889,7.26627994997545,7.36985508916481,7.56334684224149,7.69726542018287,7.90979395350898,8.0850698873692,8.17702008145085,8.23301700047574,8.29431083042754,8.61903804107155
5.53883772730767,5.68781108090715,5.81890246921683,5.93679374368444,6.04479788095321,6.14467136964253,6.23689186915359,6.32132154842546,6.39789654495024,6.46700975873297,6.52950301957312,6.58640147332306,6.84839861910858,7.01349733877657,7.14703013455294,7.25761685517225,7.44066130540153,7.59000900085449,7.77405565498439,7.96432010283737,8.07775366187671,8.15532968160933,8.23360690009494,8.61656312125702
5.96299024334181,6.0076318713654,6.06834659035707,6.14345078623994,6.22959906977782,6.32200127550389,6.41544776943044,6.50564485818601,6.590007431657,6.66754180849717,6.73822928744222,6.80249963453918,7.09320091497277,7.29247646484003,7.44863072847152,7.58315925322912,7.83761904424319,7.99483244707337,8.19846062542337,8.38873788073728,8.48967579315794,8.56588271336408,8.63943849147079,9.04907685470531
5.85185435931504,6.01563061092585,6.16591532729285,6.30422415872038,6.43186501273728,6.54959128996008,6.65771799116566,6.756539704255,6.84660710611698,6.92869121672034,7.0036768412204,7.072559573345,7.39555235512556,7.59258242909433,7.74956574184689,7.87745342232327,8.11348165261204,8.24984597076676,8.44621832482697,8.63403078586067,8.72951983064545,8.82163309605667,8.90193295969282,9.30086912056902
6.28343502093035,6.47202464961889,6.64334945986441,6.79829472263873,6.93772119635092,7.06271090071808,7.17467508005062,7.27516045050679,7.36554870125294,7.44698340708992,7.52060073897302,7.58775641957901,7.89960929927358,8.07909748888236,8.20166363151153,8.29906444816316,8.5119640498026,8.6349901180455,8.78674554258145,8.95573722890648,9.06102867232026,9.13793564475655,9.20266756376462,9.49069713409486
6.5006710912315,6.60694451482881,6.71235926454543,6.81552656429741,6.915155492072,7.01014807050707,7.09972899926688,7.18345400949743,7.26110405132347,7.33263169925691,7.3982483374031,7.45847903206649,7.72319630653682,7.86817510116673,7.97368653051495,8.04427485421243,8.20508694971688,8.30116502327817,8.46375115792106,8.6022939889768,8.68183430706699,8.75871134995415,8.81489225168868,9.12458993475295
6.94849297195533,7.04102975978611,7.13905683644951,7.23789919887462,7.33390227640316,7.42475924009907,7.5095133095692,7.58816802350898,7.66118934726808,7.72916931222857,7.79264599428652,7.85194250103639,8.10829624845185,8.24270957229375,8.32713115397933,8.37183005915353,8.50640070367637,8.59474046169017,8.74258663847688,8.88415787289578,8.96817326563714,9.04219025509269,9.09599460182057,9.37376619341354
7.48179881812618,7.54686892337088,7.61776785877046,7.69303496017197,7.77070581843109,7.84835581230541,7.92352045276272,7.99423596961088,8.05938109365539,8.11867727038556,8.17242424325274,8.22113454958398,8.42548624338183,8.54368212061394,8.58932209089208,8.62365497350353,8.76221606541213,8.82291730430168,8.92401170034704,9.00566622087949,9.0716677268733,9.12222895312966,9.16621496601531,9.35329513569447
7.32827922775984,7.41656889983819,7.50284684511444,7.58552235161777,7.66355676760705,7.73639526208158,7.80385419671754,7.86596031657948,7.92278205956885,7.97429618180849,8.02033292083723,8.06065492565709,8.20565253908616,8.28376988984581,8.29321723234871,8.3206744549776,8.42940562196165,8.48243143426687,8.59461918211797,8.65769582106742,8.70515292726487,8.75611417273754,8.80690781545298,9.04785414359069
7.35739382230476,7.4197324494621,7.48731319602628,7.55473264883487,7.6180608995244,7.67534971195061,7.72647181089221,7.77235027472051,7.81408664690642,7.85242542911095,7.88761541164526,7.91951274665981,8.03931658559769,8.09001882487401,8.12534851175612,8.13544091608223,8.16806444323905,8.21930243668708,8.35113523238603,8.42677381823085,8.48042585866939,8.53083787357864,8.57792093592771,8.78778945810246
8.01848965066478,8.04687971583847,8.09287601124718,8.14932562564513,8.21019467309089,8.27082962137949,8.3283499901147,8.38150455360567,8.42998592720215,8.47372706102053,8.51258090614111,8.54642025817138,8.66729827060252,8.69040124199678,8.69227809522471,8.67769019072793,8.71020463010147,8.74141250805119,8.8313610457617,8.85920325971597,8.88378690980357,8.91148505377639,8.94174896350037,9.05570723970827
8.11745250272358,8.21078744060252,8.30739790745271,8.4029152182734,8.49357356694884,8.57670473443399,8.65093269239252,8.71588115405994,8.77165852762109,8.81852504372983,8.8569389188838,8.8878057464569,8.97643089256755,8.97581971380389,8.97985538288834,8.99822121507403,8.96803917101553,8.95565143598655,9.0103990970008,9.02396723212224,9.01473085413992,8.98047345558153,8.94835383319684,8.93516194803034
8.31655499960498,8.41814844918827,8.5058340486348,8.58070766794731,8.64453020289447,8.699102766382,8.74577445429343,8.78535256657605,8.81836239356962,8.84542660347049,8.86753314711637,8.88594254020078,8.94788615424889,8.93015093348185,8.93007472323625,8.92932482546546,8.89122777871385,8.84427409717103,8.87597753105654,8.84110684972561,8.8308023021327,8.80622735257907,8.77681488668912,8.73525904931766
8.71641063857732,8.80302161310545,8.88281192955377,8.95631063402628,9.02354413124863,9.0842159969352,9.13806362560655,9.18514389353853,9.22588957094518,9.26098426589395,9.29118166389687,9.31712333754863,9.39281563525069,9.3566873919424,9.33520676993462,9.32526532862253,9.28104835366069,9.21813096750564,9.21960502151411,9.18689787347252,9.15774029683607,9.12504369614204,9.09390108109221,9.06248016967485
8.8764724418836,8.98867146603618,9.08996138875629,9.18106168654441,9.26224381069904,9.33360170491562,9.39538938121641,9.44820979608818,9.4929539855661,9.53059765947257,9.56200467690793,9.58777701433597,9.62712057231456,9.55777650804281,9.52455474392735,9.49507773952451,9.39708146357179,9.33513317819008,9.21760486003414,9.15074570573141,9.11370784963228,9.06418343132957,9.0120122812372,9.00483454231287
8.55251983284117,8.62725900515564,8.69758661042812,8.76349762212958,8.82465297676066,8.88032835172985,8.92961227008356,8.97173281739984,9.00632359421027,9.03357494561529,9.05429810756253,9.06978875840791,9.09586419434448,9.06252516819947,9.02298687022047,8.99131880305271,8.9401560500819,8.91782286857572,8.90864513283488,8.89174710056344,8.87617615705777,8.85242065331763,8.82816480586471,8.85344879329537
8.56087840566991,8.64388090731687,8.70204354051794,8.73920913814658,8.76011182032472,8.76995270478961,8.77337399495691,8.77366693071501,8.77274065998453,8.77153267296553,8.77036481970183,8.76908880849194,8.72717882041375,8.66482412702927,8.64124658484079,8.62750689994981,8.57713026277223,8.57508717341128,8.51981518270128,8.49767448348331,8.49099507733166,8.48167453574646,8.47171820590347,8.56615785458732
8.17623276801839,8.176656812759,8.17196371825776,8.16346778604534,8.15323530327082,8.14330527939352,8.13498135243751,8.12859391697579,8.12378213520175,8.11989768426361,8.11620582467341,8.11192161238011,8.04645376798231,7.97409053898266,7.95019021603463,7.94375723944343,7.95950520350993,7.9425112294172,8.0007041969592,8.01095586756304,8.02005944637965,8.02790096576482,8.03734315913208,8.05289188212941
7.93344147019666,7.90960618007668,7.87889495179089,7.84374270445888,7.80687815770336,7.77080417681324,7.73737023210152,7.70761804450948,7.68192116442642,7.66018893896899,7.64192408666387,7.62619458924965,7.53658220475223,7.47180533740887,7.46321906889323,7.4577858178716,7.44561729839618,7.47327020481205,7.57768051865212,7.61908515827341,7.67962515158628,7.73810284736709,7.79647530166045,7.96769645835866
8.03653282353016,8.05731229416499,8.07738834349193,8.09740078528979,8.11789715930352,8.13893499193649,8.16010901049216,8.1808123536945,8.20046898473596,8.21860659117472,8.23483696295558,8.24885953278731,8.28602304683232,8.2521689799704,8.22754800052548,8.20719018464864,8.17432927039808,8.14520649419901,8.17596926984191,8.16649912984827,8.16360264745407,8.15848444010027,8.1503898060975,8.21909068386261
8.12707887564306,8.14632835511759,8.17188186898598,8.20101324462086,8.23168827064332,8.26209082990899,8.29047112955117,8.31526621876417,8.33525755276013,8.34964959957337,8.35817061632839,8.36125809453924,8.34115470621236,8.31372565690077,8.30040995325917,8.2880240854345,8.26313155393952,8.21284953033827,8.26379467348047,8.24034427820024,8.22663052090765,8.21274761196319,8.20032793316808,8.26134832238382
7.86103010740337,7.88280920928431,7.89176819189912,7.89154419723124,7.88567599377758,7.87701298150829,7.86736325835725,7.85755666282142,7.84789404700843,7.83865317913663,7.83035615962824,7.82372096212802,7.8157292406956,7.77352022519945,7.77277803875877,7.76620869144203,7.77815250990706,7.79262052740454,7.84753847913161,7.83657053539511,7.84157951548003,7.85256324733836,7.87011550260485,7.95130222003596
7.72127453782617,7.71563905349546,7.71033761610379,7.70517068982914,7.69989579516658,7.69435684877985,7.68853431364511,7.6825831385108,7.67685168576932,7.67183998023932,7.66806068623931,7.6657960978365,7.66071964261618,7.64216459891717,7.64519679462039,7.65016545065032,7.6788786707027,7.70151131997926,7.74355277250996,7.75028909387482,7.77124359035326,7.7969228015134,7.83124335915347,7.9606167373055
7.66903571670834,7.71191547955994,7.74355490721874,7.76434503384097,7.77653148022747,7.78296867717302,7.7862000997912,7.78805034573586,7.78969476778853,7.79192212277677,7.79528263160678,7.79999045360443,7.82249149844163,7.79912444310425,7.79365707806316,7.79397323646117,7.79697175488429,7.78473129402332,7.88712039051055,7.89033796066799,7.89606089452092,7.91221849515253,7.94519306812074,8.04505727305786
7.89157065963213,7.9141582876664,7.93423702057113,7.95231741764645,7.96915522362242,7.98519226481604,8.00050519955248,8.01507028812575,8.02905459887243,8.04293160328399,8.05735243064781,8.07278130570806,8.15753145807562,8.17184100255791,8.18945886937764,8.19458977745125,8.23594407141409,8.26877763395656,8.29854449434761,8.29985925713949,8.32123979477446,8.35372785268373,8.39651161533574,8.52361845907446
7.94810349951024,7.95199626114461,7.95563249828818,7.96006531326023,7.96608120876059,7.9739807610135,7.98366957519029,7.99499984326507,8.00809947997257,8.02344625263005,8.04159753317423,8.06267493392086,8.19960123148821,8.2628750640738,8.28034151332902,8.29860379122151,8.3678345467001,8.39716343534244,8.4169852370606,8.42423984131344,8.43147327595108,8.4435034679232,8.47503385339633,8.62694691137978
7.98669738031985,8.01643657392836,8.04534749941275,8.07406492902767,8.10300840132482,8.13203723752653,8.16067118609431,8.18855421775176,8.21574734982457,8.24266260115253,8.26972766576137,8.29700698178527,8.43367667860007,8.48726163889763,8.50116879334003,8.52014886454416,8.5482057566988,8.56290995887833,8.54882166311992,8.53495692557145,8.53232883172463,8.5405873482463,8.5594120177685,8.66844680808136
7.76057747766728,7.88926525819123,8.00318354295376,8.10132908137052,8.1842501091399,8.25402886768881,8.31369662765295,8.3663652874546,8.4145940116864,8.46016189766902,8.50402853150269,8.54634579891902,8.73234703312829,8.78512814972662,8.79705390227844,8.8279360469639,8.88664426942885,8.91431741379801,8.91166745237658,8.89551526277491,8.89508873793847,8.90376155869116,8.92501762755434,9.03087141055862
7.89070718260675,7.91399988078708,7.93893000277081,7.96249178142555,7.9832267563845,8.00102875876455,8.01674942301407,8.03168841415567,8.04718795675737,8.06439527010317,8.08405085867552,8.10624590438444,8.24614443183516,8.31930598164969,8.33669876028258,8.36696336538207,8.43697776724176,8.49721117505454,8.4984772810025,8.49324846321826,8.50877739409221,8.51452107145197,8.5417248633761,8.63711691069624
7.78029275287741,7.80983649275208,7.83373330383079,7.85119237947752,7.86348472466451,7.87275375850643,7.88115719890697,7.89040546892355,7.90169455325382,7.91580446484998,7.93308283377987,7.95322509543825,8.06383662014714,8.08663760805975,8.1146100135604,8.16391490179852,8.23233981954293,8.29544116548311,8.31340966457213,8.33242507717939,8.34515711873644,8.35173398128823,8.3788073868942,8.47857191655145
7.5459479114958,7.56937079213022,7.58437451739377,7.59284803025058,7.59747387495992,7.60091080102424,7.60524201388848,7.61174867805064,7.62096500316939,7.63282412539124,7.6467668301744,7.66188068768231,7.74309378743258,7.79149701243563,7.8301339696098,7.87386409333063,7.97860452231896,8.07246906118325,8.12097762737517,8.1798769141469,8.24123395209354,8.28312072329028,8.35595980941205,8.49481637715914
7.58481031459319,7.59439263439298,7.60474701571069,7.61631824161623,7.62941374735898,7.64420696625576,7.66082596708775,7.67944837470605,7.70032372637614,7.7237037662455,7.74968035038982,7.77793243232491,7.93300788548347,7.98897098026385,8.06781122569813,8.14656961621486,8.34774373536254,8.48479022491008,8.56657849112925,8.65037549898934,8.72038982529333,8.77900617851315,8.8652227568118,9.13371868506886
7.34619519893137,7.37124604505565,7.39894944543862,7.42835622962149,7.45889737718184,7.49010347315985,7.5215335037627,7.55286205107319,7.58396671838952,7.61492093312885,7.64589856472113,7.67698667207787,7.831804863768,7.88964951966652,7.95574595765584,8.05174846654899,8.27216256110116,8.41545927638671,8.51338282539439,8.61448240196103,8.68606969411705,8.73296951147175,8.79392513059546,9.06391640421825
7.24996958465151,7.26236076466594,7.27441346833977,7.28572350350401,7.29672452541352,7.30834397005632,7.32154585412022,7.33704874840771,7.35529426075353,7.37651139486018,7.40068307399778,7.427382005593,7.57782184235493,7.64476565889942,7.72990140516969,7.82484465427475,8.03073587410914,8.18999428980414,8.30226664495194,8.4127481976422,8.51142396437725,8.58379333302748,8.6583946038489,8.9077157860005
7.07539590075756,7.1113394849508,7.14683330069573,7.17811639647302,7.20390799385457,7.22447175589869,7.24090941407011,7.25464481819389,7.26712033536589,7.27964483332939,7.29326336044842,7.30857232203915,7.40915055698372,7.4538771409196,7.5017296934315,7.57026550390161,7.75848854150078,7.87824535763656,7.99242547182808,8.09652587925802,8.17979226027201,8.22636559892726,8.27497310315914,8.47628002491448
6.3837845900014,6.46042671815623,6.52857527019477,6.58727075150829,6.63761278684625,6.68155763998955,6.72119178304391,6.75829836643002,6.79417760732848,6.82960368105707,6.86478982494958,6.899355586305,7.04884596637147,7.11701414922902,7.21800210161742,7.31716967042345,7.5312652964035,7.66316340769813,7.82779864439953,7.96297559605858,8.04426748856197,8.08019791776907,8.13584281023523,8.38427391613877
6.26118414813767,6.2771064304559,6.29813726209658,6.32399520075687,6.35367433622007,6.38604076689386,6.42030839438672,6.45626084199753,6.49416275510894,6.53443261016947,6.57721173523659,6.62198465676964,6.85939392894873,6.96566195487246,7.06622223331814,7.18729253129599,7.44407845183004,7.61029705979314,7.73421475963336,7.85606994899093,7.95211017951641,8.01557515108682,8.10322270295963,8.34825199192368
6.05938746392848,6.09125795466008,6.12605147764775,6.161521194955,6.19689015885786,6.23237205232202,6.26871964934041,6.30689344578955,6.34780795512063,6.3920760201246,6.43974885831702,6.49018702696539,6.77573426520492,6.92187451816963,7.0553772973476,7.17738734901347,7.44972871314811,7.63479611091659,7.7525012741483,7.86606101488351,7.96852316877583,8.02702594113174,8.10334498416979,8.36415119719451
5.89379649973082,5.92161548059409,5.95011901647809,5.98043133716599,6.01400827606492,6.05212720629785,6.09557683409667,6.14462115899025,6.19914044998681,6.25872770044382,6.32263291015771,6.38963663422542,6.75910623175326,6.9527932219435,7.10200145381412,7.24714357051692,7.55509177252058,7.72619354173926,7.86889027540619,7.96119757065364,8.02443068421802,8.06065497668333,8.11342879968565,8.39161492479114
5.54742143069768,5.58806349146901,5.63763308086967,5.6926099984474,5.75051334628258,5.80995408081862,5.87048000200922,5.93228473448383,5.99585148983558,6.06163622832192,6.12979843273448,6.1999403228019,6.58169007566732,6.78953564013509,6.94562766413716,7.09072554945678,7.43200300714736,7.63106639834655,7.80403514080308,7.91531263972764,7.98455570899942,8.03316951049159,8.10081101297429,8.35133901315463
5.55897958063817,5.61316414520777,5.66823470613002,5.72261034131505,5.77634061663819,5.83040165571023,5.8860793821342,5.94443302985739,6.00597705062913,6.0705365933447,6.13716845402803,6.20428815121935,6.54811561934508,6.75710201261426,6.92035926868888,7.06309512160361,7.43966024127354,7.65308628527219,7.83201232483739,7.94880107167346,8.03013377273068,8.09661963036624,8.15503066266658,8.40827702889715
5.4512065828565,5.5480304572099,5.64008860628075,5.72734086302897,5.81094307435844,5.892183748558,5.97186526579865,6.05015114908195,6.12673466336734,6.2010865586635,6.27265783996578,6.34100768295617,6.66776376209132,6.88951889216068,7.10098914883137,7.29138134857675,7.67504132888703,7.87530382972371,8.04074359634241,8.14528202460645,8.2265411920322,8.2791481416985,8.30471340469429,8.5471780029448
5.52416698840024,5.58043491081327,5.63986989401907,5.70007537457098,5.75999842318255,5.81926602559879,5.87794699841418,5.93642593728689,5.99524133080642,6.05485863045324,6.11540206476215,6.17646262733122,6.50628852987638,6.74849458132379,6.94499164636489,7.13449224250611,7.50383833535135,7.72175579130419,7.90946948655259,8.0357547346424,8.12073935926204,8.18437863819488,8.23484292601258,8.45036844112141
5.34819483359516,5.39564832243092,5.44051078131969,5.48171347603068,5.51950463757534,5.55478244459032,5.58879690204288,5.62299540704942,5.65886606687473,5.69767100251847,5.7400768780249,5.78590192149398,6.06653779745947,6.28950127929144,6.48005644318753,6.67031118529193,7.08565700472868,7.31697055165752,7.54950997723892,7.71017112109296,7.79896722978926,7.87859033947222,7.96046532615356,8.15484920489489
5.11203962035441,5.15235908780853,5.18883268758319,5.22091008415893,5.24971736007897,5.27718576968866,5.30538723725685,5.33603109286736,5.37019573755614,5.40829771333789,5.45018356232621,5.49525054234786,5.77295022967866,5.98178543402322,6.16762945442415,6.33991459989504,6.72976235445476,6.94716924673391,7.1869018483638,7.34432547860467,7.43876529491785,7.53905918805883,7.62392079593938,7.90869336062672
4.81789308238459,4.85114907366434,4.8824842844852,4.91086434259666,4.93665640973543,4.96116425485579,4.9861036898283,5.01311574265583,5.04344052505974,5.0777954004207,5.11637867945263,5.15890502101903,5.44268769994573,5.67488254772063,5.87773171225924,6.08058351378716,6.52969421585409,6.78649680764925,7.07621167115547,7.27464217642002,7.42071337383908,7.55596158798703,7.6897816276838,7.97089674089219
4.27731455158988,4.34456797706757,4.40582712103894,4.45974997728249,4.50733310714044,4.55055160657949,4.5914403002099,4.63160746580476,4.67217688150364,4.71392853217439,4.7574061699506,4.8029240652162,5.10122362824226,5.35753037790659,5.60768236683637,5.86295788931967,6.34727566449968,6.60511556019757,6.94802143262002,7.18135194154211,7.37702412047237,7.56517242020138,7.69956413642135,7.9881377869444
3.81100160068912,3.83523085996149,3.86013711701964,3.88704771402528,3.91707507006931,3.95068553789719,3.98765839260934,4.02740840754883,4.06934530134685,4.11302141185354,4.15810007384599,4.20428173004888,4.48962547351816,4.76259109197602,5.02335642113289,5.27630017338616,5.78647456110182,6.09028770813275,6.36739304408013,6.56682583667232,6.73117122616784,6.89161162037262,7.10261749607447,7.46175732323512
3.81952391771275,3.85902205103404,3.8990476559359,3.94001179405887,3.98297069368898,4.02883076358302,4.07792819213681,4.13016760070127,4.18542988152377,4.24384566410523,4.30578961887313,4.37157550837726,4.79180507667774,5.11836817249798,5.4395904435025,5.75214152634519,6.28223944470122,6.59612693035346,6.92837558000625,7.15267078306488,7.3296409190158,7.48038835021409,7.60520031089987,7.87947029493561
3.89842989570922,3.9374608904691,3.97893425043112,4.02199159769151,4.06639517117759,4.11231490077424,4.16011690502585,4.21030822211049,4.26359825997593,4.32094720167571,4.38340241148054,4.45148992923353,4.89541022220567,5.23158172173082,5.54212015399331,5.86045110033378,6.39652658071393,6.68990136611967,6.99113437173951,7.19836736569964,7.32740254996631,7.41049700799612,7.52502269100279,7.87098457817036
4.0175060449194,4.06202224874062,4.10987338915292,4.1599065413508,4.21165252762225,4.26520616585488,4.32107837152205,4.38011543578337,4.44347635192731,4.51251100345187,4.58824661269888,4.67050171859858,5.18612788523581,5.58632134131683,5.95682606525563,6.2832188312132,6.76444158257543,6.9885282210343,7.28899343387565,7.44098374853549,7.56120865992859,7.64918458805082,7.72578449919343,8.0357667761299
3.60736507343391,3.67326367313468,3.74074166251246,3.80782341639798,3.87476841394677,3.94271417631267,4.0127801978161,4.08569235031291,4.16176805810455,4.24097018723676,4.32289570865823,4.40681915567697,4.91032613181432,5.37231436307872,5.77177835997027,6.09313955490293,6.62496570354553,6.93660063435514,7.24960170518718,7.44149619850241,7.61212425395404,7.75285615658982,7.82824737556356,8.12525603642297
3.6852229288981,3.7295934755987,3.77651677070844,3.82518769232751,3.87535382962739,3.92699526716399,3.98014539588067,4.03491027691398,4.09156144922529,4.15055351701787,4.21238281294845,4.27733172940305,4.7063147065878,5.1264401436233,5.48998577909012,5.80365291815235,6.30829103886887,6.64594320789664,6.91478144027645,7.14116590147876,7.34612324379974,7.52808543340525,7.61296851627972,7.93389303116736
3.54215983727558,3.59381655508112,3.64479635695849,3.69416662077742,3.74227703583585,3.78998097171519,3.83808932144681,3.88712611000704,3.93736453204855,3.98897930128423,4.04213089425833,4.09693429350971,4.45025333490245,4.80817720067897,5.15482916308436,5.45120413227394,5.98959300975604,6.36122987521871,6.68324428697221,6.9291920988932,7.14009210122552,7.33081900772033,7.43883580378512,7.85516033637767
3.14898510548346,3.19900803429808,3.24830033333661,3.29572254903041,3.34163904781214,3.38705668423112,3.43292961540591,3.4798629820119,3.52821769860139,3.57834059741237,3.6306521012025,3.68553001035205,4.04322917365842,4.38127824943911,4.71362033689892,4.99731402221401,5.54233070756507,5.93915894836675,6.26717217744243,6.48259256285622,6.69067879068267,6.86824961818461,7.01709010726016,7.46516278107248
3.11956072786049,3.15377680270653,3.18727398709947,3.21983047461927,3.25176808402756,3.28372595926653,3.3164039925654,3.35040457850583,3.38621889038806,3.4242836502365,3.46499737804888,3.50863864246984,3.81513704612383,4.13184347359652,4.45615645852275,4.76393647848659,5.33390335941489,5.74108584233427,6.14440263069276,6.40379761291839,6.65552274252047,6.8504565161115,6.99582214943479,7.51328935624821
2.7118889177173,2.74984188726808,2.78855820945068,2.8273683685383,2.86575934939903,2.90350607297437,2.94076307479572,2.9780565651722,3.0161857469197,3.05610086052559,3.09875758515846,3.14488321588014,3.47657069090303,3.80243944006149,4.10421616697527,4.41841773163002,4.996527764135,5.44229091736919,5.84027651814593,6.16268229297179,6.44243357962248,6.64322519032456,6.81542160904343,7.399748384972
2.94427556360482,3.00816002424722,3.07822323505049,3.14839161489809,3.21588139407006,3.28034046678166,3.34262912351861,3.40393563127544,3.46537606083059,3.52794647125693,3.59254819573569,3.65983961676476,4.08847236022893,4.43672042567579,4.74958543639121,5.08751392245095,5.64437475009295,6.00063502171516,6.32243097488688,6.58370663561898,6.85325483167962,7.01885337739935,7.1591251291039,7.64072954108953
3.21544843565338,3.26723811243449,3.32621885275413,3.38928882124677,3.45412319556529,3.51951238654851,3.58511446581301,3.65122521435396,3.71863004803739,3.78847179230218,3.86197925571574,3.93990385008928,4.43292834342759,4.80366673635074,5.13141031741656,5.46416272333865,5.98433942787611,6.3254017745241,6.60947548922147,6.80310637508453,6.96467733869537,7.04985220500179,7.19110912325495,7.62159965517033
3.1090511639891,3.15114402090683,3.1977685124852,3.24710803780737,3.29771057395221,3.34894786995079,3.40086056109222,3.45387723315326,3.50865932929683,3.56606837312775,3.62708418362417,3.69249452362069,4.13612376087219,4.52538900179188,4.87057735026227,5.21472042374785,5.75053038155037,6.14138825576012,6.42060387521023,6.59951948408346,6.73096419079582,6.82372463199654,6.9596860456963,7.39913689632227
2.92342766114395,2.9672703694195,3.01421639267144,3.06300854969281,3.1128057258305,3.16320145003444,3.21409613037022,3.26561647097905,3.3180981794413,3.37204793545528,3.42798725798628,3.48616801964107,3.84712546618354,4.17743566692965,4.48249922739844,4.80008122926353,5.25558928953027,5.63800592524635,5.97663760669218,6.19015238747722,6.43888142560526,6.59413252003149,6.69459809283286,7.19038200834001
2.93647736074386,2.97372839131392,3.0115133766514,3.04921591059712,3.08654455966273,3.12345035098775,3.16007948904848,3.19678979933471,3.2341622786356,3.27293610935397,3.31382709192348,3.3572604278221,3.64397179824642,3.90501488651167,4.14596024900686,4.43324491217977,4.93301801658408,5.29930203119025,5.60464000924236,5.84567619197194,6.12385058495309,6.29224757058727,6.37749089309741,6.89043711941168
2.88041606525671,2.92027885476537,2.96276718164844,3.00646149023943,3.05035864148887,3.09409327705075,3.13780963635965,3.18190531595278,3.22682547051947,3.27296270801579,3.32060546932827,3.36987004343894,3.67599580110241,3.92198082171302,4.17654722847107,4.4817710840128,4.96689392894879,5.31882161410925,5.62462648072066,5.88618508817319,6.11136489209022,6.25864276619642,6.38731759704882,6.92257957819376
2.89657881484273,2.93767574468557,2.97808171631767,3.01632105613801,3.0519465458032,3.08531654313514,3.11723970822078,3.14868825637932,3.18063067034481,3.21394474258446,3.24933220527925,3.28718860690367,3.54460870236565,3.77997465084,4.05029087152347,4.34860260958347,4.83263355100574,5.2328924790296,5.56452891111,5.83827011359161,6.09255722154104,6.25463045985023,6.37670459504325,6.90442744459722
3.05514167833468,3.09999175345281,3.148800080414,3.20010715614331,3.25285216657803,3.30644077667779,3.36056400586011,3.41500978736609,3.46955645374276,3.52395316795228,3.57796396306201,3.63144409973299,3.93946947870723,4.17337013059639,4.40117850725576,4.65995799619137,5.07359400839871,5.38842298501921,5.66304996902449,5.91924877292898,6.15747270224201,6.30676602519487,6.4249145400224,6.91205971613383
3.02899066454308,3.06388333917087,3.10264187735956,3.14414030348818,3.18727164429249,3.23137139540797,3.27615360715076,3.32148360121088,3.36723573679248,3.41326527289106,3.4594276476497,3.50558994076598,3.76822734331888,3.97423594279087,4.2128645687177,4.42975235852465,4.78282219450119,5.08156061785375,5.32890665895408,5.53066750212294,5.72904443330458,5.88497466547839,6.01600582962643,6.51603374080272
3.01548597955776,3.06160930484317,3.11093996803017,3.16123594081388,3.21138115848663,3.2612249785417,3.31097242673285,3.36076813501201,3.41059954668634,3.46038047427502,3.51008018917899,3.55981106875929,3.85519225695579,4.08811917747804,4.33260068292184,4.52596043285149,4.89108245340255,5.17770827856638,5.39695544387664,5.56564418373261,5.72963571762588,5.8838722283515,6.0106911290361,6.4252020594008
2.99775992230267,3.0303085999215,3.06534212889512,3.10211967909958,3.13986770627555,3.17798930649742,3.21613435740784,3.25416222342907,3.29206638092065,3.32993082857055,3.36792365603328,3.40626011050087,3.63539928338612,3.82103031346644,4.02343162430293,4.19695826043381,4.51435523484787,4.81198897657904,5.02740096619352,5.24136726261783,5.43372431374958,5.58761690182258,5.72018215748232,6.11192637727092
2.98197820412658,3.0055106235751,3.03273698076404,3.06424960655442,3.09997612315649,3.13926807544247,3.1811526494053,3.22462574953041,3.26886356744908,3.31331587046644,3.35772372189702,3.40206481461459,3.65369908635982,3.83989927811548,4.06207411652848,4.24729446107186,4.56365235144638,4.8050435757855,5.0120138725883,5.18443417635819,5.33963054037471,5.49758829398193,5.64925528078998,6.1227627099909
2.99191923790096,3.04061041632116,3.09229664725971,3.14370967797576,3.19288862933878,3.2393244678494,3.2834144203626,3.32588547793275,3.36747725244027,3.40887874545452,3.45075243541592,3.49367521911108,3.75745745291271,3.95419128401262,4.13810610457134,4.2987938291374,4.6119177768033,4.85494975969379,5.06505242532658,5.24664046941983,5.38657078404049,5.51535129187759,5.64259534500513,6.08954273222487
3.11544923129434,3.15175760978797,3.19185264731891,3.23533177679965,3.28133129807548,3.32879871505284,3.37680468629057,3.42478294335018,3.47261397833223,3.52056201052192,3.56910622311188,3.61867598504686,3.91557000241096,4.16729773423981,4.36986664022348,4.54731932695251,4.91546466493939,5.17943225742904,5.40069460887166,5.60949212149852,5.7715904223779,5.89987953817218,6.02656131981527,6.42736359857786
3.03922419414035,3.08313184479897,3.13295328753355,3.18727903561267,3.24450992261645,3.30339967814963,3.36305316097898,3.42275627399145,3.48189322205517,3.53997482743433,3.59669263135137,3.65191804203741,3.94696426290745,4.19734932607426,4.39689354393343,4.57201834860094,4.95474828582424,5.22456590658239,5.4095383339046,5.57834560975147,5.76109194063628,5.9029031571528,6.02712942215046,6.45115949030864
2.96509497973355,3.00365995857918,3.04667714251675,3.09352670165303,3.14325276553081,3.19490619536673,3.24768215180501,3.30090846162071,3.35400078290267,3.40645076721011,3.45786294136599,3.5080286352666,3.79672807896542,4.06864282724227,4.2665348025588,4.44011209811176,4.76350171362658,5.0251099039385,5.21538157966713,5.41697162660851,5.59766506635337,5.7210209823431,5.83463231769229,6.24603666806447
3.29635130047667,3.35448418256308,3.42126929599512,3.49324195801927,3.56705973344588,3.64056132486276,3.7126241934909,3.78274760232265,3.85072364520962,3.91644646066445,3.97985273987542,4.04096139784745,4.37089606359428,4.63961565679159,4.8371266892604,5.02442388176268,5.36070036950391,5.60756385569785,5.80862869315532,6.00333858253128,6.14166717869174,6.25354370608952,6.35710116317149,6.73654884321121
3.53825993526164,3.60368531495354,3.68318158759914,3.77327195190187,3.86974919681686,3.96884989360337,4.06751747625897,4.16353606225638,4.2554724826042,4.3424171257089,4.42378690170016,4.49943290631712,4.87977499544904,5.17553799288875,5.43542836717056,5.65608473855157,6.00266640603987,6.24657274916221,6.43943927804541,6.61540137577979,6.7311203242956,6.8564947126134,6.9570436073781,7.21763097766921
3.6720077015055,3.80494063621707,3.95251858997102,4.09951866586598,4.24043471835156,4.37328369635564,4.49760920528601,4.61340037249368,4.72043022234108,4.81808050094666,4.90579278078384,4.98401604419744,5.37017513996171,5.681641214887,5.92535648600126,6.12146058240489,6.4232675058751,6.59947939470024,6.72176766750058,6.84583391060419,6.96326525651853,7.0950936488343,7.17986445509705,7.39587671481299
3.9947826700739,4.12772546668006,4.27867386932628,4.42892002202247,4.57032063865149,4.69969480034138,4.81674361185399,4.92232059996972,5.01730764953295,5.10253454683523,5.17939029453068,5.25017821671282,5.63916454537541,5.92690370360933,6.1411925626573,6.31518951068591,6.55673671755716,6.71805141733234,6.83461984967166,6.96979111663578,7.07907818178736,7.18490702256244,7.26687366467111,7.52037862611159
3.92339484054136,4.09108118709249,4.27678890679933,4.45643298994885,4.62168832990596,4.77010713272153,4.90233529566534,5.02013584122609,5.12518492063756,5.21902310687526,5.30363157137724,5.38156470973639,5.78986727133117,6.08002494994638,6.29283957018254,6.46402744500617,6.73864885512917,6.90286109657917,7.02439079809978,7.13082518405466,7.22860081399922,7.35719158004574,7.44151130724458,7.68697457900744
4.09127225383679,4.22381953897861,4.37126640605454,4.51531905398335,4.64921553842752,4.77091656856134,4.88069608148011,4.979668501582,5.06906267729636,5.15022895974096,5.2248675921831,5.29494796326278,5.67001419023881,5.9126255647339,6.09675917645229,6.25007537208373,6.49552247907398,6.65956208801554,6.78425003477563,6.886918084632,7.00455883792357,7.1260908401492,7.20949655696361,7.41089569936685
4.52730872829643,4.59329951961197,4.67474394848763,4.76478530801844,4.85721305997863,4.94838286582058,5.03656657128376,5.12111608553029,5.20193002760574,5.27920229997567,5.35328439461255,5.42452343092466,5.78834593559732,6.03512329025829,6.2149859258029,6.36033996516949,6.59022819804199,6.73514960111193,6.8635567028431,6.97862244245209,7.08541725819124,7.19238249841176,7.2602250605314,7.54555192112564
4.59292212061724,4.73804567681174,4.89392282263496,5.04363373784363,5.18107914541162,5.30438083785655,5.41424979515762,5.51294250853048,5.60315836037019,5.68723004798328,5.76681074292082,5.84285463879985,6.21942484597928,6.47562805123215,6.67310105908681,6.82759492793226,7.07010265414303,7.21104814038331,7.30889785262351,7.39548886669328,7.50229005277809,7.59672410818372,7.6595448715379,7.91785997095744
5.0680428441125,5.11917333598856,5.19257894179641,5.28590041386465,5.38787508210466,5.49047612643898,5.59042739278624,5.68697175943179,5.78019623326958,5.8702167194333,5.95691569853441,6.03993366078741,6.43782709549397,6.6904947961432,6.87864829889588,7.03134125753171,7.2608223152246,7.39726892042359,7.49138963240123,7.57705261119986,7.67355283821431,7.76069462049427,7.81941501158654,8.01675198179359
5.47106758436092,5.54285349227871,5.6587098368811,5.79213412908423,5.92945119091363,6.06397202131311,6.19251239228835,6.31380827561237,6.4274518540717,6.5332416424927,6.6309193155584,6.72015196731048,7.0821943521453,7.26394673214243,7.41059614469563,7.51805971369589,7.61830830042976,7.6678784084922,7.68442796196017,7.6920287289403,7.72482215537623,7.82409585212328,7.87184676080781,7.98538805858423
5.20535830457491,5.45697088572565,5.70973264695719,5.94959836099381,6.16754296258962,6.35980147307404,6.5274191594044,6.67390358199148,6.80271886390887,6.91617527756643,7.0154939903496,7.10131202242788,7.40088296551578,7.54797386929506,7.64509945948694,7.6805098986293,7.70882572353244,7.69965033059525,7.66764630657089,7.67709501344467,7.72733321334351,7.73792266602451,7.75501909338437,7.86019874121426
5.84911644249272,5.90691113342429,5.98427929093853,6.07350426915603,6.16681684276338,6.25964310114215,6.34973799662233,6.43600318648284,6.51774617113783,6.59429781926936,6.66491262745764,6.72894847043066,6.98908415153906,7.12943432699097,7.23086846774191,7.30265780740223,7.40184947195754,7.4388514396211,7.44508102244579,7.46147223269527,7.51038884765819,7.52885388687524,7.55980423024498,7.68181814610735
5.77118058741337,5.80406593533455,5.84680208069753,5.89859612281362,5.95655472462756,6.01735157267353,6.0783178809907,6.1376194454967,6.19400506740514,6.24655964498248,6.29469717319809,6.33835160136744,6.53883313647668,6.66467319542207,6.75005543664142,6.81313348912222,6.93056024014129,6.99267248246395,7.05861073150283,7.10159447988145,7.15691267642825,7.18328980559035,7.23197168765587,7.46296423971423
5.80554197022757,5.84062580965323,5.88348518932786,5.93299973037027,5.98746164916814,6.04510618069331,6.10425878379694,6.16331138349381,6.22068078737951,6.27483434313645,6.32451411795773,6.36914738565828,6.56136999806816,6.68084724793173,6.77074820024733,6.83247778020866,6.92317102346466,6.99736214156075,7.02755450940057,7.08597877753707,7.17744306783993,7.18333198748349,7.23689899288531,7.4410818417739
5.75862674975886,5.79169053774879,5.83066858589716,5.87454400096711,5.92173248487612,5.97045961760898,6.01903348975826,6.06597214565535,6.11002342558315,6.15024964571016,6.18628977701917,6.21856410379998,6.37250512219718,6.48360618026916,6.5718385622077,6.63768010388192,6.72308640002199,6.7943380695889,6.83347699850457,6.89814062038761,6.99522014586324,7.03555508868621,7.10005566591096,7.33250598316418
5.66960731400897,5.68484750368396,5.69951427041603,5.71229402872196,5.72257204437617,5.73047073668756,5.73655896879299,5.74150141088989,5.74581731583498,5.74977214569971,5.75336888446648,5.75643255429933,5.76255416813999,5.78225168346459,5.83052741589945,5.87854725113143,5.95332049046672,6.00171289021642,6.05364819151504,6.14034031178611,6.25750245002594,6.32763551135219,6.38406214164611,6.65639783113626
5.52514581540425,5.53464901641851,5.54469150994779,5.5552289854132,5.56630332917808,5.57795851999976,5.59013277864687,5.6026487063231,5.61530224714076,5.62796622799676,5.6406256898692,5.6533050765954,5.71724351305676,5.75250611370507,5.78832109053656,5.81970115145548,5.89328892680986,5.92483881526949,5.97190829752004,6.07375105104416,6.18811513082703,6.24431091825025,6.30085452365067,6.5844766540371
5.44025453722064,5.4596298124307,5.47936622183446,5.49902549328359,5.51837627096795,5.53720990702208,5.55527187849986,5.57234577963991,5.58838015081379,5.60354610313896,5.61818406894141,5.63266100350616,5.72400841135179,5.8172892205442,5.90123904786146,5.9683195579135,6.07505647097366,6.13226665715963,6.20532013962799,6.29589738318703,6.41358289583028,6.48057099538443,6.54020622509767,6.80301244043189
5.36778814112952,5.38550132161371,5.40605644786583,5.42900600365875,5.45343736132365,5.47822829728207,5.50233689826537,5.52502135657519,5.54591877493759,5.56500598296326,5.58251037225294,5.59880264404997,5.68700166267524,5.76057499506925,5.82382336097167,5.87824513639861,5.96732451221061,6.01865986768622,6.07802163911689,6.15361593866453,6.26819356383895,6.34194727229409,6.38323146796591,6.63516786210784
5.35343816605861,5.38176666476976,5.41312293854946,5.44581686947163,5.47839733203794,5.50988143470534,5.53966772196503,5.56737537672592,5.59275265913197,5.61567535250833,5.63619257155529,5.65455804870381,5.73886886231526,5.78251320606835,5.80892096333923,5.84131326777006,5.92073245926693,5.96720738592066,6.01325962076958,6.05580562621584,6.1513994538327,6.2240486284357,6.265078865721,6.51207789638058
5.37038901048671,5.38656806996971,5.40277584725921,5.41824085573762,5.43256724272665,5.44570313996013,5.4577539776719,5.46883571345183,5.47902847313503,5.48839247182764,5.49699407014876,5.50491044210064,5.5388354204836,5.56339993377906,5.60632444028367,5.64490583862166,5.7326205121112,5.76445827853539,5.82082020303196,5.88041323790704,5.96718590669951,6.02965973597896,6.07840909689114,6.29916477535755
5.38955445678924,5.38816511526962,5.3848303844802,5.38004498991938,5.37442403538635,5.36841700269846,5.36220074542728,5.35577218842015,5.34913222637089,5.3424256112258,5.33597155419577,5.33018501551464,5.31627886427677,5.32020742265084,5.34036581115127,5.37132387500147,5.44598091251551,5.49045285427458,5.55132317831074,5.64674191388288,5.73924699732157,5.79501166992689,5.82054508326975,6.10319794754631
4.92494379013562,4.95692854253621,4.99237460179375,5.02697494445551,5.05765679981361,5.08306319587414,5.10297838780794,5.11766159851945,5.12749957844118,5.13299235720256,5.13489750899445,5.1342951513102,5.12848869527602,5.1416733799686,5.16784287719782,5.2023263702089,5.29461265633147,5.35286069724347,5.40527201074203,5.46197185756378,5.55114409601544,5.61320911480736,5.64340696081874,5.91511359848773
4.90745832329018,4.92455703256836,4.93842658111059,4.94766259639893,4.9519432677353,4.95171450849194,4.94779354291642,4.94111478025152,4.93264374302214,4.92335628625866,4.91417039258603,4.90581720663332,4.88641974097628,4.91343882952902,4.97314898907147,5.01153848636287,5.14585543554687,5.24701398749403,5.33564525660997,5.46259461506059,5.56177562401233,5.6382405911535,5.67839343522055,5.98173096432039
4.93502103949612,4.9478911426593,4.9625804342974,4.97946586504751,4.99852684544328,5.01927777061025,5.04091380136585,5.06261083904698,5.08380131618209,5.10430773998548,5.12433255127031,5.14431596551723,5.26762697271265,5.35356415554283,5.42618544102245,5.49863188620896,5.62309809717439,5.70926763210479,5.77963854757073,5.97255182533653,6.0908275169303,6.17016594777397,6.22597927351397,6.50033497463747
5.09112042752712,5.10664510322877,5.12488408733553,5.14640068307507,5.17140588456904,5.1997621384427,5.23109250431362,5.26492805932096,5.30079000332128,5.33816139909659,5.37640160473578,5.4146931265976,5.6031544626289,5.71631848812255,5.79588762199747,5.87128459359417,5.99837826485941,6.04963497542036,6.10924167800745,6.28704293461057,6.35657503255862,6.40859322158249,6.44988901137077,6.74600923847896
4.993587073816,5.03689738101298,5.0857809389232,5.13810795225777,5.19209369869678,5.24670945208482,5.30155100712036,5.35648821633372,5.41135326084225,5.46579528578479,5.51929521963678,5.57126717579664,5.82267136825672,5.95735324214512,6.05520200486224,6.14587314721328,6.28462616962675,6.35551619958149,6.44237654716717,6.55205863374282,6.63552833926602,6.68735538027734,6.72362530119304,6.96690858493823
5.0828962103463,5.11968611358776,5.16327306650439,5.21260024900417,5.26650305459973,5.32395313010155,5.38395741330675,5.44545053589341,5.50731072479276,5.56844264491389,5.62789714219805,5.6850281675025,5.96688765612938,6.13048141637273,6.25042611838021,6.3583461941592,6.5100838095776,6.5706042269958,6.63522284700498,6.74478462856895,6.80464053004491,6.82959690887694,6.86666869419947,7.07472756255966
5.09820032908259,5.1395102518704,5.18892499274645,5.24409263840836,5.3024143721346,5.362014344802,5.4216729310191,5.48047175013724,5.53757796454379,5.59220547296673,5.64370682358669,5.69172387194502,5.912017976294,6.04196252658958,6.1462846864069,6.2418428699529,6.34727676547625,6.4062367066777,6.48008585993533,6.57366470916593,6.66041521355979,6.68417375260074,6.72415848650837,6.93539288155075
5.16268071175739,5.21260351415823,5.27190694299394,5.33657832901401,5.40345817696677,5.47039387985951,5.53588036055628,5.59876437317042,5.65806952910793,5.71293536357284,5.76270431435153,5.80711731601691,5.99163151683253,6.1109562321441,6.21996442294015,6.31255191151847,6.42970036390471,6.49717874167448,6.55750946570081,6.64522757149379,6.7092205941171,6.74371471901102,6.73419359504672,6.9565605477311
5.15687262763944,5.19508015846516,5.24138253015079,5.29441805978629,5.3525458775846,5.41418758428543,5.47792006249901,5.54249960060744,5.60686897416253,5.67016552176292,5.73175030964859,5.79122906982461,6.0836377588798,6.23341657483852,6.34729770407596,6.44997675656878,6.58793604732227,6.65699502877495,6.72687501537618,6.82392480992251,6.87398771718235,6.90628848231923,6.89921178865911,7.14583801633092
5.02101458259142,5.06190996552585,5.11250578648739,5.1703083239509,5.23272841098543,5.29765622125614,5.36335516162595,5.42828808101435,5.49106851769231,5.55051144295609,5.60575559759563,5.65641441337405,5.87989554367244,6.01003157300141,6.11480229802019,6.20801566178473,6.33233039455292,6.41083614638695,6.47568653484507,6.57250175446613,6.64263601460214,6.67619079495502,6.67355171256699,6.93565921393761
5.09562792456591,5.11976104236901,5.14647661025201,5.17503108272194,5.20488796924246,5.23572237934449,5.26727501806876,5.29923689769837,5.33122657222342,5.36282223085845,5.39360268639771,5.42317926673907,5.56104831271988,5.65307953805134,5.74148690130764,5.82662327229713,5.95323372717782,6.02433644674065,6.10242259054341,6.21871829185251,6.28675675690738,6.32155749938882,6.32857271569602,6.61835712122097
5.09834379051122,5.11485508108384,5.13316217757802,5.15320332389013,5.17495160062221,5.19830919084967,5.22298344605941,5.2484527565035,5.27403532380314,5.29900537571009,5.32272177856608,5.34475229610373,5.44264342567616,5.50870331670387,5.56488510478837,5.62071749007006,5.70532769338047,5.77177997534822,5.84029905551113,5.92456812166577,5.99332561045549,6.03334607297445,6.05890068633947,6.33781286762232
5.09308767665202,5.12216469650071,5.15617065250587,5.19417938932133,5.23513919487727,5.27804840249332,5.32193117783014,5.36581313586736,5.40876276977987,5.44996903585492,5.48884055283118,5.52509243903967,5.69095414200734,5.79674079878966,5.89179355660388,5.97370507904896,6.08244663720752,6.143821405611,6.21386730591329,6.29492331293329,6.35643056725129,6.38988747431655,6.40907048926136,6.62986604736316
5.0623147454071,5.10293655925889,5.1459623401526,5.18987473187029,5.23423943982092,5.27906708050332,5.32424505223737,5.36935580121161,5.41378944167525,5.45691040487521,5.49815836726363,5.53709869530451,5.71546111217771,5.82909854814149,5.92280030081859,6.00353848468987,6.12277581853463,6.19983058866005,6.28072322860585,6.37166184061527,6.42774704688918,6.45665053685077,6.4933596615347,6.75281335407176
5.19961532149473,5.22161264631083,5.24839663901693,5.2807306423432,5.31872580753504,5.36164301113664,5.40801864392751,5.45609525003378,5.50426651823834,5.55129639137518,5.59634232764675,5.63892536011164,5.84507293305651,5.98487856431336,6.08146106449096,6.15399204684034,6.26512762302141,6.33307897221952,6.3768132943241,6.45171175079415,6.48821286173912,6.51766181364184,6.57275349460198,6.81412433935673
5.32809950095284,5.36502357548279,5.41097628151714,5.46533047975726,5.52642900482571,5.59182111575205,5.65875397977413,5.72481802138996,5.78834125549924,5.84835306040716,5.90435029583939,5.9561502314579,6.19007415568895,6.33137894215479,6.43976677961716,6.51700457762206,6.62132811058487,6.69053072715412,6.75367413530079,6.82659745374481,6.85867715785367,6.86631692636174,6.90348785578566,7.10944254107696
5.08378105936479,5.16701993960877,5.26039167026731,5.35410383583592,5.44216109220716,5.52166467124785,5.59221667103681,5.65494810546568,5.71134782666886,5.76255082950902,5.80926419165703,5.85200358100597,6.04768984421311,6.17495854149149,6.27285934630062,6.3453442549858,6.44660470853695,6.50759628509821,6.58252443547431,6.64317542496713,6.6845552671141,6.69116008522238,6.72600417956327,6.94206954454667
4.95061725652065,5.01566867420217,5.10194908016051,5.19622485903586,5.28895365924335,5.37550738917147,5.45469227950611,5.52700446312346,5.59319961568761,5.65360973592931,5.70817253461125,5.75681811868397,5.95921783306289,6.09586328279742,6.19619841070765,6.26780436325083,6.38127811548589,6.42990708654127,6.48985012415831,6.55443350891417,6.60046622179568,6.62697334691045,6.66185898946351,6.88601775201309
5.16931488433587,5.20520520244951,5.24457582543787,5.28692225958833,5.33237129797787,5.38093174645612,5.43193909275722,5.48412404027042,5.53606343094444,5.58651289267117,5.63449878442789,5.67934027055177,5.87381768611856,5.99073009439777,6.08098097330566,6.14748559906739,6.26006953087433,6.3098870412941,6.36407453383338,6.42378833612382,6.46660823697001,6.49256242563879,6.52556018977245,6.75835081478944
5.26511799083046,5.2783018584039,5.29296134424477,5.3093104191248,5.327332612352,5.34672676042488,5.36706021679275,5.3879961618425,5.40939638974601,5.43124960800676,5.45350350733722,5.47589253882753,5.5839616014449,5.64023223523909,5.68443632466249,5.72089705127605,5.79413070686036,5.84189517117833,5.90002748720971,5.94471785100665,5.9994450366422,6.03170390317804,6.04936635347427,6.26788048661445
5.25042129463763,5.27064360061886,5.29617999090955,5.32722898314318,5.3631491310328,5.40265187546096,5.44420896341999,5.48643673677301,5.52824253956294,5.5687632096985,5.60727924183449,5.64321487957118,5.7994038512764,5.88810620585139,5.96403265892848,6.01579887627032,6.12261860105814,6.16455853397061,6.22578966076626,6.28503063761539,6.32683482428198,6.34922887155251,6.38458126706979,6.59957618348533
4.97109656958857,5.02055000935622,5.07539709476979,5.13240437777267,5.18957134274137,5.24570849289582,5.29999738397131,5.35177507464876,5.40045239058492,5.4454804217039,5.48637871682146,5.52284472009288,5.66116395765966,5.72311386588628,5.76678976359008,5.80898550859972,5.90669505342497,5.94226608013322,6.01024215095739,6.05255180033567,6.08794916032867,6.1226877127221,6.15863156877001,6.36771958010818
5.12273898163231,5.16103906704097,5.19857553513463,5.23341513831846,5.26562850718488,5.2961718538922,5.32588131795028,5.35501915161635,5.38333446284265,5.41033278613529,5.4355092943897,5.45848527650517,5.54448755181554,5.57921285666094,5.61103012497115,5.62589291431038,5.68305094692295,5.71544367507953,5.77614836308998,5.81860440401182,5.85119075251061,5.88265261798835,5.91848918798475,6.11699413330887
5.25882622149825,5.28710698680611,5.3179196250997,5.35099517853656,5.38626507339207,5.42322893700239,5.46074549133835,5.49735765030685,5.53176340085209,5.56308363068674,5.5909456853363,5.6154702416318,5.7107170922763,5.73274975544518,5.7401104865383,5.75047000457204,5.80229556602255,5.81420969789075,5.83305722131988,5.85380021350745,5.84816069680857,5.86281791256175,5.89043152824587,6.04759530216136
5.25579374914494,5.27571623986868,5.30097897095524,5.32976732446791,5.35976257478144,5.38895645032065,5.41602996481743,5.44031521941589,5.46157951157702,5.47987210650011,5.49550233217838,5.50903281654462,5.56925685952045,5.58811661515294,5.60110112500791,5.61762538035858,5.64945699219911,5.66057493878195,5.68615202041942,5.69762076122968,5.71327224160173,5.73639440442505,5.76449773125447,5.89836814599665
5.14812691234313,5.1669279723269,5.18538202186647,5.20242257605183,5.21770953234533,5.23126521181106,5.2431515229655,5.25338288106567,5.26199052767947,5.26909256225132,5.27489567537123,5.27961704272222,5.286352160228,5.27645754261499,5.27521695150249,5.28494928319278,5.34005608132348,5.35841707125264,5.3985570003577,5.46073287846524,5.48335315799019,5.52074002495053,5.55753414815501,5.78566746081345
5.2751608019813,5.28597117722104,5.29756902150612,5.31045085455449,5.32491253681143,5.34072804292087,5.35718792718827,5.3734107385113,5.38866349347243,5.40251586790924,5.41484647554378,5.42577299950213,5.47000608810517,5.48023512758532,5.47867651191147,5.49053782288611,5.55213136805595,5.56108759448507,5.55795330677771,5.61161260244881,5.63142037864379,5.65511566042201,5.67482299168905,5.90102453774125
5.23936618378181,5.23610970077488,5.23834008080204,5.24768021631405,5.26414321678186,5.28626486038091,5.31176877473344,5.33845500827456,5.36478644505407,5.38991880509413,5.41341506859352,5.43497627932504,5.50911012903498,5.51669434601163,5.53055026588567,5.549961036717,5.58186513593503,5.60265337328374,5.636480681521,5.65985390178665,5.67447092804532,5.70001896429913,5.71498779442302,5.91370250410315
4.91062514850443,4.96887340672774,5.03692383798597,5.10520134786708,5.16783011779253,5.2224797476981,5.26927739634024,5.30951459552669,5.34456558812871,5.3753619941662,5.40237006851999,5.42578173772968,5.5006610267802,5.52499925593218,5.5336176938684,5.54972490164629,5.59389284009694,5.61448900096511,5.64948270645783,5.67364524065716,5.68691650579872,5.70630889107935,5.72631671136454,5.94391143776836
4.98759489476963,5.0318214152867,5.08861782199603,5.14924749518102,5.20677319058421,5.2576184439055,5.30097700149316,5.33755222665157,5.36842391063588,5.39448056342036,5.416360491464,5.43458250907411,5.48718605632673,5.48337770578231,5.47888897652484,5.51097459989752,5.546827035024,5.54942120065293,5.55649432192798,5.57884095824351,5.59952612102097,5.61977347857407,5.63397248201251,5.78629101171787
5.09487164205053,5.11546591320002,5.14166203788364,5.17206837259934,5.20490597015274,5.23844267343716,5.27123930570083,5.30222860157824,5.33065966184628,5.356005376191,5.3779333359119,5.39633965929182,5.44398465750628,5.43914491177355,5.442263531023,5.46139816684326,5.47655421273419,5.45968951834414,5.4629778646072,5.47229780072167,5.49155920290646,5.49855381998001,5.50794615910444,5.60446190363538
5.03237610855078,5.06777527949755,5.1050399173082,5.14177936324882,5.17719336758251,5.21132286754411,5.24425756842853,5.27577156459149,5.30533929372663,5.33229501078949,5.35600549360777,5.3760373981544,5.42725759752821,5.427587498718,5.43677939742908,5.4635768856763,5.49267683289124,5.49278903486686,5.50108066856274,5.5035680204403,5.51663969082372,5.5335736596654,5.55372249970219,5.69699687158302
4.9222370091321,4.92618734609397,4.93103592623642,4.93670846144544,4.94290677148605,4.94914094495349,4.95485497471859,4.9595559437804,4.9628727701806,4.96455552673098,4.96445927678461,4.96251332016992,4.90737668127096,4.824109178628,4.82098116941779,4.86840055404254,4.88849386471081,4.90020516040485,4.98085421419103,4.9778907314065,5.007556435304,5.05496053805106,5.10025002290632,5.34748694334866
4.26165986237936,4.29406310135963,4.33332217333179,4.37433780872719,4.41255686862908,4.44521707916335,4.4712374896752,4.4905346670458,4.50341125239437,4.51028475512583,4.51166628278644,4.50816414229581,4.42248726601324,4.34299766603166,4.32794052219555,4.33478764499718,4.3269860427179,4.34436864457758,4.3755448366689,4.35220567145784,4.42015101621156,4.49954418375405,4.58922435514953,5.08931287315647
4.24680613983204,4.2858700473397,4.32053414500579,4.34752393461283,4.36632980223991,4.3780317277679,4.38413393135051,4.38593074149157,4.3843907230602,4.38029564636174,4.37437141047199,4.36728606240818,4.31568774565459,4.27258309867143,4.28145508259812,4.32759474702921,4.37004172917276,4.4132532233461,4.53879110622087,4.51709276821601,4.60558214888581,4.72171870731205,4.81853730621229,5.31880313819642
4.48510403709506,4.49483592470537,4.50667046917667,4.52005051857347,4.5342601086174,4.54848047233898,4.56186192429123,4.57363435901803,4.58320149078643,4.59018504038354,4.59442803161184,4.59595629121533,4.56110846840256,4.52680877146053,4.55014809806042,4.57153976730472,4.63891178953697,4.64809029816312,4.71970820825613,4.69267473334301,4.76619327472779,4.80109951766201,4.84284935285524,5.16944683419552
4.47360497338792,4.48131306005639,4.49123050244,4.50288089041394,4.51546817544243,4.52817568544098,4.54037802678361,4.55171298140202,4.56204359805448,4.57136796815365,4.57971093657611,4.58701515150371,4.59693110750204,4.58647615026231,4.60042658200774,4.61959200450684,4.66722427309864,4.65706419013148,4.70284699164571,4.69771001244465,4.76327915704479,4.8226261592502,4.90510637234798,5.33786761521553
4.46456896390841,4.47502065333786,4.48565455941213,4.49643743936055,4.5075915789397,4.51922118390602,4.5311041817914,4.54277831831283,4.55378778420424,4.56385520287219,4.57288785205466,4.58087444168957,4.59990344902867,4.58419485695107,4.58896588119723,4.59398516772657,4.62078213395628,4.62852862880654,4.67959274770436,4.68336133444362,4.73172268016885,4.77162503562539,4.82714079706519,5.30043889250966
4.61052347524917,4.63722865183597,4.66519232599831,4.69406578304185,4.72400273272269,4.75514223082918,4.78738757475362,4.82047320756326,4.8540848267452,4.88785184012604,4.92124375279881,4.95350738196205,5.08383721050967,5.13297361448372,5.17767691099298,5.21589177042094,5.27801885213043,5.31617298902998,5.35805642752669,5.35471295258828,5.38905387271112,5.40846718665756,5.45012136922499,5.82652273409372
4.61525698631988,4.60129487592861,4.59119205506255,4.58842305915979,4.59484555751451,4.61037485705992,4.6333602449601,4.66150836513166,4.6927327514094,4.72544168115221,4.75839517881828,4.79051720588845,4.92520970377002,4.97235489014996,5.02954452104122,5.08370397376596,5.18474381694087,5.24414586659888,5.31571268146288,5.3536216378498,5.39534707725864,5.41586474167886,5.46935777525755,5.89515396899876
4.51985226118568,4.54650476313866,4.57362031138387,4.60019088343713,4.62620421708723,4.65228288318696,4.67918189343844,4.70739572196888,4.73701512910105,4.76777621580074,4.7991535445218,4.83043416095853,4.97535569603944,5.0525138666231,5.11350785108251,5.15770106470002,5.22778089345368,5.28778259603199,5.32949202269322,5.35682986863471,5.39427146573343,5.4313559838678,5.50502600431791,5.94432549294009
4.5412221339866,4.59563410391364,4.65009112744408,4.7012937819288,4.74838914430873,4.79226232500415,4.83472323462688,4.8775952593103,4.92201656104942,4.96817127374236,5.01535496840288,5.0622343828441,5.27282803355537,5.378568550179,5.46589187639333,5.53088937667494,5.63670887966054,5.70000846595091,5.73131385112802,5.74456694645151,5.7551037479802,5.75478342954953,5.77398819857316,6.11278935314736
4.52591200967762,4.60308492086197,4.68133558288832,4.75376847305652,4.81799729367341,4.87470224455379,4.9262153673689,4.97514330685122,5.02342182737813,5.07195127205168,5.12058878089208,5.16830915538144,5.36772745365589,5.45732789712517,5.52512838155943,5.57192097161533,5.67760166238624,5.78562516787644,5.79594198247611,5.81543236928045,5.85551154840458,5.87951799354678,5.91911617179369,6.27356621081505
4.66260982545091,4.7131034775668,4.76565639484411,4.81780284171991,4.86882375779716,4.91903909266754,4.9691655514719,5.01985200556161,5.07141317698894,5.12370323515928,5.1760630686252,5.22737269197817,5.45785696766761,5.58329353663387,5.65716091174702,5.71449720736966,5.84275397771196,5.94278133839173,5.98150627291185,6.00582135412117,6.02536270101933,6.02904029331338,6.06156289915724,6.38302942946361
4.82454056853457,4.87026493287353,4.92641877793116,4.98722340266583,5.04809672116894,5.10644316595201,5.16151672639467,5.21370637086767,5.26371036880983,5.31200810059752,5.35867881755564,5.40341861482991,5.60272574650839,5.68473665288496,5.73593508483094,5.80031206124475,5.92450604734326,6.0432374345582,6.07124733546645,6.09489856633858,6.12414082053893,6.12222856243538,6.15093443788018,6.44961151043975
4.63592097068979,4.70689385167143,4.778950616725,4.848392615281,4.91423871476311,4.97689860695752,5.03721213817549,5.09582162777062,5.15290067412327,5.2081632919639,5.2610057986589,5.31068759221516,5.51421959463641,5.58302689619359,5.62676704831285,5.68590261077389,5.79806827729425,5.92295832077308,5.95693093829663,6.00526248438751,6.04175533533369,6.05616796512957,6.10838823497925,6.46986429904302
4.83998665920411,4.91391235135831,4.99130424914396,5.06599865147451,5.13514201269328,5.19816263604106,5.25579229260317,5.30918452500373,5.35929456700482,5.40663536052289,5.45132349233784,5.49324462179831,5.67817791147816,5.76030396469413,5.80000060378777,5.85457532096022,5.97293670519262,6.07148597053305,6.06014018999657,6.09659716712817,6.12762845650541,6.14261736598564,6.19081724979691,6.49911914474596
5.27529033653093,5.29560184676112,5.32685970367627,5.36827411534189,5.41710410690483,5.46992322928267,5.52362228564179,5.57591597744944,5.62538192361958,5.67124281908869,5.71312766888933,5.75090079367412,5.89383876315859,5.94692731978644,5.96580721517472,6.01375547874869,6.08988298663672,6.20290471378135,6.18253541484174,6.21510251585303,6.25119113067743,6.27951725983592,6.34195367067778,6.65484164446448
5.20042673533275,5.2660876430016,5.34636329970065,5.4334542516511,5.52118949699584,5.6051740352253,5.68271002057283,5.75259797551912,5.81464479408847,5.86912055375997,5.91649991072926,5.95748780776305,6.11244397258602,6.16450862765564,6.18382918013348,6.25843310463573,6.33625742357651,6.44130373296164,6.42987995252804,6.46461383293359,6.48887016515189,6.51031802757843,6.56020893875465,6.79652726052125
5.50327430990438,5.56779052554757,5.63878091878865,5.71194318840278,5.78526816749883,5.85777486031736,5.9286838619048,5.99714830490207,6.06233913778445,6.12358235203931,6.18043556774739,6.23273888900109,6.45483419463435,6.53361262483139,6.55811017167302,6.58659198501629,6.60427370252856,6.67209187231731,6.6438326883085,6.63679076167085,6.62193669368274,6.60846681306438,6.60828623789116,6.64067468474452
5.70505667082745,5.73889286755752,5.78173612834835,5.83211150369943,5.88779549964854,5.94581504572168,6.00306649535097,6.05714430764853,6.10677533747277,6.15170774137191,6.19233873303242,6.22934272939466,6.39537230559339,6.45714350296222,6.47883525987138,6.51807254340107,6.54532272027404,6.59755689761736,6.56894336346361,6.55360214714046,6.51763686794081,6.48144051399478,6.45452592853799,6.38277268788947
5.84445360057228,5.86561642901343,5.90064951933903,5.945895632661,5.99644613563544,6.04742200553609,6.09519908156408,6.13808376369364,6.17603992695271,6.20985366449926,6.24040021236343,6.26827289219134,6.37808726773189,6.3953553198392,6.37687162522194,6.34819707045217,6.289203962723,6.26113663275826,6.20458102875471,6.16075282819493,6.12152171237131,6.09248690827526,6.07762279688145,6.10925791569019
5.49462197267626,5.63991616088672,5.77462455937456,5.89415245906377,5.99656567176841,6.08243409044016,6.15449115570486,6.21651500494787,6.27190912727616,6.32283622206135,6.37015375947877,6.41380329026589,6.57227996780118,6.58171212759978,6.54768700320418,6.51813779539819,6.49445935327887,6.45933986890079,6.40686977745771,6.36455248030565,6.30439601489435,6.25465472444101,6.2259299849339,6.19504512261248
5.29488890858158,5.48174250433165,5.6700748455366,5.84720918696633,6.00451292822791,6.13773543163552,6.2471187796397,6.33612125165158,6.40916367662937,6.46977508142399,6.51997410082906,6.56064420689177,6.64985413062904,6.62171403103769,6.58853753890064,6.55078495919024,6.5168612110288,6.47013685099313,6.40873338077703,6.35634560464394,6.31147205292499,6.27848515911317,6.26802233449859,6.30733602267377
5.76691799514857,5.83783074109538,5.91511055838605,5.99165450382661,6.06280560266924,6.12581980769864,6.17986911436339,6.22564873210838,6.26442214917715,6.29715303617966,6.32421043968597,6.3455873901005,6.37306470472381,6.32514949711298,6.29718686437826,6.25793245451005,6.2107377800289,6.1606670029896,6.16159286430504,6.13163371457445,6.09845838967056,6.07275236273065,6.07343193669385,6.16146108485153
6.16737882428876,6.18951455717211,6.21169956561882,6.23344181043991,6.25468654946127,6.27519951267824,6.29433290284847,6.3112435523951,6.32524915741328,6.33592830540931,6.34298993820991,6.34623528432705,6.30745440708491,6.25333236170397,6.23794890408639,6.22718206896386,6.17858469478718,6.11845136736905,6.08954752759193,6.06011996838373,6.03541743975846,6.01351065783329,6.01021538683746,6.03539269493265
6.28319737063842,6.27547143290289,6.2692201748348,6.26492148610336,6.26277041764277,6.26254293142797,6.26353658145422,6.26474829153765,6.26517828116081,6.26400619593479,6.26060219611472,6.25455047810136,6.17501341923784,6.1002665396075,6.04681573156731,6.01907379920357,5.96854909304175,5.91434402452612,5.89568131107947,5.86534543954256,5.84221218326293,5.82444703633638,5.82723228824237,5.86863876901031
6.15278362584696,6.16686021949282,6.18095965693946,6.19294817075069,6.20177678177632,6.20715759349409,6.20921038256665,6.20819960837785,6.20436659567275,6.19783656087167,6.18859387466868,6.17652102575289,6.0512015453704,5.93204492876873,5.87977561065746,5.86243340194183,5.8257888046681,5.79903510884087,5.82635369138714,5.84738285312847,5.85993676361575,5.87545124067179,5.91250617681681,6.09395935481787
6.28123898496619,6.28127620287302,6.27952469729454,6.27608384787776,6.27140943663014,6.26583974574599,6.25932737345189,6.25146577094889,6.24166505559743,6.2292976251653,6.21379369387668,6.19475270369934,6.02604561933686,5.88907798434517,5.83721735403125,5.81284115356417,5.77756264630721,5.73346105031367,5.7574915672875,5.76354397664892,5.76932567982512,5.7833774778484,5.81442833722542,5.96266144003807
6.13791246539702,6.13549516951729,6.13115945235208,6.12442582398599,6.11520296666927,6.10355826347375,6.08950413514258,6.07287153640368,6.05331214042254,6.03041417082514,6.00387546741019,5.9736751504398,5.75830786353875,5.60449924774532,5.54220662618885,5.52309549429623,5.48217900603394,5.44037860304112,5.44236642078343,5.43221870916229,5.44739377168183,5.47927833517291,5.5261067977072,5.74271744011629
5.74280162253906,5.74013295928927,5.73182023973754,5.71689178529551,5.6955860613503,5.66890715678184,5.63810445905145,5.60426669318077,5.56819167992791,5.53051882417419,5.49194228987944,5.45331573619825,5.25478941832525,5.12978536909351,5.08949943277122,5.09056714045816,5.06259793634811,5.0279355172154,5.07933113823452,5.11860477530076,5.15492242614849,5.19784365580574,5.26405051978704,5.56251116778832
4.8844015631686,4.8759284192652,4.86163707831936,4.84259237501536,4.82057958250467,4.79751623312766,4.77486864199826,4.75338797563722,4.7333062189595,4.71473288433649,4.69789379173246,4.68312675407116,4.63637583803938,4.6346625641877,4.67421747711165,4.72728377984357,4.81810737093053,4.85859332491999,4.94391062463477,5.0146806636254,5.07934001739599,5.15114137169978,5.23340813292412,5.62150679223248
4.82837414563779,4.80271564692368,4.77140357305151,4.73753144620136,4.70374688016246,4.67168851772151,4.64186829211589,4.61410925306326,4.58816962010603,4.56408025108802,4.54214843575195,4.52280584985734,4.45674323533828,4.44720456002836,4.49131660197505,4.57088654296304,4.66259507798727,4.70274007943137,4.79157286073889,4.86812024987421,4.94192301571474,5.01548960120343,5.09541594760238,5.48883159013885
4.47970784586815,4.41661438737216,4.3568445568407,4.3057406680452,4.26645649481061,4.23911104404503,4.22079588240678,4.20739184368434,4.19592081166252,4.18529665545219,4.17566225190292,4.16770176455154,4.1854008782544,4.25284071419826,4.32442486697808,4.42011152395621,4.54962976063739,4.62067566585604,4.74545291223155,4.84405135139033,4.93979396780174,5.04088593170492,5.14778963539179,5.6322716667943
3.75651272384477,3.81074197257447,3.85729822366504,3.89538824937145,3.92553851289624,3.94929821515843,3.96872117536787,3.98568059712992,4.00149708043005,4.01703074224696,4.03295194422761,4.04993332129177,4.18877792330543,4.33301421386679,4.48110887404405,4.6465555131556,4.82923946497427,4.94210232622025,5.09285650351386,5.21156633704848,5.32168965637307,5.42971516419553,5.53243159549279,5.97016593112127
3.52448874283473,3.54067023877272,3.55572269171129,3.57077194544881,3.58737446156295,3.60697078663322,3.63033571266818,3.65744332038085,3.6877760800726,3.72071953477891,3.7557688547878,3.79254819067716,4.03599623876926,4.24834337581849,4.4348179473757,4.6153161253684996,4.85294422488288,4.99819162680999,5.13709574898315,5.2446145229553,5.35057043346466,5.45737255776285,5.56120945638354,5.9936051388256
3.56414806712633,3.59414699457375,3.61950008055451,3.64173868857446,3.66324613690385,3.68629999789381,3.71227528379515,3.74143802764257,3.77337368690048,3.80756553868318,3.84366633285156,3.8814421340119,4.11441873859592,4.2978384735775,4.48886864224938,4.66315801412384,4.8982050632486,5.04919987616646,5.17195486297133,5.28252678208593,5.38887232104328,5.48900168647452,5.58963547160639,6.00963677743914
3.52991116254302,3.51697392331178,3.50008838256481,3.48301451243459,3.4689133293841,3.45972251139658,3.45592076743471,3.45694423362739,3.46201054796278,3.4707020183313,3.48300778729335,3.49905469028444,3.65433702182156,3.83633847469412,4.04011382877977,4.22502275092477,4.45636150105328,4.63002711719334,4.77856933277297,4.89580203701824,5.00750136447671,5.11882683530636,5.22914369521786,5.70541779209863
3.35461315882588,3.35030996335818,3.34241420072077,3.33341146257341,3.32547220640862,3.31998566559522,3.31737709062858,3.31746380144713,3.32010149217725,3.32555004159112,3.33438267899121,3.34718965997278,3.49160079961959,3.65598489599207,3.8612332066697,4.05552564385001,4.29263284527585,4.47127103884812,4.61605838852919,4.73669207758968,4.85096874889769,4.96369654145285,5.06941540275609,5.52752358426244
2.34009386566345,2.36284677591685,2.38273862307722,2.3997440734252,2.41455980631977,2.42837279195497,2.4423939809748,2.45746453103201,2.47399300095374,2.49211953851287,2.51187554873673,2.53325330933301,2.68695006437419,2.87935751228877,3.12906143490818,3.40330795368728,3.74799573992751,4.01778463602817,4.23662195921703,4.41407593312789,4.58108192143212,4.74480780902718,4.90293413114128,5.58616550500295
2.03562366234646,2.01732660410235,1.9959097693783,1.97499975982917,1.95753449650883,1.94549493534473,1.93975400317076,1.94019002357548,1.94610562108811,1.95675157900156,1.97167734687075,1.9907586422328,2.1813783275886,2.41376432014975,2.69813219367642,2.94867804667027,3.34678542687792,3.65306846163677,3.8664441155314,4.04178090802025,4.21390370574909,4.38574786406594,4.54037977135393,5.17282100566533
1.77415363536592,1.77970951197209,1.78586651886296,1.79534907891951,1.81053456471442,1.83305541830583,1.86333472344157,1.90059555291177,1.94351599229829,1.9909631284165,2.0422622072396,2.09706252822928,2.4800616926778,2.85186611851551,3.2095398633959,3.49452241259524,3.90698663727064,4.20397420895754,4.42493403568614,4.60648664705353,4.77205323980883,4.93533517847097,5.09912701957196,5.76238355601184
1.65938135224994,1.68346271534099,1.70438055831884,1.72469625991899,1.7474380119283,1.77561228086319,1.81135326657999,1.85521422349054,1.90637939427018,1.96364200423304,2.02614322847587,2.09339483093473,2.56390826618124,3.03777153221383,3.50998960426784,3.80764046289912,4.21740916316319,4.51347161623476,4.72007572474587,4.89894397577717,5.06528657962384,5.22021800307868,5.36378422971163,5.94446476154802
1.69163796366984,1.73010663359699,1.76869559072297,1.80901910595309,1.85309846669764,1.9025679504914,1.95775439064572,2.01758393194138,2.08052130203407,2.14543852824864,2.21171120611266,2.27891531545401,2.69454614100337,3.11531030950636,3.51460851686287,3.80964236475923,4.22307387243571,4.52636592855099,4.71755296770451,4.87478804714,5.01886820943155,5.153481668819,5.28697165133259,5.85030055371281
1.73589942926254,1.75095145157182,1.77043942381074,1.79613928226452,1.82938996570306,1.87039223319987,1.91784757000561,1.96970034034125,2.02431453214198,2.0809319295903,2.13943104709712,2.19999881267651,2.61044984214071,3.01734097558208,3.36863486631115,3.63630430222671,4.0472136604655,4.35554078684622,4.56363457846411,4.73927191791344,4.8919760258911,5.02856941552861,5.16818627026595,5.78478029405095
1.71524943818359,1.78476800099189,1.86223622314942,1.94877442526772,2.04392043794635,2.14505504274113,2.24834495431486,2.35055925419852,2.45000642607039,2.54619513889402,2.63915784739904,2.72917344428448,3.23882503289182,3.68836899816021,4.06174039976149,4.32543209975851,4.70705139062638,4.98239045060924,5.15866236114435,5.30729009097635,5.43791039320837,5.55388672682218,5.67261858863055,6.19517904953688
1.71284964552363,1.74256246728945,1.77430302915762,1.80985411871457,1.85066683925593,1.89734199603039,1.94952654592736,2.00640703468246,2.06731896350785,2.13199281888002,2.20046026022982,2.27283672349905,2.75924912610771,3.21535628241302,3.59098376472821,3.86057332512366,4.27855288835037,4.56473730856324,4.76186554623642,4.92734363121918,5.07122208284029,5.20059886621937,5.32985882363242,5.87240707836002
1.68639886778298,1.71816264261272,1.7540169089761,1.79547536838905,1.84343438095572,1.89777101031577,1.95739085053561,2.02082879479357,2.08695285610586,2.15525602717542,2.22570905463042,2.29847401464707,2.76491003276561,3.17994138700682,3.48654778236565,3.72148558403686,4.11406206987961,4.41054957004873,4.62542611508495,4.81264439068938,4.97788529008279,5.1287091410115,5.2806473592898,5.9144104346016
1.63886292819044,1.66536376153081,1.69173526845611,1.71874946561007,1.74703364754236,1.7770057888728,1.80899487598586,1.84351560507545,1.88142278227524,1.92380096011778,1.97175454477652,2.0262070000174,2.45078610405456,2.86092416393243,3.17364561465706,3.43056373794589,3.83783521339402,4.13197347029008,4.36847760209301,4.57793674211479,4.75765042022458,4.92256758148086,5.08929728719014,5.7967513764185
1.68388167496521,1.68623883403442,1.68605403648261,1.68435704974568,1.68219026981122,1.6805600218148,1.68023096080585,1.68160709622061,1.68489742151122,1.69043450297388,1.69889598367189,1.71131990469529,1.90345148102419,2.21807073242341,2.53853761487456,2.8134980141144,3.25308432486992,3.60461765815844,3.89235432893552,4.15158267732292,4.375195215785,4.57812378625997,4.77613063052383,5.59577288976715
1.66069153784518,1.66615116756255,1.67012025401997,1.67275015162174,1.6746318829697,1.67684510775952,1.6805434150565,1.68636644345347,1.69428448007335,1.70395403578028,1.71518462006923,1.72822937766707,1.88292168266334,2.12309089498408,2.32094746353303,2.5258396945739,2.96506819535209,3.30130232280291,3.58971561901388,3.83529843729226,4.03785925071184,4.2129610790972,4.39736943543175,5.21697064542748
1.58027268464788,1.5628213376365,1.54243118699981,1.52057693483479,1.49903324316644,1.47960467499634,1.46367889844241,1.45202677675445,1.44499229683849,1.44273580094946,1.44525397501939,1.452274287558,1.5544296978547,1.70021717814384,1.86748282694387,2.03318782760656,2.38730624872418,2.69086719156748,2.99986671359312,3.28506692675025,3.51649756928721,3.71909722262078,3.93638518545649,4.90875838113801
1.46759882928702,1.45072384333401,1.43151740275485,1.4112362510137,1.39159258947276,1.37458984862913,1.36196398990222,1.3546314081873,1.35262798992105,1.35551064876032,1.36277637263474,1.37403279987101,1.50784754855013,1.69543303391457,1.89890092837923,2.11825238300717,2.53399837970196,2.87866680937539,3.22044952071273,3.53064897424254,3.78569173062765,4.00962635813925,4.24152560866099,5.22929844484849
1.23045279793618,1.23420936716809,1.24071077235907,1.25193826378883,1.26962228062904,1.29469622237357,1.32665078351699,1.36352557640984,1.40288292369505,1.44299645460896,1.48327548130166,1.52388447652184,1.79291428903052,2.08255886581034,2.35587124968011,2.60289233241073,3.04640611603548,3.36778053301889,3.66730527738943,3.93244720202717,4.14597307507616,4.33169618790097,4.52385687201073,5.33446429014198
1.12899576874958,1.15402895507686,1.17294338946624,1.18693269627697,1.19719455026781,1.20486507863889,1.21092865565583,1.21617811121405,1.22128820578038,1.22690616164382,1.23364045337217,1.24203962612564,1.36217643324511,1.59298326043456,1.83588585975603,2.04786634349124,2.47681623135645,2.82246063654102,3.14377180268479,3.43212901595831,3.68126329206015,3.90751852342402,4.13327290268874,5.00098606556285
1.13674570420008,1.15339013887484,1.1675923011962,1.18034701810328,1.19266928857414,1.20537129743294,1.21885615991771,1.23320063844826,1.24846439526425,1.26484332125536,1.28259473476019,1.30201613509583,1.47090186111848,1.69864760689421,1.94034940467656,2.21097635156504,2.68920086775841,3.04446460785571,3.35723237399944,3.62378192673372,3.84685046653482,4.0493882048892,4.25389391068019,5.05797889038593
1.21658613744586,1.21819409670499,1.2178297891919,1.21605291249292,1.21365105561259,1.21170283392155,1.2113316493807,1.21321158234367,1.21734290473005,1.22332954368859,1.23080376404052,1.23967658039844,1.33346345671646,1.50722336782118,1.70277874861505,1.92998180780481,2.37293361052387,2.72937195904588,3.04573098184858,3.31779755449085,3.54492531249056,3.74785121004191,3.95418205673063,4.79719321074733
1.1257439963441,1.12081672160625,1.11670048251067,1.1139191652253,1.113082808103,1.11470569879427,1.11892336386952,1.12543607447692,1.13381139622028,1.14379906966905,1.15542064228965,1.16897344327204,1.30997818017584,1.49006017121661,1.70901954103034,1.97632949426352,2.44581408912631,2.81966935079274,3.15223845500917,3.43789257481481,3.67375426012582,3.88353983264554,4.0939329721639,4.9413323428656
1.09774321598136,1.10431257909511,1.11160642023622,1.11899224679275,1.12571123362846,1.13127701269629,1.1359005474738,1.14040321665468,1.14563870943065,1.15211873652658,1.16014209316181,1.17012920978164,1.29383764899662,1.47965126354209,1.719892619224,1.98707350508455,2.46736334865222,2.85884455447891,3.188442778036,3.46449620903442,3.69366154244147,3.8972986417662,4.09741771091568,4.88329139894507
1.10988452309495,1.11093594478271,1.11113073087078,1.11193534008434,1.11470537864152,1.12009404150322,1.12768520463883,1.13640280912302,1.14531291722193,1.15398977030802,1.16235949059677,1.17045625261123,1.22388449560962,1.3138320235839,1.45313675734567,1.62719047295249,1.99477131743632,2.34583993444204,2.6723504186706,2.96057291904697,3.1965406780243,3.39904184109833,3.59872867562734,4.41838491817503
0.822897629141573,0.852850698382052,0.879796044818273,0.904149900914201,0.926073694496061,0.94579150836423,0.963799814742513,0.980732682621299,0.997081994773032,1.01311990460238,1.0290083802987,1.04492485954171,1.15331083945091,1.28291288142486,1.46866541326664,1.68692601016225,2.11169518764231,2.48556072016523,2.81389971726444,3.10651827460596,3.34641504407484,3.5531567248423,3.75572403020963,4.57045743137556
0.865027611674339,0.905208220427796,0.942862842387253,0.978226808886777,1.01180583200453,1.04432535702984,1.07649599087849,1.10881037850056,1.14156070097107,1.1749770300594,1.20932918629626,1.24497502889374,1.4850284210407,1.73574196005211,2.02109922313001,2.31747491175454,2.88358468711352,3.33483861703723,3.71072449481532,4.02680236778517,4.2780508207672,4.48576667393546,4.69446007422628,5.56790186174508
0.977014666203208,0.997575692360489,1.02053403298749,1.04721437680807,1.07859290635732,1.11460238560061,1.15386665757819,1.19443406597512,1.23488741607764,1.27475896104534,1.31422350682093,1.35375094016856,1.62530903188618,1.95096416387898,2.26909332493681,2.56982069824256,3.08356230755187,3.50041131563146,3.8303682676774,4.1030030942859,4.32100199653072,4.49762772518203,4.69096860492069,5.47714206162202
0.831974984873934,0.876071809395155,0.914500829520515,0.947612325383602,0.975624291459136,0.998899218620436,1.01818062657942,1.0345314475455,1.04901839498999,1.06247872497069,1.07554851810952,1.08885463260137,1.20566468224041,1.44750610998551,1.72357353119278,1.98264561702741,2.44767347687498,2.85724840029092,3.20492599670694,3.50146661248483,3.74620526915501,3.95402028654961,4.17386317001051,5.02858895065428
0.920080503323083,0.948614209962323,0.978333549392029,1.00999050543183,1.04393523995483,1.07980183229823,1.11660691570648,1.15333339364539,1.18944911093005,1.22493930169469,1.26008222286508,1.29529860137753,1.52997665710312,1.82775732472821,2.12786391281547,2.40369359771896,2.87333274571815,3.28344462294813,3.6089465639047,3.8901186205445,4.11557899280255,4.3063567420796,4.51671296444519,5.32567421182323
0.918333919425781,0.950740897452274,0.985409150664687,1.02474389257576,1.07045874133543,1.1227464872433,1.17991633525786,1.2391610343379,1.29783525121311,1.35413602512259,1.40714725425951,1.45679564589359,1.72839305991572,2.02922569004587,2.31802653070086,2.57802638735502,3.01071830379971,3.38608644514203,3.67511895992058,3.94631615694239,4.16081581303801,4.35061884384035,4.54786868687394,5.30970820535077
0.822483153645935,0.867036437787187,0.909247045787617,0.950443457240232,0.991618545136789,1.03308021244207,1.0743041090692,1.11432269830212,1.1524045222062,1.18849756220296,1.22323667911682,1.25757764624292,1.4994489621968,1.81033590461202,2.10597465762029,2.37879121648719,2.84875397089766,3.24904037126927,3.55414721183133,3.83938243685317,4.06593551837595,4.25724686156639,4.46189679154562,5.23604103969588
0.822420219235087,0.871725686083196,0.916867019983651,0.959358244205417,1.00049614987845,1.04092156365194,1.0804540278862,1.11851688323938,1.15490753471342,1.19019766637152,1.22539072862633,1.26131221951242,1.5139615315536,1.79594743776731,2.08148879945802,2.35128702301122,2.79264609637088,3.17898719141236,3.48264164118207,3.75003352592104,3.9615167825519,4.1415728815925,4.34445680954108,5.10578963979944
0.921250100126568,0.943073536801981,0.965712946109746,0.989857590630248,1.01571921228249,1.04264330522758,1.06912830420965,1.09362600585498,1.11560200634587,1.135739462276,1.15517240365824,1.17481425307323,1.3537625104431,1.6284093668301,1.90250445152456,2.14757289573658,2.58421449652314,2.97200549367267,3.27528166579661,3.54570827477919,3.76527855373233,3.9555482754258,4.17499825073278,4.94500281969615
0.927401671057669,0.939240170494455,0.952767301026107,0.968475029684136,0.986670413472798,1.00725168230291,1.0295766358866,1.05271988985404,1.07600728369986,1.09927287065492,1.12269805754567,1.1466165287336,1.33004664457767,1.55791778077677,1.78522996533164,2.00691980391161,2.43668223084084,2.82381511431964,3.13797236200113,3.4100867388581,3.6354704366232,3.83586831276632,4.05531744181981,4.85621625985113
