11.589995409422668,-3.5966242597053366,-0.9846333597856716,-1.4308493527070194,0.0
11.288299439068684,-3.6133359210603704,-1.1062977667302734,-1.426706814520617,0.0
11.139655470187988,-3.888350503730645,-1.731976341906429,-1.509525613875176,0.0
10.29831933493211,-3.6122805810198004,-2.029689174047647,-1.7161381539051346,0.0
10.394315802591194,-3.8991275382975794,-2.243727357496911,-1.778226467130676,0.0
10.708066722517282,-3.8632685961540245,-1.9876075579494077,-1.730666755261277,0.0
10.409134376191394,-3.6832418908103923,-1.882535203905718,-1.7512011343456113,0.0
10.4536099952245,-3.740612049804886,-1.9447160957920575,-1.7572658206325091,0.0
10.220254719582764,-3.381863603534681,-1.7867773841797634,-1.8104002120698168,0.0
9.83750972880852,-3.0050765085137057,-1.4119566894346938,-1.8640030114200061,0.0
9.230700052583572,-2.488337520013478,-0.9427365686421874,-1.9476649811574718,0.0
9.39149715991628,-2.6152272659216287,-1.08233879959685,-1.9651369307616746,0.0
8.33343642007219,-1.5929231473437786,0.14547712411717928,-2.0260138414074325,0.0
7.575266898491886,-1.4806952256115025,0.27860002346487833,-2.1230200747756673,0.0
7.618706399884042,-1.806177257604553,0.09997517506593923,-2.1387619872046972,0.0
8.34723084804506,-2.348353752721632,-0.25216148612511036,-2.04323658976631,0.0
7.786321803851878,-2.1090698243776504,-0.2807887834483058,-2.109877469767606,0.0
7.945599701898187,-2.426912599095643,-0.9165346784187527,-2.1809518961668664,0.0
7.584813883302834,-2.6888438644873194,-1.5054981901041389,-2.3065309846861677,0.0
8.138777170002788,-3.0688274003883036,-1.4859790443207026,-2.2349959355109887,0.0
7.925311504479984,-2.909191051410353,-1.5845990648074122,-2.272925797902494,0.0
7.855802519621232,-2.658219644521239,-1.5710199535634466,-2.3278620125057015,0.0
7.907703431687246,-2.405521173300186,-1.235597786776266,-2.320937828716477,0.0
7.788717370083692,-2.3920074337148365,-1.236186970112867,-2.3350971460054075,0.0
7.634868103013307,-2.2796172968580826,-0.8818042169643261,-2.3150305806226887,0.0
7.838906178788838,-2.3627733423150716,-0.7595312746235068,-2.256465189605046,0.0
8.121204414726417,-2.540060460323889,0.17756380654027515,-2.0242137403309055,0.0
8.218121038329938,-2.589548951634564,0.247743588977557,-1.9043660471999704,0.0
8.24181430149881,-2.7429646559115293,-0.36790089557546646,-1.9393872179828309,0.0
8.669768266877716,-2.912891406604732,-0.9342572558038007,-1.9735386119098055,0.0
8.948281666472877,-2.9405717962018563,-0.7628236232565491,-1.9229859325647332,0.0
9.435986112454358,-3.0255245022858346,-0.4177627641516215,-1.7807362589821776,0.0
8.529157783496949,-3.3603516100565063,-0.6167278743662663,-1.8173491324673026,0.0
8.646193957261227,-3.350564318407221,-0.6749840765767319,-1.8319044848122603,0.0
8.524216699593486,-2.9957087465580834,-0.4002252284038792,-1.8512472819050994,0.0
8.172180034863969,-2.568715396775546,-0.683446259221069,-2.004274887221623,0.0
8.18892294968332,-2.6406902255518663,-0.7895384849307403,-2.0677927883919947,0.0
8.667772086898806,-2.9134927162102797,-1.0055905651862023,-2.0315347146515808,0.0
8.838921723778798,-2.9312043794738623,-0.8054591387841488,-1.9669626625288235,0.0
9.056652375351474,-2.707025289560655,-0.35170794700531305,-1.8759407788451035,0.0
8.682684975328675,-2.3715636460299288,-0.18256429611464753,-1.8995809373536412,0.0
8.968521068312931,-2.2340238759359456,0.05934413569768626,-1.8560538000381817,0.0
9.05612196870519,-1.8982805338747657,0.48234015121751583,-1.8050150869477384,0.0
8.675227794611322,-1.6408892197678668,0.6978656409990829,-1.8300499475634728,0.0
8.47925284536025,-1.4543783519082611,0.744606760183981,-1.8786649893910252,0.0
8.872991864184517,-1.2336669521487535,1.2103130308174384,-1.8046768363288348,0.0
8.818184316953143,-0.9944974508473314,1.8854017585154492,-1.7058853894902763,0.0
8.677888433877257,-0.7226180227880474,2.0700075108483844,-1.6931486963192803,0.0
8.98899385780666,-0.6691386710200722,2.318382036697887,-1.621699728169883,0.0
8.878887437742915,-0.398737231303435,2.931769483949343,-1.5453656911077416,0.0
8.668062378829754,-0.6009731534669412,2.352563514897253,-1.6071511960000802,0.0
8.462268613873306,-0.339956673210474,2.1316621407801613,-1.7228705117751935,0.0
8.094936546901556,-0.43273226958699673,1.490332605886258,-1.8999645115484052,0.0
7.9826625811458545,-0.577216575138894,0.7475110144994147,-2.0789173205944342,0.0
8.268335037275808,-0.5907708421958274,1.5376563184397307,-1.9837658486939511,0.0
8.275025590930753,-0.5228551812089367,1.7154357498463302,-1.9279504042877695,0.0
8.015391442179562,-0.5946813487122392,1.179040987975648,-2.013395769985603,0.0
8.012706592418121,-0.7460314335645449,0.9091433810463704,-2.069142630192513,0.0
8.08065092134116,-0.7634896634510897,1.0762467890452476,-2.0522081973463955,0.0
8.510213607736228,-1.0077510173677353,0.9838859836743424,-1.9795451208877881,0.0
8.626130567432718,-1.1393930294017736,0.834174564427967,-1.9460012030295282,0.0
8.62864371173628,-1.043792973537994,1.2274735769668608,-1.8812542290028778,0.0
8.811194719914969,-1.2865896827204193,1.4557933108621166,-1.7650931829569179,0.0
8.583462415983291,-1.1709410236172622,0.9315616359094196,-1.8500396254815183,0.0
8.467911106562438,-1.1352399845333483,0.8234781670072459,-1.9172037982496077,0.0
8.441573485122138,-1.3413061659289542,0.3677240463347319,-1.991837886505694,0.0
9.007488249055674,-1.8702110426882126,-0.18276835860597052,-1.974890217859985,0.0
8.93492930518009,-1.9600263395460822,-0.26471918552081486,-1.9801912954879162,0.0
8.844266575040225,-1.9991513780881798,-0.5731346542772082,-2.038611241909328,0.0
8.501678172199956,-1.720425383588489,-0.29902732032576274,-2.0936506250782063,0.0
8.304043392310588,-2.1016354187422905,-0.5337325507139905,-2.1219870287798193,0.0
8.276455732798437,-2.3534121835046884,-0.8382267299487549,-2.1455717454247787,0.0
8.288443603889107,-2.533576894499681,-0.9515837623020353,-2.1459799977422382,0.0
8.278498921140953,-2.738848046805513,-0.9406615569017227,-2.1140251978751765,0.0
8.199849510194218,-2.933760960993383,-1.1416402050123724,-2.117689343944675,0.0
8.301339416058138,-2.992830757227228,-1.3326180372371226,-2.1323490002657843,0.0
8.427157978130522,-3.091730615813081,-1.1991169277051121,-2.088741421841756,0.0
8.380544837355673,-3.1055873941544707,-1.4870334590168057,-2.122797333294848,0.0
8.225455322021174,-3.1388841807672243,-1.9776755899871699,-2.2304145014700425,0.0
7.976121658934755,-3.1167983450002037,-2.0068732637841595,-2.3053013015124177,0.0
8.105739548508577,-3.54052395689527,-2.6093941209875444,-2.359207406465526,0.0
8.145995403534233,-3.982214979955275,-3.0756434305288503,-2.3903403466577915,0.0
7.580080855180373,-3.9871860277620343,-3.183932519651994,-2.480200027768558,0.0
8.083388977079382,-4.4295655756722105,-3.072700695492379,-2.376570990516806,0.0
7.957528558839542,-4.271783441462594,-2.9459026459716124,-2.352810796811742,0.0
8.029972123775,-4.2400253867902,-2.514918535742014,-2.268028885603523,0.0
8.063779248697072,-4.639166619641992,-3.1220076756812016,-2.277604785199343,0.0
7.960176191205514,-4.495115161471796,-3.3909977826314486,-2.3582665088094363,0.0
7.950457170095802,-4.560115041101254,-3.6978114070717067,-2.4319609838002076,0.0
7.590242640272601,-4.566163653874814,-3.724178471985203,-2.5023620364566126,0.0
7.769031393822576,-4.822052830322307,-4.231819130712891,-2.5571447070380517,0.0
7.67445095784953,-5.082756983475624,-4.5438900758167495,-2.6029606954327518,0.0
7.83767355265266,-4.8514456158268,-3.5843766095709686,-2.475358549003717,0.0
7.6289793589053705,-4.487205849936599,-2.952438959850147,-2.396481548731048,0.0
7.413498065100263,-4.481565939991193,-3.2540583102293854,-2.4413898092106434,0.0
7.254794469150964,-4.443149998770508,-3.5602192599628015,-2.532829371927032,0.0
7.1279445782582425,-4.3046655570420995,-3.677681921176074,-2.6202703439713595,0.0
7.16960514764969,-4.343844277632752,-3.4857869777083677,-2.6107784907613594,0.0
7.2439273818443874,-4.443111475691585,-3.835518903439417,-2.643271134393386,0.0
7.138831519864156,-4.071237394728197,-3.0653293070428043,-2.591680812508943,0.0
6.648491222507242,-3.671830447680103,-2.8058919312045916,-2.639693360969946,0.0
6.568728522727606,-3.5454353232163864,-2.405025827295238,-2.6175341525805806,0.0
6.321659642456808,-3.3853958898598284,-2.5913862471675304,-2.6902713003474084,0.0
6.266677169740937,-3.332449309685299,-2.351914623538748,-2.6908253739826145,0.0
6.241355005325721,-3.2101231448035157,-2.1714090232252,-2.6815849462723396,0.0
6.586305200502414,-3.4809171539974644,-2.2670071808509853,-2.6172763482133132,0.0
6.5028366269249265,-3.4382696947490277,-2.199899007053287,-2.5975670415470975,0.0
6.303202948686579,-3.356419095839905,-2.2001173560863574,-2.623572883290579,0.0
6.762136162739878,-3.3606913998198253,-1.8303470966502617,-2.5211961111998242,0.0
7.13226511559816,-3.477776207026572,-1.5320475677461864,-2.37583276255748,0.0
7.128432003995575,-3.185115567115997,-0.9527890002328276,-2.2684605583388886,0.0
7.1792849062462825,-2.9948057557396486,-0.8163802033626562,-2.2275194305401302,0.0
7.2750520163056205,-3.0749712221196965,-0.7450142147133971,-2.179654785560964,0.0
7.081276323012686,-2.8696207325707563,-0.81542595903824,-2.2230655504172736,0.0
7.245215377000794,-2.799952933495757,-0.8377592269134444,-2.2323641969553334,0.0
7.576731160129208,-2.821704245185444,-0.5258916297649043,-2.1470029052449675,0.0
7.694983843663188,-2.8027833334676284,-0.48881146183821134,-2.0940799790062585,0.0
7.560810708967859,-2.1810467566180085,0.703114483779123,-1.9786097705911012,0.0
7.2327641938676885,-1.7834069688877774,1.707129564067362,-1.8657599860767258,0.0
7.369587688371046,-1.8084562528550154,0.6049886970442573,-1.985603327161782,0.0
7.19785611134224,-1.7404939553451302,0.20265557900184494,-2.1237470781010885,0.0
7.242910239632352,-1.6920313644914509,0.27072985624361223,-2.166632640091403,0.0
7.158211508910057,-1.641711214117356,0.11593034184220874,-2.2264615315291914,0.0
6.649315291062928,-1.26001205228526,-0.21593675064091822,-2.417811654749512,0.0
6.631243760041924,-1.3540822783196638,-0.2391946011119721,-2.4801704837632723,0.0
6.888535559960354,-1.6597632648786314,-0.43078592984259356,-2.463020804629332,0.0
6.7036533694131855,-1.525869541283508,-0.2811142198109511,-2.4710327101894904,0.0
6.54817964850724,-1.328653630633919,-0.024656832099520187,-2.477389102117446,0.0
6.42469801446577,-1.268561687792925,-0.17702741413442857,-2.52704615628856,0.0
6.327440231036953,-1.230521628673533,-0.47269026073506626,-2.610795151837136,0.0
6.115868795973364,-1.2781404529765956,-0.3858345734508093,-2.6460286606426795,0.0
6.31396004860134,-1.6256165169044092,-1.0156071904350357,-2.691540539914807,0.0
6.736996050147909,-1.948041758708577,-0.8560661534323724,-2.587975750520758,0.0
6.802931095695547,-1.862021356982947,-0.41451225497624655,-2.4798707138553975,0.0
6.8943236581628735,-1.9645336355607361,-0.16382603789150252,-2.373401201367197,0.0
6.94824403062946,-2.0105534313561337,-0.02996906686892742,-2.2968781363774253,0.0
6.792441464201819,-1.8391434421998603,-0.001215954748757686,-2.3062964196234854,0.0
6.830639001590564,-1.7674161638232582,0.11246432366436454,-2.2978384629741937,0.0
6.965812634626376,-1.981062247128695,0.04756237493945892,-2.2572103928251366,0.0
6.7459125918460945,-1.8788761171002495,-0.007095665546025476,-2.2916411529361023,0.0
6.565954006828904,-1.6983260159219633,-0.3114610208629336,-2.401663264649991,0.0
6.3573642276692075,-1.4676962250759267,-0.2156885404534682,-2.482930967474176,0.0
6.633630400048484,-1.6611518772500145,-0.033423322744787654,-2.4243949866934527,0.0
6.695288738643507,-1.75116944550426,-0.11311074468421234,-2.3965910312172802,0.0
6.718582431823292,-1.7074413791112175,0.05817303068921742,-2.3592560523071544,0.0
6.966558286618963,-1.7644983062448105,0.2830099032503197,-2.2727096469953305,0.0
6.7503615685626555,-1.6780923920474045,0.31722200200611694,-2.2745243280741416,0.0
6.644301946949562,-1.717985129286237,0.3397893484607859,-2.2764401179077973,0.0
6.609502548442305,-1.633363257706458,0.1688162459897633,-2.3184298879184113,0.0
6.273086209835082,-1.2680226151320875,0.08896679145486686,-2.4375425682516614,0.0
6.570583602951042,-1.4875280768368448,0.16073229828263247,-2.405830380914404,0.0
6.280866281758685,-1.3630301711638237,0.31153393909837757,-2.4211796023155157,0.0
6.119754959886191,-1.1314292234927354,0.28094594279063156,-2.4824696511785422,0.0
6.062889091687462,-0.9217537911902959,0.6343797321590305,-2.4815612009748835,0.0
5.955048632185497,-0.8595856996828933,0.5653159801072414,-2.5128605303661646,0.0
5.865368040001994,-0.9203540366603571,0.17920930128903811,-2.590508495562485,0.0
6.010007181006356,-0.9192947618228301,0.28355409138524257,-2.586433481799223,0.0
5.997473450203172,-0.9485179523120241,0.38476146187088855,-2.564080911771354,0.0
5.896422031292885,-0.9482313998842796,0.6107218941028043,-2.5340026849513277,0.0
5.772686445596883,-0.8055330681612393,0.7307064961299286,-2.534672733861076,0.0
5.667283825789169,-0.6916111565207977,0.7645412575490964,-2.554474133639254,0.0
5.722209484982262,-0.7762711509059056,0.690246776455558,-2.5556577967430782,0.0
5.4642223375856505,-0.7824513767515039,0.07196435590805594,-2.68661886330872,0.0
5.033558518261989,-0.8087800612951158,-0.15424699559408983,-2.823897574846616,0.0
5.524633828096694,-1.3564477817512988,-0.9429471869400106,-2.8740112700161333,0.0
5.492971595620105,-1.1101542369086823,-0.48743348420449295,-2.8512441597620137,0.0
5.502616511562037,-1.1405870130334268,-0.4460163111726001,-2.830837801191936,0.0
5.432829520274334,-1.0793238443042399,-0.3792826770221327,-2.828542293879173,0.0
5.860489203362953,-1.243360858210595,0.06623666639649595,-2.6825283234120976,0.0
5.888149346446909,-1.4765260150608523,-0.2604158535889366,-2.643163373437565,0.0
5.8684472612247465,-1.43213940083848,-0.15821136956847648,-2.6222024745507637,0.0
6.014214840894741,-1.4515113702503013,0.25601571443905735,-2.5263366315269993,0.0
6.094064395448443,-1.500641797467804,0.21774018807387296,-2.48339216633717,0.0
6.225858108571337,-1.6108626772859462,0.19090409337144232,-2.4384985754687496,0.0
6.314567895055195,-1.535438670572361,0.22473822192745763,-2.418412513516552,0.0
6.245920787234345,-1.5966003650661518,0.13748151744664106,-2.4260603367464437,0.0
6.3234433847340386,-1.458028822831749,0.3146384207265198,-2.4107195938857506,0.0
6.48869708065293,-1.3422192792241487,0.3550997879562978,-2.3943516670852643,0.0
6.598757459863514,-1.3570049670677422,0.6274078686735367,-2.3319028592697357,0.0
6.547157765512447,-1.0885719622113816,1.2151296874213298,-2.2492974690651946,0.0
6.460143509468921,-0.9202401051546415,1.208479335880969,-2.2556267655877367,0.0
6.082471265053783,-0.4150228680012748,1.641254161494937,-2.2993037408522,0.0
6.058445399029673,-0.4268758859252465,2.083374725131667,-2.2401119374537624,0.0
5.979609778094489,-0.3733185038306352,2.3703524428485787,-2.182920096688475,0.0
6.006679933118269,-0.32974308174379574,1.7763310528896112,-2.2677661645507468,0.0
6.113914758878324,-0.19264626679579216,1.4862562946411821,-2.356374441330214,0.0
6.038741881415368,-0.07454409922112792,1.2810494147758273,-2.4485061250179605,0.0
6.226233433713149,-0.3106506086703729,0.7306804656345375,-2.5159563819919013,0.0
6.183468894667186,-0.2080329571054665,0.712616559492495,-2.564840896355845,0.0
5.97040485949883,-0.15513275945212973,0.5206106839508722,-2.6450561020063157,0.0
5.862272029921059,-0.4962091170643045,-0.1476133714310851,-2.750098868347611,0.0
5.94117949823518,-1.403672134554199,-0.9501678854759952,-2.789361960697324,0.0
5.935952320317076,-1.520103177509007,-1.2604830745436875,-2.839353975560492,0.0
6.011818086340288,-2.0031443797889033,-1.5826941856930623,-2.8333849554517716,0.0
6.23123122128244,-2.467054981163978,-1.503104829480204,-2.730517396542964,0.0
6.087491906973781,-2.6866271555590444,-1.4566424025409286,-2.6672506784049266,0.0
6.080840907806413,-2.6229528300026983,-1.440407880518802,-2.6510593176645196,0.0
5.884524131677097,-2.682368434229924,-1.9618395159036743,-2.743927211719054,0.0
5.816459877002831,-2.7279078196090385,-2.0331810900598475,-2.791993562130032,0.0
5.832446126471178,-3.6094724957306847,-3.037958381018244,-2.8510095688085055,0.0
5.584256870963418,-3.8355006351039798,-3.324177586303554,-2.914916616651456,0.0
5.927326097911879,-4.180289195017611,-2.768192867072776,-2.7599943221239496,0.0
5.904236881477516,-4.311061826894992,-2.6430772043767554,-2.6645717699716336,0.0
5.758956480398733,-4.079411659222854,-2.5747911553139025,-2.6668542771164483,0.0
5.706348486914669,-4.059398166900555,-2.7405041008771707,-2.703714810942358,0.0
5.9294156376163984,-3.9357484056529213,-1.795734425373528,-2.5543670564960665,0.0
5.6656392418173125,-4.072390589135963,-2.575543809467554,-2.6360700030381334,0.0
5.727501395470247,-4.053551770726834,-2.653008236141879,-2.6765017927295887,0.0
5.728145047610569,-4.18168253025776,-3.110268683249355,-2.7493507165039865,0.0
5.887739709843253,-4.451802835989502,-4.233290655408181,-2.9078593122714387,0.0
5.764534174251788,-4.262830613287832,-4.089729629814101,-2.983938329152272,0.0
5.597624197741233,-4.307097588259904,-4.573875051854899,-3.104810435357099,0.0
6.15266436162222,-4.933252216384327,-4.891367549074477,-3.05298365636494,0.0
5.898315929329555,-4.631732066098745,-3.8035157265930506,-2.923684326946195,0.0
5.5895678403780655,-4.561541124304463,-4.594732378319522,-3.050869660798333,0.0
5.822371248912246,-4.723255000826929,-4.336864682316019,-3.0069215354140795,0.0
5.588617282098923,-4.538168379346089,-4.591382915227385,-3.084648608922806,0.0
5.839278319155743,-4.848677597875579,-4.656224042027628,-3.0528684653201905,0.0
5.7794773314344345,-4.790338675989025,-4.6252212500326095,-3.0507338018661034,0.0
5.346527989557137,-4.367993722467263,-4.6618077493113335,-3.1636687985150536,0.0
5.611075168304092,-4.737704446597407,-4.604760393419831,-3.1150752641134667,0.0
6.401802441806582,-5.392020353988502,-4.607205383555563,-2.9176476932874533,0.0
5.930180058713269,-4.922591491013582,-4.1667842745608485,-2.8886997552075404,0.0
5.60353178719269,-4.777084489265119,-4.7726359971944845,-3.035476187180816,0.0
5.9496409022222325,-4.921633705093418,-4.183278178989898,-2.933693863962467,0.0
5.652183383409755,-4.578112093923184,-3.720132508465892,-2.900112629515045,0.0
5.628994344394723,-4.709319938321357,-4.087614969855615,-2.9325524993659613,0.0
5.542550474544879,-4.593826118540428,-3.9599712605867268,-2.949371159604016,0.0
5.491645501562534,-4.572494321174957,-4.195556467739105,-3.0032454680276097,0.0
5.497768034133264,-4.590670429887583,-4.2858087076744225,-3.0351383020854965,0.0
5.219691450205417,-4.3001699406558975,-3.8509840878643207,-3.0464208563940867,0.0
