231.0,232.0,4.649,-3.714,-8.912
231.0,233.0,4.615,-3.755,-8.766
231.0,234.0,4.581,-3.771,-8.621
231.0,235.0,4.546,-3.769,-8.479
231.0,236.0,4.511,-3.752,-8.338
231.0,237.0,4.475,-3.725,-8.2
231.0,238.0,4.44,-3.689,-8.065
231.0,239.0,4.404,-3.646,-7.932
231.0,240.0,4.369,-3.599,-7.801
231.0,241.0,4.334,-3.548,-7.674
231.0,242.0,4.3,-3.494,-7.548
231.0,243.0,4.266,-3.439,-7.425
232.0,233.0,5.347,-4.428,-8.505
232.0,234.0,5.312,-4.321,-8.369
232.0,235.0,5.278,-4.222,-8.237
232.0,236.0,5.245,-4.13,-8.107
232.0,237.0,5.212,-4.044,-7.981
232.0,238.0,5.181,-3.964,-7.858
232.0,239.0,5.149,-3.887,-7.737
232.0,240.0,5.119,-3.814,-7.619
232.0,241.0,5.088,-3.745,-7.504
232.0,242.0,5.058,-3.678,-7.391
232.0,243.0,5.029,-3.613,-7.281
232.0,244.0,5.0,-3.55,-7.173
233.0,234.0,5.45,-4.386,-8.396
233.0,235.0,5.409,-4.253,-8.224
233.0,236.0,5.37,-4.131,-8.058
233.0,237.0,5.332,-4.019,-7.897
233.0,238.0,5.295,-3.914,-7.741
233.0,239.0,5.259,-3.816,-7.59
233.0,240.0,5.223,-3.724,-7.444
233.0,241.0,5.188,-3.636,-7.302
233.0,242.0,5.154,-3.553,-7.164
233.0,243.0,5.12,-3.474,-7.031
233.0,244.0,5.087,-3.398,-6.901
233.0,245.0,5.055,-3.325,-6.775
234.0,235.0,5.299,-4.014,-7.609
234.0,236.0,5.264,-3.875,-7.476
234.0,237.0,5.23,-3.753,-7.348
234.0,238.0,5.198,-3.644,-7.224
234.0,239.0,5.166,-3.546,-7.104
234.0,240.0,5.135,-3.457,-6.987
234.0,241.0,5.105,-3.376,-6.874
234.0,242.0,5.075,-3.301,-6.765
234.0,243.0,5.046,-3.231,-6.658
234.0,244.0,5.017,-3.165,-6.554
234.0,245.0,4.989,-3.102,-6.453
234.0,246.0,4.962,-3.043,-6.355
235.0,236.0,5.164,-3.74,-7.003
235.0,237.0,5.133,-3.629,-6.9
235.0,238.0,5.103,-3.531,-6.799
235.0,239.0,5.073,-3.444,-6.701
235.0,240.0,5.045,-3.364,-6.606
235.0,241.0,5.017,-3.292,-6.513
235.0,242.0,4.99,-3.225,-6.423
235.0,243.0,4.963,-3.162,-6.334
235.0,244.0,4.937,-3.104,-6.248
235.0,245.0,4.911,-3.048,-6.163
235.0,246.0,4.885,-2.996,-6.081
235.0,247.0,4.86,-2.946,-6.0
236.0,237.0,4.781,-3.246,-7.058
236.0,238.0,4.749,-3.205,-6.921
236.0,239.0,4.716,-3.159,-6.788
236.0,240.0,4.684,-3.11,-6.657
236.0,241.0,4.652,-3.057,-6.53
236.0,242.0,4.621,-3.003,-6.406
236.0,243.0,4.589,-2.947,-6.285
236.0,244.0,4.558,-2.891,-6.168
236.0,245.0,4.528,-2.835,-6.053
236.0,246.0,4.497,-2.78,-5.942
236.0,247.0,4.468,-2.724,-5.833
236.0,248.0,4.438,-2.67,-5.728
237.0,238.0,4.704,-2.995,-6.031
237.0,239.0,4.677,-2.927,-5.951
237.0,240.0,4.65,-2.865,-5.873
237.0,241.0,4.624,-2.808,-5.797
237.0,242.0,4.598,-2.755,-5.723
237.0,243.0,4.573,-2.705,-5.65
237.0,244.0,4.548,-2.658,-5.578
237.0,245.0,4.523,-2.614,-5.508
237.0,246.0,4.499,-2.571,-5.439
237.0,247.0,4.475,-2.53,-5.372
237.0,248.0,4.452,-2.49,-5.306
237.0,249.0,4.428,-2.452,-5.241
238.0,239.0,4.585,-2.676,-5.824
238.0,240.0,4.561,-2.654,-5.744
238.0,241.0,4.537,-2.628,-5.664
238.0,242.0,4.513,-2.599,-5.586
238.0,243.0,4.489,-2.568,-5.51
238.0,244.0,4.464,-2.535,-5.435
238.0,245.0,4.44,-2.501,-5.362
238.0,246.0,4.416,-2.467,-5.29
238.0,247.0,4.393,-2.432,-5.22
238.0,248.0,4.369,-2.397,-5.151
238.0,249.0,4.346,-2.362,-5.084
238.0,250.0,4.323,-2.327,-5.018
239.0,240.0,4.85,-2.704,-5.395
239.0,241.0,4.82,-2.628,-5.31
239.0,242.0,4.792,-2.56,-5.228
239.0,243.0,4.764,-2.497,-5.149
239.0,244.0,4.736,-2.44,-5.072
239.0,245.0,4.71,-2.387,-4.998
239.0,246.0,4.683,-2.337,-4.926
239.0,247.0,4.657,-2.291,-4.855
239.0,248.0,4.632,-2.247,-4.787
239.0,249.0,4.607,-2.205,-4.721
239.0,250.0,4.582,-2.165,-4.656
239.0,251.0,4.557,-2.127,-4.594
240.0,241.0,4.608,-2.394,-4.286
240.0,242.0,4.58,-2.288,-4.237
240.0,243.0,4.553,-2.199,-4.19
240.0,244.0,4.527,-2.123,-4.145
240.0,245.0,4.503,-2.059,-4.102
240.0,246.0,4.479,-2.003,-4.06
240.0,247.0,4.456,-1.954,-4.018
240.0,248.0,4.433,-1.911,-3.979
240.0,249.0,4.411,-1.872,-3.94
240.0,250.0,4.39,-1.838,-3.902
240.0,251.0,4.368,-1.806,-3.865
240.0,252.0,4.347,-1.776,-3.828
241.0,242.0,4.431,-1.968,-3.299
241.0,243.0,4.403,-1.852,-3.27
241.0,244.0,4.377,-1.757,-3.244
241.0,245.0,4.352,-1.679,-3.219
241.0,246.0,4.329,-1.615,-3.195
241.0,247.0,4.306,-1.561,-3.172
241.0,248.0,4.285,-1.515,-3.15
241.0,249.0,4.264,-1.477,-3.129
241.0,250.0,4.243,-1.444,-3.108
241.0,251.0,4.223,-1.415,-3.088
241.0,252.0,4.204,-1.39,-3.069
241.0,253.0,4.184,-1.367,-3.05
242.0,243.0,4.651,-1.949,-3.01
242.0,244.0,4.623,-1.82,-2.992
242.0,245.0,4.596,-1.715,-2.975
242.0,246.0,4.571,-1.631,-2.96
242.0,247.0,4.548,-1.562,-2.946
242.0,248.0,4.525,-1.506,-2.933
242.0,249.0,4.503,-1.459,-2.921
242.0,250.0,4.482,-1.421,-2.909
242.0,251.0,4.461,-1.389,-2.898
242.0,252.0,4.441,-1.362,-2.887
242.0,253.0,4.422,-1.339,-2.876
242.0,254.0,4.402,-1.319,-2.866
243.0,244.0,4.726,-1.905,-2.693
243.0,245.0,4.696,-1.754,-2.67
243.0,246.0,4.668,-1.632,-2.651
243.0,247.0,4.641,-1.534,-2.636
243.0,248.0,4.616,-1.455,-2.622
243.0,249.0,4.592,-1.39,-2.611
243.0,250.0,4.569,-1.337,-2.602
243.0,251.0,4.547,-1.294,-2.593
243.0,252.0,4.525,-1.259,-2.586
243.0,253.0,4.504,-1.229,-2.579
243.0,254.0,4.483,-1.205,-2.573
243.0,255.0,4.463,-1.184,-2.567
244.0,245.0,4.375,-1.481,-2.149
244.0,246.0,4.348,-1.357,-2.148
244.0,247.0,4.323,-1.259,-2.148
244.0,248.0,4.3,-1.181,-2.149
244.0,249.0,4.278,-1.119,-2.152
244.0,250.0,4.257,-1.07,-2.155
244.0,251.0,4.237,-1.031,-2.158
244.0,252.0,4.217,-1.0,-2.162
244.0,253.0,4.199,-0.975,-2.166
244.0,254.0,4.18,-0.955,-2.17
244.0,255.0,4.162,-0.939,-2.174
244.0,256.0,4.145,-0.926,-2.177
245.0,246.0,4.114,-1.162,-1.777
245.0,247.0,4.09,-1.048,-1.778
245.0,248.0,4.067,-0.958,-1.782
245.0,249.0,4.046,-0.888,-1.789
245.0,250.0,4.026,-0.833,-1.797
245.0,251.0,4.007,-0.79,-1.807
245.0,252.0,3.988,-0.757,-1.817
245.0,253.0,3.97,-0.731,-1.827
245.0,254.0,3.953,-0.712,-1.838
245.0,255.0,3.936,-0.697,-1.849
245.0,256.0,3.92,-0.685,-1.86
245.0,257.0,3.903,-0.677,-1.871
246.0,247.0,4.001,-0.845,-1.192
246.0,248.0,3.979,-0.751,-1.213
246.0,249.0,3.958,-0.679,-1.236
246.0,250.0,3.939,-0.623,-1.258
246.0,251.0,3.92,-0.581,-1.281
246.0,252.0,3.903,-0.55,-1.304
246.0,253.0,3.887,-0.526,-1.327
246.0,254.0,3.87,-0.51,-1.349
246.0,255.0,3.855,-0.498,-1.371
246.0,256.0,3.84,-0.49,-1.392
246.0,257.0,3.825,-0.486,-1.413
246.0,258.0,3.81,-0.484,-1.434
247.0,248.0,4.34,-0.927,-0.97
247.0,249.0,4.317,-0.806,-0.999
247.0,250.0,4.295,-0.713,-1.03
247.0,251.0,4.274,-0.642,-1.064
247.0,252.0,4.255,-0.589,-1.099
247.0,253.0,4.237,-0.55,-1.134
247.0,254.0,4.219,-0.523,-1.169
247.0,255.0,4.203,-0.504,-1.204
247.0,256.0,4.186,-0.491,-1.239
247.0,257.0,4.17,-0.484,-1.273
247.0,258.0,4.154,-0.481,-1.306
247.0,259.0,4.139,-0.482,-1.339
248.0,249.0,4.083,-0.56,-0.903
248.0,250.0,4.064,-0.501,-0.939
248.0,251.0,4.046,-0.458,-0.975
248.0,252.0,4.029,-0.426,-1.012
248.0,253.0,4.013,-0.405,-1.048
248.0,254.0,3.997,-0.391,-1.084
248.0,255.0,3.982,-0.382,-1.119
248.0,256.0,3.967,-0.379,-1.154
248.0,257.0,3.952,-0.378,-1.188
248.0,258.0,3.937,-0.381,-1.221
248.0,259.0,3.923,-0.385,-1.253
248.0,260.0,3.909,-0.391,-1.283
249.0,250.0,4.306,-0.712,-0.098
249.0,251.0,4.264,-0.564,-0.122
249.0,252.0,4.226,-0.447,-0.144
249.0,253.0,4.191,-0.355,-0.166
249.0,254.0,4.159,-0.283,-0.187
249.0,255.0,4.129,-0.227,-0.207
249.0,256.0,4.101,-0.184,-0.227
249.0,257.0,4.074,-0.15,-0.246
249.0,258.0,4.048,-0.124,-0.265
249.0,259.0,4.024,-0.105,-0.283
249.0,260.0,4.0,-0.09,-0.3
249.0,261.0,3.977,-0.079,-0.317
250.0,251.0,4.606,-0.68,-0.617
250.0,252.0,4.586,-0.591,-0.667
250.0,253.0,4.567,-0.525,-0.719
250.0,254.0,4.549,-0.477,-0.772
250.0,255.0,4.531,-0.445,-0.825
250.0,256.0,4.515,-0.423,-0.877
250.0,257.0,4.499,-0.411,-0.929
250.0,258.0,4.483,-0.406,-0.979
250.0,259.0,4.467,-0.406,-1.029
250.0,260.0,4.452,-0.41,-1.077
250.0,261.0,4.437,-0.417,-1.124
250.0,262.0,4.422,-0.426,-1.169
251.0,252.0,4.545,-0.54,-0.427
251.0,253.0,4.526,-0.46,-0.484
251.0,254.0,4.509,-0.403,-0.543
251.0,255.0,4.492,-0.363,-0.602
251.0,256.0,4.476,-0.336,-0.661
251.0,257.0,4.461,-0.321,-0.72
251.0,258.0,4.446,-0.313,-0.777
251.0,259.0,4.431,-0.312,-0.833
251.0,260.0,4.417,-0.316,-0.888
251.0,261.0,4.402,-0.324,-0.942
251.0,262.0,4.388,-0.334,-0.993
251.0,263.0,4.374,-0.347,-1.043
252.0,253.0,4.377,-0.206,-0.054
252.0,254.0,4.366,-0.116,-0.133
252.0,255.0,4.356,-0.057,-0.215
252.0,256.0,4.345,-0.02,-0.297
252.0,257.0,4.336,-0.002,-0.379
252.0,258.0,4.326,0.004,-0.46
252.0,259.0,4.316,0.0,-0.539
252.0,260.0,4.306,-0.01,-0.616
252.0,261.0,4.296,-0.025,-0.692
252.0,262.0,4.286,-0.044,-0.764
252.0,263.0,4.276,-0.065,-0.835
252.0,264.0,4.265,-0.088,-0.902
253.0,254.0,4.509,-0.055,-0.129
253.0,255.0,4.493,-0.0,-0.198
253.0,256.0,4.478,0.033,-0.267
253.0,257.0,4.463,0.05,-0.335
253.0,258.0,4.449,0.056,-0.403
253.0,259.0,4.434,0.054,-0.469
253.0,260.0,4.42,0.046,-0.533
253.0,261.0,4.407,0.034,-0.596
253.0,262.0,4.393,0.019,-0.657
253.0,263.0,4.379,0.002,-0.716
253.0,264.0,4.365,-0.016,-0.773
253.0,265.0,4.351,-0.035,-0.828
254.0,255.0,4.531,0.017,0.258
254.0,256.0,4.516,0.039,0.184
254.0,257.0,4.502,0.05,0.111
254.0,258.0,4.489,0.052,0.04
254.0,259.0,4.476,0.047,-0.03
254.0,260.0,4.463,0.037,-0.098
254.0,261.0,4.45,0.024,-0.165
254.0,262.0,4.437,0.007,-0.23
254.0,263.0,4.424,-0.011,-0.293
254.0,264.0,4.412,-0.031,-0.354
254.0,265.0,4.399,-0.053,-0.414
254.0,266.0,4.387,-0.074,-0.472
255.0,256.0,4.877,-0.235,-0.333
255.0,257.0,4.861,-0.229,-0.397
255.0,258.0,4.846,-0.23,-0.46
255.0,259.0,4.831,-0.236,-0.521
255.0,260.0,4.816,-0.246,-0.581
255.0,261.0,4.802,-0.259,-0.639
255.0,262.0,4.787,-0.274,-0.695
255.0,263.0,4.772,-0.29,-0.75
255.0,264.0,4.758,-0.308,-0.804
255.0,265.0,4.744,-0.326,-0.856
255.0,266.0,4.729,-0.345,-0.906
255.0,267.0,4.715,-0.364,-0.955
256.0,257.0,5.087,-0.371,-0.787
256.0,258.0,5.071,-0.388,-0.842
256.0,259.0,5.055,-0.406,-0.896
256.0,260.0,5.04,-0.424,-0.949
256.0,261.0,5.024,-0.443,-1.0
256.0,262.0,5.008,-0.462,-1.049
256.0,263.0,4.993,-0.481,-1.097
256.0,264.0,4.977,-0.5,-1.144
256.0,265.0,4.961,-0.518,-1.189
256.0,266.0,4.945,-0.537,-1.233
256.0,267.0,4.93,-0.554,-1.275
256.0,268.0,4.914,-0.572,-1.316
257.0,258.0,5.132,-0.3,-0.43
257.0,259.0,5.115,-0.3,-0.493
257.0,260.0,5.099,-0.305,-0.554
257.0,261.0,5.083,-0.315,-0.614
257.0,262.0,5.067,-0.327,-0.672
257.0,263.0,5.052,-0.342,-0.729
257.0,264.0,5.036,-0.358,-0.784
257.0,265.0,5.02,-0.375,-0.837
257.0,266.0,5.005,-0.393,-0.889
257.0,267.0,4.989,-0.412,-0.94
257.0,268.0,4.973,-0.431,-0.989
257.0,269.0,4.958,-0.449,-1.036
258.0,259.0,5.052,-0.015,0.201
258.0,260.0,5.024,0.042,0.149
258.0,261.0,4.998,0.088,0.098
258.0,262.0,4.972,0.124,0.048
258.0,263.0,4.947,0.151,-0.002
258.0,264.0,4.922,0.171,-0.051
258.0,265.0,4.899,0.186,-0.098
258.0,266.0,4.876,0.195,-0.145
258.0,267.0,4.853,0.199,-0.191
258.0,268.0,4.831,0.2,-0.235
258.0,269.0,4.81,0.198,-0.279
258.0,270.0,4.789,0.193,-0.321
259.0,260.0,4.938,0.089,-0.191
259.0,261.0,4.925,0.037,-0.261
259.0,262.0,4.912,-0.01,-0.329
259.0,263.0,4.899,-0.053,-0.395
259.0,264.0,4.886,-0.092,-0.458
259.0,265.0,4.873,-0.128,-0.52
259.0,266.0,4.859,-0.162,-0.579
259.0,267.0,4.845,-0.194,-0.637
259.0,268.0,4.831,-0.223,-0.693
259.0,269.0,4.817,-0.251,-0.747
259.0,270.0,4.803,-0.278,-0.8
259.0,271.0,4.789,-0.303,-0.851
260.0,261.0,4.752,0.37,-0.589
260.0,262.0,4.735,0.362,-0.657
260.0,263.0,4.718,0.351,-0.723
260.0,264.0,4.702,0.336,-0.787
260.0,265.0,4.686,0.319,-0.85
260.0,266.0,4.67,0.299,-0.911
260.0,267.0,4.654,0.278,-0.97
260.0,268.0,4.638,0.255,-1.027
260.0,269.0,4.623,0.231,-1.082
260.0,270.0,4.608,0.206,-1.135
260.0,271.0,4.593,0.179,-1.187
260.0,272.0,4.578,0.153,-1.236
261.0,262.0,4.552,0.361,0.278
261.0,263.0,4.543,0.364,0.175
261.0,264.0,4.533,0.355,0.075
261.0,265.0,4.524,0.339,-0.022
261.0,266.0,4.515,0.317,-0.117
261.0,267.0,4.505,0.29,-0.209
261.0,268.0,4.495,0.262,-0.298
261.0,269.0,4.485,0.232,-0.384
261.0,270.0,4.475,0.201,-0.466
261.0,271.0,4.464,0.169,-0.546
261.0,272.0,4.453,0.138,-0.622
261.0,273.0,4.443,0.108,-0.696
262.0,263.0,4.558,0.486,0.009
262.0,264.0,4.55,0.384,-0.067
262.0,265.0,4.541,0.298,-0.139
262.0,266.0,4.531,0.224,-0.209
262.0,267.0,4.521,0.159,-0.276
262.0,268.0,4.51,0.102,-0.341
262.0,269.0,4.499,0.052,-0.403
262.0,270.0,4.487,0.007,-0.463
262.0,271.0,4.476,-0.033,-0.522
262.0,272.0,4.464,-0.07,-0.578
262.0,273.0,4.452,-0.104,-0.633
262.0,274.0,4.439,-0.135,-0.686
263.0,264.0,4.4,0.618,0.208
263.0,265.0,4.393,0.515,0.128
263.0,266.0,4.385,0.426,0.05
263.0,267.0,4.376,0.35,-0.024
263.0,268.0,4.367,0.283,-0.095
263.0,269.0,4.357,0.224,-0.164
263.0,270.0,4.347,0.172,-0.231
263.0,271.0,4.337,0.125,-0.295
263.0,272.0,4.326,0.083,-0.357
263.0,273.0,4.315,0.044,-0.418
263.0,274.0,4.304,0.008,-0.476
263.0,275.0,4.293,-0.025,-0.532
264.0,265.0,4.636,0.328,0.285
264.0,266.0,4.624,0.342,0.194
264.0,267.0,4.612,0.343,0.105
264.0,268.0,4.6,0.336,0.017
264.0,269.0,4.589,0.322,-0.068
264.0,270.0,4.578,0.303,-0.151
264.0,271.0,4.566,0.281,-0.232
264.0,272.0,4.555,0.256,-0.31
264.0,273.0,4.543,0.229,-0.386
264.0,274.0,4.531,0.202,-0.459
264.0,275.0,4.519,0.173,-0.529
264.0,276.0,4.507,0.145,-0.597
265.0,266.0,4.749,0.304,0.231
265.0,267.0,4.74,0.294,0.131
265.0,268.0,4.732,0.276,0.033
265.0,269.0,4.723,0.253,-0.063
265.0,270.0,4.714,0.226,-0.155
265.0,271.0,4.704,0.198,-0.245
265.0,272.0,4.695,0.167,-0.332
265.0,273.0,4.685,0.137,-0.415
265.0,274.0,4.675,0.106,-0.496
265.0,275.0,4.665,0.075,-0.574
265.0,276.0,4.654,0.045,-0.65
265.0,277.0,4.644,0.015,-0.722
266.0,267.0,4.518,0.604,0.164
266.0,268.0,4.514,0.52,0.037
266.0,269.0,4.509,0.446,-0.085
266.0,270.0,4.504,0.38,-0.2
266.0,271.0,4.498,0.32,-0.309
266.0,272.0,4.491,0.265,-0.413
266.0,273.0,4.484,0.214,-0.513
266.0,274.0,4.477,0.167,-0.607
266.0,275.0,4.469,0.124,-0.698
266.0,276.0,4.461,0.083,-0.784
266.0,277.0,4.452,0.044,-0.867
266.0,278.0,4.443,0.008,-0.945
267.0,268.0,4.644,0.349,-0.346
267.0,269.0,4.635,0.242,-0.411
267.0,270.0,4.625,0.152,-0.473
267.0,271.0,4.615,0.076,-0.533
267.0,272.0,4.604,0.011,-0.59
267.0,273.0,4.592,-0.045,-0.645
267.0,274.0,4.58,-0.093,-0.698
267.0,275.0,4.567,-0.136,-0.749
267.0,276.0,4.555,-0.174,-0.799
267.0,277.0,4.542,-0.208,-0.846
267.0,278.0,4.528,-0.239,-0.892
267.0,279.0,4.515,-0.267,-0.937
268.0,269.0,4.551,0.406,0.135
268.0,270.0,4.545,0.379,0.023
268.0,271.0,4.538,0.348,-0.086
268.0,272.0,4.532,0.314,-0.191
268.0,273.0,4.525,0.279,-0.292
268.0,274.0,4.518,0.243,-0.39
268.0,275.0,4.51,0.207,-0.484
268.0,276.0,4.502,0.171,-0.574
268.0,277.0,4.494,0.136,-0.661
268.0,278.0,4.485,0.101,-0.745
268.0,279.0,4.476,0.068,-0.825
268.0,280.0,4.467,0.035,-0.902
269.0,270.0,4.839,0.003,0.052
269.0,271.0,4.817,0.069,-0.015
269.0,272.0,4.795,0.123,-0.08
269.0,273.0,4.774,0.167,-0.144
269.0,274.0,4.754,0.201,-0.207
269.0,275.0,4.735,0.226,-0.268
269.0,276.0,4.716,0.245,-0.328
269.0,277.0,4.698,0.257,-0.386
269.0,278.0,4.681,0.264,-0.443
269.0,279.0,4.663,0.266,-0.498
269.0,280.0,4.646,0.265,-0.552
269.0,281.0,4.63,0.259,-0.604
270.0,271.0,5.015,-0.231,-0.506
270.0,272.0,5.002,-0.19,-0.576
270.0,273.0,4.989,-0.167,-0.646
270.0,274.0,4.976,-0.156,-0.715
270.0,275.0,4.963,-0.155,-0.782
270.0,276.0,4.951,-0.161,-0.848
270.0,277.0,4.938,-0.171,-0.912
270.0,278.0,4.925,-0.184,-0.974
270.0,279.0,4.912,-0.2,-1.035
270.0,280.0,4.899,-0.218,-1.094
270.0,281.0,4.886,-0.236,-1.151
270.0,282.0,4.873,-0.254,-1.206
271.0,272.0,4.785,0.127,-0.906
271.0,273.0,4.772,0.046,-0.974
271.0,274.0,4.759,-0.02,-1.038
271.0,275.0,4.746,-0.075,-1.099
271.0,276.0,4.733,-0.121,-1.156
271.0,277.0,4.719,-0.16,-1.21
271.0,278.0,4.704,-0.193,-1.261
271.0,279.0,4.69,-0.222,-1.31
271.0,280.0,4.675,-0.248,-1.357
271.0,281.0,4.66,-0.271,-1.401
271.0,282.0,4.645,-0.292,-1.444
271.0,283.0,4.63,-0.311,-1.484
272.0,273.0,4.621,-0.486,-1.234
272.0,274.0,4.607,-0.499,-1.272
272.0,275.0,4.592,-0.514,-1.309
272.0,276.0,4.578,-0.527,-1.345
272.0,277.0,4.563,-0.541,-1.38
272.0,278.0,4.548,-0.555,-1.413
272.0,279.0,4.534,-0.568,-1.446
272.0,280.0,4.519,-0.581,-1.477
272.0,281.0,4.505,-0.594,-1.507
272.0,282.0,4.49,-0.606,-1.537
272.0,283.0,4.476,-0.617,-1.565
272.0,284.0,4.461,-0.629,-1.593
273.0,274.0,4.704,-0.835,-2.054
273.0,275.0,4.688,-0.796,-2.077
273.0,276.0,4.672,-0.768,-2.1
273.0,277.0,4.656,-0.75,-2.124
273.0,278.0,4.64,-0.737,-2.148
273.0,279.0,4.624,-0.73,-2.171
273.0,280.0,4.608,-0.726,-2.194
273.0,281.0,4.592,-0.724,-2.216
273.0,282.0,4.577,-0.724,-2.237
273.0,283.0,4.561,-0.726,-2.257
273.0,284.0,4.545,-0.728,-2.277
273.0,285.0,4.529,-0.73,-2.295
274.0,275.0,4.607,-0.59,-2.112
274.0,276.0,4.592,-0.614,-2.141
274.0,277.0,4.577,-0.634,-2.168
274.0,278.0,4.561,-0.651,-2.194
274.0,279.0,4.546,-0.665,-2.217
274.0,280.0,4.53,-0.677,-2.24
274.0,281.0,4.515,-0.687,-2.261
274.0,282.0,4.499,-0.695,-2.281
274.0,283.0,4.484,-0.703,-2.299
274.0,284.0,4.468,-0.709,-2.317
274.0,285.0,4.452,-0.715,-2.334
274.0,286.0,4.437,-0.719,-2.35
275.0,276.0,4.282,-1.073,-3.61
275.0,277.0,4.265,-1.173,-3.581
275.0,278.0,4.246,-1.247,-3.548
275.0,279.0,4.227,-1.302,-3.512
275.0,280.0,4.207,-1.34,-3.475
275.0,281.0,4.187,-1.365,-3.436
275.0,282.0,4.167,-1.38,-3.396
275.0,283.0,4.146,-1.387,-3.356
275.0,284.0,4.125,-1.388,-3.315
275.0,285.0,4.105,-1.383,-3.276
275.0,286.0,4.084,-1.375,-3.236
275.0,287.0,4.063,-1.364,-3.197
276.0,277.0,4.356,-1.155,-3.622
276.0,278.0,4.338,-1.243,-3.592
276.0,279.0,4.319,-1.308,-3.559
276.0,280.0,4.299,-1.355,-3.524
276.0,281.0,4.279,-1.388,-3.487
276.0,282.0,4.259,-1.409,-3.449
276.0,283.0,4.238,-1.421,-3.41
276.0,284.0,4.217,-1.425,-3.371
276.0,285.0,4.196,-1.424,-3.332
276.0,286.0,4.175,-1.419,-3.294
276.0,287.0,4.154,-1.41,-3.256
276.0,288.0,4.134,-1.398,-3.218
277.0,278.0,4.169,-2.281,-5.689
277.0,279.0,4.141,-2.328,-5.575
277.0,280.0,4.112,-2.351,-5.461
277.0,281.0,4.084,-2.357,-5.347
277.0,282.0,4.055,-2.349,-5.234
277.0,283.0,4.027,-2.331,-5.123
277.0,284.0,3.999,-2.304,-5.015
277.0,285.0,3.972,-2.272,-4.908
277.0,286.0,3.945,-2.234,-4.804
277.0,287.0,3.918,-2.194,-4.703
277.0,288.0,3.891,-2.151,-4.605
277.0,289.0,3.865,-2.106,-4.51
278.0,279.0,4.3,-2.448,-7.704
278.0,280.0,4.268,-2.664,-7.555
278.0,281.0,4.235,-2.817,-7.4
278.0,282.0,4.201,-2.92,-7.241
278.0,283.0,4.167,-2.983,-7.08
278.0,284.0,4.133,-3.015,-6.92
278.0,285.0,4.098,-3.023,-6.76
278.0,286.0,4.064,-3.011,-6.602
278.0,287.0,4.03,-2.985,-6.447
278.0,288.0,3.997,-2.948,-6.295
278.0,289.0,3.964,-2.903,-6.147
278.0,290.0,3.932,-2.851,-6.002
279.0,280.0,4.196,-2.88,-7.382
279.0,281.0,4.161,-2.978,-7.216
279.0,282.0,4.126,-3.037,-7.048
279.0,283.0,4.092,-3.064,-6.88
279.0,284.0,4.057,-3.067,-6.713
279.0,285.0,4.023,-3.051,-6.549
279.0,286.0,3.989,-3.02,-6.387
279.0,287.0,3.956,-2.978,-6.229
279.0,288.0,3.924,-2.928,-6.075
279.0,289.0,3.892,-2.872,-5.925
279.0,290.0,3.86,-2.812,-5.779
279.0,291.0,3.829,-2.748,-5.637
280.0,281.0,4.385,-2.986,-5.855
280.0,282.0,4.354,-2.915,-5.716
280.0,283.0,4.323,-2.845,-5.582
280.0,284.0,4.293,-2.775,-5.453
280.0,285.0,4.264,-2.705,-5.328
280.0,286.0,4.235,-2.637,-5.208
280.0,287.0,4.207,-2.571,-5.092
280.0,288.0,4.179,-2.506,-4.98
280.0,289.0,4.152,-2.443,-4.872
280.0,290.0,4.125,-2.381,-4.768
280.0,291.0,4.099,-2.321,-4.668
280.0,292.0,4.074,-2.263,-4.571
281.0,282.0,4.747,-2.84,-5.93
281.0,283.0,4.719,-2.794,-5.816
281.0,284.0,4.691,-2.746,-5.704
281.0,285.0,4.663,-2.694,-5.596
281.0,286.0,4.636,-2.642,-5.49
281.0,287.0,4.609,-2.589,-5.388
281.0,288.0,4.582,-2.536,-5.288
281.0,289.0,4.556,-2.483,-5.192
281.0,290.0,4.53,-2.431,-5.098
281.0,291.0,4.504,-2.379,-5.008
281.0,292.0,4.479,-2.328,-4.92
281.0,293.0,4.454,-2.279,-4.835
282.0,283.0,4.542,-2.697,-5.141
282.0,284.0,4.513,-2.622,-5.024
282.0,285.0,4.484,-2.55,-4.912
282.0,286.0,4.456,-2.481,-4.805
282.0,287.0,4.428,-2.416,-4.702
282.0,288.0,4.401,-2.353,-4.603
282.0,289.0,4.374,-2.292,-4.508
282.0,290.0,4.348,-2.235,-4.417
282.0,291.0,4.323,-2.179,-4.329
282.0,292.0,4.298,-2.126,-4.245
282.0,293.0,4.273,-2.075,-4.165
282.0,294.0,4.249,-2.026,-4.087
283.0,284.0,4.551,-2.844,-5.573
283.0,285.0,4.521,-2.749,-5.451
283.0,286.0,4.492,-2.662,-5.335
283.0,287.0,4.463,-2.582,-5.223
283.0,288.0,4.435,-2.507,-5.116
283.0,289.0,4.407,-2.436,-5.013
283.0,290.0,4.38,-2.37,-4.914
283.0,291.0,4.353,-2.307,-4.818
283.0,292.0,4.327,-2.247,-4.725
283.0,293.0,4.301,-2.19,-4.636
283.0,294.0,4.276,-2.135,-4.55
283.0,295.0,4.252,-2.083,-4.467
284.0,285.0,4.377,-2.593,-5.464
284.0,286.0,4.349,-2.568,-5.349
284.0,287.0,4.321,-2.535,-5.236
284.0,288.0,4.294,-2.496,-5.126
284.0,289.0,4.267,-2.454,-5.019
284.0,290.0,4.24,-2.409,-4.915
284.0,291.0,4.214,-2.362,-4.814
284.0,292.0,4.188,-2.314,-4.717
284.0,293.0,4.162,-2.266,-4.622
284.0,294.0,4.137,-2.217,-4.53
284.0,295.0,4.112,-2.169,-4.442
284.0,296.0,4.088,-2.121,-4.356
285.0,286.0,4.518,-3.449,-6.466
285.0,287.0,4.485,-3.353,-6.309
285.0,288.0,4.453,-3.261,-6.157
285.0,289.0,4.422,-3.171,-6.011
285.0,290.0,4.392,-3.085,-5.871
285.0,291.0,4.362,-3.002,-5.735
285.0,292.0,4.332,-2.922,-5.605
285.0,293.0,4.304,-2.845,-5.479
285.0,294.0,4.276,-2.771,-5.358
285.0,295.0,4.248,-2.699,-5.242
285.0,296.0,4.221,-2.63,-5.129
285.0,297.0,4.195,-2.563,-5.021
286.0,287.0,5.189,-4.572,-9.634
286.0,288.0,5.162,-4.619,-9.461
286.0,289.0,5.135,-4.636,-9.29
286.0,290.0,5.107,-4.63,-9.122
286.0,291.0,5.079,-4.606,-8.957
286.0,292.0,5.05,-4.569,-8.794
286.0,293.0,5.022,-4.522,-8.635
286.0,294.0,4.993,-4.467,-8.48
286.0,295.0,4.964,-4.406,-8.327
286.0,296.0,4.936,-4.341,-8.178
286.0,297.0,4.908,-4.273,-8.033
286.0,298.0,4.88,-4.204,-7.891
287.0,288.0,4.012,-3.692,-8.245
287.0,289.0,3.97,-3.726,-8.055
287.0,290.0,3.928,-3.731,-7.867
287.0,291.0,3.887,-3.713,-7.681
287.0,292.0,3.845,-3.677,-7.499
287.0,293.0,3.804,-3.628,-7.32
287.0,294.0,3.763,-3.569,-7.146
287.0,295.0,3.723,-3.503,-6.975
287.0,296.0,3.684,-3.432,-6.809
287.0,297.0,3.645,-3.357,-6.647
287.0,298.0,3.608,-3.28,-6.489
287.0,299.0,3.57,-3.201,-6.336
288.0,289.0,3.174,-3.038,-6.897
288.0,290.0,3.132,-3.021,-6.726
288.0,291.0,3.09,-2.988,-6.557
288.0,292.0,3.049,-2.944,-6.391
288.0,293.0,3.009,-2.89,-6.229
288.0,294.0,2.97,-2.829,-6.071
288.0,295.0,2.932,-2.764,-5.917
288.0,296.0,2.895,-2.695,-5.767
288.0,297.0,2.858,-2.625,-5.621
288.0,298.0,2.823,-2.553,-5.479
288.0,299.0,2.788,-2.481,-5.342
288.0,300.0,2.755,-2.409,-5.209
289.0,290.0,4.021,-3.802,-8.427
289.0,291.0,3.983,-3.837,-8.263
289.0,292.0,3.945,-3.845,-8.1
289.0,293.0,3.907,-3.833,-7.941
289.0,294.0,3.869,-3.805,-7.783
289.0,295.0,3.831,-3.765,-7.629
289.0,296.0,3.794,-3.716,-7.478
289.0,297.0,3.757,-3.66,-7.329
289.0,298.0,3.72,-3.599,-7.184
289.0,299.0,3.684,-3.534,-7.042
289.0,300.0,3.649,-3.467,-6.903
289.0,301.0,3.615,-3.398,-6.768
290.0,291.0,4.106,-3.792,-8.283
290.0,292.0,4.069,-3.818,-8.122
290.0,293.0,4.031,-3.82,-7.962
290.0,294.0,3.994,-3.803,-7.804
290.0,295.0,3.956,-3.772,-7.65
290.0,296.0,3.919,-3.729,-7.498
290.0,297.0,3.882,-3.678,-7.349
290.0,298.0,3.846,-3.621,-7.203
290.0,299.0,3.81,-3.559,-7.061
290.0,300.0,3.775,-3.494,-6.922
290.0,301.0,3.74,-3.428,-6.785
290.0,302.0,3.706,-3.359,-6.653
291.0,292.0,3.503,-3.241,-7.261
291.0,293.0,3.461,-3.239,-7.089
291.0,294.0,3.419,-3.218,-6.92
291.0,295.0,3.378,-3.183,-6.754
291.0,296.0,3.337,-3.136,-6.591
291.0,297.0,3.297,-3.08,-6.432
291.0,298.0,3.258,-3.019,-6.276
291.0,299.0,3.22,-2.953,-6.125
291.0,300.0,3.182,-2.884,-5.977
291.0,301.0,3.146,-2.813,-5.834
291.0,302.0,3.11,-2.741,-5.694
291.0,303.0,3.075,-2.669,-5.559
292.0,293.0,4.155,-4.064,-8.572
292.0,294.0,4.115,-4.062,-8.404
292.0,295.0,4.075,-4.042,-8.24
292.0,296.0,4.036,-4.007,-8.078
292.0,297.0,3.996,-3.96,-7.919
292.0,298.0,3.957,-3.906,-7.763
292.0,299.0,3.919,-3.845,-7.61
292.0,300.0,3.881,-3.78,-7.461
292.0,301.0,3.844,-3.711,-7.315
292.0,302.0,3.807,-3.64,-7.172
292.0,303.0,3.771,-3.569,-7.033
292.0,304.0,3.735,-3.496,-6.897
293.0,294.0,4.605,-4.498,-9.725
293.0,295.0,4.566,-4.548,-9.548
293.0,296.0,4.527,-4.566,-9.373
293.0,297.0,4.487,-4.561,-9.201
293.0,298.0,4.448,-4.537,-9.031
293.0,299.0,4.408,-4.498,-8.864
293.0,300.0,4.369,-4.448,-8.7
293.0,301.0,4.33,-4.39,-8.539
293.0,302.0,4.292,-4.326,-8.381
293.0,303.0,4.254,-4.258,-8.227
293.0,304.0,4.217,-4.187,-8.076
293.0,305.0,4.18,-4.113,-7.928
294.0,295.0,4.642,-4.539,-9.263
294.0,296.0,4.604,-4.533,-9.093
294.0,297.0,4.566,-4.509,-8.925
294.0,298.0,4.529,-4.47,-8.76
294.0,299.0,4.492,-4.421,-8.598
294.0,300.0,4.454,-4.364,-8.44
294.0,301.0,4.418,-4.301,-8.284
294.0,302.0,4.382,-4.234,-8.132
294.0,303.0,4.346,-4.163,-7.984
294.0,304.0,4.31,-4.091,-7.838
294.0,305.0,4.276,-4.017,-7.696
294.0,306.0,4.241,-3.943,-7.557
295.0,296.0,4.56,-4.465,-9.048
295.0,297.0,4.523,-4.45,-8.881
295.0,298.0,4.486,-4.42,-8.717
295.0,299.0,4.45,-4.377,-8.556
295.0,300.0,4.413,-4.325,-8.398
295.0,301.0,4.377,-4.266,-8.244
295.0,302.0,4.341,-4.202,-8.092
295.0,303.0,4.306,-4.134,-7.944
295.0,304.0,4.271,-4.064,-7.799
295.0,305.0,4.237,-3.992,-7.657
295.0,306.0,4.203,-3.919,-7.519
295.0,307.0,4.169,-3.846,-7.383
296.0,297.0,4.485,-4.442,-9.194
296.0,298.0,4.448,-4.449,-9.026
296.0,299.0,4.411,-4.435,-8.86
296.0,300.0,4.374,-4.405,-8.698
296.0,301.0,4.338,-4.362,-8.538
296.0,302.0,4.301,-4.31,-8.381
296.0,303.0,4.265,-4.251,-8.227
296.0,304.0,4.229,-4.187,-8.076
296.0,305.0,4.193,-4.12,-7.929
296.0,306.0,4.158,-4.049,-7.785
296.0,307.0,4.124,-3.978,-7.644
296.0,308.0,4.09,-3.905,-7.506
297.0,298.0,4.324,-4.313,-8.883
297.0,299.0,4.285,-4.301,-8.72
297.0,300.0,4.247,-4.273,-8.56
297.0,301.0,4.209,-4.232,-8.403
297.0,302.0,4.171,-4.182,-8.249
297.0,303.0,4.133,-4.125,-8.097
297.0,304.0,4.096,-4.062,-7.949
297.0,305.0,4.06,-3.996,-7.804
297.0,306.0,4.024,-3.927,-7.662
297.0,307.0,3.988,-3.857,-7.523
297.0,308.0,3.953,-3.786,-7.387
297.0,309.0,3.919,-3.714,-7.254
298.0,299.0,4.414,-4.418,-9.289
298.0,300.0,4.375,-4.425,-9.119
298.0,301.0,4.336,-4.411,-8.952
298.0,302.0,4.297,-4.38,-8.787
298.0,303.0,4.258,-4.337,-8.625
298.0,304.0,4.219,-4.285,-8.467
298.0,305.0,4.181,-4.226,-8.311
298.0,306.0,4.144,-4.162,-8.158
298.0,307.0,4.107,-4.094,-8.009
298.0,308.0,4.07,-4.023,-7.863
298.0,309.0,4.034,-3.951,-7.72
298.0,310.0,3.998,-3.878,-7.58
299.0,300.0,4.186,-4.199,-9.338
299.0,301.0,4.147,-4.251,-9.17
299.0,302.0,4.107,-4.273,-9.004
299.0,303.0,4.068,-4.27,-8.84
299.0,304.0,4.028,-4.25,-8.679
299.0,305.0,3.989,-4.215,-8.52
299.0,306.0,3.95,-4.169,-8.364
299.0,307.0,3.911,-4.115,-8.212
299.0,308.0,3.873,-4.055,-8.062
299.0,309.0,3.835,-3.991,-7.915
299.0,310.0,3.798,-3.923,-7.771
299.0,311.0,3.761,-3.854,-7.631
300.0,301.0,4.843,-4.85,-9.603
300.0,302.0,4.807,-4.827,-9.434
300.0,303.0,4.772,-4.789,-9.269
300.0,304.0,4.736,-4.741,-9.107
300.0,305.0,4.701,-4.684,-8.948
300.0,306.0,4.666,-4.621,-8.792
300.0,307.0,4.631,-4.554,-8.639
300.0,308.0,4.596,-4.483,-8.49
300.0,309.0,4.562,-4.411,-8.343
300.0,310.0,4.528,-4.337,-8.2
300.0,311.0,4.495,-4.263,-8.06
300.0,312.0,4.462,-4.188,-7.923
301.0,302.0,4.616,-4.649,-10.026
301.0,303.0,4.579,-4.701,-9.854
301.0,304.0,4.542,-4.721,-9.683
301.0,305.0,4.504,-4.717,-9.515
301.0,306.0,4.467,-4.695,-9.35
301.0,307.0,4.429,-4.659,-9.188
301.0,308.0,4.391,-4.611,-9.028
301.0,309.0,4.353,-4.556,-8.872
301.0,310.0,4.316,-4.494,-8.718
301.0,311.0,4.279,-4.428,-8.567
301.0,312.0,4.243,-4.358,-8.42
301.0,313.0,4.207,-4.287,-8.276
302.0,303.0,4.644,-4.633,-10.16
302.0,304.0,4.608,-4.698,-9.988
302.0,305.0,4.571,-4.73,-9.819
302.0,306.0,4.534,-4.735,-9.651
302.0,307.0,4.497,-4.72,-9.487
302.0,308.0,4.459,-4.689,-9.325
302.0,309.0,4.422,-4.647,-9.166
302.0,310.0,4.384,-4.595,-9.009
302.0,311.0,4.348,-4.536,-8.856
302.0,312.0,4.311,-4.473,-8.706
302.0,313.0,4.275,-4.405,-8.559
302.0,314.0,4.239,-4.336,-8.414
303.0,304.0,4.833,-4.797,-10.03
303.0,305.0,4.799,-4.828,-9.863
303.0,306.0,4.765,-4.833,-9.698
303.0,307.0,4.73,-4.817,-9.535
303.0,308.0,4.695,-4.787,-9.375
303.0,309.0,4.66,-4.744,-9.218
303.0,310.0,4.625,-4.693,-9.064
303.0,311.0,4.59,-4.635,-8.913
303.0,312.0,4.556,-4.572,-8.765
303.0,313.0,4.522,-4.505,-8.62
303.0,314.0,4.488,-4.436,-8.477
303.0,315.0,4.454,-4.366,-8.338
304.0,305.0,4.593,-4.511,-9.569
304.0,306.0,4.558,-4.535,-9.408
304.0,307.0,4.523,-4.536,-9.249
304.0,308.0,4.488,-4.519,-9.092
304.0,309.0,4.453,-4.487,-8.937
304.0,310.0,4.417,-4.444,-8.786
304.0,311.0,4.382,-4.393,-8.637
304.0,312.0,4.347,-4.336,-8.491
304.0,313.0,4.313,-4.275,-8.348
304.0,314.0,4.279,-4.211,-8.208
304.0,315.0,4.245,-4.144,-8.071
304.0,316.0,4.212,-4.076,-7.937
305.0,306.0,4.21,-4.097,-9.013
305.0,307.0,4.174,-4.129,-8.858
305.0,308.0,4.138,-4.136,-8.706
305.0,309.0,4.101,-4.125,-8.556
305.0,310.0,4.065,-4.099,-8.409
305.0,311.0,4.029,-4.061,-8.264
305.0,312.0,3.993,-4.015,-8.121
305.0,313.0,3.957,-3.963,-7.982
305.0,314.0,3.922,-3.906,-7.845
305.0,315.0,3.887,-3.846,-7.71
305.0,316.0,3.853,-3.783,-7.579
305.0,317.0,3.819,-3.718,-7.45
306.0,307.0,3.769,-3.649,-8.386
306.0,308.0,3.734,-3.694,-8.239
306.0,309.0,3.698,-3.712,-8.094
306.0,310.0,3.662,-3.71,-7.95
306.0,311.0,3.627,-3.692,-7.809
306.0,312.0,3.591,-3.662,-7.67
306.0,313.0,3.556,-3.622,-7.534
306.0,314.0,3.521,-3.575,-7.4
306.0,315.0,3.486,-3.523,-7.269
306.0,316.0,3.452,-3.467,-7.14
306.0,317.0,3.418,-3.408,-7.014
306.0,318.0,3.385,-3.348,-6.89
307.0,308.0,3.688,-3.547,-8.547
307.0,309.0,3.653,-3.62,-8.398
307.0,310.0,3.617,-3.66,-8.251
307.0,311.0,3.58,-3.675,-8.105
307.0,312.0,3.543,-3.67,-7.961
307.0,313.0,3.507,-3.65,-7.819
307.0,314.0,3.471,-3.617,-7.68
307.0,315.0,3.435,-3.576,-7.543
307.0,316.0,3.399,-3.529,-7.409
307.0,317.0,3.364,-3.476,-7.277
307.0,318.0,3.33,-3.419,-7.148
307.0,319.0,3.296,-3.36,-7.022
308.0,309.0,3.105,-2.946,-7.158
308.0,310.0,3.073,-2.979,-7.029
308.0,311.0,3.04,-2.991,-6.901
308.0,312.0,3.007,-2.986,-6.774
308.0,313.0,2.974,-2.967,-6.65
308.0,314.0,2.942,-2.938,-6.528
308.0,315.0,2.91,-2.901,-6.408
308.0,316.0,2.878,-2.859,-6.29
308.0,317.0,2.847,-2.812,-6.175
308.0,318.0,2.816,-2.763,-6.062
308.0,319.0,2.786,-2.711,-5.951
308.0,320.0,2.756,-2.657,-5.842
309.0,310.0,3.209,-3.052,-7.639
309.0,311.0,3.175,-3.112,-7.503
309.0,312.0,3.14,-3.145,-7.368
309.0,313.0,3.105,-3.155,-7.235
309.0,314.0,3.07,-3.148,-7.104
309.0,315.0,3.036,-3.127,-6.975
309.0,316.0,3.001,-3.096,-6.849
309.0,317.0,2.967,-3.058,-6.724
309.0,318.0,2.934,-3.013,-6.602
309.0,319.0,2.901,-2.964,-6.482
309.0,320.0,2.869,-2.913,-6.364
309.0,321.0,2.837,-2.858,-6.249
310.0,311.0,3.36,-3.211,-8.373
310.0,312.0,3.325,-3.324,-8.225
310.0,313.0,3.289,-3.396,-8.078
310.0,314.0,3.252,-3.436,-7.933
310.0,315.0,3.215,-3.45,-7.789
310.0,316.0,3.179,-3.445,-7.647
310.0,317.0,3.142,-3.425,-7.508
310.0,318.0,3.105,-3.393,-7.371
310.0,319.0,3.069,-3.352,-7.236
310.0,320.0,3.033,-3.305,-7.104
310.0,321.0,2.998,-3.253,-6.974
310.0,322.0,2.964,-3.197,-6.847
311.0,312.0,3.567,-3.415,-8.468
311.0,313.0,3.533,-3.5,-8.322
311.0,314.0,3.498,-3.55,-8.177
311.0,315.0,3.462,-3.573,-8.033
311.0,316.0,3.426,-3.575,-7.892
311.0,317.0,3.39,-3.56,-7.753
311.0,318.0,3.354,-3.533,-7.616
311.0,319.0,3.318,-3.496,-7.481
311.0,320.0,3.283,-3.451,-7.349
311.0,321.0,3.248,-3.402,-7.22
311.0,322.0,3.213,-3.348,-7.092
311.0,323.0,3.179,-3.291,-6.968
312.0,313.0,4.195,-4.116,-9.789
312.0,314.0,4.16,-4.178,-9.634
312.0,315.0,4.125,-4.207,-9.48
312.0,316.0,4.09,-4.212,-9.328
312.0,317.0,4.054,-4.198,-9.178
312.0,318.0,4.019,-4.17,-9.031
312.0,319.0,3.984,-4.131,-8.885
312.0,320.0,3.949,-4.083,-8.742
312.0,321.0,3.914,-4.03,-8.602
312.0,322.0,3.88,-3.972,-8.464
312.0,323.0,3.846,-3.91,-8.329
312.0,324.0,3.812,-3.847,-8.196
313.0,314.0,4.327,-4.263,-9.97
313.0,315.0,4.295,-4.372,-9.81
313.0,316.0,4.261,-4.439,-9.652
313.0,317.0,4.226,-4.474,-9.496
313.0,318.0,4.19,-4.483,-9.342
313.0,319.0,4.153,-4.473,-9.191
313.0,320.0,4.117,-4.448,-9.042
313.0,321.0,4.08,-4.41,-8.896
313.0,322.0,4.043,-4.364,-8.753
313.0,323.0,4.006,-4.312,-8.612
313.0,324.0,3.97,-4.254,-8.473
313.0,325.0,3.934,-4.193,-8.338
314.0,315.0,4.354,-4.319,-9.587
314.0,316.0,4.322,-4.379,-9.434
314.0,317.0,4.288,-4.409,-9.283
314.0,318.0,4.253,-4.415,-9.135
314.0,319.0,4.218,-4.403,-8.989
314.0,320.0,4.183,-4.376,-8.846
314.0,321.0,4.148,-4.339,-8.705
314.0,322.0,4.112,-4.293,-8.566
314.0,323.0,4.077,-4.242,-8.43
314.0,324.0,4.042,-4.185,-8.297
314.0,325.0,4.007,-4.126,-8.166
314.0,326.0,3.973,-4.064,-8.037
315.0,316.0,4.386,-4.377,-9.28
315.0,317.0,4.352,-4.387,-9.132
315.0,318.0,4.317,-4.377,-8.986
315.0,319.0,4.282,-4.353,-8.842
315.0,320.0,4.247,-4.318,-8.701
315.0,321.0,4.212,-4.274,-8.563
315.0,322.0,4.177,-4.223,-8.426
315.0,323.0,4.143,-4.168,-8.293
315.0,324.0,4.108,-4.109,-8.162
315.0,325.0,4.074,-4.048,-8.033
315.0,326.0,4.041,-3.986,-7.907
315.0,327.0,4.007,-3.922,-7.783
316.0,317.0,4.228,-4.258,-9.51
316.0,318.0,4.198,-4.321,-9.36
316.0,319.0,4.167,-4.353,-9.211
316.0,320.0,4.134,-4.362,-9.065
316.0,321.0,4.102,-4.351,-8.922
316.0,322.0,4.069,-4.327,-8.78
316.0,323.0,4.035,-4.291,-8.642
316.0,324.0,4.002,-4.247,-8.505
316.0,325.0,3.969,-4.197,-8.371
316.0,326.0,3.936,-4.142,-8.24
316.0,327.0,3.903,-4.084,-8.111
316.0,328.0,3.871,-4.023,-7.984
317.0,318.0,3.903,-3.879,-9.439
317.0,319.0,3.871,-3.953,-9.288
317.0,320.0,3.838,-3.993,-9.139
317.0,321.0,3.803,-4.008,-8.993
317.0,322.0,3.769,-4.003,-8.849
317.0,323.0,3.734,-3.984,-8.707
317.0,324.0,3.698,-3.953,-8.567
317.0,325.0,3.663,-3.913,-8.43
317.0,326.0,3.629,-3.866,-8.296
317.0,327.0,3.594,-3.815,-8.164
317.0,328.0,3.56,-3.759,-8.034
317.0,329.0,3.526,-3.702,-7.906
318.0,319.0,4.069,-4.094,-9.489
318.0,320.0,4.038,-4.174,-9.341
318.0,321.0,4.005,-4.219,-9.196
318.0,322.0,3.971,-4.239,-9.052
318.0,323.0,3.937,-4.237,-8.911
318.0,324.0,3.902,-4.22,-8.772
318.0,325.0,3.867,-4.191,-8.636
318.0,326.0,3.832,-4.152,-8.502
318.0,327.0,3.797,-4.106,-8.37
318.0,328.0,3.763,-4.054,-8.241
318.0,329.0,3.728,-3.999,-8.113
318.0,330.0,3.694,-3.941,-7.988
319.0,320.0,3.605,-3.463,-8.79
319.0,321.0,3.577,-3.577,-8.648
319.0,322.0,3.546,-3.652,-8.509
319.0,323.0,3.514,-3.694,-8.372
319.0,324.0,3.481,-3.712,-8.237
319.0,325.0,3.448,-3.71,-8.104
319.0,326.0,3.415,-3.694,-7.973
319.0,327.0,3.381,-3.666,-7.845
319.0,328.0,3.348,-3.63,-7.719
319.0,329.0,3.314,-3.587,-7.595
319.0,330.0,3.281,-3.539,-7.473
319.0,331.0,3.248,-3.487,-7.353
320.0,321.0,2.869,-2.816,-7.322
320.0,322.0,2.837,-2.875,-7.196
320.0,323.0,2.805,-2.907,-7.071
320.0,324.0,2.772,-2.919,-6.948
320.0,325.0,2.74,-2.913,-6.826
320.0,326.0,2.707,-2.896,-6.707
320.0,327.0,2.675,-2.868,-6.589
320.0,328.0,2.643,-2.833,-6.474
320.0,329.0,2.611,-2.793,-6.361
320.0,330.0,2.58,-2.748,-6.249
320.0,331.0,2.549,-2.701,-6.14
320.0,332.0,2.519,-2.651,-6.033
321.0,322.0,2.452,-2.336,-5.876
321.0,323.0,2.425,-2.332,-5.772
321.0,324.0,2.397,-2.316,-5.67
321.0,325.0,2.37,-2.293,-5.57
321.0,326.0,2.343,-2.263,-5.471
321.0,327.0,2.316,-2.229,-5.374
321.0,328.0,2.29,-2.191,-5.279
321.0,329.0,2.264,-2.15,-5.186
321.0,330.0,2.238,-2.108,-5.095
321.0,331.0,2.213,-2.065,-5.006
321.0,332.0,2.188,-2.021,-4.918
321.0,333.0,2.164,-1.976,-4.832
322.0,323.0,2.709,-2.641,-6.652
322.0,324.0,2.68,-2.669,-6.537
322.0,325.0,2.651,-2.677,-6.423
322.0,326.0,2.621,-2.671,-6.311
322.0,327.0,2.592,-2.653,-6.201
322.0,328.0,2.562,-2.626,-6.092
322.0,329.0,2.533,-2.593,-5.986
322.0,330.0,2.504,-2.555,-5.882
322.0,331.0,2.476,-2.514,-5.779
322.0,332.0,2.448,-2.469,-5.679
322.0,333.0,2.42,-2.423,-5.58
322.0,334.0,2.393,-2.375,-5.484
323.0,324.0,2.621,-2.527,-6.551
323.0,325.0,2.592,-2.528,-6.445
323.0,326.0,2.564,-2.519,-6.34
323.0,327.0,2.536,-2.501,-6.236
323.0,328.0,2.508,-2.477,-6.134
323.0,329.0,2.481,-2.448,-6.033
323.0,330.0,2.455,-2.414,-5.934
323.0,331.0,2.429,-2.378,-5.836
323.0,332.0,2.404,-2.338,-5.74
323.0,333.0,2.379,-2.297,-5.646
323.0,334.0,2.354,-2.255,-5.553
323.0,335.0,2.33,-2.211,-5.462
324.0,325.0,2.371,-2.256,-5.75
324.0,326.0,2.344,-2.255,-5.651
324.0,327.0,2.318,-2.244,-5.553
324.0,328.0,2.291,-2.223,-5.457
324.0,329.0,2.265,-2.196,-5.362
324.0,330.0,2.239,-2.164,-5.269
324.0,331.0,2.213,-2.129,-5.178
324.0,332.0,2.188,-2.091,-5.089
324.0,333.0,2.163,-2.05,-5.001
324.0,334.0,2.138,-2.009,-4.915
324.0,335.0,2.114,-1.967,-4.831
324.0,336.0,2.091,-1.924,-4.748
325.0,326.0,2.283,-2.153,-5.727
325.0,327.0,2.258,-2.173,-5.628
325.0,328.0,2.233,-2.178,-5.531
325.0,329.0,2.208,-2.171,-5.435
325.0,330.0,2.183,-2.154,-5.341
325.0,331.0,2.158,-2.13,-5.248
325.0,332.0,2.133,-2.101,-5.157
325.0,333.0,2.109,-2.068,-5.068
325.0,334.0,2.085,-2.032,-4.981
325.0,335.0,2.061,-1.993,-4.895
325.0,336.0,2.038,-1.953,-4.811
325.0,337.0,2.015,-1.912,-4.728
326.0,327.0,2.453,-2.304,-5.889
326.0,328.0,2.426,-2.311,-5.787
326.0,329.0,2.399,-2.305,-5.688
326.0,330.0,2.372,-2.288,-5.589
326.0,331.0,2.346,-2.265,-5.493
326.0,332.0,2.319,-2.235,-5.398
326.0,333.0,2.293,-2.201,-5.305
326.0,334.0,2.267,-2.164,-5.214
326.0,335.0,2.242,-2.124,-5.124
326.0,336.0,2.217,-2.083,-5.036
326.0,337.0,2.192,-2.04,-4.95
326.0,338.0,2.168,-1.997,-4.866
327.0,328.0,2.787,-2.643,-6.547
327.0,329.0,2.758,-2.66,-6.437
327.0,330.0,2.729,-2.661,-6.328
327.0,331.0,2.699,-2.649,-6.222
327.0,332.0,2.67,-2.628,-6.116
327.0,333.0,2.64,-2.599,-6.013
327.0,334.0,2.611,-2.565,-5.912
327.0,335.0,2.583,-2.526,-5.812
327.0,336.0,2.554,-2.485,-5.714
327.0,337.0,2.526,-2.441,-5.618
327.0,338.0,2.499,-2.396,-5.524
327.0,339.0,2.472,-2.349,-5.432
328.0,329.0,2.42,-2.185,-6.072
328.0,330.0,2.391,-2.179,-5.961
328.0,331.0,2.363,-2.163,-5.851
328.0,332.0,2.335,-2.14,-5.743
328.0,333.0,2.308,-2.111,-5.637
328.0,334.0,2.282,-2.077,-5.532
328.0,335.0,2.256,-2.04,-5.429
328.0,336.0,2.231,-1.999,-5.328
328.0,337.0,2.206,-1.957,-5.229
328.0,338.0,2.182,-1.912,-5.132
328.0,339.0,2.158,-1.867,-5.037
328.0,340.0,2.135,-1.821,-4.944
329.0,330.0,1.904,-1.673,-4.437
329.0,331.0,1.881,-1.605,-4.351
329.0,332.0,1.859,-1.541,-4.267
329.0,333.0,1.837,-1.481,-4.185
329.0,334.0,1.816,-1.423,-4.106
329.0,335.0,1.796,-1.369,-4.028
329.0,336.0,1.776,-1.317,-3.952
329.0,337.0,1.757,-1.266,-3.878
329.0,338.0,1.739,-1.218,-3.806
329.0,339.0,1.72,-1.172,-3.736
329.0,340.0,1.703,-1.127,-3.668
329.0,341.0,1.686,-1.083,-3.601
330.0,331.0,2.035,-1.831,-4.656
330.0,332.0,2.013,-1.798,-4.576
330.0,333.0,1.991,-1.763,-4.498
330.0,334.0,1.969,-1.727,-4.421
330.0,335.0,1.947,-1.689,-4.346
330.0,336.0,1.926,-1.651,-4.272
330.0,337.0,1.906,-1.613,-4.2
330.0,338.0,1.885,-1.575,-4.129
330.0,339.0,1.866,-1.537,-4.06
330.0,340.0,1.846,-1.499,-3.992
330.0,341.0,1.827,-1.462,-3.925
330.0,342.0,1.809,-1.425,-3.86
331.0,332.0,1.857,-1.652,-4.536
331.0,333.0,1.836,-1.636,-4.458
331.0,334.0,1.816,-1.616,-4.382
331.0,335.0,1.796,-1.591,-4.306
331.0,336.0,1.776,-1.563,-4.233
331.0,337.0,1.756,-1.532,-4.161
331.0,338.0,1.737,-1.5,-4.09
331.0,339.0,1.718,-1.467,-4.02
331.0,340.0,1.699,-1.433,-3.952
331.0,341.0,1.681,-1.399,-3.886
331.0,342.0,1.663,-1.364,-3.82
331.0,343.0,1.646,-1.33,-3.756
332.0,333.0,1.923,-1.713,-4.683
332.0,334.0,1.903,-1.704,-4.603
332.0,335.0,1.882,-1.688,-4.524
332.0,336.0,1.861,-1.666,-4.447
332.0,337.0,1.841,-1.64,-4.371
332.0,338.0,1.821,-1.611,-4.296
332.0,339.0,1.801,-1.58,-4.223
332.0,340.0,1.781,-1.548,-4.152
332.0,341.0,1.762,-1.514,-4.081
332.0,342.0,1.743,-1.479,-4.013
332.0,343.0,1.725,-1.444,-3.945
332.0,344.0,1.707,-1.409,-3.879
333.0,334.0,2.045,-1.8,-5.072
333.0,335.0,2.021,-1.765,-4.976
333.0,336.0,1.997,-1.728,-4.881
333.0,337.0,1.974,-1.687,-4.789
333.0,338.0,1.951,-1.645,-4.698
333.0,339.0,1.929,-1.601,-4.61
333.0,340.0,1.907,-1.556,-4.523
333.0,341.0,1.886,-1.511,-4.438
333.0,342.0,1.865,-1.466,-4.355
333.0,343.0,1.845,-1.42,-4.274
333.0,344.0,1.825,-1.375,-4.195
333.0,345.0,1.806,-1.331,-4.117
334.0,335.0,2.119,-1.916,-5.005
334.0,336.0,2.097,-1.908,-4.92
334.0,337.0,2.074,-1.892,-4.837
334.0,338.0,2.051,-1.869,-4.755
334.0,339.0,2.029,-1.842,-4.675
334.0,340.0,2.007,-1.812,-4.596
334.0,341.0,1.985,-1.779,-4.519
334.0,342.0,1.963,-1.745,-4.443
334.0,343.0,1.942,-1.709,-4.369
334.0,344.0,1.921,-1.672,-4.296
334.0,345.0,1.901,-1.635,-4.225
334.0,346.0,1.881,-1.598,-4.155
335.0,336.0,1.995,-1.787,-4.764
335.0,337.0,1.974,-1.766,-4.686
335.0,338.0,1.953,-1.741,-4.61
335.0,339.0,1.931,-1.712,-4.535
335.0,340.0,1.911,-1.681,-4.462
335.0,341.0,1.89,-1.648,-4.39
335.0,342.0,1.87,-1.614,-4.32
335.0,343.0,1.85,-1.579,-4.25
335.0,344.0,1.831,-1.543,-4.182
335.0,345.0,1.812,-1.507,-4.116
335.0,346.0,1.793,-1.471,-4.05
335.0,347.0,1.775,-1.435,-3.986
336.0,337.0,2.208,-2.025,-5.248
336.0,338.0,2.182,-1.993,-5.149
336.0,339.0,2.156,-1.957,-5.053
336.0,340.0,2.13,-1.918,-4.958
336.0,341.0,2.105,-1.875,-4.865
336.0,342.0,2.08,-1.831,-4.773
336.0,343.0,2.056,-1.785,-4.684
336.0,344.0,2.032,-1.738,-4.597
336.0,345.0,2.009,-1.691,-4.512
336.0,346.0,1.986,-1.643,-4.428
336.0,347.0,1.964,-1.596,-4.347
336.0,348.0,1.943,-1.549,-4.267
337.0,338.0,2.514,-2.336,-6.241
337.0,339.0,2.484,-2.321,-6.126
337.0,340.0,2.455,-2.296,-6.012
337.0,341.0,2.426,-2.263,-5.9
337.0,342.0,2.397,-2.225,-5.791
337.0,343.0,2.369,-2.182,-5.683
337.0,344.0,2.342,-2.136,-5.578
337.0,345.0,2.315,-2.088,-5.475
337.0,346.0,2.289,-2.038,-5.373
337.0,347.0,2.263,-1.988,-5.274
337.0,348.0,2.237,-1.936,-5.178
337.0,349.0,2.213,-1.885,-5.083
338.0,339.0,2.374,-2.193,-5.736
338.0,340.0,2.346,-2.189,-5.632
338.0,341.0,2.319,-2.175,-5.53
338.0,342.0,2.292,-2.152,-5.43
338.0,343.0,2.265,-2.122,-5.331
338.0,344.0,2.239,-2.087,-5.235
338.0,345.0,2.213,-2.048,-5.14
338.0,346.0,2.187,-2.006,-5.047
338.0,347.0,2.162,-1.961,-4.956
338.0,348.0,2.137,-1.915,-4.867
338.0,349.0,2.113,-1.869,-4.779
338.0,350.0,2.09,-1.821,-4.694
339.0,340.0,2.346,-2.171,-5.654
339.0,341.0,2.319,-2.155,-5.551
339.0,342.0,2.291,-2.131,-5.449
339.0,343.0,2.264,-2.1,-5.35
339.0,344.0,2.238,-2.065,-5.252
339.0,345.0,2.212,-2.025,-5.156
339.0,346.0,2.186,-1.983,-5.062
339.0,347.0,2.161,-1.939,-4.97
339.0,348.0,2.137,-1.893,-4.88
339.0,349.0,2.112,-1.846,-4.792
339.0,350.0,2.089,-1.798,-4.705
339.0,351.0,2.066,-1.75,-4.621
340.0,341.0,2.134,-1.983,-5.189
340.0,342.0,2.108,-1.951,-5.092
340.0,343.0,2.082,-1.915,-4.996
340.0,344.0,2.056,-1.876,-4.902
340.0,345.0,2.031,-1.833,-4.811
340.0,346.0,2.007,-1.789,-4.721
340.0,347.0,1.983,-1.744,-4.633
340.0,348.0,1.96,-1.698,-4.546
340.0,349.0,1.937,-1.651,-4.462
340.0,350.0,1.915,-1.604,-4.38
340.0,351.0,1.893,-1.557,-4.299
340.0,352.0,1.872,-1.51,-4.22
341.0,342.0,2.701,-2.602,-6.295
341.0,343.0,2.67,-2.585,-6.184
341.0,344.0,2.639,-2.559,-6.075
341.0,345.0,2.609,-2.526,-5.967
341.0,346.0,2.578,-2.487,-5.862
341.0,347.0,2.549,-2.443,-5.758
341.0,348.0,2.52,-2.397,-5.656
341.0,349.0,2.491,-2.348,-5.557
341.0,350.0,2.463,-2.297,-5.459
341.0,351.0,2.435,-2.246,-5.363
341.0,352.0,2.408,-2.194,-5.27
341.0,353.0,2.381,-2.141,-5.178
342.0,343.0,3.182,-3.12,-7.114
342.0,344.0,3.148,-3.109,-6.994
342.0,345.0,3.115,-3.086,-6.876
342.0,346.0,3.082,-3.055,-6.76
342.0,347.0,3.049,-3.016,-6.647
342.0,348.0,3.016,-2.971,-6.535
342.0,349.0,2.984,-2.923,-6.425
342.0,350.0,2.952,-2.872,-6.317
342.0,351.0,2.921,-2.818,-6.212
342.0,352.0,2.89,-2.763,-6.108
342.0,353.0,2.86,-2.707,-6.006
342.0,354.0,2.831,-2.65,-5.907
343.0,344.0,3.335,-3.317,-7.644
343.0,345.0,3.3,-3.335,-7.515
343.0,346.0,3.265,-3.334,-7.387
343.0,347.0,3.229,-3.319,-7.262
343.0,348.0,3.194,-3.292,-7.138
343.0,349.0,3.16,-3.257,-7.017
343.0,350.0,3.125,-3.215,-6.897
343.0,351.0,3.091,-3.167,-6.78
343.0,352.0,3.058,-3.115,-6.665
343.0,353.0,3.025,-3.061,-6.553
343.0,354.0,2.992,-3.004,-6.442
343.0,355.0,2.96,-2.946,-6.333
344.0,345.0,3.563,-3.571,-7.851
344.0,346.0,3.527,-3.564,-7.721
344.0,347.0,3.491,-3.542,-7.592
344.0,348.0,3.455,-3.51,-7.466
344.0,349.0,3.42,-3.47,-7.342
344.0,350.0,3.385,-3.423,-7.22
344.0,351.0,3.35,-3.372,-7.1
344.0,352.0,3.316,-3.317,-6.982
344.0,353.0,3.282,-3.26,-6.867
344.0,354.0,3.248,-3.2,-6.754
344.0,355.0,3.216,-3.14,-6.643
344.0,356.0,3.183,-3.078,-6.534
345.0,346.0,3.368,-3.366,-7.766
345.0,347.0,3.333,-3.384,-7.636
345.0,348.0,3.298,-3.384,-7.508
345.0,349.0,3.263,-3.369,-7.382
345.0,350.0,3.228,-3.343,-7.258
345.0,351.0,3.193,-3.308,-7.136
345.0,352.0,3.159,-3.265,-7.016
345.0,353.0,3.125,-3.218,-6.898
345.0,354.0,3.092,-3.166,-6.782
345.0,355.0,3.059,-3.112,-6.669
345.0,356.0,3.027,-3.055,-6.557
345.0,357.0,2.995,-2.997,-6.448
346.0,347.0,3.303,-3.269,-7.607
346.0,348.0,3.269,-3.291,-7.483
346.0,349.0,3.236,-3.294,-7.362
346.0,350.0,3.202,-3.283,-7.242
346.0,351.0,3.169,-3.259,-7.125
346.0,352.0,3.135,-3.227,-7.009
346.0,353.0,3.102,-3.187,-6.896
346.0,354.0,3.07,-3.142,-6.784
346.0,355.0,3.037,-3.093,-6.674
346.0,356.0,3.005,-3.041,-6.567
346.0,357.0,2.974,-2.987,-6.461
346.0,358.0,2.943,-2.931,-6.357
347.0,348.0,3.546,-3.507,-8.3
347.0,349.0,3.513,-3.567,-8.168
347.0,350.0,3.48,-3.6,-8.039
347.0,351.0,3.446,-3.611,-7.911
347.0,352.0,3.412,-3.605,-7.786
347.0,353.0,3.378,-3.585,-7.662
347.0,354.0,3.343,-3.555,-7.541
347.0,355.0,3.309,-3.517,-7.422
347.0,356.0,3.276,-3.472,-7.304
347.0,357.0,3.242,-3.423,-7.189
347.0,358.0,3.209,-3.37,-7.076
347.0,359.0,3.176,-3.314,-6.965
348.0,349.0,3.897,-3.918,-8.747
348.0,350.0,3.862,-3.955,-8.617
348.0,351.0,3.828,-3.97,-8.489
348.0,352.0,3.793,-3.967,-8.364
348.0,353.0,3.758,-3.949,-8.24
348.0,354.0,3.723,-3.921,-8.118
348.0,355.0,3.688,-3.884,-7.998
348.0,356.0,3.653,-3.84,-7.881
348.0,357.0,3.619,-3.791,-7.765
348.0,358.0,3.585,-3.739,-7.651
348.0,359.0,3.551,-3.684,-7.539
348.0,360.0,3.518,-3.626,-7.429
349.0,350.0,3.43,-3.386,-7.947
349.0,351.0,3.397,-3.399,-7.82
349.0,352.0,3.364,-3.396,-7.694
349.0,353.0,3.331,-3.379,-7.571
349.0,354.0,3.298,-3.351,-7.45
349.0,355.0,3.265,-3.316,-7.331
349.0,356.0,3.233,-3.274,-7.213
349.0,357.0,3.2,-3.227,-7.098
349.0,358.0,3.168,-3.177,-6.985
349.0,359.0,3.137,-3.124,-6.874
349.0,360.0,3.105,-3.07,-6.765
349.0,361.0,3.075,-3.014,-6.658
350.0,351.0,3.398,-3.377,-7.621
350.0,352.0,3.364,-3.381,-7.498
350.0,353.0,3.329,-3.369,-7.377
350.0,354.0,3.295,-3.346,-7.259
350.0,355.0,3.26,-3.313,-7.142
350.0,356.0,3.227,-3.274,-7.027
350.0,357.0,3.193,-3.228,-6.914
350.0,358.0,3.16,-3.179,-6.803
350.0,359.0,3.127,-3.127,-6.694
350.0,360.0,3.095,-3.072,-6.588
350.0,361.0,3.063,-3.016,-6.483
350.0,362.0,3.032,-2.959,-6.38
351.0,352.0,3.486,-3.5,-7.447
351.0,353.0,3.451,-3.464,-7.326
351.0,354.0,3.416,-3.42,-7.207
351.0,355.0,3.381,-3.372,-7.09
351.0,356.0,3.347,-3.319,-6.975
351.0,357.0,3.313,-3.264,-6.862
351.0,358.0,3.28,-3.206,-6.751
351.0,359.0,3.247,-3.148,-6.643
351.0,360.0,3.215,-3.088,-6.536
351.0,361.0,3.183,-3.028,-6.432
351.0,362.0,3.152,-2.968,-6.329
351.0,363.0,3.121,-2.908,-6.229
352.0,353.0,3.388,-3.412,-7.249
352.0,354.0,3.354,-3.368,-7.132
352.0,355.0,3.32,-3.319,-7.017
352.0,356.0,3.286,-3.267,-6.904
352.0,357.0,3.253,-3.212,-6.793
352.0,358.0,3.22,-3.155,-6.684
352.0,359.0,3.188,-3.097,-6.577
352.0,360.0,3.156,-3.038,-6.473
352.0,361.0,3.125,-2.979,-6.37
352.0,362.0,3.094,-2.919,-6.269
352.0,363.0,3.064,-2.86,-6.17
352.0,364.0,3.034,-2.801,-6.073
353.0,354.0,3.161,-3.111,-7.26
353.0,355.0,3.127,-3.07,-7.132
353.0,356.0,3.094,-3.023,-7.007
353.0,357.0,3.061,-2.972,-6.884
353.0,358.0,3.029,-2.919,-6.763
353.0,359.0,2.998,-2.863,-6.644
353.0,360.0,2.967,-2.806,-6.528
353.0,361.0,2.936,-2.748,-6.414
353.0,362.0,2.906,-2.689,-6.303
353.0,363.0,2.877,-2.63,-6.194
353.0,364.0,2.848,-2.572,-6.087
353.0,365.0,2.82,-2.513,-5.982
354.0,355.0,3.215,-3.206,-6.739
354.0,356.0,3.182,-3.143,-6.629
354.0,357.0,3.149,-3.08,-6.521
354.0,358.0,3.117,-3.016,-6.415
354.0,359.0,3.086,-2.953,-6.311
354.0,360.0,3.055,-2.891,-6.209
354.0,361.0,3.025,-2.829,-6.109
354.0,362.0,2.995,-2.768,-6.011
354.0,363.0,2.966,-2.708,-5.915
354.0,364.0,2.937,-2.649,-5.821
354.0,365.0,2.909,-2.591,-5.729
354.0,366.0,2.881,-2.533,-5.639
355.0,356.0,3.241,-3.243,-6.486
355.0,357.0,3.207,-3.148,-6.38
355.0,358.0,3.175,-3.059,-6.276
355.0,359.0,3.143,-2.976,-6.175
355.0,360.0,3.112,-2.898,-6.075
355.0,361.0,3.082,-2.824,-5.978
355.0,362.0,3.052,-2.754,-5.883
355.0,363.0,3.023,-2.686,-5.789
355.0,364.0,2.994,-2.622,-5.698
355.0,365.0,2.966,-2.559,-5.609
355.0,366.0,2.939,-2.499,-5.521
355.0,367.0,2.912,-2.441,-5.435
356.0,357.0,2.952,-2.924,-5.827
356.0,358.0,2.92,-2.809,-5.73
356.0,359.0,2.89,-2.706,-5.636
356.0,360.0,2.86,-2.613,-5.543
356.0,361.0,2.832,-2.528,-5.453
356.0,362.0,2.804,-2.449,-5.365
356.0,363.0,2.776,-2.376,-5.278
356.0,364.0,2.75,-2.308,-5.194
356.0,365.0,2.724,-2.244,-5.111
356.0,366.0,2.699,-2.183,-5.03
356.0,367.0,2.674,-2.125,-4.951
356.0,368.0,2.65,-2.07,-4.874
357.0,358.0,3.135,-3.143,-6.056
357.0,359.0,3.102,-3.019,-5.958
357.0,360.0,3.071,-2.909,-5.863
357.0,361.0,3.04,-2.809,-5.77
357.0,362.0,3.011,-2.719,-5.679
357.0,363.0,2.982,-2.636,-5.591
357.0,364.0,2.953,-2.56,-5.504
357.0,365.0,2.926,-2.488,-5.418
357.0,366.0,2.899,-2.421,-5.335
357.0,367.0,2.873,-2.358,-5.254
357.0,368.0,2.847,-2.298,-5.174
357.0,369.0,2.822,-2.24,-5.095
358.0,359.0,2.964,-2.928,-6.125
358.0,360.0,2.935,-2.828,-6.029
358.0,361.0,2.908,-2.736,-5.935
358.0,362.0,2.881,-2.651,-5.843
358.0,363.0,2.855,-2.573,-5.754
358.0,364.0,2.83,-2.5,-5.666
358.0,365.0,2.805,-2.432,-5.58
358.0,366.0,2.78,-2.367,-5.495
358.0,367.0,2.756,-2.306,-5.413
358.0,368.0,2.733,-2.248,-5.332
358.0,369.0,2.71,-2.192,-5.253
358.0,370.0,2.687,-2.138,-5.175
359.0,360.0,2.731,-2.658,-5.42
359.0,361.0,2.703,-2.544,-5.333
359.0,362.0,2.675,-2.443,-5.248
359.0,363.0,2.648,-2.352,-5.165
359.0,364.0,2.622,-2.27,-5.084
359.0,365.0,2.596,-2.195,-5.005
359.0,366.0,2.572,-2.126,-4.928
359.0,367.0,2.548,-2.062,-4.852
359.0,368.0,2.524,-2.003,-4.777
359.0,369.0,2.501,-1.946,-4.705
359.0,370.0,2.479,-1.893,-4.633
359.0,371.0,2.457,-1.842,-4.563
360.0,361.0,2.659,-2.563,-4.939
360.0,362.0,2.631,-2.391,-4.847
360.0,363.0,2.604,-2.243,-4.758
360.0,364.0,2.578,-2.116,-4.673
360.0,365.0,2.553,-2.004,-4.591
360.0,366.0,2.53,-1.907,-4.512
360.0,367.0,2.507,-1.82,-4.435
360.0,368.0,2.485,-1.742,-4.36
360.0,369.0,2.463,-1.672,-4.288
360.0,370.0,2.443,-1.608,-4.217
360.0,371.0,2.422,-1.55,-4.149
360.0,372.0,2.403,-1.495,-4.082
361.0,362.0,2.068,-1.938,-3.861
361.0,363.0,2.046,-1.787,-3.8
361.0,364.0,2.025,-1.658,-3.741
361.0,365.0,2.005,-1.549,-3.684
361.0,366.0,1.986,-1.454,-3.629
361.0,367.0,1.968,-1.372,-3.575
361.0,368.0,1.951,-1.299,-3.522
361.0,369.0,1.935,-1.235,-3.47
361.0,370.0,1.919,-1.178,-3.42
361.0,371.0,1.904,-1.127,-3.371
361.0,372.0,1.889,-1.08,-3.323
361.0,373.0,1.875,-1.036,-3.276
362.0,363.0,2.459,-2.382,-4.3
362.0,364.0,2.43,-2.222,-4.247
362.0,365.0,2.404,-2.091,-4.194
362.0,366.0,2.38,-1.98,-4.142
362.0,367.0,2.358,-1.887,-4.091
362.0,368.0,2.336,-1.807,-4.041
362.0,369.0,2.316,-1.739,-3.991
362.0,370.0,2.297,-1.679,-3.942
362.0,371.0,2.278,-1.625,-3.893
362.0,372.0,2.26,-1.578,-3.846
362.0,373.0,2.243,-1.534,-3.799
362.0,374.0,2.226,-1.495,-3.752
363.0,364.0,2.365,-2.247,-4.328
363.0,365.0,2.339,-2.114,-4.274
363.0,366.0,2.315,-2.002,-4.22
363.0,367.0,2.293,-1.908,-4.167
363.0,368.0,2.272,-1.827,-4.114
363.0,369.0,2.251,-1.757,-4.062
363.0,370.0,2.232,-1.696,-4.012
363.0,371.0,2.214,-1.642,-3.961
363.0,372.0,2.196,-1.594,-3.912
363.0,373.0,2.178,-1.549,-3.863
363.0,374.0,2.161,-1.509,-3.816
363.0,375.0,2.145,-1.472,-3.769
364.0,365.0,2.533,-2.453,-4.882
364.0,366.0,2.509,-2.314,-4.807
364.0,367.0,2.486,-2.193,-4.735
364.0,368.0,2.464,-2.088,-4.665
364.0,369.0,2.443,-1.996,-4.597
364.0,370.0,2.422,-1.914,-4.53
364.0,371.0,2.402,-1.841,-4.465
364.0,372.0,2.383,-1.775,-4.401
364.0,373.0,2.364,-1.716,-4.339
364.0,374.0,2.345,-1.661,-4.278
364.0,375.0,2.327,-1.61,-4.219
364.0,376.0,2.31,-1.563,-4.161
365.0,366.0,2.646,-2.581,-5.018
365.0,367.0,2.622,-2.47,-4.927
365.0,368.0,2.598,-2.369,-4.838
365.0,369.0,2.575,-2.277,-4.752
365.0,370.0,2.553,-2.192,-4.669
365.0,371.0,2.531,-2.113,-4.588
365.0,372.0,2.51,-2.041,-4.51
365.0,373.0,2.489,-1.973,-4.433
365.0,374.0,2.469,-1.909,-4.359
365.0,375.0,2.449,-1.849,-4.287
365.0,376.0,2.43,-1.793,-4.217
365.0,377.0,2.411,-1.74,-4.148
366.0,367.0,2.92,-2.864,-5.569
366.0,368.0,2.893,-2.743,-5.473
366.0,369.0,2.867,-2.635,-5.379
366.0,370.0,2.841,-2.537,-5.289
366.0,371.0,2.816,-2.447,-5.2
366.0,372.0,2.791,-2.364,-5.114
366.0,373.0,2.768,-2.288,-5.031
366.0,374.0,2.744,-2.217,-4.949
366.0,375.0,2.722,-2.15,-4.869
366.0,376.0,2.699,-2.088,-4.791
366.0,377.0,2.677,-2.028,-4.715
366.0,378.0,2.656,-1.972,-4.641
367.0,368.0,2.648,-2.505,-4.779
367.0,369.0,2.62,-2.378,-4.718
367.0,370.0,2.593,-2.271,-4.658
367.0,371.0,2.568,-2.179,-4.599
367.0,372.0,2.545,-2.1,-4.54
367.0,373.0,2.522,-2.031,-4.482
367.0,374.0,2.5,-1.969,-4.426
367.0,375.0,2.479,-1.914,-4.37
367.0,376.0,2.458,-1.864,-4.314
367.0,377.0,2.438,-1.817,-4.26
367.0,378.0,2.419,-1.775,-4.207
367.0,379.0,2.4,-1.735,-4.154
368.0,369.0,2.686,-2.512,-4.564
368.0,370.0,2.661,-2.369,-4.497
368.0,371.0,2.637,-2.244,-4.432
368.0,372.0,2.614,-2.135,-4.369
368.0,373.0,2.592,-2.039,-4.308
368.0,374.0,2.57,-1.954,-4.248
368.0,375.0,2.55,-1.878,-4.189
368.0,376.0,2.53,-1.809,-4.131
368.0,377.0,2.511,-1.747,-4.075
368.0,378.0,2.492,-1.69,-4.02
368.0,379.0,2.474,-1.638,-3.966
368.0,380.0,2.456,-1.589,-3.913
369.0,370.0,2.47,-2.35,-4.491
369.0,371.0,2.443,-2.219,-4.435
369.0,372.0,2.418,-2.109,-4.379
369.0,373.0,2.394,-2.016,-4.324
369.0,374.0,2.372,-1.935,-4.27
369.0,375.0,2.351,-1.866,-4.217
369.0,376.0,2.331,-1.805,-4.164
369.0,377.0,2.311,-1.75,-4.112
369.0,378.0,2.292,-1.701,-4.061
369.0,379.0,2.274,-1.657,-4.011
369.0,380.0,2.256,-1.615,-3.961
369.0,381.0,2.239,-1.577,-3.912
370.0,371.0,2.557,-2.39,-2.952
370.0,372.0,2.534,-2.266,-2.944
370.0,373.0,2.512,-2.155,-2.935
370.0,374.0,2.492,-2.055,-2.925
370.0,375.0,2.473,-1.966,-2.915
370.0,376.0,2.455,-1.885,-2.904
370.0,377.0,2.438,-1.812,-2.892
370.0,378.0,2.422,-1.745,-2.881
370.0,379.0,2.406,-1.685,-2.869
370.0,380.0,2.392,-1.631,-2.856
370.0,381.0,2.378,-1.581,-2.844
370.0,382.0,2.364,-1.535,-2.832
371.0,372.0,2.599,-2.267,-3.758
371.0,373.0,2.573,-2.089,-3.699
371.0,374.0,2.549,-1.939,-3.643
371.0,375.0,2.526,-1.81,-3.588
371.0,376.0,2.505,-1.7,-3.536
371.0,377.0,2.484,-1.604,-3.485
371.0,378.0,2.465,-1.521,-3.436
371.0,379.0,2.446,-1.447,-3.388
371.0,380.0,2.428,-1.383,-3.342
371.0,381.0,2.41,-1.325,-3.297
371.0,382.0,2.393,-1.273,-3.253
371.0,383.0,2.377,-1.226,-3.21
372.0,373.0,2.655,-2.227,-3.594
372.0,374.0,2.629,-2.045,-3.54
372.0,375.0,2.605,-1.891,-3.487
372.0,376.0,2.583,-1.76,-3.437
372.0,377.0,2.562,-1.648,-3.389
372.0,378.0,2.541,-1.551,-3.343
372.0,379.0,2.522,-1.467,-3.298
372.0,380.0,2.504,-1.394,-3.254
372.0,381.0,2.486,-1.329,-3.212
372.0,382.0,2.469,-1.272,-3.171
372.0,383.0,2.452,-1.221,-3.131
372.0,384.0,2.436,-1.175,-3.091
373.0,374.0,2.276,-1.809,-3.609
373.0,375.0,2.255,-1.69,-3.556
373.0,376.0,2.234,-1.587,-3.505
373.0,377.0,2.215,-1.498,-3.456
373.0,378.0,2.197,-1.42,-3.407
373.0,379.0,2.179,-1.352,-3.36
373.0,380.0,2.162,-1.291,-3.314
373.0,381.0,2.146,-1.237,-3.27
373.0,382.0,2.131,-1.189,-3.226
373.0,383.0,2.115,-1.144,-3.183
373.0,384.0,2.101,-1.104,-3.141
373.0,385.0,2.086,-1.066,-3.1
374.0,375.0,2.055,-1.628,-2.307
374.0,376.0,2.041,-1.541,-2.307
374.0,377.0,2.028,-1.463,-2.307
374.0,378.0,2.016,-1.393,-2.306
374.0,379.0,2.005,-1.331,-2.304
374.0,380.0,1.995,-1.276,-2.301
374.0,381.0,1.985,-1.227,-2.298
374.0,382.0,1.976,-1.182,-2.294
374.0,383.0,1.968,-1.142,-2.29
374.0,384.0,1.96,-1.106,-2.285
374.0,385.0,1.952,-1.074,-2.28
374.0,386.0,1.945,-1.044,-2.274
375.0,376.0,2.069,-1.678,-3.275
375.0,377.0,2.047,-1.549,-3.236
375.0,378.0,2.027,-1.443,-3.198
375.0,379.0,2.009,-1.354,-3.16
375.0,380.0,1.992,-1.28,-3.123
375.0,381.0,1.976,-1.217,-3.086
375.0,382.0,1.961,-1.163,-3.05
375.0,383.0,1.947,-1.116,-3.015
375.0,384.0,1.934,-1.075,-2.98
375.0,385.0,1.921,-1.038,-2.945
375.0,386.0,1.908,-1.005,-2.911
375.0,387.0,1.896,-0.975,-2.878
376.0,377.0,2.147,-1.773,-3.347
376.0,378.0,2.122,-1.635,-3.307
376.0,379.0,2.1,-1.522,-3.269
376.0,380.0,2.08,-1.428,-3.23
376.0,381.0,2.061,-1.349,-3.193
376.0,382.0,2.044,-1.282,-3.155
376.0,383.0,2.028,-1.224,-3.118
376.0,384.0,2.012,-1.175,-3.082
376.0,385.0,1.998,-1.131,-3.046
376.0,386.0,1.984,-1.093,-3.011
376.0,387.0,1.97,-1.058,-2.977
376.0,388.0,1.957,-1.027,-2.942
377.0,378.0,2.14,-1.665,-3.012
377.0,379.0,2.122,-1.525,-2.973
377.0,380.0,2.105,-1.406,-2.935
377.0,381.0,2.09,-1.303,-2.899
377.0,382.0,2.075,-1.215,-2.864
377.0,383.0,2.061,-1.138,-2.83
377.0,384.0,2.047,-1.072,-2.796
377.0,385.0,2.034,-1.014,-2.764
377.0,386.0,2.022,-0.962,-2.732
377.0,387.0,2.01,-0.917,-2.701
377.0,388.0,1.999,-0.876,-2.671
377.0,389.0,1.988,-0.839,-2.641
378.0,379.0,1.724,-1.321,-2.892
378.0,380.0,1.707,-1.21,-2.861
378.0,381.0,1.691,-1.119,-2.831
378.0,382.0,1.678,-1.043,-2.8
378.0,383.0,1.665,-0.98,-2.77
378.0,384.0,1.653,-0.927,-2.741
378.0,385.0,1.642,-0.882,-2.711
378.0,386.0,1.632,-0.843,-2.682
378.0,387.0,1.622,-0.809,-2.654
378.0,388.0,1.613,-0.779,-2.625
378.0,389.0,1.604,-0.752,-2.597
378.0,390.0,1.595,-0.727,-2.57
379.0,380.0,1.666,-1.219,-2.484
379.0,381.0,1.647,-1.088,-2.459
379.0,382.0,1.63,-0.982,-2.434
379.0,383.0,1.616,-0.895,-2.409
379.0,384.0,1.603,-0.824,-2.385
379.0,385.0,1.591,-0.764,-2.361
379.0,386.0,1.58,-0.714,-2.337
379.0,387.0,1.57,-0.672,-2.313
379.0,388.0,1.561,-0.636,-2.29
379.0,389.0,1.552,-0.605,-2.267
379.0,390.0,1.544,-0.578,-2.244
379.0,391.0,1.536,-0.554,-2.221
380.0,381.0,1.792,-1.312,-2.327
380.0,382.0,1.77,-1.152,-2.304
380.0,383.0,1.752,-1.022,-2.282
380.0,384.0,1.735,-0.916,-2.26
380.0,385.0,1.721,-0.831,-2.238
380.0,386.0,1.708,-0.76,-2.216
380.0,387.0,1.696,-0.702,-2.195
380.0,388.0,1.685,-0.653,-2.174
380.0,389.0,1.675,-0.613,-2.153
380.0,390.0,1.665,-0.578,-2.132
380.0,391.0,1.656,-0.548,-2.112
380.0,392.0,1.648,-0.522,-2.092
381.0,382.0,1.812,-1.361,-2.472
381.0,383.0,1.79,-1.206,-2.447
381.0,384.0,1.772,-1.08,-2.423
381.0,385.0,1.755,-0.978,-2.399
381.0,386.0,1.74,-0.895,-2.374
381.0,387.0,1.727,-0.826,-2.351
381.0,388.0,1.715,-0.769,-2.327
381.0,389.0,1.703,-0.721,-2.304
381.0,390.0,1.693,-0.681,-2.281
381.0,391.0,1.683,-0.646,-2.259
381.0,392.0,1.674,-0.616,-2.236
381.0,393.0,1.665,-0.589,-2.214
382.0,383.0,2.092,-1.639,-2.988
382.0,384.0,2.069,-1.492,-2.956
382.0,385.0,2.048,-1.372,-2.923
382.0,386.0,2.03,-1.273,-2.891
382.0,387.0,2.013,-1.191,-2.859
382.0,388.0,1.997,-1.122,-2.828
382.0,389.0,1.983,-1.064,-2.797
382.0,390.0,1.969,-1.015,-2.766
382.0,391.0,1.956,-0.972,-2.736
382.0,392.0,1.944,-0.935,-2.707
382.0,393.0,1.932,-0.902,-2.678
382.0,394.0,1.921,-0.873,-2.649
383.0,384.0,2.773,-2.258,-3.741
383.0,385.0,2.746,-2.116,-3.687
383.0,386.0,2.722,-1.993,-3.636
383.0,387.0,2.698,-1.887,-3.586
383.0,388.0,2.676,-1.795,-3.537
383.0,389.0,2.655,-1.714,-3.49
383.0,390.0,2.635,-1.643,-3.444
383.0,391.0,2.615,-1.58,-3.399
383.0,392.0,2.596,-1.523,-3.355
383.0,393.0,2.578,-1.472,-3.313
383.0,394.0,2.56,-1.425,-3.271
383.0,395.0,2.543,-1.383,-3.231
384.0,385.0,2.832,-2.245,-3.889
384.0,386.0,2.803,-2.095,-3.843
384.0,387.0,2.775,-1.971,-3.798
384.0,388.0,2.75,-1.867,-3.754
384.0,389.0,2.726,-1.78,-3.71
384.0,390.0,2.704,-1.705,-3.667
384.0,391.0,2.682,-1.641,-3.625
384.0,392.0,2.662,-1.586,-3.583
384.0,393.0,2.642,-1.537,-3.542
384.0,394.0,2.623,-1.493,-3.502
384.0,395.0,2.605,-1.453,-3.462
384.0,396.0,2.587,-1.417,-3.423
385.0,386.0,2.832,-2.255,-3.931
385.0,387.0,2.803,-2.106,-3.885
385.0,388.0,2.776,-1.983,-3.839
385.0,389.0,2.75,-1.88,-3.794
385.0,390.0,2.727,-1.793,-3.75
385.0,391.0,2.704,-1.719,-3.707
385.0,392.0,2.683,-1.655,-3.664
385.0,393.0,2.662,-1.6,-3.622
385.0,394.0,2.643,-1.551,-3.58
385.0,395.0,2.624,-1.507,-3.539
385.0,396.0,2.605,-1.468,-3.499
385.0,397.0,2.587,-1.432,-3.46
386.0,387.0,2.737,-2.095,-3.512
386.0,388.0,2.708,-1.933,-3.473
386.0,389.0,2.682,-1.8,-3.434
386.0,390.0,2.658,-1.69,-3.396
386.0,391.0,2.636,-1.599,-3.358
386.0,392.0,2.615,-1.522,-3.321
386.0,393.0,2.595,-1.456,-3.285
386.0,394.0,2.576,-1.4,-3.249
386.0,395.0,2.558,-1.351,-3.213
386.0,396.0,2.54,-1.309,-3.179
386.0,397.0,2.524,-1.27,-3.144
386.0,398.0,2.507,-1.236,-3.111
387.0,388.0,2.728,-1.908,-3.385
387.0,389.0,2.705,-1.796,-3.341
387.0,390.0,2.683,-1.7,-3.298
387.0,391.0,2.663,-1.616,-3.256
387.0,392.0,2.643,-1.542,-3.216
387.0,393.0,2.624,-1.478,-3.177
387.0,394.0,2.605,-1.421,-3.138
387.0,395.0,2.588,-1.37,-3.101
387.0,396.0,2.571,-1.324,-3.064
387.0,397.0,2.554,-1.282,-3.029
387.0,398.0,2.538,-1.244,-2.994
387.0,399.0,2.522,-1.21,-2.96
388.0,389.0,2.576,-1.706,-3.048
388.0,390.0,2.555,-1.594,-3.009
388.0,391.0,2.535,-1.499,-2.971
388.0,392.0,2.516,-1.416,-2.935
388.0,393.0,2.498,-1.345,-2.899
388.0,394.0,2.481,-1.282,-2.865
388.0,395.0,2.464,-1.227,-2.832
388.0,396.0,2.449,-1.179,-2.8
388.0,397.0,2.433,-1.135,-2.768
388.0,398.0,2.418,-1.097,-2.737
388.0,399.0,2.404,-1.061,-2.707
388.0,400.0,2.389,-1.029,-2.678
389.0,390.0,2.473,-1.449,-2.897
389.0,391.0,2.452,-1.349,-2.867
389.0,392.0,2.432,-1.266,-2.837
389.0,393.0,2.414,-1.197,-2.807
389.0,394.0,2.397,-1.138,-2.779
389.0,395.0,2.381,-1.089,-2.75
389.0,396.0,2.366,-1.046,-2.722
389.0,397.0,2.351,-1.009,-2.695
389.0,398.0,2.337,-0.976,-2.668
389.0,399.0,2.323,-0.947,-2.641
389.0,400.0,2.309,-0.921,-2.615
389.0,401.0,2.296,-0.897,-2.589
390.0,391.0,2.531,-1.479,-1.983
390.0,392.0,2.518,-1.397,-1.988
390.0,393.0,2.505,-1.322,-1.993
390.0,394.0,2.493,-1.255,-1.997
390.0,395.0,2.482,-1.195,-2.001
390.0,396.0,2.471,-1.142,-2.004
390.0,397.0,2.461,-1.093,-2.008
390.0,398.0,2.452,-1.05,-2.011
390.0,399.0,2.443,-1.011,-2.014
390.0,400.0,2.434,-0.976,-2.017
390.0,401.0,2.425,-0.945,-2.019
390.0,402.0,2.417,-0.916,-2.021
391.0,392.0,2.578,-1.464,-3.041
391.0,393.0,2.561,-1.385,-3.003
391.0,394.0,2.545,-1.316,-2.966
391.0,395.0,2.529,-1.255,-2.931
391.0,396.0,2.514,-1.2,-2.896
391.0,397.0,2.5,-1.151,-2.863
391.0,398.0,2.486,-1.107,-2.83
391.0,399.0,2.472,-1.067,-2.799
391.0,400.0,2.458,-1.03,-2.768
391.0,401.0,2.445,-0.997,-2.738
391.0,402.0,2.432,-0.966,-2.708
391.0,403.0,2.42,-0.937,-2.68
392.0,393.0,2.338,-1.231,-2.46
392.0,394.0,2.322,-1.147,-2.433
392.0,395.0,2.306,-1.074,-2.407
392.0,396.0,2.291,-1.012,-2.382
392.0,397.0,2.277,-0.958,-2.358
392.0,398.0,2.264,-0.911,-2.334
392.0,399.0,2.251,-0.87,-2.311
392.0,400.0,2.238,-0.833,-2.289
392.0,401.0,2.226,-0.801,-2.267
392.0,402.0,2.215,-0.772,-2.246
392.0,403.0,2.203,-0.746,-2.225
392.0,404.0,2.192,-0.723,-2.205
393.0,394.0,2.546,-1.422,-2.455
393.0,395.0,2.527,-1.312,-2.428
393.0,396.0,2.509,-1.218,-2.403
393.0,397.0,2.493,-1.138,-2.379
393.0,398.0,2.477,-1.069,-2.356
393.0,399.0,2.462,-1.01,-2.334
393.0,400.0,2.447,-0.96,-2.313
393.0,401.0,2.434,-0.915,-2.292
393.0,402.0,2.42,-0.877,-2.272
393.0,403.0,2.407,-0.843,-2.252
393.0,404.0,2.395,-0.813,-2.233
393.0,405.0,2.383,-0.786,-2.215
394.0,395.0,2.556,-1.35,-2.161
394.0,396.0,2.538,-1.228,-2.14
394.0,397.0,2.521,-1.125,-2.121
394.0,398.0,2.505,-1.038,-2.103
394.0,399.0,2.49,-0.964,-2.085
394.0,400.0,2.475,-0.901,-2.069
394.0,401.0,2.462,-0.847,-2.053
394.0,402.0,2.449,-0.801,-2.039
394.0,403.0,2.436,-0.761,-2.024
394.0,404.0,2.424,-0.727,-2.01
394.0,405.0,2.412,-0.697,-1.997
394.0,406.0,2.401,-0.671,-1.984
395.0,396.0,2.55,-1.206,-1.659
395.0,397.0,2.533,-1.064,-1.649
395.0,398.0,2.518,-0.945,-1.641
395.0,399.0,2.504,-0.846,-1.634
395.0,400.0,2.49,-0.763,-1.627
395.0,401.0,2.478,-0.695,-1.622
395.0,402.0,2.466,-0.637,-1.618
395.0,403.0,2.455,-0.589,-1.613
395.0,404.0,2.444,-0.548,-1.61
395.0,405.0,2.434,-0.514,-1.607
395.0,406.0,2.424,-0.486,-1.604
395.0,407.0,2.415,-0.462,-1.601
396.0,397.0,2.508,-1.038,-1.278
396.0,398.0,2.492,-0.891,-1.276
396.0,399.0,2.478,-0.77,-1.276
396.0,400.0,2.465,-0.669,-1.276
396.0,401.0,2.454,-0.586,-1.278
396.0,402.0,2.443,-0.518,-1.281
396.0,403.0,2.432,-0.461,-1.284
396.0,404.0,2.423,-0.414,-1.287
396.0,405.0,2.414,-0.376,-1.291
396.0,406.0,2.405,-0.344,-1.295
396.0,407.0,2.397,-0.318,-1.3
396.0,408.0,2.389,-0.297,-1.304
397.0,398.0,2.81,-1.277,-1.311
397.0,399.0,2.793,-1.105,-1.31
397.0,400.0,2.778,-0.963,-1.311
397.0,401.0,2.763,-0.844,-1.313
397.0,402.0,2.75,-0.747,-1.317
397.0,403.0,2.738,-0.666,-1.322
397.0,404.0,2.727,-0.599,-1.328
397.0,405.0,2.716,-0.544,-1.334
397.0,406.0,2.706,-0.499,-1.341
397.0,407.0,2.696,-0.462,-1.348
397.0,408.0,2.686,-0.432,-1.355
397.0,409.0,2.677,-0.407,-1.363
398.0,399.0,2.99,-1.243,-1.607
398.0,400.0,2.966,-1.077,-1.602
398.0,401.0,2.945,-0.944,-1.598
398.0,402.0,2.926,-0.839,-1.595
398.0,403.0,2.908,-0.755,-1.593
398.0,404.0,2.892,-0.688,-1.591
398.0,405.0,2.877,-0.635,-1.589
398.0,406.0,2.862,-0.592,-1.588
398.0,407.0,2.849,-0.557,-1.587
398.0,408.0,2.835,-0.529,-1.586
398.0,409.0,2.823,-0.506,-1.585
398.0,410.0,2.81,-0.488,-1.584
399.0,400.0,2.825,-1.004,-1.126
399.0,401.0,2.811,-0.865,-1.132
399.0,402.0,2.798,-0.75,-1.139
399.0,403.0,2.786,-0.656,-1.148
399.0,404.0,2.775,-0.578,-1.158
399.0,405.0,2.765,-0.514,-1.169
399.0,406.0,2.755,-0.462,-1.18
399.0,407.0,2.745,-0.42,-1.192
399.0,408.0,2.736,-0.386,-1.204
399.0,409.0,2.727,-0.358,-1.216
399.0,410.0,2.719,-0.336,-1.228
399.0,411.0,2.71,-0.318,-1.239
400.0,401.0,3.022,-1.128,-0.985
400.0,402.0,3.011,-0.968,-0.998
400.0,403.0,3.0,-0.836,-1.013
400.0,404.0,2.989,-0.727,-1.03
400.0,405.0,2.98,-0.638,-1.048
400.0,406.0,2.97,-0.565,-1.067
400.0,407.0,2.962,-0.505,-1.086
400.0,408.0,2.953,-0.458,-1.106
400.0,409.0,2.945,-0.419,-1.126
400.0,410.0,2.937,-0.389,-1.146
400.0,411.0,2.929,-0.365,-1.166
400.0,412.0,2.921,-0.346,-1.186
401.0,402.0,2.931,-0.937,-0.971
401.0,403.0,2.919,-0.801,-0.983
401.0,404.0,2.908,-0.688,-0.997
401.0,405.0,2.898,-0.593,-1.012
401.0,406.0,2.889,-0.514,-1.028
401.0,407.0,2.88,-0.448,-1.044
401.0,408.0,2.871,-0.394,-1.06
401.0,409.0,2.863,-0.349,-1.077
401.0,410.0,2.855,-0.312,-1.093
401.0,411.0,2.847,-0.283,-1.11
401.0,412.0,2.839,-0.259,-1.126
401.0,413.0,2.832,-0.239,-1.143
402.0,403.0,2.89,-0.876,-0.626
402.0,404.0,2.877,-0.723,-0.645
402.0,405.0,2.866,-0.597,-0.665
402.0,406.0,2.856,-0.495,-0.687
402.0,407.0,2.847,-0.412,-0.71
402.0,408.0,2.838,-0.345,-0.734
402.0,409.0,2.83,-0.291,-0.758
402.0,410.0,2.823,-0.248,-0.782
402.0,411.0,2.815,-0.215,-0.806
402.0,412.0,2.808,-0.189,-0.83
402.0,413.0,2.801,-0.17,-0.854
402.0,414.0,2.794,-0.155,-0.878
403.0,404.0,2.98,-0.881,-0.544
403.0,405.0,2.969,-0.724,-0.566
403.0,406.0,2.958,-0.597,-0.59
403.0,407.0,2.949,-0.492,-0.615
403.0,408.0,2.94,-0.408,-0.642
403.0,409.0,2.931,-0.341,-0.669
403.0,410.0,2.924,-0.287,-0.697
403.0,411.0,2.916,-0.244,-0.725
403.0,412.0,2.909,-0.211,-0.752
403.0,413.0,2.902,-0.186,-0.78
403.0,414.0,2.895,-0.167,-0.808
403.0,415.0,2.889,-0.154,-0.835
404.0,405.0,2.866,-0.694,-0.443
404.0,406.0,2.855,-0.558,-0.467
404.0,407.0,2.845,-0.446,-0.493
404.0,408.0,2.836,-0.357,-0.52
404.0,409.0,2.828,-0.284,-0.548
404.0,410.0,2.82,-0.227,-0.576
404.0,411.0,2.813,-0.181,-0.604
404.0,412.0,2.806,-0.146,-0.632
404.0,413.0,2.8,-0.118,-0.661
404.0,414.0,2.793,-0.098,-0.689
404.0,415.0,2.787,-0.083,-0.717
404.0,416.0,2.781,-0.073,-0.744
405.0,406.0,3.07,-0.784,-0.468
405.0,407.0,3.059,-0.642,-0.494
405.0,408.0,3.049,-0.526,-0.522
405.0,409.0,3.04,-0.433,-0.552
405.0,410.0,3.032,-0.358,-0.582
405.0,411.0,3.024,-0.298,-0.613
405.0,412.0,3.016,-0.251,-0.644
405.0,413.0,3.009,-0.215,-0.675
405.0,414.0,3.002,-0.187,-0.706
405.0,415.0,2.995,-0.166,-0.737
405.0,416.0,2.989,-0.151,-0.768
405.0,417.0,2.982,-0.142,-0.797
406.0,407.0,3.161,-0.789,-0.602
406.0,408.0,3.151,-0.663,-0.628
406.0,409.0,3.141,-0.56,-0.656
406.0,410.0,3.132,-0.477,-0.685
406.0,411.0,3.123,-0.411,-0.714
406.0,412.0,3.115,-0.358,-0.744
406.0,413.0,3.107,-0.316,-0.773
406.0,414.0,3.099,-0.284,-0.803
406.0,415.0,3.092,-0.259,-0.833
406.0,416.0,3.084,-0.241,-0.862
406.0,417.0,3.077,-0.228,-0.891
406.0,418.0,3.07,-0.22,-0.92
407.0,408.0,2.988,-0.529,-0.476
407.0,409.0,2.973,-0.413,-0.5
407.0,410.0,2.961,-0.321,-0.525
407.0,411.0,2.949,-0.25,-0.55
407.0,412.0,2.938,-0.194,-0.575
407.0,413.0,2.928,-0.151,-0.6
407.0,414.0,2.919,-0.118,-0.625
407.0,415.0,2.91,-0.094,-0.649
407.0,416.0,2.902,-0.076,-0.673
407.0,417.0,2.893,-0.064,-0.697
407.0,418.0,2.885,-0.056,-0.72
407.0,419.0,2.878,-0.052,-0.743
408.0,409.0,2.703,-0.192,-0.575
408.0,410.0,2.696,-0.15,-0.601
408.0,411.0,2.69,-0.117,-0.628
408.0,412.0,2.683,-0.092,-0.654
408.0,413.0,2.677,-0.074,-0.68
408.0,414.0,2.671,-0.061,-0.706
408.0,415.0,2.666,-0.052,-0.731
408.0,416.0,2.66,-0.046,-0.756
408.0,417.0,2.654,-0.044,-0.78
408.0,418.0,2.649,-0.043,-0.804
408.0,419.0,2.643,-0.045,-0.827
408.0,420.0,2.637,-0.048,-0.85
409.0,410.0,2.64,-0.151,-0.554
409.0,411.0,2.634,-0.112,-0.581
409.0,412.0,2.628,-0.082,-0.608
409.0,413.0,2.622,-0.059,-0.634
409.0,414.0,2.616,-0.042,-0.66
409.0,415.0,2.611,-0.03,-0.686
409.0,416.0,2.605,-0.023,-0.711
409.0,417.0,2.6,-0.019,-0.736
409.0,418.0,2.595,-0.017,-0.761
409.0,419.0,2.59,-0.017,-0.785
409.0,420.0,2.584,-0.02,-0.808
409.0,421.0,2.579,-0.024,-0.831
410.0,411.0,2.739,-0.25,-0.503
410.0,412.0,2.726,-0.208,-0.519
410.0,413.0,2.714,-0.172,-0.534
410.0,414.0,2.703,-0.14,-0.549
410.0,415.0,2.692,-0.112,-0.563
410.0,416.0,2.682,-0.087,-0.577
410.0,417.0,2.672,-0.066,-0.59
410.0,418.0,2.662,-0.048,-0.603
410.0,419.0,2.653,-0.032,-0.616
410.0,420.0,2.644,-0.018,-0.628
410.0,421.0,2.635,-0.007,-0.64
410.0,422.0,2.626,0.003,-0.651
411.0,412.0,2.43,0.042,-0.591
411.0,413.0,2.426,0.05,-0.616
411.0,414.0,2.422,0.054,-0.641
411.0,415.0,2.418,0.055,-0.665
411.0,416.0,2.414,0.055,-0.688
411.0,417.0,2.409,0.052,-0.711
411.0,418.0,2.405,0.048,-0.734
411.0,419.0,2.401,0.044,-0.756
411.0,420.0,2.397,0.038,-0.777
411.0,421.0,2.393,0.032,-0.798
411.0,422.0,2.388,0.025,-0.818
411.0,423.0,2.384,0.018,-0.838
412.0,413.0,2.557,-0.093,-0.917
412.0,414.0,2.552,-0.095,-0.936
412.0,415.0,2.546,-0.097,-0.954
412.0,416.0,2.54,-0.101,-0.971
412.0,417.0,2.534,-0.105,-0.988
412.0,418.0,2.528,-0.11,-1.005
412.0,419.0,2.522,-0.115,-1.021
412.0,420.0,2.516,-0.12,-1.037
412.0,421.0,2.51,-0.126,-1.052
412.0,422.0,2.504,-0.131,-1.066
412.0,423.0,2.498,-0.137,-1.081
412.0,424.0,2.492,-0.142,-1.094
413.0,414.0,2.173,0.225,-0.797
413.0,415.0,2.171,0.19,-0.816
413.0,416.0,2.169,0.16,-0.834
413.0,417.0,2.166,0.134,-0.852
413.0,418.0,2.163,0.111,-0.868
413.0,419.0,2.16,0.09,-0.884
413.0,420.0,2.157,0.073,-0.899
413.0,421.0,2.153,0.057,-0.914
413.0,422.0,2.15,0.043,-0.928
413.0,423.0,2.146,0.03,-0.941
413.0,424.0,2.142,0.019,-0.954
413.0,425.0,2.138,0.008,-0.967
414.0,415.0,2.074,0.068,-1.003
414.0,416.0,2.07,0.044,-1.013
414.0,417.0,2.067,0.025,-1.023
414.0,418.0,2.063,0.008,-1.032
414.0,419.0,2.059,-0.006,-1.04
414.0,420.0,2.055,-0.018,-1.048
414.0,421.0,2.051,-0.029,-1.056
414.0,422.0,2.047,-0.038,-1.064
414.0,423.0,2.043,-0.046,-1.071
414.0,424.0,2.038,-0.053,-1.077
414.0,425.0,2.034,-0.059,-1.084
414.0,426.0,2.029,-0.065,-1.09
415.0,416.0,2.041,0.101,-0.606
415.0,417.0,2.037,0.108,-0.624
415.0,418.0,2.034,0.112,-0.642
415.0,419.0,2.031,0.114,-0.659
415.0,420.0,2.028,0.114,-0.676
415.0,421.0,2.026,0.112,-0.693
415.0,422.0,2.023,0.11,-0.71
415.0,423.0,2.02,0.107,-0.725
415.0,424.0,2.017,0.103,-0.741
415.0,425.0,2.014,0.098,-0.756
415.0,426.0,2.011,0.093,-0.771
415.0,427.0,2.008,0.088,-0.785
416.0,417.0,1.518,0.524,-0.258
416.0,418.0,1.521,0.501,-0.28
416.0,419.0,1.523,0.48,-0.301
416.0,420.0,1.524,0.461,-0.322
416.0,421.0,1.526,0.444,-0.342
416.0,422.0,1.527,0.428,-0.362
416.0,423.0,1.528,0.413,-0.381
416.0,424.0,1.53,0.399,-0.399
416.0,425.0,1.53,0.386,-0.417
416.0,426.0,1.531,0.374,-0.434
416.0,427.0,1.532,0.362,-0.451
416.0,428.0,1.533,0.352,-0.467
417.0,418.0,1.668,0.252,-0.203
417.0,419.0,1.667,0.276,-0.225
417.0,420.0,1.666,0.295,-0.247
417.0,421.0,1.665,0.308,-0.268
417.0,422.0,1.664,0.316,-0.289
417.0,423.0,1.664,0.322,-0.31
417.0,424.0,1.664,0.324,-0.331
417.0,425.0,1.663,0.325,-0.351
417.0,426.0,1.663,0.323,-0.371
417.0,427.0,1.663,0.32,-0.39
417.0,428.0,1.663,0.316,-0.409
417.0,429.0,1.662,0.311,-0.427
418.0,419.0,1.726,-0.101,-0.566
418.0,420.0,1.721,-0.05,-0.577
418.0,421.0,1.717,-0.01,-0.588
418.0,422.0,1.713,0.022,-0.599
418.0,423.0,1.71,0.047,-0.611
418.0,424.0,1.706,0.067,-0.623
418.0,425.0,1.704,0.082,-0.634
418.0,426.0,1.701,0.094,-0.646
418.0,427.0,1.699,0.102,-0.657
418.0,428.0,1.696,0.108,-0.668
418.0,429.0,1.694,0.112,-0.68
418.0,430.0,1.692,0.114,-0.691
419.0,420.0,1.824,-0.136,-0.565
419.0,421.0,1.819,-0.083,-0.577
419.0,422.0,1.814,-0.04,-0.59
419.0,423.0,1.81,-0.007,-0.602
419.0,424.0,1.806,0.02,-0.615
419.0,425.0,1.803,0.04,-0.628
419.0,426.0,1.799,0.056,-0.641
419.0,427.0,1.797,0.068,-0.654
419.0,428.0,1.794,0.077,-0.666
419.0,429.0,1.791,0.083,-0.679
419.0,430.0,1.789,0.087,-0.691
419.0,431.0,1.786,0.089,-0.703
420.0,421.0,2.016,-0.412,-1.116
420.0,422.0,2.008,-0.365,-1.117
420.0,423.0,2.0,-0.327,-1.118
420.0,424.0,1.993,-0.296,-1.12
420.0,425.0,1.987,-0.27,-1.121
420.0,426.0,1.98,-0.249,-1.123
420.0,427.0,1.974,-0.232,-1.126
420.0,428.0,1.969,-0.218,-1.128
420.0,429.0,1.963,-0.206,-1.13
420.0,430.0,1.958,-0.197,-1.132
420.0,431.0,1.952,-0.189,-1.135
420.0,432.0,1.947,-0.183,-1.137
421.0,422.0,1.564,0.064,-0.758
421.0,423.0,1.562,0.07,-0.765
421.0,424.0,1.56,0.074,-0.772
421.0,425.0,1.558,0.078,-0.778
421.0,426.0,1.556,0.08,-0.785
421.0,427.0,1.554,0.081,-0.791
421.0,428.0,1.553,0.081,-0.798
421.0,429.0,1.551,0.081,-0.804
421.0,430.0,1.549,0.08,-0.81
421.0,431.0,1.547,0.08,-0.815
421.0,432.0,1.546,0.078,-0.821
421.0,433.0,1.544,0.077,-0.827
422.0,423.0,1.261,0.125,-1.122
422.0,424.0,1.261,0.095,-1.118
422.0,425.0,1.261,0.071,-1.114
422.0,426.0,1.261,0.052,-1.11
422.0,427.0,1.26,0.036,-1.106
422.0,428.0,1.26,0.024,-1.101
422.0,429.0,1.259,0.015,-1.096
422.0,430.0,1.258,0.007,-1.091
422.0,431.0,1.257,0.002,-1.087
422.0,432.0,1.255,-0.002,-1.082
422.0,433.0,1.254,-0.005,-1.077
422.0,434.0,1.253,-0.007,-1.073
423.0,424.0,0.822,-0.654,-1.49
423.0,425.0,0.815,-0.576,-1.462
423.0,426.0,0.809,-0.511,-1.436
423.0,427.0,0.804,-0.455,-1.412
423.0,428.0,0.799,-0.407,-1.388
423.0,429.0,0.796,-0.366,-1.366
423.0,430.0,0.792,-0.33,-1.344
423.0,431.0,0.789,-0.299,-1.324
423.0,432.0,0.787,-0.272,-1.304
423.0,433.0,0.785,-0.248,-1.285
423.0,434.0,0.783,-0.227,-1.266
423.0,435.0,0.781,-0.208,-1.249
424.0,425.0,0.808,-0.634,-1.304
424.0,426.0,0.809,-0.574,-1.316
424.0,427.0,0.81,-0.522,-1.326
424.0,428.0,0.812,-0.477,-1.336
424.0,429.0,0.814,-0.439,-1.345
424.0,430.0,0.817,-0.406,-1.354
424.0,431.0,0.82,-0.377,-1.362
424.0,432.0,0.824,-0.353,-1.37
424.0,433.0,0.827,-0.333,-1.378
424.0,434.0,0.831,-0.315,-1.385
424.0,435.0,0.835,-0.3,-1.392
424.0,436.0,0.839,-0.288,-1.398
425.0,426.0,0.795,-0.553,-1.641
425.0,427.0,0.79,-0.508,-1.611
425.0,428.0,0.786,-0.468,-1.583
425.0,429.0,0.782,-0.434,-1.556
425.0,430.0,0.778,-0.403,-1.529
425.0,431.0,0.775,-0.376,-1.504
425.0,432.0,0.772,-0.351,-1.479
425.0,433.0,0.769,-0.329,-1.455
425.0,434.0,0.767,-0.309,-1.432
425.0,435.0,0.765,-0.29,-1.41
425.0,436.0,0.763,-0.273,-1.388
425.0,437.0,0.761,-0.257,-1.367
426.0,427.0,0.796,-0.552,-1.767
426.0,428.0,0.791,-0.512,-1.735
426.0,429.0,0.787,-0.475,-1.705
426.0,430.0,0.783,-0.443,-1.676
426.0,431.0,0.779,-0.413,-1.648
426.0,432.0,0.776,-0.387,-1.621
426.0,433.0,0.773,-0.363,-1.595
426.0,434.0,0.77,-0.341,-1.569
426.0,435.0,0.767,-0.32,-1.545
426.0,436.0,0.765,-0.302,-1.521
426.0,437.0,0.762,-0.284,-1.498
426.0,438.0,0.76,-0.268,-1.476
427.0,428.0,0.64,-0.447,-1.392
427.0,429.0,0.636,-0.396,-1.366
427.0,430.0,0.633,-0.353,-1.342
427.0,431.0,0.63,-0.315,-1.319
427.0,432.0,0.628,-0.282,-1.296
427.0,433.0,0.626,-0.253,-1.275
427.0,434.0,0.625,-0.228,-1.254
427.0,435.0,0.624,-0.205,-1.234
427.0,436.0,0.623,-0.185,-1.215
427.0,437.0,0.622,-0.167,-1.196
427.0,438.0,0.621,-0.151,-1.178
427.0,439.0,0.621,-0.136,-1.16
428.0,429.0,0.862,-0.677,-1.983
428.0,430.0,0.857,-0.643,-1.947
428.0,431.0,0.851,-0.612,-1.912
428.0,432.0,0.846,-0.584,-1.878
428.0,433.0,0.841,-0.558,-1.845
428.0,434.0,0.837,-0.533,-1.812
428.0,435.0,0.832,-0.511,-1.781
428.0,436.0,0.828,-0.489,-1.751
428.0,437.0,0.825,-0.469,-1.721
428.0,438.0,0.821,-0.45,-1.692
428.0,439.0,0.818,-0.432,-1.664
428.0,440.0,0.814,-0.414,-1.636
429.0,430.0,0.829,-0.65,-1.895
429.0,431.0,0.823,-0.612,-1.86
429.0,432.0,0.818,-0.578,-1.827
429.0,433.0,0.813,-0.548,-1.794
429.0,434.0,0.809,-0.52,-1.762
429.0,435.0,0.804,-0.494,-1.731
429.0,436.0,0.8,-0.47,-1.701
429.0,437.0,0.797,-0.448,-1.672
429.0,438.0,0.793,-0.428,-1.644
429.0,439.0,0.79,-0.408,-1.616
429.0,440.0,0.787,-0.39,-1.589
429.0,441.0,0.784,-0.373,-1.563
430.0,431.0,1.07,-0.893,-2.393
430.0,432.0,1.062,-0.863,-2.349
430.0,433.0,1.055,-0.835,-2.307
430.0,434.0,1.047,-0.808,-2.265
430.0,435.0,1.04,-0.783,-2.224
430.0,436.0,1.033,-0.758,-2.185
430.0,437.0,1.026,-0.734,-2.146
430.0,438.0,1.02,-0.712,-2.109
430.0,439.0,1.014,-0.689,-2.072
430.0,440.0,1.008,-0.668,-2.036
430.0,441.0,1.002,-0.647,-2.002
430.0,442.0,0.996,-0.627,-1.968
431.0,432.0,1.02,-0.855,-2.308
431.0,433.0,1.012,-0.823,-2.266
431.0,434.0,1.005,-0.792,-2.224
431.0,435.0,0.998,-0.764,-2.184
431.0,436.0,0.991,-0.737,-2.145
431.0,437.0,0.984,-0.711,-2.106
431.0,438.0,0.978,-0.686,-2.069
431.0,439.0,0.972,-0.663,-2.033
431.0,440.0,0.966,-0.641,-1.997
431.0,441.0,0.961,-0.619,-1.963
431.0,442.0,0.955,-0.599,-1.929
431.0,443.0,0.95,-0.579,-1.896
432.0,433.0,1.125,-0.973,-2.754
432.0,434.0,1.116,-0.954,-2.702
432.0,435.0,1.107,-0.935,-2.65
432.0,436.0,1.099,-0.914,-2.6
432.0,437.0,1.091,-0.893,-2.551
432.0,438.0,1.083,-0.872,-2.504
432.0,439.0,1.075,-0.85,-2.457
432.0,440.0,1.068,-0.829,-2.412
432.0,441.0,1.061,-0.807,-2.367
432.0,442.0,1.053,-0.785,-2.324
432.0,443.0,1.047,-0.764,-2.282
432.0,444.0,1.04,-0.743,-2.241
433.0,434.0,1.316,-1.184,-3.185
433.0,435.0,1.305,-1.178,-3.126
433.0,436.0,1.295,-1.167,-3.068
433.0,437.0,1.285,-1.152,-3.011
433.0,438.0,1.274,-1.135,-2.955
433.0,439.0,1.264,-1.117,-2.901
433.0,440.0,1.254,-1.096,-2.847
433.0,441.0,1.244,-1.075,-2.795
433.0,442.0,1.235,-1.052,-2.744
433.0,443.0,1.225,-1.029,-2.694
433.0,444.0,1.216,-1.006,-2.645
433.0,445.0,1.207,-0.983,-2.597
434.0,435.0,1.783,-1.705,-4.12
434.0,436.0,1.767,-1.699,-4.044
434.0,437.0,1.751,-1.687,-3.969
434.0,438.0,1.735,-1.67,-3.896
434.0,439.0,1.719,-1.649,-3.824
434.0,440.0,1.704,-1.626,-3.753
434.0,441.0,1.688,-1.6,-3.684
434.0,442.0,1.673,-1.573,-3.616
434.0,443.0,1.658,-1.544,-3.55
434.0,444.0,1.643,-1.514,-3.485
434.0,445.0,1.628,-1.484,-3.422
434.0,446.0,1.614,-1.454,-3.36
435.0,436.0,2.201,-2.166,-5.137
435.0,437.0,2.181,-2.174,-5.044
435.0,438.0,2.162,-2.171,-4.952
435.0,439.0,2.142,-2.161,-4.862
435.0,440.0,2.122,-2.143,-4.773
435.0,441.0,2.102,-2.121,-4.686
435.0,442.0,2.082,-2.095,-4.601
435.0,443.0,2.062,-2.066,-4.517
435.0,444.0,2.043,-2.034,-4.435
435.0,445.0,2.024,-2.0,-4.354
435.0,446.0,2.005,-1.966,-4.275
435.0,447.0,1.986,-1.93,-4.198
436.0,437.0,2.067,-2.037,-4.719
436.0,438.0,2.05,-2.038,-4.64
436.0,439.0,2.034,-2.032,-4.563
436.0,440.0,2.017,-2.021,-4.487
436.0,441.0,2.001,-2.005,-4.412
436.0,442.0,1.984,-1.986,-4.339
436.0,443.0,1.968,-1.963,-4.267
436.0,444.0,1.952,-1.938,-4.196
436.0,445.0,1.936,-1.912,-4.126
436.0,446.0,1.92,-1.883,-4.058
436.0,447.0,1.905,-1.854,-3.991
436.0,448.0,1.889,-1.824,-3.925
437.0,438.0,2.032,-2.017,-4.75
437.0,439.0,2.014,-2.019,-4.663
437.0,440.0,1.996,-2.013,-4.577
437.0,441.0,1.978,-2.0,-4.493
437.0,442.0,1.96,-1.982,-4.41
437.0,443.0,1.942,-1.959,-4.329
437.0,444.0,1.924,-1.932,-4.25
437.0,445.0,1.906,-1.903,-4.172
437.0,446.0,1.889,-1.872,-4.096
437.0,447.0,1.871,-1.839,-4.021
437.0,448.0,1.854,-1.806,-3.948
437.0,449.0,1.837,-1.771,-3.877
438.0,439.0,1.839,-1.779,-3.918
438.0,440.0,1.822,-1.744,-3.846
438.0,441.0,1.805,-1.708,-3.776
438.0,442.0,1.788,-1.673,-3.706
438.0,443.0,1.772,-1.637,-3.639
438.0,444.0,1.756,-1.602,-3.573
438.0,445.0,1.74,-1.567,-3.508
438.0,446.0,1.725,-1.532,-3.445
438.0,447.0,1.71,-1.498,-3.384
438.0,448.0,1.695,-1.464,-3.323
438.0,449.0,1.681,-1.431,-3.264
438.0,450.0,1.667,-1.399,-3.207
439.0,440.0,1.55,-1.464,-3.445
439.0,441.0,1.536,-1.434,-3.381
439.0,442.0,1.522,-1.403,-3.318
439.0,443.0,1.508,-1.373,-3.257
439.0,444.0,1.495,-1.342,-3.197
439.0,445.0,1.482,-1.312,-3.139
439.0,446.0,1.47,-1.281,-3.082
439.0,447.0,1.457,-1.251,-3.026
439.0,448.0,1.445,-1.222,-2.972
439.0,449.0,1.434,-1.192,-2.918
439.0,450.0,1.422,-1.164,-2.866
439.0,451.0,1.411,-1.135,-2.815
440.0,441.0,1.625,-1.551,-3.47
440.0,442.0,1.61,-1.513,-3.406
440.0,443.0,1.596,-1.476,-3.344
440.0,444.0,1.582,-1.441,-3.283
440.0,445.0,1.568,-1.406,-3.224
440.0,446.0,1.554,-1.372,-3.166
440.0,447.0,1.541,-1.339,-3.11
440.0,448.0,1.529,-1.307,-3.054
440.0,449.0,1.516,-1.275,-3.0
440.0,450.0,1.504,-1.244,-2.948
440.0,451.0,1.492,-1.214,-2.896
440.0,452.0,1.48,-1.185,-2.846
441.0,442.0,1.849,-1.8,-3.816
441.0,443.0,1.831,-1.753,-3.746
441.0,444.0,1.814,-1.707,-3.677
441.0,445.0,1.797,-1.664,-3.61
441.0,446.0,1.781,-1.622,-3.544
441.0,447.0,1.765,-1.582,-3.48
441.0,448.0,1.749,-1.543,-3.418
441.0,449.0,1.734,-1.506,-3.357
441.0,450.0,1.719,-1.469,-3.297
441.0,451.0,1.705,-1.434,-3.239
441.0,452.0,1.691,-1.4,-3.182
441.0,453.0,1.677,-1.366,-3.126
442.0,443.0,1.864,-1.811,-3.207
442.0,444.0,1.845,-1.707,-3.147
442.0,445.0,1.828,-1.617,-3.089
442.0,446.0,1.811,-1.538,-3.033
442.0,447.0,1.795,-1.468,-2.98
442.0,448.0,1.78,-1.406,-2.928
442.0,449.0,1.765,-1.351,-2.877
442.0,450.0,1.752,-1.301,-2.829
442.0,451.0,1.738,-1.256,-2.781
442.0,452.0,1.726,-1.214,-2.735
442.0,453.0,1.713,-1.176,-2.691
442.0,454.0,1.701,-1.141,-2.647
443.0,444.0,1.689,-1.61,-2.525
443.0,445.0,1.67,-1.48,-2.477
443.0,446.0,1.654,-1.37,-2.433
443.0,447.0,1.639,-1.276,-2.39
443.0,448.0,1.625,-1.195,-2.35
443.0,449.0,1.612,-1.126,-2.311
443.0,450.0,1.6,-1.065,-2.273
443.0,451.0,1.588,-1.012,-2.237
443.0,452.0,1.577,-0.966,-2.202
443.0,453.0,1.567,-0.925,-2.169
443.0,454.0,1.558,-0.888,-2.136
443.0,455.0,1.548,-0.855,-2.104
444.0,445.0,1.736,-1.619,-2.398
444.0,446.0,1.72,-1.473,-2.352
444.0,447.0,1.706,-1.35,-2.309
444.0,448.0,1.692,-1.245,-2.269
444.0,449.0,1.68,-1.155,-2.231
444.0,450.0,1.669,-1.078,-2.196
444.0,451.0,1.658,-1.012,-2.162
444.0,452.0,1.648,-0.955,-2.129
444.0,453.0,1.639,-0.906,-2.098
444.0,454.0,1.63,-0.862,-2.069
444.0,455.0,1.622,-0.824,-2.04
444.0,456.0,1.613,-0.79,-2.013
445.0,446.0,1.922,-1.626,-1.405
445.0,447.0,1.902,-1.405,-1.379
445.0,448.0,1.885,-1.222,-1.356
445.0,449.0,1.87,-1.07,-1.338
445.0,450.0,1.857,-0.944,-1.321
445.0,451.0,1.845,-0.839,-1.308
445.0,452.0,1.835,-0.752,-1.296
445.0,453.0,1.825,-0.68,-1.285
445.0,454.0,1.816,-0.619,-1.276
445.0,455.0,1.808,-0.569,-1.269
445.0,456.0,1.801,-0.527,-1.262
445.0,457.0,1.794,-0.492,-1.255
446.0,447.0,1.876,-1.416,-0.504
446.0,448.0,1.858,-1.155,-0.494
446.0,449.0,1.843,-0.94,-0.49
446.0,450.0,1.83,-0.764,-0.49
446.0,451.0,1.82,-0.619,-0.493
446.0,452.0,1.811,-0.501,-0.499
446.0,453.0,1.803,-0.405,-0.507
446.0,454.0,1.796,-0.327,-0.517
446.0,455.0,1.791,-0.264,-0.528
446.0,456.0,1.786,-0.213,-0.54
446.0,457.0,1.782,-0.172,-0.553
446.0,458.0,1.778,-0.14,-0.566
447.0,448.0,2.189,-1.474,1.221
447.0,449.0,2.163,-1.029,1.176
447.0,450.0,2.142,-0.672,1.131
447.0,451.0,2.126,-0.386,1.085
447.0,452.0,2.113,-0.157,1.039
447.0,453.0,2.103,0.024,0.994
447.0,454.0,2.095,0.168,0.948
447.0,455.0,2.089,0.28,0.903
447.0,456.0,2.084,0.368,0.858
447.0,457.0,2.08,0.435,0.814
447.0,458.0,2.078,0.485,0.771
447.0,459.0,2.076,0.522,0.728
448.0,449.0,2.878,-1.912,0.608
448.0,450.0,2.883,-1.529,0.596
448.0,451.0,2.888,-1.213,0.571
448.0,452.0,2.893,-0.954,0.536
448.0,453.0,2.897,-0.742,0.493
448.0,454.0,2.901,-0.569,0.443
448.0,455.0,2.905,-0.431,0.388
448.0,456.0,2.909,-0.32,0.33
448.0,457.0,2.912,-0.233,0.269
448.0,458.0,2.914,-0.166,0.206
448.0,459.0,2.916,-0.115,0.142
448.0,460.0,2.918,-0.078,0.077
449.0,450.0,2.863,-1.67,-0.026
449.0,451.0,2.86,-1.379,-0.036
449.0,452.0,2.858,-1.138,-0.054
449.0,453.0,2.857,-0.94,-0.079
449.0,454.0,2.855,-0.779,-0.11
449.0,455.0,2.854,-0.647,-0.145
449.0,456.0,2.852,-0.54,-0.184
449.0,457.0,2.851,-0.455,-0.225
449.0,458.0,2.849,-0.388,-0.268
449.0,459.0,2.848,-0.335,-0.313
449.0,460.0,2.846,-0.295,-0.357
449.0,461.0,2.844,-0.265,-0.403
450.0,451.0,2.878,-0.937,1.154
450.0,452.0,2.889,-0.672,1.099
450.0,453.0,2.899,-0.458,1.036
450.0,454.0,2.908,-0.286,0.965
450.0,455.0,2.916,-0.151,0.89
450.0,456.0,2.924,-0.045,0.811
450.0,457.0,2.931,0.035,0.729
450.0,458.0,2.937,0.095,0.646
450.0,459.0,2.943,0.138,0.562
450.0,460.0,2.948,0.166,0.478
450.0,461.0,2.952,0.183,0.395
450.0,462.0,2.956,0.19,0.312
451.0,452.0,2.493,0.042,1.308
451.0,453.0,2.502,0.17,1.228
451.0,454.0,2.511,0.267,1.145
451.0,455.0,2.519,0.34,1.061
451.0,456.0,2.526,0.393,0.975
451.0,457.0,2.533,0.429,0.89
451.0,458.0,2.54,0.451,0.804
451.0,459.0,2.546,0.461,0.719
451.0,460.0,2.552,0.463,0.635
451.0,461.0,2.557,0.457,0.553
451.0,462.0,2.562,0.446,0.472
451.0,463.0,2.566,0.429,0.394
452.0,453.0,3.038,-0.173,1.696
452.0,454.0,3.054,0.007,1.598
452.0,455.0,3.069,0.147,1.495
452.0,456.0,3.082,0.252,1.388
452.0,457.0,3.094,0.329,1.28
452.0,458.0,3.106,0.384,1.17
452.0,459.0,3.116,0.419,1.061
452.0,460.0,3.125,0.438,0.952
452.0,461.0,3.133,0.445,0.844
452.0,462.0,3.14,0.442,0.737
452.0,463.0,3.147,0.43,0.633
452.0,464.0,3.153,0.412,0.531
453.0,454.0,3.593,-0.211,2.551
453.0,455.0,3.622,0.026,2.419
453.0,456.0,3.648,0.21,2.279
453.0,457.0,3.672,0.347,2.134
453.0,458.0,3.694,0.448,1.985
453.0,459.0,3.713,0.517,1.835
453.0,460.0,3.731,0.561,1.684
453.0,461.0,3.747,0.585,1.534
453.0,462.0,3.762,0.591,1.386
453.0,463.0,3.775,0.584,1.24
453.0,464.0,3.786,0.566,1.096
453.0,465.0,3.796,0.539,0.955
454.0,455.0,3.856,0.22,2.023
454.0,456.0,3.88,0.333,1.871
454.0,457.0,3.902,0.412,1.716
454.0,458.0,3.921,0.463,1.56
454.0,459.0,3.938,0.491,1.405
454.0,460.0,3.953,0.501,1.251
454.0,461.0,3.967,0.496,1.099
454.0,462.0,3.978,0.479,0.949
454.0,463.0,3.988,0.453,0.803
454.0,464.0,3.997,0.418,0.66
454.0,465.0,4.005,0.379,0.522
454.0,466.0,4.011,0.334,0.387
455.0,456.0,3.309,1.099,2.586
455.0,457.0,3.333,1.119,2.405
455.0,458.0,3.355,1.12,2.226
455.0,459.0,3.375,1.104,2.05
455.0,460.0,3.393,1.076,1.877
455.0,461.0,3.409,1.038,1.708
455.0,462.0,3.424,0.993,1.543
455.0,463.0,3.438,0.941,1.383
455.0,464.0,3.45,0.886,1.227
455.0,465.0,3.461,0.827,1.076
455.0,466.0,3.471,0.766,0.931
455.0,467.0,3.479,0.704,0.79
456.0,457.0,3.62,0.772,2.128
456.0,458.0,3.641,0.803,1.96
456.0,459.0,3.66,0.813,1.793
456.0,460.0,3.677,0.807,1.629
456.0,461.0,3.692,0.787,1.467
456.0,462.0,3.706,0.757,1.309
456.0,463.0,3.718,0.719,1.154
456.0,464.0,3.729,0.675,1.004
456.0,465.0,3.738,0.626,0.858
456.0,466.0,3.747,0.573,0.716
456.0,467.0,3.754,0.518,0.579
456.0,468.0,3.76,0.462,0.447
457.0,458.0,3.198,1.516,2.302
457.0,459.0,3.217,1.441,2.108
457.0,460.0,3.234,1.363,1.921
457.0,461.0,3.249,1.284,1.739
457.0,462.0,3.264,1.204,1.564
457.0,463.0,3.277,1.123,1.396
457.0,464.0,3.288,1.043,1.233
457.0,465.0,3.299,0.963,1.077
457.0,466.0,3.308,0.885,0.927
457.0,467.0,3.316,0.809,0.782
457.0,468.0,3.324,0.734,0.644
457.0,469.0,3.33,0.662,0.511
458.0,459.0,3.591,1.286,3.015
458.0,460.0,3.616,1.302,2.819
458.0,461.0,3.64,1.297,2.627
458.0,462.0,3.662,1.277,2.437
458.0,463.0,3.682,1.243,2.251
458.0,464.0,3.701,1.2,2.069
458.0,465.0,3.717,1.148,1.892
458.0,466.0,3.733,1.091,1.719
458.0,467.0,3.747,1.029,1.552
458.0,468.0,3.759,0.965,1.389
458.0,469.0,3.771,0.898,1.232
458.0,470.0,3.781,0.83,1.08
459.0,460.0,3.237,1.495,1.929
459.0,461.0,3.248,1.378,1.743
459.0,462.0,3.259,1.268,1.565
459.0,463.0,3.269,1.164,1.394
459.0,464.0,3.277,1.066,1.231
459.0,465.0,3.285,0.972,1.074
459.0,466.0,3.292,0.884,0.925
459.0,467.0,3.299,0.799,0.781
459.0,468.0,3.304,0.719,0.644
459.0,469.0,3.309,0.643,0.513
459.0,470.0,3.313,0.57,0.387
459.0,471.0,3.317,0.501,0.266
460.0,461.0,3.153,1.707,1.945
460.0,462.0,3.166,1.573,1.761
460.0,463.0,3.178,1.447,1.586
460.0,464.0,3.189,1.33,1.419
460.0,465.0,3.199,1.22,1.259
460.0,466.0,3.208,1.116,1.106
460.0,467.0,3.216,1.019,0.96
460.0,468.0,3.224,0.927,0.821
460.0,469.0,3.23,0.84,0.687
460.0,470.0,3.236,0.758,0.559
460.0,471.0,3.241,0.68,0.437
460.0,472.0,3.245,0.606,0.32
461.0,462.0,3.366,1.977,2.236
461.0,463.0,3.381,1.822,2.039
461.0,464.0,3.394,1.678,1.851
461.0,465.0,3.406,1.545,1.671
461.0,466.0,3.417,1.42,1.5
461.0,467.0,3.427,1.303,1.336
461.0,468.0,3.436,1.193,1.179
461.0,469.0,3.444,1.09,1.029
461.0,470.0,3.451,0.992,0.885
461.0,471.0,3.458,0.9,0.748
461.0,472.0,3.463,0.813,0.616
461.0,473.0,3.468,0.731,0.49
462.0,463.0,3.454,1.879,3.466
462.0,464.0,3.48,1.837,3.253
462.0,465.0,3.504,1.785,3.046
462.0,466.0,3.526,1.723,2.844
462.0,467.0,3.547,1.656,2.646
462.0,468.0,3.566,1.583,2.455
462.0,469.0,3.584,1.507,2.269
462.0,470.0,3.6,1.429,2.088
462.0,471.0,3.615,1.349,1.913
462.0,472.0,3.629,1.269,1.744
462.0,473.0,3.642,1.189,1.58
462.0,474.0,3.653,1.11,1.422
463.0,464.0,3.63,1.785,2.784
463.0,465.0,3.65,1.699,2.583
463.0,466.0,3.669,1.611,2.388
463.0,467.0,3.686,1.523,2.2
463.0,468.0,3.701,1.434,2.017
463.0,469.0,3.716,1.346,1.841
463.0,470.0,3.729,1.259,1.671
463.0,471.0,3.741,1.173,1.506
463.0,472.0,3.752,1.088,1.347
463.0,473.0,3.762,1.006,1.194
463.0,474.0,3.771,0.925,1.046
463.0,475.0,3.779,0.846,0.904
464.0,465.0,3.857,1.59,2.092
464.0,466.0,3.871,1.478,1.906
464.0,467.0,3.885,1.371,1.727
464.0,468.0,3.897,1.268,1.554
464.0,469.0,3.908,1.168,1.387
464.0,470.0,3.918,1.073,1.227
464.0,471.0,3.927,0.98,1.073
464.0,472.0,3.934,0.892,0.925
464.0,473.0,3.941,0.807,0.783
464.0,474.0,3.947,0.725,0.645
464.0,475.0,3.952,0.646,0.514
464.0,476.0,3.956,0.57,0.387
465.0,466.0,4.411,1.007,1.169
465.0,467.0,4.419,0.905,1.009
465.0,468.0,4.425,0.808,0.855
465.0,469.0,4.431,0.715,0.708
465.0,470.0,4.435,0.627,0.566
465.0,471.0,4.439,0.543,0.429
465.0,472.0,4.442,0.462,0.298
465.0,473.0,4.444,0.385,0.172
465.0,474.0,4.445,0.311,0.051
465.0,475.0,4.445,0.24,-0.066
465.0,476.0,4.444,0.173,-0.178
465.0,477.0,4.443,0.108,-0.285
466.0,467.0,4.875,0.526,0.118
466.0,468.0,4.875,0.407,-0.018
466.0,469.0,4.873,0.298,-0.147
466.0,470.0,4.871,0.198,-0.271
466.0,471.0,4.868,0.106,-0.389
466.0,472.0,4.864,0.021,-0.501
466.0,473.0,4.86,-0.058,-0.609
466.0,474.0,4.855,-0.131,-0.712
466.0,475.0,4.849,-0.2,-0.81
466.0,476.0,4.843,-0.264,-0.905
466.0,477.0,4.836,-0.324,-0.995
466.0,478.0,4.829,-0.381,-1.081
467.0,468.0,4.242,1.108,0.496
467.0,469.0,4.243,0.94,0.342
467.0,470.0,4.244,0.789,0.196
467.0,471.0,4.245,0.653,0.059
467.0,472.0,4.244,0.53,-0.07
467.0,473.0,4.243,0.419,-0.193
467.0,474.0,4.242,0.317,-0.31
467.0,475.0,4.239,0.224,-0.42
467.0,476.0,4.236,0.139,-0.526
467.0,477.0,4.233,0.06,-0.626
467.0,478.0,4.229,-0.013,-0.721
467.0,479.0,4.224,-0.081,-0.811
468.0,469.0,3.761,1.466,0.48
468.0,470.0,3.762,1.25,0.32
468.0,471.0,3.762,1.059,0.172
468.0,472.0,3.761,0.89,0.034
468.0,473.0,3.76,0.74,-0.094
468.0,474.0,3.759,0.606,-0.215
468.0,475.0,3.757,0.486,-0.329
468.0,476.0,3.755,0.378,-0.435
468.0,477.0,3.752,0.281,-0.535
468.0,478.0,3.749,0.192,-0.63
468.0,479.0,3.745,0.112,-0.72
468.0,480.0,3.741,0.039,-0.804
469.0,470.0,3.834,1.387,0.091
469.0,471.0,3.831,1.158,-0.06
469.0,472.0,3.828,0.957,-0.199
469.0,473.0,3.825,0.779,-0.328
469.0,474.0,3.821,0.622,-0.447
469.0,475.0,3.817,0.483,-0.559
469.0,476.0,3.812,0.359,-0.662
469.0,477.0,3.807,0.248,-0.759
469.0,478.0,3.802,0.149,-0.849
469.0,479.0,3.796,0.06,-0.934
469.0,480.0,3.79,-0.02,-1.014
469.0,481.0,3.784,-0.092,-1.089
470.0,471.0,4.138,1.18,0.558
470.0,472.0,4.14,1.021,0.409
470.0,473.0,4.142,0.877,0.268
470.0,474.0,4.143,0.746,0.134
470.0,475.0,4.143,0.626,0.007
470.0,476.0,4.143,0.517,-0.113
470.0,477.0,4.142,0.417,-0.227
470.0,478.0,4.14,0.325,-0.336
470.0,479.0,4.138,0.24,-0.439
470.0,480.0,4.135,0.161,-0.537
470.0,481.0,4.131,0.088,-0.631
470.0,482.0,4.127,0.02,-0.72
471.0,472.0,4.048,1.218,0.837
471.0,473.0,4.053,1.079,0.686
471.0,474.0,4.058,0.952,0.543
471.0,475.0,4.061,0.834,0.406
471.0,476.0,4.064,0.726,0.276
471.0,477.0,4.065,0.625,0.152
471.0,478.0,4.067,0.532,0.034
471.0,479.0,4.067,0.445,-0.079
471.0,480.0,4.067,0.364,-0.187
471.0,481.0,4.065,0.287,-0.29
471.0,482.0,4.064,0.216,-0.389
471.0,483.0,4.061,0.149,-0.484
472.0,473.0,4.539,0.803,0.739
472.0,474.0,4.544,0.712,0.596
472.0,475.0,4.547,0.625,0.458
472.0,476.0,4.55,0.542,0.326
472.0,477.0,4.552,0.462,0.198
472.0,478.0,4.553,0.385,0.076
472.0,479.0,4.553,0.311,-0.042
472.0,480.0,4.552,0.241,-0.155
472.0,481.0,4.551,0.173,-0.264
472.0,482.0,4.549,0.108,-0.368
472.0,483.0,4.546,0.046,-0.469
472.0,484.0,4.542,-0.013,-0.565
473.0,474.0,4.36,0.955,0.712
473.0,475.0,4.364,0.843,0.571
473.0,476.0,4.368,0.738,0.435
473.0,477.0,4.37,0.641,0.305
473.0,478.0,4.372,0.549,0.18
473.0,479.0,4.373,0.463,0.061
473.0,480.0,4.373,0.382,-0.053
473.0,481.0,4.372,0.305,-0.163
473.0,482.0,4.371,0.233,-0.268
473.0,483.0,4.369,0.164,-0.369
473.0,484.0,4.366,0.099,-0.466
473.0,485.0,4.363,0.038,-0.559
474.0,475.0,4.283,1.075,0.351
474.0,476.0,4.296,0.993,0.144
474.0,477.0,4.307,0.909,-0.055
474.0,478.0,4.315,0.822,-0.247
474.0,479.0,4.321,0.734,-0.432
474.0,480.0,4.326,0.645,-0.61
474.0,481.0,4.328,0.556,-0.78
474.0,482.0,4.329,0.467,-0.944
474.0,483.0,4.328,0.379,-1.101
474.0,484.0,4.325,0.291,-1.251
474.0,485.0,4.321,0.204,-1.394
474.0,486.0,4.316,0.118,-1.53
475.0,476.0,3.96,1.253,-0.099
475.0,477.0,3.957,1.045,-0.236
475.0,478.0,3.953,0.861,-0.364
475.0,479.0,3.949,0.697,-0.482
475.0,480.0,3.945,0.552,-0.591
475.0,481.0,3.94,0.422,-0.694
475.0,482.0,3.934,0.305,-0.79
475.0,483.0,3.929,0.201,-0.88
475.0,484.0,3.922,0.107,-0.964
475.0,485.0,3.916,0.022,-1.043
475.0,486.0,3.909,-0.055,-1.117
475.0,487.0,3.901,-0.125,-1.187
476.0,477.0,3.921,1.029,-0.918
476.0,478.0,3.911,0.794,-1.034
476.0,479.0,3.901,0.588,-1.139
476.0,480.0,3.891,0.409,-1.234
476.0,481.0,3.88,0.253,-1.32
476.0,482.0,3.87,0.116,-1.399
476.0,483.0,3.859,-0.004,-1.47
476.0,484.0,3.848,-0.109,-1.536
476.0,485.0,3.837,-0.202,-1.596
476.0,486.0,3.826,-0.284,-1.651
476.0,487.0,3.814,-0.356,-1.702
476.0,488.0,3.803,-0.42,-1.749
477.0,478.0,3.858,0.608,-1.339
477.0,479.0,3.846,0.409,-1.435
477.0,480.0,3.833,0.237,-1.52
477.0,481.0,3.82,0.088,-1.597
477.0,482.0,3.808,-0.043,-1.666
477.0,483.0,3.795,-0.156,-1.729
477.0,484.0,3.782,-0.255,-1.785
477.0,485.0,3.77,-0.342,-1.836
477.0,486.0,3.757,-0.418,-1.883
477.0,487.0,3.744,-0.484,-1.925
477.0,488.0,3.731,-0.542,-1.963
477.0,489.0,3.718,-0.593,-1.998
478.0,479.0,4.324,0.118,-0.877
478.0,480.0,4.317,0.023,-0.966
478.0,481.0,4.31,-0.064,-1.05
478.0,482.0,4.302,-0.142,-1.13
478.0,483.0,4.294,-0.213,-1.205
478.0,484.0,4.285,-0.278,-1.276
478.0,485.0,4.276,-0.338,-1.343
478.0,486.0,4.267,-0.392,-1.407
478.0,487.0,4.257,-0.442,-1.467
478.0,488.0,4.247,-0.488,-1.525
478.0,489.0,4.236,-0.531,-1.579
478.0,490.0,4.226,-0.57,-1.63
479.0,480.0,4.164,0.191,-0.379
479.0,481.0,4.161,0.129,-0.475
479.0,482.0,4.158,0.07,-0.567
479.0,483.0,4.154,0.013,-0.654
479.0,484.0,4.15,-0.04,-0.738
479.0,485.0,4.145,-0.092,-0.819
479.0,486.0,4.14,-0.141,-0.896
479.0,487.0,4.134,-0.187,-0.97
479.0,488.0,4.127,-0.232,-1.041
479.0,489.0,4.12,-0.275,-1.109
479.0,490.0,4.113,-0.315,-1.174
479.0,491.0,4.105,-0.354,-1.236
480.0,481.0,4.676,-0.541,-1.372
480.0,482.0,4.666,-0.578,-1.436
480.0,483.0,4.655,-0.614,-1.498
480.0,484.0,4.644,-0.648,-1.558
480.0,485.0,4.633,-0.682,-1.615
480.0,486.0,4.621,-0.713,-1.669
480.0,487.0,4.609,-0.744,-1.721
480.0,488.0,4.596,-0.773,-1.771
480.0,489.0,4.583,-0.8,-1.818
480.0,490.0,4.57,-0.827,-1.864
480.0,491.0,4.557,-0.852,-1.907
480.0,492.0,4.543,-0.876,-1.948
