231.0,-3.187011718750001,0.36763329872759426,0.28322519022721315,0.001309786172959084,0.9905906004973055,-0.00954187640072357,0.024888784758973163,-0.010055832268232005,0.9602679373905088,0.0932245123314408,5.263465009961293e-6,0.050654790229738726,0.8945771719964277
232.0,-3.1889556884765633,0.38063182530801315,0.26602684590901465,0.02928937186484566,0.991028423531302,-0.009164767990602148,0.021609565547909812,-0.008979502568655755,0.9613617054842658,0.08298035171935834,-0.0030257515010463126,0.0522652626580073,0.8941564713424541
233.0,-3.1889556884765633,0.37809309079145015,0.2672413668092296,0.02876745373788731,0.9909366494896861,-0.009263025238526946,0.020851253766733524,-0.00934675133473743,0.9611089775520771,0.08041428603492932,-0.002836590744425926,0.052238024710573955,0.8943075388720381
234.0,-3.20084080696106,0.37572081212731784,0.27020840448698946,0.024332404147038605,0.9907618417396338,-0.00951189043433131,0.021299988177239475,-0.00955404638327847,0.9601960053053664,0.0812362921628749,-0.002629238241758502,0.05225824070679733,0.8943520670691993
235.0,-3.2074928283691415,0.3735709520217306,0.2744468190213935,0.024839614685243372,0.9903948202579949,-0.009320369430271333,0.022755486337541216,-0.01010727129594767,0.9604848114315316,0.08404562630028213,-0.00266460005082122,0.05221594430986112,0.8941493998393664
236.0,-3.2136718750000006,0.3709190309089266,0.2703352741143442,0.025422988119878233,0.9902402186405688,-0.009284251619097367,0.024791507747297187,-0.010136399820716986,0.96012917172552,0.09010975710409438,-0.00278711706038692,0.05212385184408111,0.8940105059466161
237.0,-3.2154075622558596,0.3669061996089855,0.2385722128514017,0.035933581827145046,0.9903291628897395,-0.008974622368560285,0.024279623117713797,-0.00972971170993048,0.9604727601731429,0.08740997260127178,-0.0028748021432898462,0.05119344858833981,0.8945946119008159
238.0,-3.2274488925933844,0.3688511238448295,0.24793866867425854,0.029679378746128523,0.990322510950284,-0.009253973923135882,0.024346173516384753,-0.009587291042040376,0.9597094075660293,0.08791908968618915,-0.0023152601820914617,0.050514600860997384,0.8946691409180914
239.0,-3.2341009140014654,0.3703612482953322,0.24673454067766298,0.03622369994896708,0.9901880336646895,-0.009156623597238197,0.024864106338337622,-0.01003455903783132,0.9600587142304906,0.08844877754328112,-0.003269537345100977,0.05087957057720015,0.8945216461398708
240.0,-3.2469970703125,0.3669665806220536,0.2426379396140118,0.03529709813746826,0.9901666626435317,-0.009041225184269846,0.02451889911212329,-0.009821216073101668,0.9602639534204285,0.08671424573550017,-0.0030859463597493566,0.050403497163015676,0.8945686675581925
241.0,-3.2469970703125,0.36946851874072745,0.2447195494939269,0.031765819513301895,0.9900652776814618,-0.009082165058496532,0.024879606577960952,-0.009750692441563326,0.9596948127296547,0.08680546964059345,-0.0030156494454890506,0.05037907524969278,0.8946391066044854
242.0,-3.2469970703125,0.37364773472713003,0.2566293336702955,0.0263896787953948,0.9901692351173432,-0.009268056742937927,0.02438277771327345,-0.009904436513906344,0.9597896378136961,0.0849177021871919,-0.002656142974536155,0.05012040652024693,0.8946193089700418
243.0,-3.222020530700684,0.367500392828052,0.25563425634406883,0.022237679293878643,0.9897786778686877,-0.009226415412374265,0.02655177650068142,-0.010597601808892985,0.959030845861301,0.08954363746483801,-0.0028417377915199637,0.0506969980848578,0.8948265118228347
244.0,-3.2469970703125,0.3690742250240756,0.2559814605643699,0.023512350818966368,0.9899196982097784,-0.009242399344330854,0.025490699902646026,-0.01015115256962237,0.9592998030888984,0.08741609062781719,-0.0030334191999232397,0.05082332064343484,0.8946877478465283
245.0,-3.2469970703125,0.36999202397707615,0.2572482568232733,0.023086249795841868,0.9899748956465131,-0.009125424158298158,0.024829307323761037,-0.009735397335980866,0.9593897447209427,0.0852578349633797,-0.0031436952521476384,0.050858981218593,0.8946251056929657
246.0,-3.2341009140014654,0.3727579576934888,0.2686615736411051,0.018057983908269452,0.9899724214920138,-0.009242097303340302,0.02521133808487071,-0.009935514871213014,0.958994535507367,0.08690675605383877,-0.0031501496002421946,0.05111952855342347,0.8945389871361071
247.0,-3.2403320312500004,0.3774141269780333,0.2777401357260942,0.013911500663572347,0.9899644808323866,-0.009237214707789834,0.025521911301528654,-0.010090493180814064,0.9592229355751758,0.08687151981436374,-0.0029711119373172813,0.05110871252601842,0.8944792826506789
248.0,-3.2403320312500004,0.3789674203673798,0.2796484453787999,0.014306887385152721,0.9901304612733912,-0.009212323341042137,0.02444780875825705,-0.009742711100268043,0.959338542745265,0.08505224705229927,-0.0030679938832135333,0.05111012078653787,0.8944231046206688
249.0,-3.2403320312500004,0.38113234096090554,0.28239295366974904,0.013834939556629762,0.9900518515554178,-0.009221452349276895,0.025784514919980888,-0.009797294698203039,0.959042095602092,0.0877079211989866,-0.0034523998296957788,0.051576925421061216,0.8943859893681754
250.0,-3.2403320312500004,0.3901048500395704,0.2960009367250419,0.007316202482768991,0.9903334962849213,-0.009410941180715853,0.02516016428510221,-0.010133565024919428,0.9595764747100124,0.08726537091948146,-0.0027016718689126177,0.051164177915839985,0.8942180171932692
251.0,-3.2154075622558596,0.3916638318913722,0.29823269129295743,0.006324325451012353,0.9904045669889776,-0.009194196437736689,0.02450132006727009,-0.009854756682910802,0.9597404181734142,0.08488016743773208,-0.002552664629046793,0.05100563766009298,0.8941947183976522
252.0,-3.2336669921875005,0.3937607584065028,0.3092772142138074,0.0007495786696495741,0.9904043456364111,-0.009251881623411007,0.024014901971915893,-0.009716637645090651,0.959774069526284,0.08377481894468784,-0.0025513814497517507,0.051190324446841906,0.8940447484354741
253.0,-3.2336669921875005,0.39511374246376835,0.3107065424226932,-0.0016998757140026474,0.9903438145895529,-0.009246400066653636,0.0254233089953465,-0.00970004853871523,0.9594523403793391,0.08665679610928723,-0.0029255267734358387,0.0516957676603476,0.8941699001120302
254.0,-3.2336669921875005,0.4014612977568221,0.315914323353149,-0.0024040550300964115,0.99063150258769,-0.009135938766129857,0.02433136713438814,-0.009301615721989816,0.9600486132812083,0.0843598591985658,-0.002647470588869821,0.05108076750839811,0.8941262135612298
255.0,-3.2336669921875005,0.40268196785888954,0.3152688663072246,-0.0015737401092937914,0.9905911206817053,-0.009006980419758708,0.025030953815941667,-0.00911954288371061,0.9598193458363495,0.08598811972245177,-0.00321691544933825,0.051873011745448235,0.8941435378480282
256.0,-3.2336669921875005,0.408586941612044,0.3196617268067955,-0.001004101461920126,0.9908278736162908,-0.009144467189272835,0.025423320433792303,-0.009052573679093156,0.9601255960083082,0.08718914395554078,-0.0029776433189870155,0.05112418651263163,0.8941116381594645
257.0,-3.2154075622558596,0.4174551798789537,0.32003462288530615,0.0017944965576407199,0.9911938669355458,-0.00879503801026517,0.024257973002196457,-0.008531064716146747,0.9611104450050274,0.08431963015875593,-0.0029339795156185836,0.050594686263436016,0.8940784447623549
258.0,-3.2154075622558596,0.42014770203180146,0.32096085109130473,0.001887809516481217,0.99127791482439,-0.008591436971782086,0.023983543878273825,-0.008258259659210624,0.9613407007814538,0.08381167222860458,-0.0027891698630360846,0.05012460496503847,0.8941424669041269
259.0,-3.2154075622558596,0.4233629664460629,0.3253625549864086,-0.0010461080176400103,0.9914105483633686,-0.00859454249495602,0.02282823888555746,-0.008090529541211554,0.9615858748348505,0.081366107162984,-0.0027342980374980394,0.050098548601657265,0.8942305928778325
260.0,-3.2154075622558596,0.4297112679913008,0.33318590452864977,-0.005448946859182439,0.9915108119664542,-0.008476022638643582,0.02069782745545447,-0.007988786522250449,0.9619704863966749,0.07734060463884408,-0.0023512164583041704,0.04969207596805734,0.8944175798245582
261.0,-3.2154075622558596,0.43529184256510794,0.34839112612864537,-0.021774679048914485,0.991543957817723,-0.008729396033029396,0.02057219194954363,-0.008687417014921582,0.962408988235155,0.07853066896963419,-0.0019885128476917506,0.04941272669067687,0.8943505526057636
262.0,-3.222020530700684,0.4444300462659889,0.3429531866194028,-0.020519514628360356,0.9918566257526231,-0.008382414830627218,0.018742652539289334,-0.007676807691370711,0.9633874495562378,0.07225431341214067,-0.001673264852435832,0.048375599877687664,0.8947084852557428
263.0,-3.222020530700684,0.44177584395080555,0.3348745459298229,-0.022334025594978216,0.9917426596628702,-0.008246771143195934,0.018186767180567907,-0.007681142393056631,0.9631103063666204,0.0713838975128161,-0.0014766458600117417,0.048182665275562524,0.8952039328760564
264.0,-3.222020530700684,0.44459900471936564,0.32793716835181524,-0.012386153210826265,0.9916960047172847,-0.008171873083137203,0.02054911974109078,-0.0075919574270401965,0.963188523975478,0.07574957538352599,-0.0023811802326321393,0.048708222523958074,0.8951703450629398
265.0,-3.222020530700684,0.45166143655462376,0.32383247757560396,-0.01186300895465715,0.9922018655650848,-0.008165036893081425,0.019199627195191957,-0.006276381462879959,0.9628342137799852,0.07340989185302253,-0.003090659810098221,0.049061367828387756,0.89548544627152
266.0,-3.222020530700684,0.45679300536994777,0.32859628031520544,-0.016432043777951114,0.9923506988431858,-0.00804458182301814,0.016772265672903425,-0.006176344583824111,0.9632905950344479,0.06885390730392389,-0.0025425555865901807,0.04852528977113706,0.8957538877890705
267.0,-3.2418594360351562,0.4669079539837281,0.31360820334014144,-0.005474568823870056,0.9926288601023352,-0.007878084959536135,0.016217895231487287,-0.005717200314441571,0.964238642447848,0.06752750284074222,-0.002786696831634325,0.0477964616285824,0.8961661493706234
268.0,-3.248142623901367,0.4716663789561377,0.31300258793092656,-0.005253231740239325,0.9927789855900013,-0.007906306999040536,0.015634644539551157,-0.005724501979252127,0.9646127332667946,0.06694282029500237,-0.0026172740765566787,0.047385152076378646,0.8963395463284876
269.0,-3.248142623901367,0.4550363762631029,0.29252328447031517,0.013222204457229547,0.9921613279938171,-0.007543638672049115,0.01968236430468908,-0.005376374832912387,0.9634578855089277,0.07243348025971083,-0.004008649167051962,0.048722176925360836,0.8965163021645035
270.0,-3.248142623901367,0.46624562742856246,0.3009892814030933,0.01239930850952854,0.9925996403608672,-0.0077319002288977964,0.018470976864537497,-0.005484697709121071,0.9641157664508837,0.07248655152258296,-0.003950806117834817,0.048461595417238545,0.896379180973083
271.0,-3.2418594360351562,0.44089375666659303,0.2863887249938935,0.008490167136615809,0.9915047722215957,-0.007088484064041747,0.020698498327629905,-0.004837515408707487,0.962133644498268,0.07130356297936462,-0.004613627293990172,0.049831664207143175,0.896830095230329
272.0,-3.241859436035157,0.4429963296075174,0.32051109311617804,-0.01041005431087633,0.9916977240498677,-0.00798319500267355,0.019069932712177384,-0.007760399282696609,0.9639137528654931,0.07342019043677606,-0.002824462697969126,0.049382053053208176,0.8964812877239312
273.0,-3.266992187500001,0.43998330616641035,0.31554329399154124,-0.009524296625581631,0.991756443304386,-0.008407702797004988,0.018901845902362453,-0.007636395514614865,0.963333622763723,0.07315109459031674,-0.0030148761302531864,0.04986989363057487,0.8966278781587851
274.0,-3.266992187500001,0.458003708147247,0.333361492151038,-0.0168479925816592,0.9922374575303339,-0.008547255346511603,0.016780464403985947,-0.00757929269341944,0.9642899977368675,0.07032625861868896,-0.0023523560628954305,0.048864668747565364,0.8964583742565242
275.0,-3.2680205821990977,0.4513291249447884,0.2976827518956163,-0.006923809906512571,0.9918028317817915,-0.008720450050485985,0.016166818994448516,-0.007944835984429913,0.9628816655925798,0.06820828054815778,-0.0017073247373048208,0.050114335116977125,0.8973448554073302
276.0,-3.2746465682983406,0.4424986404489046,0.2775062981169357,0.002312561741840473,0.9913756740082802,-0.008274723966121857,0.018063602717771705,-0.007628875088798351,0.962585042163663,0.06957854184981382,-0.00273534610317546,0.0508225267412367,0.8976811375974714
277.0,-3.2936523437500007,0.431259034658963,0.29369755765951827,-0.025968040054195132,0.9908738924245257,-0.009410588688831248,0.01830905792254947,-0.01044070163743588,0.9618428729285584,0.07399918660794258,-0.0009502931525729682,0.05380651272023389,0.8977326445770588
278.0,-3.301150512695313,0.45158806509633265,0.2879521441890108,-0.03705592514539463,0.9915914236337977,-0.00970387952810541,0.016242387242325573,-0.010458003848868764,0.9634824860700504,0.07161989234219493,0.0001373145496442554,0.05209379973252727,0.8985637204940937
279.0,-3.3212150573730472,0.44373551602443984,0.28436503705976396,-0.04420102003017919,0.9910534906516508,-0.009435283248968059,0.01676368777006657,-0.010957997710621545,0.9636688064456034,0.07079126732217463,0.0008729210034219513,0.05310255558041178,0.8984662220536785
280.0,-3.314602088928223,0.4505879134495228,0.28303018989744816,-0.021637532616510816,0.9913349085622567,-0.009202627012955397,0.016196920316415557,-0.00933356016471704,0.96364843705192,0.06541748235107389,-0.001254823690377235,0.052959841462187414,0.8977385528474544
281.0,-3.3276544570922857,0.4481061462474336,0.2941035149889636,-0.029488030073961873,0.9912119287887451,-0.009515252985858473,0.015971654619031078,-0.010198894174454702,0.9634725792192171,0.06559949714106422,-0.0016273986861718793,0.053057311445959585,0.8977773488759404
282.0,-3.330032348632813,0.4571083018680183,0.29143438666935456,-0.025437197130349143,0.9913618265389361,-0.00940209803799349,0.01560508447688741,-0.009900384050066506,0.9640709332868815,0.06408448501283953,-0.0010216121929909143,0.05183116595643564,0.8978007553306351
283.0,-3.330032348632813,0.44991659621888325,0.27672216638742986,-0.02003923256940338,0.9913730843362556,-0.00926014504558003,0.01591387532875851,-0.009404523863361922,0.9638306103266676,0.06399179008940524,-0.001410318007764369,0.05230086835457058,0.8979324283203387
284.0,-3.345323753356934,0.45392588532401756,0.26616422617266366,-0.013397437169327455,0.9914946967739668,-0.009361753617542368,0.015980122577783844,-0.009343328981408152,0.9637456007926333,0.0655945484211375,-0.0011684435732158352,0.05166165706670139,0.8980364130499838
285.0,-3.3329255223274243,0.40315578259261187,0.21429047110249036,-0.009710197660448217,0.9895686216305968,-0.0077592617386595,0.021883655813078183,-0.007652681594062297,0.9615863120532004,0.06318651935159147,-0.0028550497507362433,0.05522771729968825,0.898433081249506
286.0,-3.3653015136718754,0.44062171952253554,0.2399983626644623,-0.015024347810082399,0.991866074895023,-0.009184910983349141,0.015945193170863653,-0.009442429592873511,0.9661727120844976,0.06642298533364967,-0.0026304012343546066,0.054040805788845556,0.8985253097609289
287.0,-3.391753387451172,0.45097110414978153,0.2196372847424949,-0.03674823553570665,0.9922483258595527,-0.009210470063673322,0.016806497174300623,-0.00801669800756288,0.9667956119264969,0.06704793973440297,0.0018418872651005975,0.049166965540549834,0.8985635107150183
288.0,-3.398331642150879,0.4537842387060385,0.20992918267580962,-0.03330848153738909,0.9920845336843394,-0.009089364857697414,0.017866228958672407,-0.007447554872426857,0.9662101450269536,0.0683262438113205,0.004371012357855349,0.046656251852128176,0.8983718262869449
289.0,-3.391753387451172,0.4556088706151265,0.2258679188362877,-0.03614061998553713,0.9921198451852258,-0.009234858409248562,0.01695716513583709,-0.008439732255343276,0.966820743974721,0.06821078638067009,0.0027324804604407726,0.04816306932141418,0.8984514184555172
290.0,-3.4071662902832034,0.45387902819823944,0.2178926022657458,-0.024104379841294755,0.9920969497013368,-0.00916541070359224,0.016899429505291302,-0.00824403148048273,0.966789177987901,0.06750027352921573,0.00245753520455697,0.047520943116914516,0.8986333593821372
291.0,-3.4093879699707035,0.42501062670620243,0.1860082880195033,-0.027764759369419655,0.9911701627085627,-0.008596891457972444,0.020658082643914805,-0.007435828319559409,0.9649921549530454,0.07029445589160271,0.003608778638893678,0.0464072346164826,0.8987903499335776
292.0,-3.4269531250000003,0.44817339703285075,0.21037469647663412,-0.02506570735889115,0.9921339607896589,-0.009293184396349397,0.017095112192885953,-0.00819249613129879,0.9666809684048039,0.06847543597069174,0.0024857810440555793,0.04763151747245437,0.8987101416772205
293.0,-3.4269531250000003,0.4439230008404477,0.21404929290390132,-0.02170677189569016,0.9919602958168043,-0.009285606474825927,0.017445094700979127,-0.008779628373561138,0.9667302019526123,0.06982248203019982,0.0015471779995151857,0.04857079898457401,0.8989497016567964
294.0,-3.4269531250000003,0.4446887325662207,0.21528473740745296,-0.018793261937761478,0.9920441567568237,-0.00925808120777567,0.016437084706556537,-0.008692718742355072,0.966873331763672,0.067241022321019,0.0017192932023719363,0.04803338450656255,0.898786992043169
295.0,-3.416000938415528,0.4426449541200414,0.20755430023967292,-0.016553439384389582,0.9920219731700672,-0.009051033551007615,0.016424857797607082,-0.008782646664584661,0.9670515490726401,0.06768915616036884,0.001691142676399156,0.04788185688024166,0.8988689952234865
296.0,-3.4093879699707035,0.44067883049463324,0.20512512998046864,-0.014737514485970347,0.9919639670525282,-0.008916553810676894,0.01706703143376603,-0.008513386485356005,0.9670528103841771,0.0677861350206928,0.002068103215666755,0.04727543431072319,0.8989410832537388
297.0,-3.4093879699707035,0.43321980541247757,0.19903377348374968,-0.013521635202941234,0.9916315612951281,-0.008836944458178467,0.018500336024981263,-0.009159629907558574,0.9664248928595454,0.07307558941834884,0.0016620873901516682,0.04840971314865528,0.8989773168909285
298.0,-3.4005706787109378,0.43821938762515467,0.2079185798615462,-0.012722096400220546,0.9917846623727706,-0.008904788634635676,0.01806081985244791,-0.008943326097750183,0.9666427531273294,0.07134029947015218,0.0021316897065728323,0.04741796315014395,0.8989789127305305
299.0,-3.4005706787109378,0.4317346310550045,0.2034307449517757,-0.013345602007941092,0.99147832589442,-0.008960951008043082,0.020160454659991573,-0.00960164661162054,0.9660981192734448,0.07759730294710607,0.0024005718175790654,0.0474295693483966,0.8991188658468638
300.0,-3.4005706787109378,0.436463658456234,0.20968788959964632,-0.0030175550529773607,0.9916278702248826,-0.008917365201273529,0.01826280868685185,-0.00930484833372749,0.9664261339847857,0.07175091850858896,0.0007192632883006153,0.048630088212575764,0.8989630698560047
301.0,-3.4005706787109378,0.43680867803627366,0.20825134632345596,-0.00351374651992135,0.9916126129125435,-0.00891643549505605,0.0199432269479545,-0.009499909412711957,0.9665369436326214,0.07716521443500271,0.001079136753649106,0.04800064862097116,0.8990479515352436
302.0,-3.4005706787109378,0.43199875818878697,0.2082127630574602,-0.0015033782049542336,0.9913933405498294,-0.008867330491419917,0.020288555407226634,-0.010027153552825383,0.966235340226848,0.07938638187104015,0.000892653600475843,0.04825592164815455,0.8991468034663772
303.0,-3.4180664062500004,0.432469315552969,0.2152029489080393,0.0017163973474544445,0.9913117533853764,-0.00902045888445077,0.020316763688805133,-0.009896180141209356,0.9659154964318579,0.07820409965023858,0.0005965542242886517,0.048239027645317734,0.8989977619064822
304.0,-3.4180664062500004,0.42847641011069953,0.21117331531779257,0.0026397235311617934,0.9911993634054521,-0.008971728067088501,0.021032953542928293,-0.009632536989442775,0.9656010589760387,0.07842495684130488,0.0014789126069333707,0.04692289939706023,0.8989966968090526
305.0,-3.391753387451172,0.4277101927032991,0.2089342226890404,0.0008898246593842813,0.9911882976612412,-0.009000670918523945,0.02194867293226919,-0.010384758071186646,0.9655205272381331,0.0831918259350271,0.002518792391101573,0.04577741608412326,0.8990002280801217
306.0,-3.4180664062500004,0.42565752009218605,0.20881099820872975,-0.00455621166310198,0.9910156168409123,-0.009059065222221743,0.023101205446063776,-0.010178931544159055,0.9652804360252927,0.08496170104786617,0.003212761061243138,0.04487796916365617,0.8989863020623643
307.0,-3.4005706787109378,0.4243680771566676,0.20316371473191908,-0.002823897385813897,0.9909686149196526,-0.008857158638124524,0.02357625706237448,-0.01024272552790725,0.9653430314607874,0.08617877169004443,0.003506753985056936,0.04418830408396561,0.8992654240370983
308.0,-3.4269531250000003,0.43115809055223847,0.20702296685932783,-0.011736426813364237,0.9910739561367539,-0.00913037199681422,0.023284688475733756,-0.010150291381735961,0.9655401080162029,0.08537312151436131,0.005664606682581898,0.041382202945018154,0.8990969830806395
309.0,-3.4093879699707035,0.4318144401406589,0.2038547577617374,-0.009687755860333762,0.9911011174653417,-0.009042613915850695,0.023543099368516264,-0.0103297254009279,0.9657578419293404,0.08601079671415472,0.005558394846469912,0.041202793882029035,0.8993745480484272
310.0,-3.43583984375,0.4343280328488303,0.19519244411639058,-0.006682047415233061,0.9912215556770116,-0.009030897801652005,0.02335627085904634,-0.010454502803514905,0.966683723152981,0.085963370138461,0.005440742348872013,0.04062174060275212,0.8999457762017062
311.0,-3.4536132812500004,0.43710122845729943,0.19823711118551401,-0.0011278347012320053,0.991272165116978,-0.009113747905092378,0.023218868180589415,-0.010142114793806917,0.966454384746027,0.086048300369362,0.004627165862706385,0.040813429846378015,0.8998485942835592
312.0,-3.4536132812500004,0.43535953975151476,0.2000235438388063,0.010602964522618077,0.9912702174014159,-0.008938797151744126,0.02276255341682905,-0.009890594320659338,0.9666357927566871,0.08413304720868749,0.0027096715976032766,0.0425666415578053,0.8998484930085453
313.0,-3.4536132812500004,0.4287688824794703,0.19688329336675184,0.009529793871881785,0.9908660759137309,-0.008970903115322395,0.025019687341862988,-0.01051783925244495,0.9659504137420154,0.08962744348984374,0.0022693177654177677,0.0431146783330661,0.9000954686846363
314.0,-3.4536132812500004,0.4324837283673244,0.19705586377601852,0.008815950810356138,0.9910893406191659,-0.008996936453471452,0.024260901660860562,-0.010141253476981507,0.9662827102694524,0.08744845724139204,0.0023623514490141505,0.04240755290926674,0.8999375994014538
315.0,-3.4536132812500004,0.42963607543289933,0.19339323244816908,0.011683226480326162,0.991147080628987,-0.008937657616497476,0.023347320698512756,-0.009972124259262192,0.9661834867206478,0.0856764609363225,0.0022833517035416467,0.04236627048675111,0.8998685883419699
316.0,-3.4536132812500004,0.4292292832688189,0.1971967839628184,0.006973493970900047,0.9910451342472983,-0.009024080404098916,0.024510877516368594,-0.010390023927380183,0.9661908129338732,0.08898199121350998,0.0027890779747838166,0.04183789927945096,0.8999399456524069
317.0,-3.43583984375,0.4281468644367573,0.19122326723028787,0.006880467314065691,0.9910566283562021,-0.008908204257027456,0.02456552191052166,-0.010532395642834584,0.9662370511836555,0.08980805201916857,0.0036344950544289667,0.040810166534112326,0.9001428529271309
318.0,-3.4625000000000004,0.4360209514548898,0.2021129636126169,0.005987543615349307,0.9911885688255517,-0.009171252235583833,0.024782378660399944,-0.010457955651977003,0.9666241760863838,0.09016212257470083,0.003515630077537667,0.040293624652355496,0.9001525312427192
319.0,-3.4713867187500003,0.4303624516966461,0.19056434872418923,0.006921069042611551,0.9911633017891719,-0.009162107155280022,0.024969767417897786,-0.01043942942346682,0.9664362269777311,0.09081935279860685,0.004958775212858055,0.038202595245116,0.9004963376939719
320.0,-3.4625000000000004,0.4348539793829866,0.19938244285815604,-0.013450173682421731,0.991216528728472,-0.009268888567620138,0.02434444666500683,-0.010864818245820276,0.9668119976710801,0.09030623482170046,0.007492307591037302,0.035612136091449816,0.900302962951905
321.0,-3.471109008789063,0.4347853551977852,0.18722038373123825,-0.018538691926257067,0.991285769184248,-0.009025392463541448,0.024278883879277867,-0.010465831610379525,0.9678998033970139,0.08712822037354424,0.008656883368976239,0.033068673124893484,0.9004585967011123
322.0,-3.4622917175292973,0.4317897822060134,0.1858094355407045,-0.015070967974454346,0.9911939328733803,-0.008984154397289858,0.024678619062722992,-0.010401690417358595,0.967286898966941,0.08863221542602648,0.007966734413537305,0.03399215159790423,0.9005583719886407
323.0,-3.4891601562500005,0.4335375872526067,0.18533144697068912,-0.016492540053589275,0.9912982748960668,-0.009152722493514502,0.024077761748369023,-0.010277480196651628,0.9674765766801869,0.08733172167253155,0.0084953033260046,0.03309406482992672,0.9005828193641785
324.0,-3.471109008789063,0.43824950793990386,0.19209884146346762,-0.02452475647315981,0.9913260591905237,-0.00904872338903117,0.0239835487557287,-0.010504752195564446,0.9680565290951835,0.08686151465679161,0.009219874835194914,0.03195639443087133,0.9005904903842119
325.0,-3.4799263000488283,0.45001884312186774,0.19574093790350097,-0.028661592112430426,0.9918217577914858,-0.009064030127940196,0.021811830604850504,-0.009745058973583595,0.9689690224695837,0.08133294381553827,0.010613752027517026,0.029538185882876596,0.9007478981537584
326.0,-3.5069335937500004,0.45009629903429915,0.1952505666613533,-0.028234405927416016,0.991719909617943,-0.009474152612103506,0.023291459163082284,-0.01052813012243393,0.9685934970173566,0.08748457894207137,0.00902432607256349,0.031465213325806304,0.9007508844122198
327.0,-3.513182067871094,0.47754889081705093,0.1697781202328446,-0.008798758978143315,0.993254977815293,-0.00993729641695159,0.018977585084502546,-0.011398189723417147,0.9713257348064954,0.08806883132070016,0.008791848511537791,0.030292951233093904,0.9015260358576551
328.0,-3.50434741973877,0.4198000847992593,0.15469383061081646,-0.013645324216291829,0.9906040548993476,-0.00825785894298391,0.025966583210584107,-0.008150377934393287,0.9665904733723394,0.08145228099682622,0.008862957736965533,0.031165445162941192,0.901293638120382
329.0,-3.49756088256836,0.43589658620367105,0.16435611295219035,-0.021494203549126963,0.9914320292862397,-0.008812421027833662,0.023499810271206355,-0.009923920964554186,0.9686237280271335,0.08460037350433758,0.010244110674120005,0.0292516380943097,0.9012628323675329
330.0,-3.506378173828125,0.44316296076795464,0.1632033992146104,-0.021145625785673992,0.9916314891642246,-0.008915200195228882,0.023287015322823883,-0.009887597615016055,0.9691209377503824,0.08430586926902314,0.010138147534860847,0.02893285135057581,0.9013899965078871
331.0,-3.522016716003418,0.4439561247537058,0.15322130529285552,-0.021818501203653893,0.9917071393813748,-0.008923077068531885,0.02297498847469554,-0.009518471309753442,0.9690757600136841,0.08325750158377146,0.010380866314149704,0.028436149475278154,0.9016009391268909
332.0,-3.5151954650878907,0.43466795171416367,0.15030686660557874,-0.020241063559506278,0.9912892357690415,-0.008677952818233867,0.02386649491260564,-0.009178295532145431,0.9682887678424341,0.08228153359312622,0.010134518146778246,0.02897251308187925,0.9016577743667038
333.0,-3.5267898559570314,0.4402927091949118,0.1688167633042261,-0.025093147709469896,0.9914834057964272,-0.00892218327791131,0.0236425433593454,-0.010232065666515614,0.969384552802725,0.08544752537066606,0.010289749821938945,0.028509503470606958,0.9016436906003764
334.0,-3.5396860122680667,0.4405823157059224,0.1561063035023068,-0.023432565961241814,0.9913700521520983,-0.00873150274399745,0.023758154896182854,-0.009638269003007202,0.9694357557796882,0.08261301396263966,0.00994115717927923,0.028487398281353743,0.9020198131200134
335.0,-3.532830047607422,0.44724210148612137,0.1575593522090235,-0.02625421008414821,0.9917296184283262,-0.008849687122719632,0.022724562320136327,-0.009799904765482566,0.9700069873023673,0.08265437725023449,0.010512362761206873,0.027488382186097986,0.9020877502028093
336.0,-3.541647338867188,0.4473518651974051,0.14883217610590502,-0.020266632543213554,0.9917219475031189,-0.008746964554813772,0.023066874234036378,-0.0092525665506325,0.9698245474112208,0.08198173038219611,0.009824516878493887,0.028032192921783224,0.902266607556218
337.0,-3.5573553085327148,0.4514725671959892,0.15207764555342135,-0.021360428308061796,0.9918241745121068,-0.008878089047267472,0.023003429589532755,-0.009739298211951079,0.9705173443839699,0.08312753433584472,0.009597663852858448,0.02796341620434413,0.9025169011879046
338.0,-3.550464630126953,0.4531805278649581,0.152542732050196,-0.024569550363274666,0.9918583330542816,-0.008978740681731757,0.022984802486615028,-0.010071342595272644,0.9705515849263824,0.08415381026986324,0.010058478709690758,0.02737385450709578,0.9026206633482132
339.0,-3.562267303466797,0.45239503069860904,0.1537283896996689,-0.02328340446186092,0.9918628506157385,-0.008983882913556684,0.022927417331137373,-0.009874531649134015,0.9704461772096986,0.08393674008652043,0.01001173026797656,0.027306242250654568,0.9025646024447922
340.0,-3.5769165039062503,0.4555842618802369,0.14053083985018486,-0.027609864472521128,0.991904333084582,-0.008874262796162345,0.022837702855525062,-0.00922889047911915,0.9707719060123019,0.08091157002368299,0.010707156026959775,0.02580032538014586,0.9030045520104097
341.0,-3.5680992126464846,0.45973829872288147,0.15210966555049257,-0.024017643984638595,0.9918882657637125,-0.008877567558186882,0.0228401646640611,-0.009851093707774728,0.9711387046608779,0.08269723329227267,0.00957516588580608,0.027164247639261063,0.9030400156992131
342.0,-3.5680992126464846,0.4541289611211886,0.15227445153222102,-0.019359863993254414,0.9916279156728054,-0.008694045341087416,0.023501072575343753,-0.01028346133858978,0.9711042435640775,0.08491497912572121,0.008355232516383254,0.02854811152833647,0.9031003524095647
343.0,-3.5680992126464846,0.4618799453232342,0.15184368018153604,-0.017227534860704836,0.9920072803104192,-0.008911768587975415,0.022582098056227955,-0.009931947139216045,0.9712893664815221,0.0831040632675225,0.008504997863466464,0.0281602139671742,0.9032535686389935
344.0,-3.5680992126464846,0.4595195283317598,0.14960953162311613,-0.01247572079410257,0.9919353431547429,-0.00883438880445641,0.022639857694732007,-0.009905534077822313,0.9712606573891864,0.08257807880387087,0.008175495314064567,0.028351031208102923,0.9032479901580275
345.0,-3.5680992126464846,0.4586653719761141,0.1430612022152943,-0.01156758511896817,0.9920342768854675,-0.008883557011848696,0.022634053436087504,-0.009864912731031152,0.9710971631098237,0.08386808657737937,0.008276281239583483,0.02822703511471322,0.9033059327620703
346.0,-3.5680992126464846,0.45940585792263244,0.14345437610817358,-0.011043792311055626,0.9920375450500964,-0.009014737995297667,0.023104569245233353,-0.010236909573799713,0.9711046189313344,0.08575965450438373,0.008370771208881222,0.02808115151316629,0.9033847316220498
347.0,-3.5680992126464846,0.4517443507026197,0.14427059902899342,-0.00823766319239581,0.9915529691969556,-0.008701945712585892,0.024446464370311036,-0.010412143808698529,0.9708643341235716,0.08710205016023606,0.0078108241664218685,0.028655456658240715,0.9035486609581953
348.0,-3.5680992126464846,0.45810154726058583,0.14784529999987667,-0.0035945329434736804,0.9918313169924722,-0.008745595860581813,0.02324481644713455,-0.010511965898205052,0.9714886511040874,0.08563631030974508,0.0073688461802688884,0.0288683655220064,0.9036066195347268
349.0,-3.5680992126464846,0.4552500119887005,0.1450370470884015,-0.008368777124405926,0.9918331795166007,-0.008775993816151306,0.023412714267608353,-0.010115649891685502,0.9710862649260643,0.0852731291962394,0.008179315485971079,0.0278279465992483,0.9035144923321301
350.0,-3.5769165039062503,0.45463789776035507,0.16070753030934493,-0.015365563088449823,0.9915286333063229,-0.008560790236254721,0.024247482700031117,-0.01063463523852064,0.9719232100022315,0.08570361798184051,0.008362323253225211,0.027342790222755722,0.9037715116916054
351.0,-3.569140625,0.4534355094391025,0.1672473593582646,-0.011230475387901447,0.9916252518853255,-0.008950837679737278,0.02390969476246247,-0.010452485352802812,0.9704991507905465,0.08699915471652292,0.00797714887968735,0.02842100682062068,0.9031114707218562
352.0,-3.562267303466797,0.4414360006455193,0.15865191501980133,-0.008339731266377336,0.9909909967089612,-0.008686212013772955,0.025934371086529368,-0.010646332049963743,0.9695394917282878,0.08937123131567962,0.00802403159532521,0.02877038772261215,0.9030514902652798
353.0,-3.57802734375,0.4529107134266971,0.16141521716114168,-0.01193798912712339,0.991662709571032,-0.008957046687331592,0.024118731335934975,-0.010197769421203318,0.9705038401656514,0.08666425353168689,0.008390197796189996,0.027726608698688735,0.9032275753162611
354.0,-3.57802734375,0.45265212695447554,0.16289350597507246,-0.011672879109543044,0.9916107777129735,-0.008879731812149875,0.02390042035071405,-0.010236775936719128,0.9705378573813455,0.08609935031366395,0.00822505369081168,0.027984828025051853,0.9032413033561149
355.0,-3.550464630126953,0.4515406522330095,0.16112403000253775,-0.010052150025473695,0.9915612991655578,-0.008684469731482842,0.02366749228228273,-0.010120346388301135,0.9704400886603142,0.0849268038246551,0.0081612642602015,0.02811922731023072,0.9032036696085439
356.0,-3.550464630126953,0.4427252774123823,0.15822409689902966,-0.011239134824330187,0.9911540898508437,-0.008703971183240115,0.02627087811634199,-0.010295595323128128,0.9696764008512022,0.08926504115935353,0.008222636597078614,0.02804174662956442,0.9031538691295717
357.0,-3.569140625,0.4467158372208241,0.16371943918257398,-0.010069430590959749,0.9913075406736269,-0.0087356207654763,0.02460706142935191,-0.010206578601894457,0.9698752788180827,0.08703736973964597,0.007869396025843458,0.02872980929908873,0.9030933717771406
358.0,-3.569140625,0.4460595916434142,0.1614239107214766,-0.009062827835256752,0.9913410574821333,-0.008744826569484476,0.024816582293621898,-0.010020454088443645,0.9698176519484614,0.0868562453550775,0.007936482057355431,0.02854064273353319,0.9030809286964154
359.0,-3.569140625,0.4512067056146816,0.16493975157152985,-0.010480596129530206,0.9915685145711677,-0.008822701348765019,0.02417116294461921,-0.01010211077527181,0.9702638302533937,0.08683650142648348,0.008241137302350923,0.027995440124363478,0.903091671307884
360.0,-3.541647338867188,0.4468108524157045,0.1622607060871759,-0.010192531654124625,0.9913711891206916,-0.008666914187342991,0.02494935567227545,-0.009943252864379219,0.9698539521236336,0.08627764309590422,0.008359628411801014,0.02795285735172379,0.9030450060297421
361.0,-3.569140625,0.4416276356683174,0.15727751674596513,-0.008180077433290784,0.9912511722719344,-0.008569942871756516,0.025925927768732544,-0.009421921141937543,0.9695044469689209,0.08810607422130659,0.007822800630399002,0.028323265629137905,0.9029268616533439
362.0,-3.541647338867188,0.44095998114553864,0.15317418862258658,-0.004798971573071087,0.9912085378992965,-0.008450695205527018,0.0258229708692445,-0.009717824024837526,0.9694766298392805,0.08844334795783688,0.007476489862638624,0.028907591045866588,0.9029975367754648
363.0,-3.541647338867188,0.4386379969501668,0.15067144492221327,-0.003425377089180602,0.9911353585778095,-0.00836181501361537,0.025901938651497793,-0.009626333969412697,0.9693688647720267,0.08836935113988609,0.0075058375833739035,0.028859684789412653,0.9029886747926497
364.0,-3.541647338867188,0.43706667907591257,0.14660519964438426,-0.0007849375711366964,0.9910820719658218,-0.008333212215484524,0.026099498077912436,-0.00957364567754799,0.9693350368200291,0.08793236210137717,0.0076327873302342525,0.02869410204546353,0.9030345237086372
365.0,-3.541647338867188,0.436558275973573,0.14492692155615042,0.0007310601488983927,0.9910637684674009,-0.008248228889300649,0.025694901903644176,-0.009725564994187127,0.9693601415382733,0.08826788313710346,0.007340739703410523,0.029117491491533563,0.9030781714799376
366.0,-3.5602539062500003,0.4463453068662903,0.15146735042881587,0.0023195520339884257,0.9915265424388247,-0.008660682842157588,0.02395237318469656,-0.009916939218875691,0.9700296780810478,0.08601919523124446,0.008057039995376948,0.028222662364629954,0.9030513650668153
367.0,-3.5602539062500003,0.440931753309332,0.1505729776362212,0.0014357988994572377,0.9912503007610638,-0.008481499610641197,0.02518677299007387,-0.009729030474211916,0.9695874902289159,0.08741405141035453,0.00794914192944223,0.02828084652431995,0.9029925140602966
368.0,-3.5602539062500003,0.4304269666082495,0.14513731222074003,0.0024863795432486964,0.9907399178721932,-0.008420238913874325,0.027149402674995406,-0.010013616247204492,0.9686986386560685,0.09033975420780051,0.007362501701357082,0.029477141952707574,0.9029833811876555
369.0,-3.5602539062500003,0.43538706872379807,0.14380595119915857,0.004660224506973881,0.9910714078443623,-0.00829006964636552,0.024867126625462675,-0.009593599834722223,0.9693002907916144,0.08656901975696887,0.008165603173596254,0.028125715067348213,0.9030023183279048
370.0,-3.5602539062500003,0.43963711244283193,0.14554821416086672,0.0048602428894724235,0.9912475143921036,-0.008383829793404223,0.02476264306982686,-0.009644631257087397,0.9696358921906714,0.0862895233552934,0.008030834156716059,0.028168052250278793,0.9030511357045814
371.0,-3.5533979415893557,0.44182545446940574,0.1476264634367797,0.003948048532062101,0.9913131579201091,-0.008454478332538127,0.02434913793412979,-0.009842729735031466,0.9697464579157828,0.0858079070459311,0.008139687821694518,0.028086719165574658,0.9030823488107111
372.0,-3.5533979415893557,0.4421864753238867,0.1479841099916807,0.0036207933908698484,0.9913007418986082,-0.008494508139350498,0.024222517214378025,-0.010000660872472951,0.9697442349716625,0.08560800544786759,0.008296018030797112,0.028006460990880024,0.9031204998202604
373.0,-3.5533979415893557,0.4368685310914559,0.14171782977713496,0.006691536312701067,0.9911868684447025,-0.008399679028660987,0.02559121455698208,-0.00976183526911392,0.9693891686888236,0.08839324009244486,0.0077028519109231955,0.02854554092235383,0.903017216809114
374.0,-3.541647338867188,0.4346345277229797,0.13676832825421142,0.006684034954626939,0.9910973569366304,-0.008159413742899616,0.0257352769988891,-0.009600177490712467,0.9694959637793199,0.08785761027594677,0.007566756784637554,0.028554043330521934,0.9031400504779288
375.0,-3.569140625,0.43496774042346165,0.13403037136299023,0.008838249840136052,0.9911601610974243,-0.008269583677548029,0.025681305111193257,-0.009512585922623249,0.9696284274689395,0.08788300410124955,0.007550105573893978,0.028440931988161264,0.9031662557921465
376.0,-3.541647338867188,0.44157870154316586,0.1347981052911577,0.010355756814586586,0.9914882634239781,-0.008096519243118754,0.023219617858775337,-0.009906493961582245,0.9702465058489085,0.08688859105344092,0.007675878739260223,0.028429044837849655,0.9032220697447144
377.0,-3.569140625,0.43567438300411765,0.13388887140794192,0.009293929611664297,0.9911567380621265,-0.008259596043929266,0.02537614185382105,-0.009570707897230078,0.9696478890152269,0.08725448886075929,0.007626577847673731,0.028399658748544717,0.9031846951077458
378.0,-3.569140625,0.42964101949676214,0.12835117481339844,0.011242841295971797,0.9909885576222377,-0.008050620120050526,0.02609226069235345,-0.009253597594791727,0.9693275599243809,0.08826293983045413,0.007234639061824853,0.02879795795877361,0.9031349426534361
379.0,-3.569140625,0.4265475178767044,0.1278031802630705,0.010566077448228454,0.9908114603461762,-0.008074416923565824,0.02704825802600561,-0.009357788858199285,0.9690026821703261,0.0896206012937209,0.007153113704343686,0.02897838528861563,0.9031140515328993
380.0,-3.569140625,0.433755010076934,0.12992225755773024,0.011321190925853084,0.9911436612825657,-0.00818802271762237,0.02565321530931232,-0.009371376202178157,0.9696043439037068,0.08763549463581438,0.007504348348960735,0.028374021172197828,0.9031555635579751
381.0,-3.569140625,0.42797058104647917,0.12539848561182682,0.013027419655506413,0.990883845632148,-0.007998106555600815,0.026353367858671064,-0.00928958533032027,0.9691676793842083,0.08835560071113292,0.0072223154214876035,0.028859022828651066,0.9031379470356444
382.0,-3.569140625,0.43003513838393753,0.12375844206458954,0.015161701179609388,0.9909711710659892,-0.00802830858784453,0.025723120131053538,-0.009405761831795588,0.9693604687468322,0.08759558674962112,0.007344421011513735,0.028731672063431208,0.9031838456139443
383.0,-3.569140625,0.4414239309801868,0.1272920479236854,0.0169100619621063,0.9914161823025152,-0.00833761299869727,0.02398823934497515,-0.009816555756910159,0.9702638124620975,0.08515571853850627,0.008198300801639186,0.027592498619725757,0.9033191194897534
384.0,-3.569140625,0.4413801850814496,0.12639092739703425,0.017569654338974644,0.9914057691196068,-0.008310545090279014,0.023827164232423582,-0.009884119167226245,0.9702917804483093,0.08497993793290776,0.00820250496729277,0.027627419568938497,0.9033474084440745
385.0,-3.569140625,0.4378952856762665,0.12265606138141533,0.019338175641840996,0.9912799266428842,-0.0081519791278282,0.023986319768187696,-0.009791112853875624,0.9701153015729571,0.08504233573593367,0.007938228367538469,0.028059387174028505,0.9033626348606869
386.0,-3.569140625,0.43673252717180544,0.12167765902456198,0.019554230486185334,0.9912331555809133,-0.008117010526665622,0.024046748170524185,-0.009759263237727713,0.9700379124838725,0.0849515135411144,0.007889940508906223,0.02812325301461064,0.9033750222718497
387.0,-3.569140625,0.43625814831709453,0.1241909644740952,0.01797666507220197,0.9911490777140823,-0.008144573281418694,0.02436528674942584,-0.009892111395357254,0.9698901214751645,0.08540177389954196,0.007931328619587622,0.028173737461590406,0.9033317418773201
388.0,-3.569140625,0.4321887353369245,0.12313006132378157,0.017465115344754527,0.9909398736210941,-0.00807713194046075,0.024858435505641985,-0.009804911320888902,0.9695138763654267,0.08572879566921938,0.007658593903525353,0.028630856258642947,0.9032923124492316
389.0,-3.569140625,0.43792843064427217,0.12698385704233528,0.016198544404054844,0.9911810697302612,-0.008261757799417362,0.024594023558925156,-0.010100814496286772,0.9699212979472642,0.0865010900149128,0.00806105021138712,0.02798387871025306,0.903314791028146
390.0,-3.569140625,0.43728831593662637,0.12788010315929807,0.015669901192285254,0.9910933130834447,-0.008166365945082424,0.02439253884092045,-0.0100582823306109,0.9697940148318538,0.08587452730993239,0.007867108980842974,0.028354187860224655,0.9032989426920375
391.0,-3.569140625,0.43366763373615896,0.12589120511273955,0.01609474168671504,0.9909048516763272,-0.008187625000080911,0.0256028828357909,-0.010036681198472196,0.9694475315742823,0.0872209255037115,0.008223334659078346,0.027809821311716814,0.9032888767313934
392.0,-3.569140625,0.4379219076857413,0.12779591331156973,0.015155000311408255,0.9911188784646341,-0.008071256381907742,0.024132355864265997,-0.009846785726195253,0.9698123996338706,0.08550831571578722,0.007678631701379976,0.028460154228665397,0.903297878166738
393.0,-3.569140625,0.4328497108632618,0.12596284309160988,0.015856034845204835,0.9908229783971712,-0.008213303389508703,0.02604749788072694,-0.010133578897423693,0.9693054745818446,0.08756985737059352,0.007860790198594104,0.02844602858861246,0.9032719836213434
394.0,-3.569140625,0.43007302260132174,0.12641035227089506,0.014881037366465915,0.9906297391655421,-0.008127048879333135,0.026761442287237477,-0.010026327645606903,0.9689924358536981,0.08792780537949411,0.007907400801261155,0.02837036621764121,0.9032522357441342
395.0,-3.569140625,0.44159462419544393,0.1331809999371358,0.013156998818221702,0.9911267581061178,-0.008278815529134688,0.02432704478401603,-0.01022178618635023,0.9698787180197663,0.08526673819875857,0.008405552839242431,0.027698020006664346,0.9033072353451457
396.0,-3.569140625,0.4445616837412025,0.13613450135820798,0.01169168975248017,0.9912196132598228,-0.008335583130408001,0.024245394856641893,-0.010205354137312361,0.9700428422533152,0.08489478317860721,0.008256491806848522,0.0280087177700005,0.9033154001552954
397.0,-3.569140625,0.4450776879802001,0.1358972923861564,0.011254469529929936,0.9911718678076611,-0.00836275997706665,0.02402389494574954,-0.010320034378024591,0.9699732681364819,0.08422085927746839,0.008699007608380369,0.027589253046863806,0.9033603010634905
398.0,-3.569140625,0.4445525198047902,0.1385721731606221,0.008498243911144825,0.9910354629027915,-0.008516065260760526,0.024897552179128382,-0.010788834194308336,0.9697685627935477,0.0854514752042711,0.009333878411506572,0.02707826476109593,0.9033322311213532
399.0,-3.569140625,0.44578767407515424,0.1399074144225287,0.008039535881316687,0.9910900194412842,-0.00837205966473178,0.024069406843520345,-0.010662249839166879,0.9698465264418197,0.0848126896275281,0.008699322875342861,0.02804171182316479,0.903306969787044
400.0,-3.569140625,0.45525835602303805,0.14340663315408003,0.007372927631124131,0.9914738721047072,-0.008520286724358785,0.02226740424245171,-0.010723960734583227,0.9705716241112712,0.08196226609580705,0.009473899387094701,0.027006249142000532,0.903390930303549
401.0,-3.569140625,0.45348058720710915,0.1421196797099176,0.00805484215409657,0.9914112188821176,-0.008776042966044395,0.02374141848467391,-0.010915034310186447,0.970415656807488,0.08328154393680207,0.010137268964129713,0.026066665095277646,0.9033323407763609
402.0,-3.541647338867188,0.4417825149500439,0.13743003481361604,0.007879331790915215,0.99084682897455,-0.008350123839095648,0.025564606683910095,-0.010849949505494862,0.9693910726969823,0.08613232200199582,0.009168560718838788,0.027576172712726627,0.9032798015155172
403.0,-3.541647338867188,0.4464649192759075,0.13936631000599595,0.007061761621457266,0.9910303131936813,-0.00815217982537284,0.023611755308601642,-0.010636506009385297,0.969711296466367,0.08326953188043668,0.009455203799578002,0.02732672014244968,0.9032914390609055
404.0,-3.541647338867188,0.45046555268615096,0.14057299160732306,0.007200462548313563,0.9912126162647401,-0.008378491357549379,0.023576418122423785,-0.010885066187256306,0.9700010840270896,0.08397989242801987,0.009125872768367696,0.02774458841045205,0.9032680547785992
405.0,-3.541647338867188,0.4529059896633085,0.14283850489333103,0.005415505254413596,0.9912429960223303,-0.008408160366400925,0.02330774760374226,-0.010995318070435687,0.9700528809159137,0.08355622789871138,0.009236842102773396,0.02783440637040461,0.9032644684541071
406.0,-3.5533979415893557,0.45329702254935167,0.15075993184947206,0.003058648296003387,0.9912088525152565,-0.008601226141199805,0.02358975748880459,-0.011147562729444947,0.9698868893986543,0.08408782443699256,0.009510955572881006,0.02773497731538242,0.9030910870516655
407.0,-3.5602539062500003,0.45578488954168717,0.15854504144471612,-0.000345030878769074,0.9911694020512096,-0.008646366668083653,0.023782281070085093,-0.011320586689937526,0.9700611337785727,0.08481893717024955,0.009307719663525525,0.027990440168435597,0.9030463654616743
408.0,-3.5602539062500003,0.4541409471326572,0.15918222602479137,-0.0010283005368692847,0.9910802259028668,-0.00861381080540904,0.02368659999789462,-0.011321930222737416,0.9699294994756362,0.08516921751127278,0.009195838433277592,0.028104461855111812,0.902998444062699
409.0,-3.5602539062500003,0.4543086996614201,0.1608854467687636,-0.0022295901252779313,0.9910475934255232,-0.00853031267145944,0.02374709225386123,-0.011211295638488085,0.9699141483596139,0.08457417582380757,0.009361568867403344,0.027844595329883322,0.9030225662501374
410.0,-3.5533979415893557,0.4602081351286041,0.16507498817957694,-0.003081453451040319,0.9912420184353712,-0.008589090090507711,0.023023831232723196,-0.011385627023673484,0.9703170554411207,0.08422359474115763,0.009488427475034283,0.027673205862102646,0.9030589117564407
411.0,-3.541647338867188,0.4584650134547333,0.15425439571261304,-0.0027479433679327135,0.9912497756796192,-0.008466682921356897,0.022574802205094228,-0.011105829680186887,0.9701798538880324,0.0826583414985325,0.009515112660749607,0.027565108059120526,0.9032548634647404
412.0,-3.541647338867188,0.4587982673724145,0.15541947805776293,-0.003225679389526387,0.9912143958667452,-0.008479031136772383,0.02310885386991734,-0.011093984761195155,0.9701027449107673,0.08356783276017929,0.009346442187007854,0.027685952222285915,0.903300993044734
413.0,-3.541647338867188,0.4576756760088198,0.15706628395658057,-0.007042812349623748,0.9912026546127064,-0.008415208367602515,0.02208456936613145,-0.011038835280736176,0.970078214357887,0.0816493454069725,0.009498005159794511,0.027775878590226115,0.9034486591116178
414.0,-3.541647338867188,0.445422806307262,0.1531580319877678,-0.00817622543000475,0.9906415426430055,-0.008423010719109936,0.02404614396521222,-0.011683193964320772,0.9690756526695108,0.08597764835101356,0.008924279239074084,0.029177001325929226,0.9034626216646524
415.0,-3.541647338867188,0.4600168870789368,0.1609287856138652,-0.010428259703772237,0.9913003565087395,-0.008578951535049045,0.021559348896382,-0.011213230736119765,0.970216277451005,0.08085578188086608,0.009878488777680041,0.027482798011338027,0.9035530609799658
416.0,-3.541647338867188,0.45358389786158104,0.16230123510547845,-0.015897212367109427,0.9910252001761406,-0.008588797544624552,0.02186008537060198,-0.01146440741570181,0.9698746789006698,0.08068484657365946,0.010420187136522553,0.027163443768296575,0.9036821338199583
417.0,-3.541647338867188,0.44955021860120253,0.16076666914995985,-0.0147169749287499,0.9907986689129753,-0.008410708718843715,0.02276397823464179,-0.01124574408912063,0.9694323406991621,0.08179052444062157,0.009844998824377183,0.02784146391200583,0.9036077374450413
418.0,-3.541647338867188,0.4435596730101954,0.15585413468414952,-0.011910941724827864,0.9905707567603077,-0.008412801460617347,0.02387254053225403,-0.01130715190286094,0.9690021326975131,0.08299120761431451,0.009664616727898409,0.02826100983219154,0.9035646698823159
419.0,-3.541647338867188,0.4488941748830023,0.1600972572846859,-0.01345601720048517,0.9907482609450022,-0.008430684634033654,0.023002849107720307,-0.011317622822844696,0.9693068841229171,0.08231575832105517,0.009637003015064994,0.028225575333551613,0.9035895872400956
420.0,-3.569140625,0.4558414216389307,0.16185032073695696,-0.012417798889304393,0.9910568634489607,-0.008745262692472916,0.02214319959901804,-0.011332723584540029,0.9698136202745529,0.08138014568577139,0.00981708674929522,0.02783367864014548,0.9036278765530199
421.0,-3.541647338867188,0.4502757192370794,0.16348072962056678,-0.016593211484078624,0.9907733979111908,-0.0085436886752876,0.022436800135757815,-0.011443693970858478,0.9694018919213399,0.08091869579845257,0.009977507231859237,0.028065127749134056,0.903651678153512
422.0,-3.541647338867188,0.4471126116914591,0.16408108450885373,-0.019823591760247082,0.9906474710564492,-0.008722071406317698,0.023577367449237406,-0.011864434421262877,0.9693186336209605,0.0828599613853975,0.010815934184793197,0.027107275408028465,0.9037761819983481
423.0,-3.541647338867188,0.429188701016409,0.15108664335583186,-0.014634263916078121,0.9901551986017916,-0.008659632038144517,0.023739669732239378,-0.012665109868243287,0.9685421124940135,0.08292549393012857,0.010758014890218008,0.029109468000698892,0.9035363180434357
424.0,-3.541647338867188,0.42991222399890067,0.15107676291649413,-0.014671135210319014,0.9902042503475892,-0.008706803866055875,0.023491844862387545,-0.012751996296816654,0.9685977658954579,0.08281268320334984,0.010697115174867737,0.029282634605688744,0.903545883153174
425.0,-3.569140625,0.43561101622288584,0.15472045340927706,-0.016218608042250168,0.9904460370677284,-0.00876222708287079,0.021975436374664006,-0.012414060844270469,0.9689775827862104,0.08125545641506376,0.010190738957429366,0.02965852221321519,0.9035796909138336
426.0,-3.569140625,0.43653484466656783,0.15532929855410976,-0.016745313164723146,0.9904847780317303,-0.008807606553160449,0.021948788538634658,-0.012529294091954196,0.9690082012613783,0.08147711708817101,0.010476033471191491,0.029404606810389075,0.9035968042505353
427.0,-3.541647338867188,0.4274997603641667,0.15123865821356383,-0.01709480739164368,0.9900544878029862,-0.008557112146086005,0.02391138129819668,-0.012702586262617022,0.9681955413390184,0.08412862171505966,0.010217639108483494,0.030207008857127293,0.9035427323849634
428.0,-3.541647338867188,0.4251704359392228,0.1505629467246835,-0.016459543561399108,0.9898595037642821,-0.008510129644825497,0.024707471987472397,-0.012509421690527135,0.9679000266949203,0.08425373137672319,0.009988105862906703,0.030278466548471637,0.903538719274054
429.0,-3.569140625,0.42783462731307204,0.15165267252491815,-0.017288274971731344,0.9900012360895991,-0.008774729447356596,0.024500948766451952,-0.01242832024565268,0.9680517031943761,0.08348496304154204,0.010667246281520288,0.0294494067168276,0.9035505342225185
430.0,-3.569140625,0.4303345784398764,0.15346610019024176,-0.016839700220571446,0.9900629475932827,-0.008738404306107384,0.023716652980452932,-0.012498736382019985,0.968211705067958,0.0833104317855403,0.01017604146944518,0.029959640162052357,0.9035830780234351
431.0,-3.550464630126953,0.435649532671357,0.14985668890249268,-0.01694376578951162,0.990391262212766,-0.008570251920999628,0.022494393672430883,-0.0124163004580271,0.96894637161828,0.08181320601423764,0.009935802552247451,0.029968315858162346,0.9037529036091811
432.0,-3.550464630126953,0.43671193029617583,0.15109155524567625,-0.01710567375966092,0.9904085840445638,-0.008511513920443579,0.022371163791169546,-0.012272045814638867,0.9690235982004491,0.08121124711764599,0.009999830758866448,0.029794938937859148,0.9037811524914567
433.0,-3.550464630126953,0.43517427474668424,0.15140393864605808,-0.01691420650947864,0.9902662498372747,-0.008669826433066647,0.023286516985095197,-0.012511097726484243,0.9688097522698882,0.08213348522729977,0.010380709014716742,0.02937568777917602,0.9038005872516215
434.0,-3.550464630126953,0.43762805496189616,0.14904985207892207,-0.012609570505924697,0.9903740611657283,-0.008774362468064742,0.023202457049612005,-0.012658082594195678,0.9688686310184975,0.08292097103909515,0.010072729029966138,0.029639668050366354,0.9038471837978321
435.0,-3.550464630126953,0.4333047803357959,0.14557954410397916,-0.00886053261840112,0.990134525807155,-0.008621110722404329,0.023739057579727465,-0.012644411197827436,0.9684432138374368,0.08372365399680491,0.009276739473658573,0.03074883404315055,0.9038741181142043
436.0,-3.550464630126953,0.43690770555986225,0.15209753108290072,-0.012438816655039195,0.9902360409212185,-0.008695722173254303,0.02345391334480607,-0.012760264379025214,0.9688478638498395,0.08322324273062966,0.009889510066245477,0.02983415047149194,0.903898245182682
437.0,-3.569140625,0.4385253288638838,0.1565478078438813,-0.013482023032209724,0.990231042025119,-0.0089497925603891,0.023428052935702468,-0.012802838953445575,0.9684779407048103,0.0838565194299196,0.009882194352435118,0.03004036754661721,0.9037903732945551
438.0,-3.569140625,0.4370628736992803,0.1528117091979544,-0.012099519882513147,0.9903411695522,-0.008928431894635982,0.023167186012815123,-0.012365886594471515,0.9683053049331309,0.0827196478660278,0.01003709093985645,0.02974444877467269,0.9037085269366099
439.0,-3.569140625,0.43824006343058425,0.1576177210280116,-0.01664428032308407,0.9902606620634762,-0.008984233089936724,0.023735554636664966,-0.012681177955450765,0.9683959453373059,0.08412313043840061,0.01021922591804083,0.029575552312958105,0.9037090716203737
440.0,-3.569140625,0.43431002033891164,0.15499912328524737,-0.015483311891383795,0.9900663590620766,-0.008819235882171523,0.02411318362664903,-0.012485584092567984,0.9680281425909834,0.0842700699160194,0.009837874930938118,0.030053263457670846,0.903680939620124
441.0,-3.541647338867188,0.43588195930219314,0.15517803918526282,-0.014262060724623852,0.9901024879420588,-0.008733500043033754,0.023939637750101442,-0.012678258474548834,0.9681457128765296,0.08418620723397965,0.009812883255626249,0.03008424199457276,0.9037038824988337
442.0,-3.541647338867188,0.43573203491993545,0.15397306817527773,-0.013316215445555685,0.9901187968884901,-0.008692913086851545,0.023582925005405826,-0.01252356238905669,0.968107616997486,0.08304472831931438,0.00980942019187061,0.030064104957133284,0.9036678760186825
443.0,-3.541647338867188,0.43461490340465964,0.15238070579031585,-0.012957658257511405,0.990086495769593,-0.008639015802898968,0.023737266551791755,-0.012458650141621085,0.9680661589460511,0.08319321120615017,0.009761490208469626,0.03005405123047719,0.9036803143906178
444.0,-3.541647338867188,0.4361413983166525,0.15187651562675406,-0.01261351715629797,0.990159767770409,-0.00873818938475505,0.023234851735145383,-0.012634910025098619,0.9682218343532569,0.08222782295801899,0.01011671860146581,0.029750819265403596,0.9037421183975212
445.0,-3.541647338867188,0.43956017583884865,0.1535478447447991,-0.014584220968535734,0.9902721913784593,-0.008795925298319062,0.02181447904126838,-0.012694338488112335,0.9683560989027706,0.07925796998765258,0.010673347874557924,0.029342686448809094,0.9038910399482152
446.0,-3.541647338867188,0.4423863779224377,0.15614780433491435,-0.0169206704319643,0.9903833887757749,-0.008927506924144148,0.0210464508557935,-0.012961873993685678,0.968590789347193,0.07798421977721026,0.011153366438616676,0.029054375718755344,0.9040872817256209
447.0,-3.532830047607422,0.4518896184548978,0.17356575288873016,-0.030239552757741157,0.9906592417548874,-0.009413240917921034,0.018068738799754465,-0.013833553703704305,0.9689708409684124,0.07246762832373546,0.013306709482973494,0.02774099467987216,0.9046898791185756
448.0,-3.532830047607422,0.47093074070520496,0.18389921981024424,-0.04631373657794723,0.9913383727877523,-0.009925053477751793,0.012794679679530449,-0.015202413809263859,0.9706875733098361,0.06535883862728095,0.016860422200723268,0.024417847467449797,0.9053414374111515
449.0,-3.5267898559570314,0.46275051203106976,0.19004193040303755,-0.04367860654831213,0.9910123440739691,-0.00986334892976554,0.014291358055106942,-0.015363663432383842,0.9700223718626482,0.06874651401671172,0.016278525673329186,0.025252274299342004,0.9047568773974051
450.0,-3.522016716003418,0.4745931684263532,0.22385985821679544,-0.07071560813248211,0.9908876223384335,-0.01042261809939801,0.01349416415056852,-0.01691567412181541,0.9701075862354005,0.06881080406958003,0.017093526346519693,0.026258005450015248,0.9049110383908205
451.0,-3.506378173828125,0.4622341193568554,0.23363130257055345,-0.07340257012151095,0.9901362778142844,-0.010261624395245732,0.01623623068194224,-0.017227110677108064,0.9683982633745742,0.07375896321677047,0.015756427779708804,0.029153445311115085,0.9040515031957985
452.0,-3.4958251953125004,0.4698228991486776,0.2754235500568817,-0.08317598431691257,0.9905105887173613,-0.011232711907422272,0.014705099634756327,-0.017475311332479513,0.9671378024229511,0.07330180412660067,0.01694529734524762,0.029362380417769524,0.9030703681184251
453.0,-3.50434741973877,0.5229207035357744,0.3089842253601044,-0.12708402259284018,0.9917309694560381,-0.011850338507469846,0.010256486054909454,-0.01898821181138785,0.9711478585153233,0.06980418113317456,0.01894873028301284,0.026822474809207197,0.904437399887646
454.0,-3.4928368300199515,0.5281489904663966,0.30718475999149314,-0.13271196057562049,0.9919933201821354,-0.011848061816711672,0.008185366453918924,-0.01922571360147367,0.9714103830088059,0.06583557745739763,0.01993621726381849,0.027054922877853178,0.9040100073570616
455.0,-3.486678123474121,0.5311061702011496,0.35397425725598014,-0.15315211978397053,0.991499201327471,-0.01202417312414598,0.007811239965443741,-0.019797824621362654,0.970781633362273,0.06682105140671095,0.019541975267317394,0.028438058032678105,0.903444456661898
456.0,-3.486678123474121,0.5205509999126913,0.34362319988541573,-0.148755594012014,0.9911047697691324,-0.01181824481955217,0.009996509158583572,-0.019623870824224534,0.9698351448715363,0.06975158516000458,0.019341849279421137,0.028810544714357594,0.9033129739621615
457.0,-3.486678123474121,0.5567544639223024,0.3774200714221707,-0.16746896856116503,0.9922992484103503,-0.01231995985523911,0.004793664830477239,-0.019501270347493,0.9719171961392203,0.06383674022827286,0.01947649119957449,0.02832848771282673,0.9035372075635306
458.0,-3.4799263000488283,0.5930216263033,0.3989614234130218,-0.1785613539621355,0.9933527074466961,-0.01246804278961728,0.002306885049887263,-0.019341817887538935,0.9739608319171624,0.06238769874899769,0.02023653068962385,0.026595895092251506,0.9035659014484803
459.0,-3.4799263000488283,0.5773655871091518,0.3933535545056588,-0.1750776180351313,0.9928125504669143,-0.01258955727427362,0.0036442901626643404,-0.01946010476021804,0.9726983936464271,0.06378166194042931,0.019358577088098412,0.027837093960667587,0.9035036012514945
460.0,-3.4799263000488283,0.5732725922841956,0.3690682283542576,-0.16171341600413286,0.9930375961554843,-0.011931092180679457,0.002465231008755293,-0.018551141523222958,0.9730048092485224,0.0610637120592201,0.018862481081270213,0.027833398358503007,0.9039113497525164
461.0,-3.4799263000488283,0.5846209676335196,0.3581916395286577,-0.15569334937188453,0.993583477066855,-0.011202179690875011,0.0008174006569275852,-0.017245708922489136,0.9741706123608345,0.05775882529969981,0.018730113499390213,0.026499779392996345,0.9044326120538639
462.0,-3.4799263000488283,0.581345716441421,0.3495393421844608,-0.15039800826110253,0.9935169640427617,-0.0108744366311486,0.0038225941393900805,-0.01684519776370763,0.9742830414154293,0.0624789369623424,0.01754738233817508,0.027135005679884458,0.9043747469671504
463.0,-3.486678123474121,0.5884564103698924,0.3518873284809702,-0.15298094392466305,0.9937626934852297,-0.010857847500836711,0.002819678888993891,-0.016421493135871722,0.974537786017073,0.060790270167624984,0.01771335762795166,0.026700650407505768,0.9045138865080182
464.0,-3.4799263000488283,0.5875767258721858,0.34463849859578055,-0.14979426974266263,0.9937707598737162,-0.010818265030995757,0.003576658818732211,-0.016600326739409192,0.9744784874606405,0.06269812831215439,0.017731967083366586,0.02672647408661078,0.9046847508480569
465.0,-3.499574279785157,0.5782536668078823,0.3110709994172505,-0.1364473915855619,0.993480674689589,-0.010181057769265105,0.006651572880803917,-0.015538232885885073,0.9743437824913828,0.06486953311834143,0.016849384522579555,0.02667049883707351,0.9050976974722682
466.0,-3.4928368300199515,0.5799161678555096,0.30761734932611323,-0.1333106362528581,0.9935405493730312,-0.010267627849617024,0.009675759917116195,-0.015464221238259293,0.9744365867113727,0.06880583244766662,0.01578569228651488,0.027540046057357947,0.9052205532521109
467.0,-3.4928368300199515,0.57705036935378,0.3113323201768367,-0.14025805006862704,0.9932940835741644,-0.009894380883343644,0.006464620298314036,-0.015701786198695777,0.974603067829314,0.06386986960833214,0.016405703574380488,0.027336347627243244,0.9056866950378806
468.0,-3.4928368300199515,0.6063329150978818,0.3472493972657501,-0.16759140411149326,0.9938711901766333,-0.010214397081988989,0.0007794603118911702,-0.016120404641897183,0.9763485765533007,0.0550043761070141,0.018342780767164876,0.02517216716144932,0.9065701330594067
469.0,-3.499574279785157,0.5728363817812399,0.3037872517425258,-0.1466935450667054,0.9932831986444981,-0.009864009627153097,0.003967808375072712,-0.015246659400441813,0.9743944019999242,0.05796581285030052,0.017348860951077162,0.02616659079190861,0.9067122707010637
470.0,-3.499574279785157,0.591223620427155,0.2859518859601531,-0.1271825523229278,0.9940128266355366,-0.009049392674589858,0.003379960217020513,-0.013678514427568692,0.9759020807372052,0.05632760382043246,0.016188647611840388,0.02557830328009736,0.9070664040742948
471.0,-3.499574279785157,0.5983250881623771,0.2804269105484396,-0.12505954635235902,0.994446072371014,-0.009076617040786304,0.0018456655464716676,-0.013411549134504623,0.9764122782021689,0.05448772447023648,0.016414649052144847,0.024908417077037486,0.9073678407910528
472.0,-3.499574279785157,0.5712155590507458,0.25508501661256017,-0.11789419058087801,0.9934961606657413,-0.008493347067720876,0.008720709724610488,-0.012883346108127625,0.9749720863990676,0.06304058218460758,0.014556276899608448,0.026635408968372725,0.9071516109735485
473.0,-3.49756088256836,0.5558360474650925,0.2509833024356742,-0.1132438908239323,0.9931024685421963,-0.008353773112828991,0.009900456290774072,-0.012918712839214653,0.9739080540883636,0.0659380255209415,0.013582711558403945,0.028044524746507725,0.9070436161616495
474.0,-3.49756088256836,0.5766003493623667,0.2620577181717014,-0.12311465250629432,0.9936401248409257,-0.00829092025127133,0.006004602923117502,-0.012838501102090465,0.975223673266508,0.06004046976557714,0.01467622937471647,0.026635156252547865,0.9075054110638967
475.0,-3.50434741973877,0.6095522117413835,0.2826806316025836,-0.13921950677855185,0.9944705939855876,-0.008816292198649614,0.00136054426202443,-0.013331143992570866,0.9770663993679942,0.05441714564254996,0.015921194628188223,0.024773647616494462,0.9083497010805579
476.0,-3.49756088256836,0.6097487799817839,0.27681178759901853,-0.13823415025609034,0.9945500531569356,-0.00889242723257751,-0.0007433666893774447,-0.013792778417644942,0.9771516506116533,0.0520707250664453,0.01655884308761214,0.024443887808468224,0.9088516391028549
477.0,-3.499574279785157,0.6146912081683775,0.2927146137019344,-0.15616986881303035,0.994440217268671,-0.009308459056081244,-0.0006568742561500837,-0.014878523577119667,0.9774888376259268,0.05315792924845831,0.016875550175688526,0.02502019676338643,0.9092696158769975
478.0,-3.5063781738281254,0.5839628068204324,0.2560782901894534,-0.11312415954128269,0.9940981257138748,-0.008594804680957862,0.004023639148803587,-0.01227181112495255,0.9753404895719484,0.055875050832743654,0.014178138320971569,0.02688870239894276,0.9085763968297547
479.0,-3.50434741973877,0.5906533542357034,0.2680214011844604,-0.13120722894350895,0.9939705697071595,-0.008668756403571783,0.003960019112483341,-0.013380207266606945,0.9762262699398914,0.05732864103037231,0.014698365265948001,0.026433707508949522,0.9087432003122733
480.0,-3.50434741973877,0.5999396087808371,0.27217894231566986,-0.13204322145348488,0.9942920287187247,-0.008955149140379842,0.00385964361361246,-0.01351911369098636,0.9763137950733671,0.05951569257279894,0.014393463988318535,0.026636203964338412,0.9087107655987843
