5.903,-0.709,0.869
11.131727741022882,-3.4683544496539533,3.0266375593220025
11.914813322069499,-3.6340374864070544,3.1142828020438094
11.672173214425897,-3.6249743032918067,3.2483916123319903
11.724581392963213,-4.159143350296989,2.7382725515395427
11.036430586408493,-4.074305544159404,1.1480966756941102
11.100429335627298,-4.442250610174884,1.167184092991758
11.32991491970323,-4.3673337809832855,1.4486268701917466
11.104559857298844,-4.166403359540323,1.0372938404550704
11.282894756423998,-4.347510608864872,0.6426466241780057
11.022964507911258,-3.9500107569343417,0.0034732995947125422
10.510691816335822,-3.4382315365971774,-0.12212699581366732
9.871386525267466,-2.850305975321796,-0.6598012586064198
10.077675171955221,-3.0082003677187257,-0.9930332324299272
8.56094343738155,-1.4825672123230769,-0.1282902197440161
7.739626855113716,-1.2983926310383795,0.15141340994969782
7.746511971965304,-1.69640015502375,0.798410195386362
8.50952953365911,-2.3326923139869726,1.2612998664089972
8.00494088664354,-2.087198954148292,0.7830645290375671
8.416814183605132,-2.6704017113780942,-0.3718638726385347
8.248712969538815,-3.1120766188014164,-1.3182388358437012
8.737813016427813,-3.546859267927358,-0.587842102592838
8.568444766372362,-3.414945974788539,-0.9631877827185495
8.471195082839316,-3.070000329238935,-1.6972715087586763
8.45780514950712,-2.678815228969542,-1.8508829138338339
8.328369310321005,-2.6853829344756366,-1.7398356175256797
8.0594320825216,-2.5329027416162,-0.9029719487379991
8.17794859612965,-2.6412278280261727,-0.09312159240344264
8.252321136047858,-2.827023731037242,3.0051466918523353
8.392976975750633,-2.685961064646583,3.2807511723657963
8.594752676985133,-2.92587474580129,2.2871469987128505
9.153020203086614,-3.2256825022996365,1.157575316282288
9.365815154693435,-3.217428455186123,1.5444470068454506
9.769557622483058,-3.203871569060132,2.517067852244489
8.92775076151143,-3.5819671305008933,3.710686030870294
9.007168745376095,-3.6352334955529977,3.711864815622985
8.87478599621702,-3.193517346116298,3.0764131176051346
8.669743636112944,-2.840972633525597,0.9559729462918636
8.702869253222069,-2.9954782439738405,0.6270521801711769
9.244275565677558,-3.3168481068120363,0.40547340998672443
9.342366887292565,-3.325830372853004,1.15563751058441
9.418768493788416,-2.9297002397815937,1.753456393812818
9.091512647540752,-2.494300149545457,1.1110878854575634
9.315728765433601,-2.2793550730456533,1.099873052566035
9.272282252481082,-1.747352457880123,1.1644247165366417
8.93132060683403,-1.4664326221821997,0.8248361248138136
8.73921133552588,-1.267039944714766,0.37749798657088895
8.895350794241985,-0.8250724417979882,0.981831089404999
8.580038395306321,-0.30305198211909723,2.193157516552851
8.365806991496758,0.09853145819373571,1.9321916707273246
8.584835891177454,0.26031666508073703,2.2717770169484806
8.303853914134846,0.7724467947871494,2.880697942154287
8.414405218866289,0.29285168847354426,1.7241174297676722
8.313234895397079,0.40679095772922014,0.4558033642939172
8.147039583923325,0.07908987805100628,-0.7121451665484352
8.283819268495549,-0.3118980517077088,-2.2799501902870025
8.109292792633946,-0.003129111861443601,0.35252442418836294
8.068670206197172,0.13256972056866861,0.6129046496963335
8.00620633026584,-0.09408033750187943,-0.5777013701912237
8.0652141831332,-0.3231311343408487,-0.8299403939319243
8.076227939937665,-0.31416747232016007,-0.3528781403196287
8.492400060909592,-0.580255238541852,0.06398048611995794
8.608496561835084,-0.7162633037702903,0.1898734213212171
8.488402316478266,-0.5074571893453428,0.9878362217174795
8.660862994054227,-0.7447411895323452,2.083809941511271
8.563486687480367,-0.7119656996511246,0.6581990886895921
8.511709257390468,-0.7407083949177274,0.15598428962146466
8.703592225303872,-1.1566009937236075,-0.7121555354620288
9.425603325909272,-1.884867198983483,-0.9127844874535637
9.378219140320015,-2.0336511708557516,-0.7467290155701831
9.353665527499746,-2.140557185253996,-1.3217867959466276
8.87287625648175,-1.7479626942709732,-1.1589506375373344
8.73179620428373,-2.2542540764077255,-0.6301198637919936
8.75638510234123,-2.5633575354779508,-0.6877451457231073
8.757120747705521,-2.7780245902947414,-0.37690629621578364
8.72008394177448,-2.987554692095606,0.30205130974390465
8.694592090470309,-3.2744790908858157,0.5125511133197684
8.81484660984766,-3.370857868969354,0.26204520874390963
8.86071234729853,-3.461102542850781,0.9938691893667402
8.904021633094606,-3.507064582120562,0.344583238045612
8.867907428225825,-3.6386166837239626,-0.8380967221192984
8.632359929640227,-3.6242790506675386,-1.2670236350912591
8.917471135883494,-4.212221425629616,-2.047192739308626
9.063786386825726,-4.837219719250278,-2.223610654688615
8.544327816377312,-4.863176511949185,-2.4845028952913353
8.986916503341352,-5.379578793823598,-1.5334898036126303
8.841075495590632,-5.18275528164625,-1.0482670658330053
8.813564738305729,-5.094936456311269,0.08544177227409899
9.013758169391082,-5.672608505568735,-0.04827417259116546
8.955036921252848,-5.5207373766433365,-1.0958606399250657
9.00911315391796,-5.632965961129856,-2.117526619220661
8.653348378273673,-5.646190575651109,-2.413997714054322
8.903196644664188,-5.925597282260895,-3.5216939111143004
8.885677901985115,-6.27543748575295,-4.009161736182087
8.815972577729035,-5.991569112286438,-2.1344647951979008
8.531445985115788,-5.535793611456556,-0.7738294140022615
8.370003449595323,-5.509927688924501,-1.1080053001022467
8.267768529637014,-5.49452369676332,-2.1382615170233903
8.077057479131232,-5.23559474091411,-3.0368147152732408
8.04682637329311,-5.251000666707202,-2.8211220564444224
8.173185553361751,-5.345074058619466,-3.480310097075206
7.902339856184746,-4.90020885339507,-2.3464051555329197
7.378685138083609,-4.400570957405677,-2.2811827589238662
7.180182892465794,-4.22808707475118,-1.5493218034952871
6.941635938408611,-3.981865280907056,-2.2221758626351997
6.823043277864731,-3.9032725125841443,-1.9400954338424055
6.725112355889004,-3.7497276976022196,-1.5743174882898205
7.145914043498369,-4.11487703171629,-1.48308503825622
7.097426166836325,-4.119488868876975,-1.1971735241476735
6.903588477135913,-4.0129098224119035,-1.27299100750384
7.254682832715048,-4.021014626600408,-0.3903041694543601
7.63964764498661,-4.201622695441588,0.731859387853356
7.480009804389647,-3.7784864928815955,2.151633904417443
7.494347678870984,-3.451306348441725,2.198648245041024
7.576323238042136,-3.536064085594304,2.683272651414073
7.408396081938992,-3.252470107234543,2.0199814940904783
7.609843842375623,-3.1498389532994575,1.3741581998477386
7.821246938548436,-3.1524494253902873,2.3166840105417688
7.984849592252255,-3.035674517167708,2.1640314947338313
7.533551334370635,-2.0711475778392847,3.6395674119669623
6.933286930461246,-1.37010969637441,5.331891758646451
7.24693168112908,-1.440361411597656,2.900175172456356
7.324805049872822,-1.5905606741318392,1.1711080466151933
7.351135874306529,-1.5684702024523323,1.0318814945683277
7.322563600366336,-1.5625860413722403,0.4180171014385821
6.884360937297968,-1.157139948460269,-1.3834883930416004
6.780369458889804,-1.2102104904184954,-1.1787632278588638
7.042010732427988,-1.5845936384932537,-0.9450653756085718
6.822112956335537,-1.4257194437320477,-0.747099672859745
6.5863057026452285,-1.1683008741283325,-0.42438883893277957
6.470682558320292,-1.055248425402574,-0.931117413466287
6.387668008958871,-0.9533385684616251,-1.7706774780033454
6.099602533238908,-1.0418854899242662,-1.1375189318053014
6.390197446900531,-1.4075873634967015,-2.1051653259055265
6.853402449248365,-1.9052859945647747,-1.285889318787799
6.933782702736211,-1.8796348586495946,-0.3820523819416992
7.035302450437198,-2.061084526105281,0.5994670430081128
7.080277433417865,-2.0770275850714235,1.1539766149000763
6.921873647968941,-1.8494538695098992,0.9315106692953011
6.906249266133567,-1.7405694159206655,1.0958483082765549
7.0844333907964225,-2.0017593098966513,1.353962303845489
6.89248868113966,-1.8973183753085663,1.0547313212199776
6.749104057062159,-1.6793352623542697,-0.1616264075731837
6.469144455904627,-1.3662714192828613,-0.48329724484151426
6.690451789586838,-1.616007317063798,0.37357614735964817
6.798226145333669,-1.7443654311696197,0.3863918644601013
6.8016732669739435,-1.66746924281409,0.6747153919640678
7.002343928444888,-1.7228684615109475,1.391519829317983
6.78312441141661,-1.6215951126635613,1.475586450551524
6.688397296691653,-1.6829617890214705,1.6432527503634486
6.67142863808499,-1.5433840338188471,0.9665381493801442
6.321720558539181,-1.0764119173672635,-0.1199891368666387
6.591432281470068,-1.3674718569203583,0.46548723428774536
6.279362652828467,-1.2469643838542017,0.731051205442324
6.078936648289146,-0.906936048044948,0.1649164251253883
5.904494454759053,-0.6108295969878323,0.6555175310084185
5.80781283180424,-0.5143792013324859,0.3210390687482261
5.817029471263277,-0.5965755059942294,-0.6499348097731807
5.879175024069224,-0.5695677924738797,-0.2769291686499487
5.863356467783875,-0.6273081117911342,0.04850589995483551
5.7544811276824035,-0.7092795320512072,0.7038153986218059
5.599096956152516,-0.4995818944976096,0.72150087938998
5.444676523594546,-0.30695722472108544,0.6569771453721736
5.525261338020484,-0.4280676594011318,0.6153249141370145
5.4008465960842065,-0.3968232676595695,-1.0661683487889824
4.970957977099311,-0.4727467225972631,-1.302739539714247
5.417370139137143,-0.9824565463057451,-1.9718047087177202
5.244938734954926,-0.6672661239460591,-1.1009620656218277
5.305975177915407,-0.748529590997091,-1.0879802798214497
5.2411599403634375,-0.6897244635008245,-1.0353478191303696
5.691783826645043,-1.0575020612347998,0.1899906133624485
5.9087685978738795,-1.35671465999049,-0.46684249129125793
5.876121994020032,-1.3400231183460585,-0.1844850930866893
5.949650030351979,-1.4092792648226231,1.0095332663116814
6.065002684805616,-1.47398585095464,1.0377146707798008
6.225712017259091,-1.5861015869254753,1.1334605233515642
6.301020655703761,-1.4685642140160033,1.0503058390619566
6.298583053792951,-1.5929201901741779,0.9089841233384557
6.291071057983866,-1.3789547919779193,1.1131545408358239
6.476198885063208,-1.1957281515980416,0.6677784538072002
6.5417238171498235,-1.23620167959548,1.4117267602874906
6.2731214720798,-0.753603060016581,2.531381912410926
6.084164263416567,-0.42130477580967396,2.3661448456041736
5.635813244231327,0.22124387215108293,2.110843984511678
5.52881146429737,0.17684902861139595,3.3630697098009303
5.420728468577173,0.24139092292063058,3.9212635660560413
5.609351275288073,0.30757109442424446,1.97469338859907
5.7349545073904435,0.4898650012582118,0.8812843755812979
5.69484103081007,0.6323357287724627,0.049999902073443625
6.0242650479045885,0.28205537111110135,-0.9096005352901109
5.965227140853454,0.4562293276091166,-1.224712702637536
5.762488110426346,0.5524448760481175,-1.7360866305682778
5.750650641524149,0.1696209370903707,-2.5968145909817193
5.989149435034413,-1.0321785034885607,-2.627987003107664
5.942666195256491,-1.0906375396912025,-2.9557853769794153
6.162916752666734,-1.7540007845546564,-3.1322129873692597
6.418480297150559,-2.598690001027022,-1.69409158256257
6.45444845965025,-3.0320779511623286,-1.2037165782431813
6.434371221818281,-2.954994612322961,-1.0434022674962744
6.340422674849911,-2.9486117165440526,-2.330938915170899
6.2102415073272175,-2.9566851626490944,-2.45785278337267
6.452656124279416,-4.137425206403706,-3.346888813499354
6.257083512765474,-4.377424467366169,-3.8504349160179996
6.653174197104102,-5.10730368482139,-2.232693216100477
6.784432146441995,-5.4386640874865995,-1.2012094646521572
6.559624604806696,-5.114806497069673,-0.7608760885949843
6.523353782429052,-5.044012803660835,-1.2677880387961689
6.584744230934858,-5.0627688132912345,0.936325514000991
6.50873484772241,-5.09505675225317,-0.3901129370976485
6.540574913692296,-5.075333469568281,-0.8832764879606239
6.600107529982462,-5.169932944977378,-2.007535791820168
6.800275451814084,-5.244311648496229,-4.575084670076495
6.391592675538735,-4.762779601458034,-4.774412540379398
6.101973195834892,-4.507674597841043,-5.979383148719837
6.572066960178863,-5.114566453005122,-6.260232910176826
6.47100502274958,-5.323358444701905,-3.9982022301427653
6.257953412711625,-5.0976927451628935,-5.36335044210179
6.334987098748912,-5.2170456703124195,-4.8988246526306884
6.098870288106288,-4.872500181625536,-5.564556886965747
6.306344054694768,-5.197713000829913,-5.5973931610901895
6.2828786044725256,-5.189013844131718,-5.463464612160493
5.679529105535765,-4.483521666247634,-5.729303596751305
5.826833818446846,-4.903918050235799,-5.299883919677217
6.938311036983432,-6.084258150158091,-4.8653821358771685
6.748202482762377,-5.873703763926808,-3.963292595591294
6.358983569067942,-5.478839389005768,-5.196154756142491
6.554103833197798,-5.678155536164954,-4.195713738518228
6.348486883361442,-5.485975466189652,-3.239192487881997
6.385885987229807,-5.599348300108283,-3.788813654006951
6.217140741256432,-5.417516677856535,-3.6652092880247706
6.135732645878416,-5.246436412292032,-4.360367168510804
6.0588280466051785,-5.147589179254723,-4.680415905857358
6.283005826794529,-5.487083090268291,-1.9854587006673947
6.22330623154997,-5.30985406684425,-1.2605698603537856
6.0070921068635545,-4.867230697391615,-1.0818825848582994
5.895580801082822,-4.595529762108324,-1.3641749343233958
5.714999836004636,-4.235735444369594,-2.603875333414938
5.507715977112967,-3.8441383037976697,-2.055725357914806
5.463001922143622,-3.5780193251632566,-2.6193380616662205
5.539451671740156,-3.438142646786289,-1.616160151983829
5.174817250337988,-3.0032389465293035,-1.0463402017860943
4.806678024343268,-2.4079221027030813,-0.3917562749515776
4.8765826460478445,-2.2594631647936034,0.22223110011410763
4.862522570599832,-2.1345028264954684,0.6495199597258979
4.551099409176165,-1.7193782377573847,0.28308477886762623
4.280504963108433,-1.3704539528664021,0.1585975137009092
4.141968332601835,-1.020082072660615,0.1145181366222175
4.354477548528069,-0.9939832181745945,0.7538198998166941
4.224302647766761,-0.7151655568424271,-0.113785381457023
4.326027578456595,-0.7721141661241796,0.957013278745596
4.603140280634412,-0.7022620085318723,0.6621079125624846
4.583372100701809,-0.5764296750987927,0.44498937658508564
4.389111571546191,-0.25630536815548893,0.3809689673478312
4.593350223820515,-0.15692924994037588,-0.11055479900902998
4.532950809152156,0.040956692696046126,0.216423835959376
4.947291395945089,-0.26787299802391096,-0.06346906627303495
5.284612878179883,-0.5040494328645261,-0.5791692029953339
5.286743075670037,-0.38810384560595784,-0.305152084936958
5.154385354455194,-0.09843719386666394,-0.016516870839908826
5.146021476773246,-0.027395791936294767,-0.865426146834471
5.005439748446335,0.14385462647993905,-1.4078845326142448
4.800739961375378,0.16454323687233458,-1.0000516642994575
4.871890560456824,0.29242518958588265,-1.6153334372561012
4.738621184773215,0.41415155424605843,-1.7525630356338149
4.83126186337007,0.17962239824961748,-0.7806783291976063
4.937360494785426,0.1595798601421003,-0.7932886959949121
4.89920024165975,0.29906690133443503,-1.861915156528521
5.066963983912682,0.07357781466092027,-2.0296153675493103
4.949468995662424,0.08870512227000409,-1.6499853286756474
4.9829920882017475,-0.13080988867917875,-0.2849137503529817
5.177832465224084,-0.3786697057625378,-0.38261569040071075
5.2583560055422085,-0.26996641888462625,-2.1098056841559107
5.049279087851418,-0.805892998945773,-1.4566054964762842
5.177735016466345,-1.2683452962731474,-1.4448980686456805
5.167523936622858,-1.108409274612803,-2.0395583313793737
5.179450403226003,-1.8406685850346511,-3.6336410230103677
5.301151534515809,-1.9632588093932846,-3.6777278911016924
5.321483332617892,-3.3151834678567944,-4.2139796005699015
5.924231054228771,-3.8765162677015166,-6.796933176465709
5.73631392106889,-4.251699864362806,-5.789630025090672
5.344570539752088,-3.9466615667727116,-2.6858448329979185
5.569536064277439,-3.718769686046554,-2.4380565269972063
5.288255175736444,-3.477189195570538,-1.9436037912083497
5.33086267674089,-3.6803830762266303,-2.083177998582286
5.249558396061526,-3.462830466248553,-2.7259914472715616
5.450989110608789,-4.397764502940973,-2.4844587103622233
6.70255679043075,-5.986065705974887,-5.166065068836386
5.571103128713462,-5.136169040699654,-5.435690812193547
4.452101440285392,-4.275865629701042,-4.389640299525793
5.404037925743734,-5.118012208786837,-4.930820209355986
5.502731386354582,-5.118129195397627,-4.883288747581532
4.8344426113271,-4.506700198114811,-4.639041435966579
5.49603776232723,-5.3611866530536325,-4.551741070009357
6.103090824388903,-5.930849630400347,-5.2641838605838345
5.977639655069982,-5.877551664554016,-4.287142290179754
5.852434885803424,-5.773249135155798,-4.097631375985586
5.8220350283136275,-5.781106129563683,-4.391886669661018
5.623654309499376,-5.627338740848469,-4.194685038356918
5.783335073503756,-5.784899400053552,-4.533133332700982
5.715999082018666,-5.665648825898426,-5.4341634512600026
6.194070156724482,-6.2163082203565025,-4.172662304194095
6.157885339236153,-6.145586921833099,-5.3301081795032275
6.263332201558658,-6.184590029640065,-5.689896380871391
6.350414747629434,-6.284241065472915,-5.067237883691136
6.076988237706316,-5.971322204531407,-4.9612856608355855
5.69699005208665,-5.543056990201993,-5.140571145088214
5.266373396601575,-5.0691698848989555,-5.402442819881454
5.282358659595464,-5.02580279982522,-5.970376541445434
4.53207230963102,-4.282882810521608,-5.276896914755457
4.701540379647348,-4.431430930161313,-5.720479975618831
5.065421688282212,-4.733248486084999,-6.783381025836539
5.225758445479509,-4.921259874118167,-6.39394788923606
5.81616616396612,-5.65019602772899,-6.000706767010819
6.099845601989291,-5.882934334315447,-6.767159462710307
5.992880175343918,-5.864010976736448,-5.955161576192209
5.872634728123479,-5.828231924090473,-5.091602684386509
5.842434689223066,-5.772302139076662,-5.924431919615319
5.5783728160958335,-5.445247577403492,-6.32245647715621
5.784977215749075,-5.665558427267404,-6.490795917181094
5.386660734524251,-5.052882550579194,-7.069985026750901
4.46259278285016,-4.248344728675545,-6.254713124369928
3.6943579458562206,-3.513804755390937,-4.709850183548343
4.022874852985299,-3.858922586334847,-5.194889659364681
3.898982219016472,-3.742136807955855,-4.986207706659463
3.5587371153756764,-3.3809017356802338,-4.632032366786573
3.5056223026273403,-3.2790785247950875,-4.949222170321141
3.657638158752385,-3.4253990794377795,-4.77175407017369
4.052576381315993,-3.822231433359047,-4.996998388835841
3.666942119860829,-3.3975578475937187,-4.976121701171807
2.89922758331306,-2.6717103778951383,-3.8638131965211056
2.991169385198606,-2.756360003313775,-3.7667828846482316
2.838734577627557,-2.5827283704518047,-4.0136830300428885
2.9302647381255365,-2.6589225860242314,-4.143340699965614
3.09799640803896,-2.8239304336196995,-4.374628295822149
3.162440415865146,-2.8933096281331294,-4.24848933796757
3.0156148738564728,-2.7568563920039137,-4.166477542999548
3.2723307099068446,-3.0492988003351003,-4.378576908217626
3.6899390841933295,-3.4798380805577094,-4.811996696694907
3.568694555871488,-3.303858109531467,-4.975227080141758
3.5102604788331995,-3.2705131296461696,-4.817013056802214
3.2281364976697984,-3.025703836206383,-4.4935255474379385
3.8612006223351365,-3.706301844580598,-4.727142757153702
4.4094782861150446,-4.297300234657075,-4.839723324405832
4.688871677168135,-4.5851301525318116,-5.428832951307621
4.882684948796566,-4.841101546191784,-5.027655845976957
4.756760427011926,-4.668257196747487,-5.514100435210462
4.692563463269165,-4.5622651508284155,-5.576097839456324
5.048736044592837,-4.864635498176678,-6.20106195620326
5.3874287938615755,-5.304491407321872,-5.866533186341439
4.815703431537463,-4.714272159447245,-5.423878334563346
4.737313175185627,-4.646470789334955,-5.246771219374812
4.704467702042769,-4.7110963447386816,-4.502243008808869
4.563105761538791,-4.59444567618629,-4.309886243925826
4.294302906481354,-4.281642998465399,-4.22331765869646
4.29670513206036,-4.321707090739682,-3.892604036089399
4.217880986946056,-4.300475819657282,-3.2777542013675567
3.8337026806942704,-3.914051602235251,-2.8566084364035165
3.9810278109447537,-4.113953547280308,-2.6456503484596245
3.8099185327017615,-3.887813135218332,-2.792976645222601
3.5488487748714186,-3.588945937632769,-2.6978013263403877
3.233343346862557,-3.3297096797800627,-1.415619906096906
2.644311814615837,-2.673640704680481,-1.7337226297146162
2.9821724331032984,-3.0768015813025316,-1.2923296496804926
2.9409634767703023,-2.969557747286042,-1.649132505359046
3.139779061926748,-3.212096770372556,-1.7986403525887806
3.304207865138968,-3.346729835852766,-1.993682007995271
3.639746633063346,-3.7017999298293134,-2.1694514852947155
3.3169185782847386,-3.306049803037289,-1.9159164115487333
3.302147596459815,-3.269610923203587,-1.6444103744090217
3.1017010279355186,-3.109676589662261,-1.807991662284374
3.158917174837127,-3.1034024117469654,-1.5177216325813465
3.0653663014096844,-2.912502754069563,-0.9095777965575063
3.0632800432854825,-2.823538150014302,-0.6528009285198184
2.811630906359965,-2.463985093963333,-1.640901683482256
2.529472279947285,-2.1744218855026163,-1.390098408730703
2.5493746191173745,-2.2764836820003485,-1.3866196369995505
2.6139310268025784,-2.3702296823277873,-1.2534193840759864
2.5300204051011543,-2.1927662723690795,-0.934374016359675
2.170259495019148,-1.8803077615836021,-1.4309123559022972
2.0488491334287837,-1.729743133918392,-1.096728419733112
2.0839062375196633,-1.7672885484736245,-0.5487064696385784
2.127726652968121,-1.8303924975446886,-0.6729372069344279
2.4618530356584123,-2.155521218869084,-0.8642428832542679
3.1758313920876544,-2.8079573875317054,-0.787170558296847
3.2769544265653754,-2.847998695656103,-0.9054957820990449
3.284791222815106,-2.8644345917821425,-0.9335851571357987
3.1217624010969534,-2.651272302559888,-0.6071770070994231
3.150406571188575,-2.4512516779769697,-1.0349674701765812
2.9853507434805735,-2.221974196044597,-1.025498218932073
2.8927756946444765,-1.968117495952316,-1.2264652032247811
2.9089428492850407,-1.932566475937867,-0.9668445649195119
3.0124955203116364,-1.9788386929892352,-1.4147406898983683
2.7389613957861445,-1.7040494225938052,-1.2434109397909714
2.8668195821354847,-1.8469307769012289,-0.7288233476052951
2.8131782678696045,-1.7278824825874095,-0.3907871511411153
2.695560317615378,-1.4957416835143524,0.164490836949373
2.5780416933567993,-1.2642757264016096,0.4522710088478347
2.7983400006319306,-1.453404572836344,0.9999391954967273
3.0297406323022704,-1.4692475631593283,0.6797949157518541
2.849216951532257,-1.180136381850209,0.6529244861919538
2.954942025144988,-1.2408915455620173,1.2019615567870885
2.911459232642305,-1.0804097662114747,0.7928205681605862
2.8057024002822164,-0.9587765211863976,1.1832584277312814
2.855055373704959,-0.9277182750530829,1.3754482758025093
2.7724508686137304,-0.7506272688126658,1.090284781284327
2.952481744681479,-0.8222118107000785,1.2569846541765872
3.0879920146996036,-0.8515297194149828,1.005900417251775
2.9692309343824714,-0.6259399746289824,0.620782718401341
2.8129456735700282,-0.3429776262288405,-0.3865975324677686
2.776353699492956,-0.3157027266331249,-0.5235197371326235
2.8726258520059194,-0.4065506649404293,-0.48422331990277323
2.635213653869803,-0.15881947239959654,-1.0420300354640566
2.813153194948289,-0.3311064706733571,-1.284788022970686
2.506079320682862,-0.05368210125876727,-1.872373863770958
2.427826292751817,-0.23882339063077201,-1.887706592512952
2.2970220128364636,-0.14107315956071864,-1.303717890485431
1.7868175157284198,0.29402141938498394,-1.6611008808896617
1.8381915254736299,0.07759074912566133,-0.9456246220735945
1.888923118420788,-0.2940825171308782,-0.7022222462740131
1.964548786706539,-0.322357904206235,-0.5586149116532322
2.2230882501391207,-0.6555943985592747,-0.824962710408361
1.837346421602038,-0.20398870125635227,-1.4082839975164079
1.6446533299137864,-0.21170574083167215,-2.1567870220826917
1.1449504447169239,-1.0077789641677266,-1.1658437885008255
1.0732526793340464,-0.9562127631055836,-1.0486836207178305
1.134678615340579,-0.9280198245910635,-1.4332459770427808
1.1673304607014288,-0.9630821602250066,-1.5927184577169688
0.9646381894040573,-0.8061580158836574,-1.3453107747402568
1.2696625212271158,-1.1015120760987687,-1.7576466216486866
1.2411692402975567,-1.0803827309667058,-1.726759548478059
1.5425946547316516,-1.373608654729051,-1.987816049432058
1.4984436551581204,-1.3439896014649066,-1.9753776940892114
1.663733305660295,-1.519488756198176,-2.276380847583258
1.9481874912834858,-1.794747690331707,-2.683250013550164
2.516755172527609,-2.416858034153671,-3.0123244162390503
3.0806352758339255,-3.0170168956948897,-3.5532567460639966
2.9288576244927347,-2.8618482433880645,-3.45312645107853
2.9084656653558647,-2.851898296320431,-3.5099869960948022
2.5466050903464397,-2.495908143445152,-2.6045490281921957
2.1884032826778594,-2.1121295577222328,-2.4605032400147837
2.2278567821766333,-2.1721544187094186,-2.2678931744612134
2.453741177010248,-2.4418218618284926,-2.1808074681510456
2.2886040526311127,-2.3386703002919784,-1.0531231717498228
1.9626087082366368,-2.0230245100054667,-0.3296840479513379
1.8855190237416088,-1.9206426443211768,0.24573785479135984
1.8669468999561754,-1.801624813151383,1.568350503749983
1.6271799317461708,-1.4419479933547084,2.579811743017709
1.4526859100977834,-1.1986054902890972,5.679400279600438
2.039793346328595,-1.5085286521593695,5.8039091369824085
2.2540504920304367,-1.409845088999316,4.312181429893032
2.2156766664749723,-0.5782590351826042,4.315001694858655
2.0655557049464677,0.3081202441528354,2.345239990843835
2.433727259125858,0.22546648452003687,3.417044760854665
2.723796400214109,0.389564022397755,4.876079072370774
3.233715183326184,0.6918548574674892,3.118921344543764
2.888103803151531,1.4907598823622519,1.6775052815312634
3.2222290473785655,1.1460601913053008,1.6726561100418391
3.0090774206368676,1.776026538579005,0.17987822927087138
3.1521523476936997,1.7282879334697954,1.719624418063414
3.1957467967110813,1.6556288203952716,-0.628999650536934
3.180860480710831,1.8381916220792116,-1.0467309753689664
3.386577728047454,2.1305407343801095,-1.1747305320723052
3.1256630315161535,2.2833896427147726,0.8788406034384606
3.3861776584118366,2.1224309724143704,0.262539803043101
3.7489458622109018,1.823071684109426,-0.37396493715280615
4.398251006773859,1.1451367099267247,-0.5499126938139203
5.025821314323869,0.5185416560995644,-1.1480150547258219
4.519017373813873,1.0265186913772646,-2.0164413108060497
4.1364193694007945,1.329216885154371,-2.813474406716348
4.279991981064593,1.1979439789692725,-3.2147557290979276
4.396125908642873,1.1096753979056513,-2.0085062650942325
4.228911858502661,1.2001698764216362,-1.6093964563876777
4.587370554690576,0.8632484170819816,-0.7150614030035681
4.46965408199844,0.9716930823474237,-1.1138752772517715
4.395620123074173,1.0541560582581708,-1.3898023502176655
4.387212440887238,1.0545537373391929,-3.093894143439944
4.538850179593299,0.6811483236678388,-3.9809310454606033
4.500874413371924,0.2058635731162155,-3.7842685051808154
4.684894838311191,-0.11311294539549932,-1.90301207515254
4.393038490791029,0.0491247800571851,-1.207978134845995
4.92154791186735,-0.7270932989953753,-1.0187513232892145
