231,-2.5841894,-5.006166,-1.2969185,-0.052181102,0.05930106,-0.43281293,-0.007983653,-0.031168252,0.9946899,0.029560639,-0.01670022,-0.021795033,0.92063504,0.057448596,0.057693064,0.047515973,0.8636715,0.088985205,0.04731839,-0.4424456
232,-2.8650380634949073,-5.110358295234427,-1.282748711902652,-0.3370619036699373,0.05740438301845923,-0.8932845361376173,-0.024631036656176813,-0.22039095463716088,0.9531468007206373,0.006557479725353025,0.01216891827516213,-0.0023479932068177236,0.9365082571113551,0.05260610218853286,0.057874316041786014,0.06000167208522654,0.8947640867499225,0.37498455659947144,-0.11048086219053366,-0.3952868611220181
233,-2.8679117226288184,-5.11090951898931,-1.28266693433002,-0.3348393060709078,0.05714363132401839,-0.8953262336397535,-0.024616772519624002,-0.20615262689553795,0.956612333977168,0.006243335307709478,0.009871864230259805,-0.0032670549197383893,0.9378143736923182,0.05428778391093543,0.0569396816840952,0.05741471874326563,0.8873145194319598,0.34688022152981507,-0.10033150248746969,-0.3953280181292355
234,-2.8698865437195167,-5.110757407935843,-1.2848205693550445,-0.333883515789612,0.056992362186159044,-0.8989913232469923,-0.024022212462699182,-0.20566573145352898,0.9593191597103529,0.007408392607368134,0.008785570510550886,-0.005167940523129024,0.936537463387295,0.05511366959423354,0.056394328986722767,0.05443328696102,0.8880993337897174,0.32731848375401246,-0.08801120751123526,-0.3950567871931851
235,-2.873148348300205,-5.107696113380179,-1.286728990871463,-0.33297126670132465,0.056602145477975756,-0.8996976382875806,-0.023178464012419946,-0.20641342701875268,0.9616772982716016,0.00961620639184823,0.0075068702035392815,-0.00754911488259963,0.9341314026916469,0.056388568242495565,0.05577144927294904,0.052158956255615715,0.8885719390181415,0.3133114816387628,-0.07437315814714529,-0.39407357877529264
236,-2.8762167954132423,-5.107503948005423,-1.288582337696109,-0.332713625624283,0.05649088968321219,-0.8997040755892164,-0.023546742486035593,-0.20678716304265557,0.9636509868740492,0.010761281932837867,0.006812233948036581,-0.009364001344543018,0.933465559204861,0.05668922524661353,0.05616831934960538,0.05294647144883967,0.888440451171767,0.3003444315632318,-0.0618490376375208,-0.3940189809206784
237,-2.8808938526794776,-5.103863296302542,-1.290130747158084,-0.3314103998685915,0.058783302947725206,-0.9018254048967725,-0.025435539173161752,-0.20507247152291833,0.9650441858410291,0.01221671932483425,0.005991618153526931,-0.011555202196937122,0.9313504883850062,0.05785029392451575,0.056944572990257084,0.056685124363602166,0.8872426362303607,0.2918002249439691,-0.04901546471338369,-0.39454222029483915
238,-2.8855363392517432,-5.099194583686575,-1.292065037090335,-0.33091350574742145,0.056721939638103396,-0.9015220172548658,-0.023211093830144174,-0.2045200854774624,0.9661933037876539,0.012611372853763007,0.006077665840163379,-0.013103812824588336,0.9309694358909572,0.057726014514868765,0.05678945562751943,0.05488145055979586,0.886466345336806,0.2832422794540857,-0.03744689606647588,-0.39481059020794035
239,-2.8902465367004737,-5.09347206095098,-1.2929670937843658,-0.3296658017183382,0.05846734245106116,-0.9039850599909193,-0.024501066865598924,-0.20481907727681695,0.9665537330746107,0.013141809488780402,0.005630984441265016,-0.0147064969722443,0.9299631306732142,0.0580008329054766,0.05670489153774434,0.05543348270267344,0.8863463611868732,0.2798306585987543,-0.02623280741791822,-0.3945314020518124
240,-2.8937717938110694,-5.0912581060254425,-1.2945976384468414,-0.32897665281544514,0.05794500087186232,-0.9042694337511427,-0.022845456587350137,-0.20248478057347832,0.9674801680683546,0.01303347618425598,0.0055132075258339935,-0.01585615881125263,0.9302627036178553,0.05804327141255668,0.05682871646197492,0.05500681775421,0.8850212307242267,0.2737326266010736,-0.0176462777755747,-0.39400622552669645
241,-2.89675178763126,-5.08058553675054,-1.2967929967232086,-0.3288657881761629,0.0558630851356639,-0.9044130213404066,-0.021137682931697137,-0.20189737679921685,0.9685925695537977,0.014024698632903003,0.005212979395761638,-0.017018971856337106,0.9294671008193934,0.05835270892590812,0.056649950956422626,0.05384431856483317,0.8847949118880145,0.2666293920715784,-0.010035545086074845,-0.3927957744005978
242,-2.8973826431915626,-5.077116546424612,-1.2986186869926788,-0.32904928107510395,0.05409746517225638,-0.9022993810320264,-0.018816875504529245,-0.20139811339341698,0.9695202562450819,0.014855867709166908,0.004752569370790868,-0.018518362085919893,0.9283976742828334,0.058794081320469885,0.056115070050079166,0.052528799351156716,0.884968063381087,0.26079958097538697,-0.00018614342953659612,-0.39049619740284086
243,-2.8979569935486182,-5.073906955512747,-1.3006867297478057,-0.32813622732411213,0.05512777988597289,-0.905922330155409,-0.019456623332774408,-0.20266347529851494,0.9697578403591566,0.01474662915909996,0.004762445115372091,-0.01954414870927862,0.9278573581779445,0.05940683942050269,0.05522840253027135,0.05111134129375315,0.8855046243933551,0.2580575139959787,0.007351567749347314,-0.3845059306029141
244,-2.8973590397522315,-5.074357566627249,-1.3024414904899932,-0.3278362371469576,0.053820031627859026,-0.9063483245516187,-0.018829027401482828,-0.20302938821279107,0.9709451052784376,0.015206573057122134,0.004433622122630029,-0.020042203258376634,0.9281779715621913,0.05921703215450576,0.05481414279850179,0.050431252296865944,0.886808416393172,0.2507625760277246,0.011394507730792983,-0.38062843984401823
245,-2.896991875140415,-5.068989333900198,-1.3041947015114166,-0.3281912722135622,0.05436681483670607,-0.9068823225641615,-0.019170277031337984,-0.20561807754003106,0.9719291183590345,0.01644248374844303,0.003062227745428234,-0.021027693416576898,0.9267241546714747,0.06052165116876891,0.05419664612920934,0.050080054279268746,0.8868726702002399,0.2441698999842142,0.016977883423160537,-0.3766590089205563
246,-2.896965649096714,-5.065848884376273,-1.3059321769066192,-0.328490666344269,0.05351853270813361,-0.9070241220140821,-0.018837614195620783,-0.20750340225659905,0.9728504869579725,0.016767644780821704,0.0028228089258815346,-0.021646285321217096,0.9266994187438929,0.06068485241145423,0.0536752694001978,0.04990524875730372,0.8874963732031695,0.23647161738476505,0.022923193419765456,-0.37334800070560575
247,-2.896637346713291,-5.0625739667737335,-1.3078433402366973,-0.327906451418503,0.05373951692863837,-0.9081208474779493,-0.018411940174376733,-0.21004042925797997,0.9734975549816541,0.017045618492312335,0.0021865128119285403,-0.022732877995472467,0.9263748714530909,0.06150927778095534,0.053147384589034855,0.049541224565208916,0.8877583356169574,0.2314334155758356,0.03169212072570227,-0.3692781359556973
248,-2.895632173983799,-5.06013351419805,-1.3097027667351104,-0.3268909372831423,0.054149649038757235,-0.909938193097151,-0.019008573355352647,-0.21080120804273186,0.9741243574261121,0.017287014509684943,0.0021294066727901993,-0.02361218806694082,0.9261061141097987,0.0617738627991133,0.052935139899570285,0.049874377276600365,0.8883945555952899,0.22724303023419132,0.03808108113188647,-0.36412075465953947
249,-2.895526316134678,-5.059455451759085,-1.3116005786247589,-0.32693164725552387,0.05472286318227187,-0.9104063875818617,-0.02005793734101034,-0.21190295519792138,0.9746193740009718,0.01729896524096241,0.001593372323438078,-0.024500038366418397,0.9259135911071742,0.06238039966434768,0.052240675007421314,0.04963328393906451,0.8878829689291827,0.22289735989174594,0.04506291962642573,-0.36138508027828337
250,-2.893376734225498,-5.048856792243704,-1.3132432826347686,-0.32581102032910175,0.05526139859839812,-0.9133073456430799,-0.020321555646335848,-0.2113722503420025,0.9754619452595167,0.017606518688745403,0.001254125269948989,-0.02494396631012491,0.925252873619839,0.0627402589818888,0.052290321951228916,0.05143550487965441,0.8879887075690143,0.2169271798571085,0.047010847846459376,-0.3550257415179074
251,-2.8925932907745704,-5.0458222005688995,-1.314069522220645,-0.3250187255884249,0.05503604833766356,-0.9159134991312391,-0.02070958560911394,-0.21481760742627679,0.9754778000950269,0.017554217475600147,0.0014520096638049183,-0.025801839198570764,0.9251582810485804,0.06307924922317794,0.051409529214221775,0.050884173091352944,0.8882799954680316,0.2173025997122263,0.053603836814354884,-0.3497657806280911
252,-2.891289141146885,-5.040112075599417,-1.3162680991478302,-0.32477419753323383,0.05460351978227034,-0.9165006048822767,-0.021249205084717043,-0.2168496340747982,0.9758529517292432,0.017603918436117076,0.0013088532768930493,-0.02616631228814653,0.9250185677612269,0.06325946014136603,0.05096512443335706,0.051039424564541344,0.8888884992865436,0.21408211605152835,0.0566931045748701,-0.34620839661396147
253,-2.890763905017124,-5.038259563239798,-1.318162096340213,-0.32475652475605793,0.05478693817540541,-0.9174523718500501,-0.020732026757871874,-0.21946921350919305,0.9759324643253736,0.017141475799627208,0.0012001742188628016,-0.026566067602139032,0.9252460786903346,0.06363673891634276,0.05047224617512876,0.05088345038503504,0.8889715881613605,0.2113659621914362,0.06151963911433123,-0.341958347022897
254,-2.89056601759647,-5.037498054298148,-1.3179552682228424,-0.3269208588148195,0.05459482868000403,-0.9099955327654249,-0.02071493326333738,-0.22075513901673852,0.967993006432002,0.01433626421833744,0.004981660754307657,-0.02447961073706678,0.9264707753265345,0.062362723161881475,0.02319574697824174,0.04170994165152407,0.8998234482077472,0.26761662380299317,0.0482588610746374,-0.15008487856424452
255,-2.890146400897251,-5.041009006293997,-1.3204399474449493,-0.32439850945721455,0.05403114755436316,-0.9162179596567518,-0.020983398171341188,-0.22396230103932915,0.9707851860165052,0.01593790062809696,0.003063836139514595,-0.02440767910669378,0.9263896534049952,0.06267588596553138,0.02744512787969762,0.045644764628113274,0.8973566503790729,0.24882363693318119,0.04800125352520846,-0.17573720520771147
256,-2.89052620169376,-5.04060750940679,-1.3222388156242706,-0.32378884334812946,0.05437002231165305,-0.9189293153429395,-0.02051804608312822,-0.22614511253797112,0.9723551127552442,0.01700887316013088,0.002162013905941993,-0.02544411447237066,0.9252564498985255,0.06347480799764922,0.030132742290813266,0.045240891005695824,0.8963201852110736,0.23964842574200382,0.0528914756276121,-0.19818179613388182
257,-2.891569282977329,-5.03981405237554,-1.3238122590370514,-0.323377243473633,0.05366279084965125,-0.9208379156732923,-0.020038530441200502,-0.22708431782685815,0.9732961508869581,0.017702699164993667,0.001779060815348774,-0.02619240235875181,0.9249199816787684,0.06372397776455214,0.032487176050860225,0.04469952064365244,0.8958295793799274,0.23406460301480045,0.05791438511986636,-0.21806638246811033
258,-2.892014410464512,-5.0384674642407745,-1.3254487641640045,-0.32315113325367756,0.05324917931839362,-0.9218958385134107,-0.02011092773286081,-0.22828931512795983,0.9738353345035963,0.01734317791754713,0.002017109659388214,-0.026630673449140108,0.9257337638938868,0.06320211302251151,0.03553255616636926,0.04671436625331736,0.8944694013861529,0.22927340285382022,0.06311507291574381,-0.23469315773285032
259,-2.8912931942627296,-5.035311755927786,-1.3272115119285919,-0.32216929574261494,0.05332372610255614,-0.9231805570268995,-0.019149836363470323,-0.23018490674459038,0.9739411327480726,0.01698716682488432,0.0019715125717963277,-0.026925254504781282,0.9264148661697352,0.06344541173190406,0.03762784755738431,0.04814479577154017,0.8931745500830524,0.22605946080288639,0.06922243304033182,-0.24761557883060575
260,-2.8925460838959083,-5.037504253181204,-1.3287396558113433,-0.3220559873128969,0.05337397654339209,-0.9237742192888624,-0.02045272498038984,-0.2292754292722851,0.9744005057453565,0.016585476222581767,0.001999321165382415,-0.027555197368960893,0.9267162868583644,0.06333277012914947,0.038463098620492756,0.04611608090609408,0.893357476737868,0.22217447475991,0.0738841570116987,-0.2607304633263409
261,-2.8936692738220557,-5.038089809211478,-1.3304094203300811,-0.3213592686201174,0.05431121487900153,-0.9247987635279066,-0.02072193494645334,-0.23012378218137322,0.9742997738956861,0.0151185546919178,0.002657415349855572,-0.027684729437928712,0.9282685706222499,0.06264247011155417,0.039371603792030155,0.0447521887978921,0.8937733383444659,0.2189614565809702,0.07906961209554575,-0.2720074982050717
262,-2.8941403889343604,-5.036223945411429,-1.3314415343590118,-0.32158365030537434,0.05260391433521643,-0.9261032707834608,-0.020480035083567865,-0.23098524811231194,0.9745400998234205,0.01397355225975027,0.0032327501148726044,-0.027686245631080186,0.9290070125663722,0.06210242222756675,0.041549345170575916,0.04754728528469897,0.8920613141325824,0.21359705345234622,0.08141199267883203,-0.28114039009845854
263,-2.895296957461582,-5.038801727088675,-1.3316153415031768,-0.31984846968899555,0.05351624537989035,-0.9272232420587904,-0.021313825832879312,-0.23118838074170647,0.9747640344738416,0.014275473999924564,0.0030246106953169404,-0.028200134526591814,0.9298418948257411,0.06196590896457961,0.041539901559669315,0.04447924050301409,0.8930941434172504,0.2125047536333536,0.08750869102258585,-0.2901824147108853
264,-2.8970297836944923,-5.040355739387259,-1.333403600055728,-0.3201256908918459,0.05327964474245444,-0.9271800286913282,-0.021203547926819093,-0.2319251239534527,0.9746171686291151,0.01244622235292902,0.004236172423585802,-0.02814985800872377,0.9318179080093348,0.06072307016462615,0.04268173656376058,0.04452376144737101,0.8930132599142901,0.20941775457463016,0.09164314485568903,-0.2978960902098477
265,-2.8970934414551124,-5.03764062860845,-1.3348606952019073,-0.3187553503061373,0.05397015710159674,-0.929670310750044,-0.021540116729414232,-0.23191622796021996,0.975362345898097,0.013880722682125472,0.0030592219018186627,-0.028821121792893922,0.9299228379333461,0.062194898833935766,0.04466469741376096,0.04938399496287203,0.88950642063893,0.20646120028099765,0.09274388618249796,-0.3017221421603024
266,-2.8972398304626807,-5.040126380714163,-1.3363243468590118,-0.3178755857492525,0.05316246946140662,-0.930784083142317,-0.021277554543888338,-0.2329392224785,0.9755127880215101,0.013453380662150287,0.0035098237030948697,-0.028847519199948823,0.9309083411300624,0.061592519392674475,0.045331490849572956,0.04910660984724856,0.889702281501662,0.20460877732834568,0.09544233746309183,-0.30677756971157194
267,-2.8989902996704444,-5.04124980905889,-1.3373817332573272,-0.31715758819828815,0.05499213834091559,-0.932108021512068,-0.022489961447393663,-0.23166272940599023,0.9752797338604383,0.012788945335097217,0.0034523862459506093,-0.0291405188698583,0.9320297429168666,0.06102374579519561,0.04440354711325818,0.04484365957588053,0.8915364952353351,0.20443176643452396,0.09983825452108286,-0.3119508654478848
268,-2.901036169497715,-5.04165321329473,-1.3394239075966217,-0.31608416815052814,0.054160593941654116,-0.9351796872759229,-0.021990178363597162,-0.2332487642999798,0.9755518886684827,0.01323181995297184,0.0032258410983528195,-0.029596559594970262,0.9311683365905726,0.06163787852734855,0.044600234990436374,0.044147704567612175,0.8919352503088824,0.20348917858204593,0.10163328565139673,-0.31589740818775297
269,-2.903057243792759,-5.039071616920218,-1.3408646710701324,-0.31602387805233784,0.05391409520789519,-0.935354030861891,-0.02195765657929159,-0.23333331348859368,0.9754239771007948,0.01194331188792696,0.004210106101706176,-0.029269415776830232,0.9328596183860743,0.06064068909496596,0.04570738754184896,0.04617728742569781,0.8903019042281024,0.20131553129753818,0.10285776622075937,-0.3188751966360867
270,-2.9030872845337257,-5.038388786109671,-1.3416226037330963,-0.3152521171117861,0.053964386626924425,-0.937859631314314,-0.022663710849559076,-0.23127559723817406,0.9760197851299696,0.01283080176556816,0.003538091671540886,-0.029712805416088617,0.9312468359077418,0.06167788069457343,0.04789110428603345,0.05197123515218592,0.8865455003050677,0.1990341635187601,0.10211310304183863,-0.3196173340681851
271,-2.903374340502964,-5.037687835487112,-1.343393219310794,-0.31473001022587604,0.05342760209723845,-0.9391207463884718,-0.022555528419291742,-0.23296239378415642,0.976367578232234,0.012968211892194652,0.0035144374751295148,-0.029754569645624673,0.9310875126922572,0.06167556356400779,0.04778463176401311,0.050859344031513695,0.8871874423292987,0.19738442616066684,0.10123572267074488,-0.3217491835955441
272,-2.9066287541077003,-5.039841232093558,-1.3436062463112213,-0.3130916573549349,0.05348135431095496,-0.941304958596266,-0.02475050112811304,-0.22707127931081353,0.9760270568966322,0.012161798301286601,0.004194347658082395,-0.029781279977064645,0.9321431705558741,0.06137938435882857,0.04595864347131902,0.04636359291881419,0.8888541074065082,0.19922373609146823,0.10505754269142054,-0.3260291547182858
273,-2.9079045319244727,-5.032064018043265,-1.3325834401436187,-0.3107870437646944,0.05266746778770819,-0.9396465189600355,-0.025111437054550417,-0.2272328675027996,0.9761383387684278,0.011770270290918254,0.004387689293249994,-0.029994813616972482,0.9303255269134486,0.06242543842405608,0.04824233210595304,0.05021485390871859,0.8862174959448688,0.19506796614727726,0.1013412601449003,-0.3284297019842923
274,-2.9107228779480323,-5.026202258857474,-1.333916319210086,-0.3103176869894106,0.05241081018730536,-0.9400409228945142,-0.024773307355320223,-0.22813696565591393,0.9767452332615308,0.01224494864339342,0.004057659772112518,-0.029900800328355348,0.929590601643368,0.06291444610566428,0.04826490363987142,0.049092010434568886,0.8865758390692584,0.19207994060120334,0.09766650713462732,-0.3314382762316525
275,-2.9133452438995704,-5.026182708533987,-1.3350271113701202,-0.3086934604192812,0.05345813830181494,-0.9416232473993665,-0.024664087431704767,-0.22827490570508538,0.9762365672230177,0.011293604496068858,0.004694215957894474,-0.029862459640603578,0.9304486701095546,0.062364854027932196,0.048093789880592167,0.0479543552061925,0.8873598785666339,0.19340483264527072,0.09974299884815119,-0.33412128990924955
276,-2.918391849963413,-5.023401317390189,-1.329012525875125,-0.3071782209421236,0.0526611571459426,-0.9392112262392408,-0.020257225470816858,-0.21997427346669732,0.9769994470714979,0.01216345046753397,0.00431791320897594,-0.02974406432698301,0.9293616602027858,0.06325152154774001,0.0470541693917101,0.04258306401580668,0.8918747515944354,0.18956830517849674,0.09457921005268,-0.3390308052901089
277,-2.9258879685089454,-5.013186988624319,-1.3314445145912506,-0.30637132306347675,0.0531177063731803,-0.9407579667711622,-0.019998748066103227,-0.21916600468122063,0.9768130037426405,0.011379133436031245,0.004731500991507917,-0.029447864632707155,0.9308661410415614,0.06232403974742225,0.047627525096256076,0.04296716379731989,0.891158899810683,0.18960175828537693,0.09451760865230463,-0.3430039317015469
278,-2.9347285294220313,-5.005500850471243,-1.305813086826358,-0.30010070581684894,0.053779537722314745,-0.9270863897943861,-0.015126491176163919,-0.2160307854648739,0.9776262495159559,0.012568614903039836,0.003873747312351614,-0.029732830714088,0.9275521227920497,0.0666513555845671,0.04739080524953061,0.03951330560058451,0.8944555135039203,0.1862075866898035,0.08716337151307962,-0.34673929518497587
279,-2.939556267230259,-5.007186469825491,-1.30846096356586,-0.3016419329191286,0.04544388402983084,-0.9262613423014051,-0.008546140255605943,-0.19364450278245507,0.9772322628139906,0.012423442202753925,0.002691647973730713,-0.029457472156386888,0.9282115885818446,0.06678299616784385,0.04680613956363851,0.036110223110617165,0.9028858156470172,0.18886875526509037,0.08586738027114771,-0.35266509956157804
280,-2.9512220883056983,-5.001389560493216,-1.307985676128421,-0.2995287396455843,0.04530556772633925,-0.9295621283197767,-0.008655918041443594,-0.1910611033674389,0.9766815755009107,0.011501383493788146,0.0042386506729568535,-0.02923669841478399,0.9293450305068934,0.06654447328061393,0.048439977382737934,0.039041631694735054,0.8981258483198993,0.1910278888185953,0.08526363737363718,-0.3570246726874173
281,-2.9557420277283057,-4.997237262519583,-1.3090858586616851,-0.29945497889767475,0.04065667365476027,-0.9299177296305067,-0.004525748990675576,-0.171482586884132,0.9763951155781202,0.011349527622706794,0.005469684493615776,-0.029143275584679162,0.9295414874160731,0.06521708901733687,0.049725250964481174,0.04194429593891001,0.8867505998877399,0.193178931041572,0.08413779504079721,-0.3590141267184079
282,-2.958132889239536,-4.998550948890433,-1.3062089808769561,-0.29787533660183735,0.039935070022787005,-0.9310341246271497,-0.0037640118749944045,-0.17256725730859337,0.9757182452320509,0.010479157782293462,0.005630450327768474,-0.02939301904628805,0.9300691673362697,0.06470534961432746,0.04981618902595693,0.041500230159462456,0.8860820741919391,0.19682694391808261,0.08700351930637262,-0.363039764821893
283,-2.9619840645477638,-4.994104919227347,-1.3084770568199493,-0.2980280138994295,0.039304031923259646,-0.9322247274065382,-0.002711081156706579,-0.17214458587132989,0.9757529351353101,0.01094910175646057,0.005832837899103313,-0.029554529007177865,0.9296316096389735,0.06452444206685355,0.05039406350763494,0.0408338204285512,0.885246715095412,0.1970859260996317,0.0871675363876333,-0.3657559782866299
284,-2.9660378956482276,-4.989553985389456,-1.309465897876773,-0.2971878268266756,0.03944820810839072,-0.9336241252565748,-0.0023669367434588744,-0.17245233955346642,0.9759019467472486,0.010908443006820583,0.005863214847519546,-0.02908624325285486,0.9305976221168483,0.06411563988537124,0.050803271745759784,0.041074224587381844,0.8852551193503253,0.19583500341973056,0.08490045882244013,-0.3681358725432217
285,-2.97107925650333,-4.986141738685355,-1.3112878926582672,-0.29604958672772236,0.03919590909763709,-0.9355973966265089,-0.0022642740292606427,-0.1718115449186474,0.9758909198879652,0.011129215817100906,0.005949249495639949,-0.029342945556741273,0.9306001851165736,0.06382995854825309,0.05151653817804509,0.04191996606797076,0.885473868396651,0.1967894227941965,0.08619446075935266,-0.37098339504039884
286,-2.9778732323334083,-4.96670204141973,-1.303810847599063,-0.29357861657391376,0.0405381609944953,-0.9286747939730055,-0.0026657792983708455,-0.17188047769033013,0.9762992713093214,0.011338647912390136,0.005448041488304287,-0.028198210414152658,0.9317633101547206,0.06466039653629592,0.05162612504275495,0.04128085526436663,0.8850491256979816,0.19356163756451358,0.07839659369964502,-0.3724128038290799
287,-2.992972042529331,-4.934490737708792,-1.3081555493660308,-0.3015309788728792,0.0262261507360591,-0.9026414520883924,0.017162944910848372,-0.1526929676767498,0.9759402725338392,0.008796513072348737,0.004875545394494682,-0.02643966477702192,0.9362176248634303,0.06446947168320945,0.05357675037296468,0.04585022928923464,0.8866546364096515,0.19236544684967746,0.07139016456384562,-0.3773146302107632
288,-3.0029455685303077,-4.913944301398978,-1.3097146876640655,-0.30387910385380573,0.029152973487819582,-0.899997151627577,0.014902384741032355,-0.15081188979112206,0.9758438322185926,0.011027323539502525,0.007747432687207609,-0.026311695467334306,0.9353392312133754,0.06148098792642882,0.05453827387602979,0.04652060645431376,0.8872463913229816,0.19797968284687747,0.06710983953852556,-0.3812783986929715
289,-3.006153013674961,-4.911968765052542,-1.308579576808963,-0.3099207498575289,0.023472416147436052,-0.8872762687349683,0.019864538473808997,-0.14832670392953454,0.9763101789593153,0.01189544935817232,0.010660402946993261,-0.02617542434821657,0.9353272506797755,0.05816374357551864,0.05475901967795545,0.04560992943853236,0.8841191144255511,0.19648914949497928,0.06540504238982103,-0.3852547735575497
290,-3.0116049313232764,-4.909298000129446,-1.308617246944461,-0.31175454635868854,0.021184797331537157,-0.886956072583235,0.022676156623089545,-0.14828162791692315,0.9753871414303236,0.01128978514219036,0.008484036200567632,-0.025689938928585565,0.9361707756126368,0.05985952179641059,0.055818980251867115,0.046624352063835625,0.8867917866972796,0.20156235413155307,0.06360722474236391,-0.38932445949352384
291,-3.01709714171146,-4.906455096992239,-1.30952240308002,-0.31114541669140644,0.021006853252495676,-0.8881063826227552,0.022805442822897665,-0.14776072802506982,0.9747063371776991,0.010596446684695386,0.008758656219467073,-0.025395179059010065,0.9368010947311366,0.05912724148244193,0.05639409429343396,0.04659493717163897,0.8864619941977374,0.20513229982456913,0.06241401053447627,-0.39296722716129423
292,-3.0226553940460548,-4.9049177739941925,-1.3115186818428375,-0.31219877977619953,0.021098928458835035,-0.8850540883684522,0.023996380878412955,-0.14710740151368676,0.9746757599949293,0.011581920544750594,0.010259790816232114,-0.025688115398984468,0.9359231183135951,0.057462398072188406,0.05665423504026586,0.04630355986565447,0.8858660669592731,0.20771678702435245,0.061673914561461436,-0.39594242280758024
293,-3.026850845782505,-4.90434795359014,-1.3131178744621612,-0.31342544336567707,0.019786357812429815,-0.8798904783869154,0.02484460899027609,-0.14688649179898797,0.974286005222743,0.010790464925713443,0.008865737826451212,-0.024943614270191705,0.937161881645962,0.058823287596409826,0.057224092697221576,0.04661693128556109,0.8864364834097735,0.2086203040321802,0.058391702840517985,-0.39882365173137785
294,-3.029000904528843,-4.9069929693066925,-1.313436878520999,-0.31495430250416584,0.01667680025830403,-0.8793723352098829,0.027760220480883353,-0.14607256057225762,0.9735709282993726,0.009495566590822839,0.007811530963405519,-0.0243168043751531,0.9386694023216212,0.05950741108269027,0.05829910344393903,0.048517917122543816,0.8881996484068744,0.21162045912346591,0.056321059832762706,-0.4018302292231381
295,-3.027482416598545,-4.909363803657278,-1.3151316769905426,-0.3141921975160677,0.017179730281080156,-0.8812908895159132,0.027009876234257452,-0.1471220642563015,0.9732774350284986,0.009668077333964013,0.00798199279688254,-0.024086803089480913,0.9383060524070704,0.05926626186579993,0.05801595902951413,0.04699260446041918,0.8857846470145099,0.21385086493096103,0.05439778558392428,-0.404341581523782
296,-3.0265051388428077,-4.9122162435376495,-1.3166120179481842,-0.313884816362961,0.017223589986409098,-0.8826734788561231,0.026824753520810835,-0.14898667635881005,0.9730996343731336,0.009859408709354305,0.008143302523418813,-0.023984542008142984,0.9379770347679103,0.05905979137629798,0.058298000758010685,0.04752511608213282,0.8861241550711505,0.21583963350853672,0.05286389730353259,-0.40642538970745207
297,-3.0243844055816993,-4.914967117103323,-1.3180781730003692,-0.31295489449749775,0.017916486531342417,-0.8841621644640333,0.026526240421259634,-0.15074796380960045,0.9726994487881117,0.009871094479359292,0.008316320837363153,-0.0236233751137071,0.9378899523818934,0.059369702001517324,0.05903357422860318,0.04874105083555079,0.8863574476508014,0.21779453174671878,0.051425070980977046,-0.4082270295027554
298,-3.023118641345249,-4.917362746986136,-1.3195551760979034,-0.3130106546426851,0.017354464091206938,-0.8846924669885999,0.026550482747876875,-0.15240384044610558,0.97283522816891,0.010083845808304452,0.008571787276193052,-0.02375615749846033,0.9374867865646327,0.05891720961541465,0.05932340553911382,0.04877480941623545,0.8863004656103961,0.21818236426911106,0.050691490540694224,-0.40998804873264433
299,-3.0225657486603126,-4.920201358588919,-1.3208851941414215,-0.31254266877423115,0.01706252799167767,-0.8861000306749708,0.026582048995220892,-0.15368097426854668,0.972599312984889,0.009521121150947713,0.008471464277132898,-0.02359871927986673,0.9378976413810695,0.05898924182862571,0.059924466227609455,0.05017678144186831,0.8869293542174213,0.21890383379063358,0.05032177037973307,-0.41172632879055143
300,-3.024217512576328,-4.922875461372122,-1.3218718894310333,-0.31213789363156147,0.01759344332649842,-0.8874585993433363,0.02572303430529856,-0.15249430539571343,0.9724272939800672,0.00988680682251563,0.008579857186302095,-0.023664271350603616,0.9374526331031764,0.05878983448952964,0.0607958004525488,0.052446164961756234,0.888134202506911,0.22028946296772708,0.05055923900980853,-0.41360462015903593
301,-3.023844149081455,-4.925677833350882,-1.3234456904716827,-0.31238495488415546,0.019586170025016218,-0.886556661858595,0.023657636506283514,-0.15210602583848534,0.9719601127743177,0.008671042035467529,0.007484318227394968,-0.023493695895772493,0.9379759618843043,0.06002167623252204,0.060382304405290424,0.05111270475000239,0.8856121511725299,0.2214139790972208,0.04969617492933177,-0.4150138527754605
302,-3.0230697655365333,-4.928012904914603,-1.3243520387001373,-0.3122327246213991,0.018451111323977858,-0.8868701226854688,0.023449701977694266,-0.1507672608133465,0.9721560332416944,0.009045700534380578,0.007579762027486711,-0.023537311594586885,0.9378498384559596,0.05982520069689086,0.06209054372223073,0.05552871229857302,0.8875012011793963,0.22144200818142643,0.04983296013851069,-0.4165607423189938
303,-3.0224758648559913,-4.930690822395071,-1.3247808345146515,-0.3121153034711916,0.017378255657698065,-0.8882907397890455,0.023045001340830557,-0.15127910079919396,0.9720221612095289,0.008616224388725661,0.007441511847897916,-0.023567255478005922,0.9378642031753505,0.05943453322858146,0.06253156593950444,0.05645826163500643,0.8881884427336566,0.22106575386128177,0.0502194925345888,-0.4182657033804715
304,-3.0205415749237403,-4.933688220771536,-1.3260545857735015,-0.3113354362989504,0.01853542861327067,-0.8901089794779188,0.023088766051256888,-0.15319255890809594,0.9720222208141737,0.008546707677788638,0.006828191229030042,-0.023640224601727045,0.9376318046653712,0.059832766761487036,0.062267804210502445,0.05583234953492976,0.8868532390860431,0.22132956401905765,0.050199670264910685,-0.4196985692385495
305,-3.0196446442291602,-4.936692294868216,-1.3274666198082306,-0.3107354559446413,0.019387237660433203,-0.8908000953340894,0.022837564138496153,-0.1551724016901165,0.9720007631420545,0.009230406480975055,0.007165467836781889,-0.02381011460314325,0.9367506692016566,0.05935705091566375,0.06225106275590116,0.0561255447825799,0.886956474330794,0.22251895980438938,0.04986915133376025,-0.4207886487845242
306,-3.020811226336704,-4.939116058143362,-1.3289203770943023,-0.31097220559368915,0.019634370624865442,-0.8903495438242323,0.022196382073486082,-0.15641287865602074,0.971920237266963,0.009535736396111154,0.007893519946261793,-0.024033222239118135,0.9357887098396266,0.058718994369214086,0.0627123542776888,0.056699127729834084,0.8873831839827411,0.2234991283853983,0.04986350006837748,-0.42170864647663237
307,-3.022293951480137,-4.941057262214407,-1.3302080758400299,-0.3109774806047518,0.020245108686233908,-0.8879647619867689,0.021643563894355528,-0.15665310027562676,0.9720944616436414,0.009955564505554342,0.00878574280522719,-0.024397367503147638,0.9353404233062709,0.0574314111074858,0.06303997120769674,0.05706073048323489,0.888009211566817,0.2238791377981638,0.05050842232484721,-0.4227178425196469
308,-3.026128199069248,-4.941424426826224,-1.330898297626529,-0.31062292237530537,0.019522559761847406,-0.888370490803755,0.021753167522871725,-0.1552428692814022,0.9720021340488844,0.009931486091710233,0.008757575885280519,-0.02435073990712694,0.9357766100967372,0.05693394329160979,0.06348323604973012,0.057489917453230385,0.8899285407332294,0.22366952316364994,0.05166276312847041,-0.4240845770243466
309,-3.029280807940708,-4.942161617072806,-1.3324635155983307,-0.31265213270436115,0.017204117894019037,-0.8818953998232252,0.0237872505316379,-0.15470727684461175,0.9720662090420179,0.009475375983066463,0.010914097078963667,-0.024442326169114625,0.9363698551261866,0.054224100073283224,0.0636833623698538,0.057358496662081246,0.8881198973921649,0.2218690903624033,0.05339087314386271,-0.42509445852077604
310,-3.033527519671665,-4.942290363105521,-1.333701384861026,-0.3115208663488466,0.017266591012324244,-0.8846252329492933,0.024284651292288535,-0.15420714917146264,0.9723068329929762,0.010173800393141412,0.01018596394441977,-0.024910304586988008,0.9359913656318629,0.054797340293829946,0.064070632373411,0.05714435952514506,0.8900734396246783,0.22246431724629154,0.055057661155652034,-0.4265959591273129
311,-3.0409940743133888,-4.940455016883597,-1.3337593205757476,-0.3107979812170107,0.016567990116621405,-0.8876960046434766,0.023521471557939284,-0.1494266480442196,0.9716037366032056,0.010560034765995645,0.009221328892632871,-0.024994097541671312,0.9358720967376674,0.055092979331915884,0.06385721421750241,0.05572111609190798,0.8927473039893024,0.22791720347008457,0.054917813757847773,-0.428728583515054
312,-3.0468179249451026,-4.938878116401419,-1.3346351512260772,-0.31098239798794575,0.01439208810016051,-0.8862116701746351,0.02718691134246611,-0.14840062859021722,0.9717475626110487,0.009838454417086744,0.00900185807131186,-0.024790897857051408,0.9371335694396937,0.0545385443767958,0.06448874033005887,0.05640465098232127,0.8929944844511859,0.22599857465824832,0.05493867165822886,-0.4302544028166592
313,-3.048309709994541,-4.940959510596976,-1.3361320622749664,-0.31160580296765156,0.01437759206428662,-0.8858588106775648,0.026642206845605605,-0.14986442925893365,0.9720212075352125,0.011017581905372047,0.006440049507542997,-0.02504852217028669,0.9362412879074061,0.056855484952633886,0.06463919362934285,0.056427688177526955,0.8929720135001056,0.22607933895191898,0.055038621196936595,-0.4317124814394772
314,-3.0499328636810645,-4.943350848945364,-1.3360593446083404,-0.310863576128586,0.013496032383139282,-0.88783309532646,0.026443309871280424,-0.14859525265657006,0.9716291877865247,0.010531238271988534,0.006051723849847465,-0.024839714061122453,0.9368294665420497,0.05660496663064292,0.06479790589721852,0.05637683796495295,0.894719085243117,0.22798454181751956,0.054497608462761866,-0.43306336110866667
315,-3.0493370556518897,-4.945883807929739,-1.337397468883548,-0.3108429827238161,0.013340173687632233,-0.8875376947069532,0.027702009094679587,-0.1494026869770199,0.9716811034321241,0.010298905885912084,0.006295933858379274,-0.024732516970139062,0.9369393775070155,0.056249518056815176,0.0651353613189047,0.05671316462367869,0.8935148330000751,0.22720004038414707,0.05394862360734843,-0.4341222376231015
316,-3.0493346714660987,-4.94865947702764,-1.3389345534630157,-0.3103040971304018,0.013921868920172602,-0.8896791107797987,0.02713752330633425,-0.14992819132768212,0.9715924117206983,0.010651752344466352,0.00628153188608542,-0.02470226761291555,0.9365952202880824,0.056256979813282995,0.06498588032038861,0.056119051601589684,0.8920494528082721,0.22842592911324253,0.053370350519608485,-0.4351439804438412
317,-3.050497677294956,-4.951017913612112,-1.3400297292061187,-0.3097327568079073,0.013500812861914784,-0.8907040722513563,0.02737994284721636,-0.14928237500154076,0.9715287539600782,0.010391505892522239,0.006440922156795412,-0.024753022830586946,0.936718184670254,0.055822540183966665,0.06544286168130094,0.05763660820931292,0.8930880637434833,0.22859924451908817,0.0533494814433565,-0.43622055953777433
318,-3.0534495377228126,-4.952547607215628,-1.3411905892677642,-0.3090550519968111,0.0135984736753954,-0.8911443121576673,0.02652956710549616,-0.1490199804540783,0.9715714904903822,0.01027696951398959,0.007170059257074743,-0.024996269385915315,0.9364506790245021,0.055070500930254965,0.06588554910333806,0.05810917618483401,0.8942409963873736,0.22924769835076084,0.05333716190833949,-0.437265279949075
319,-3.0563739800140723,-4.953601894172415,-1.3418617375679351,-0.30941676278363056,0.012133801288749128,-0.8910118706369764,0.027683041779124968,-0.14840506913625298,0.9715157601475172,0.010335218153096341,0.006396932997628599,-0.02475478303025297,0.9369503447616542,0.05493313085049918,0.06639933369072133,0.0584448956212411,0.8957249136237018,0.22807628826699008,0.0535730323888769,-0.4381924301985562
320,-3.062441732852207,-4.951205310615286,-1.341565383274112,-0.3085496046091158,0.013432761587048918,-0.8877740867281324,0.025742513848269217,-0.14624760451280175,0.9715455624699049,0.010116427662916087,0.007558284797593504,-0.024708479534488237,0.937644858082577,0.05257506306976607,0.06657855740698033,0.05855867343753672,0.8976218910483234,0.22761956767639865,0.053900947342108714,-0.43907970494068266
321,-3.068094637362705,-4.949603137763724,-1.3430839904136993,-0.3118505694414217,0.010676410913313776,-0.8796021707201368,0.029323203278506033,-0.14479180576764641,0.9715547415852003,0.009527667882985973,0.01038095215789929,-0.0244772656668239,0.9388266393745387,0.04937285940856269,0.06668196401508504,0.05856480154007769,0.8952865214613788,0.22684169725975742,0.05405255548138522,-0.4396594197157681
322,-3.0715130829498634,-4.950016078742728,-1.3438841231651641,-0.3144929923559267,0.005808727544811592,-0.8732364542627699,0.034324781758511294,-0.1404578477378994,0.9716366383671217,0.008934477335907125,0.012392387264295965,-0.02457664337347082,0.9394253084266627,0.04715403180331519,0.06696538037570172,0.0595493361613164,0.8913683505324237,0.2249564321478342,0.0554302460648527,-0.4395484656695187
323,-3.0754708313629493,-4.949660358222708,-1.3457729943580963,-0.31326278229008503,0.005741310093165413,-0.8762492902422315,0.035053470892632235,-0.1402313798900753,0.9716533276676588,0.009579222175426387,0.011450375900491624,-0.02475962777028612,0.9391234705055201,0.04803051437944701,0.06713904595883542,0.05921279343575335,0.8926704736021869,0.22621093110642185,0.055854750344943034,-0.44047478145397306
324,-3.077838327853428,-4.949944076331839,-1.347172869045291,-0.3130580105329592,0.0052244829622423656,-0.8770118720674879,0.03533357547017359,-0.1402946353193432,0.971421584808772,0.008994440539873742,0.012128020175620466,-0.024663803990583932,0.9397596308792079,0.047211300691073446,0.06723995662244016,0.059297815736235146,0.8924756856230609,0.22629841582379093,0.05654806784768008,-0.4411307603720486
325,-3.081549789874302,-4.950074729713187,-1.348591578800235,-0.31343858618985004,0.004554315053704233,-0.876276767983473,0.036192791325772036,-0.14007076027356682,0.971616909229701,0.009031376327521705,0.012747669131382852,-0.024937393035393274,0.9400618860328639,0.046321760972445516,0.06739047697694951,0.059296970095337395,0.8918959112433307,0.22560232297978153,0.05810484803695582,-0.4415130049589932
326,-3.085700418917881,-4.947887477668509,-1.3501937516517974,-0.31241183657894916,0.004275744364443273,-0.8773808248186475,0.0364464612433555,-0.13956331613027154,0.9715416881679945,0.008929924565501117,0.012860724241360574,-0.025109661634665048,0.9403054306114161,0.046085473259394674,0.06741622990878278,0.05902280735582209,0.8928117366103046,0.22532611505589237,0.06020608685393237,-0.4424294859770596
327,-3.0901011490509376,-4.94717603662847,-1.3517167695350982,-0.3117761530424196,0.004591390306907744,-0.8794074423456556,0.036741068376028765,-0.13955753447972832,0.971596464836543,0.009355391833133601,0.012340010614022165,-0.025366337861519372,0.940199572762295,0.04632511373371413,0.06754613823207074,0.058756106372774605,0.8922749967841022,0.22610048369965305,0.0610735765792837,-0.4431028396490872
328,-3.094329740969883,-4.946195659431204,-1.353006256420169,-0.31201391597042866,0.0033812866805447645,-0.8791970975542432,0.038044532550299395,-0.1392451465364605,0.9716351482510023,0.009579516007698678,0.011708844923302084,-0.025307048003774202,0.9404659459197963,0.04669154818863204,0.0676821187785452,0.0585202098152051,0.8932491154936664,0.22637251929840793,0.06084733969945811,-0.4440292150381863
329,-3.0988215470001563,-4.9446540448987335,-1.354467404682193,-0.31202825088749714,0.003924252165327818,-0.8782601125383741,0.03800319300385736,-0.13880714180432854,0.9714010212063245,0.009113334576733016,0.012771683283969312,-0.02542554017494253,0.9407422134483302,0.04558654885501197,0.06772991052778417,0.05829372334092951,0.8931163759497516,0.2267119379480814,0.06207903615612887,-0.44495413011348844
330,-3.101788189379917,-4.942399558814749,-1.3546474107094146,-0.3151379742170412,-0.00045695022881492905,-0.871467984452284,0.04129565299841188,-0.1362091541525036,0.9716928455471449,0.008343706830538415,0.01404609857581511,-0.025335617255073106,0.9418447801673854,0.04399456839770606,0.06796350858123952,0.05875711220115519,0.891100248840224,0.22275000230869998,0.06399103395123384,-0.44472861593998075
331,-3.105419542758213,-4.940174636634573,-1.356724632579837,-0.3139836110616762,-0.00036391808853015236,-0.8746841318750745,0.04208187551590227,-0.13631031813584862,0.9721504304050855,0.009014232541568183,0.013823561840578466,-0.02582575742493204,0.9414112159812892,0.04424584667891791,0.06822048655660802,0.05872247445196009,0.8909262032774798,0.22162359373173465,0.06548441342492006,-0.44465306705272795
332,-3.108801987139927,-4.939085063728079,-1.3581261761970855,-0.31376361031781025,-0.0007743687109695368,-0.87527445627693,0.04210277439447664,-0.1362280041214138,0.9721494767307691,0.008660023092425966,0.01408526441536799,-0.02577128623018793,0.9422053286636317,0.043646998812859564,0.06810455924781018,0.05861997681468821,0.8915583105353229,0.21956440226635685,0.06742594904680155,-0.44502649015224577
333,-3.112870123355137,-4.937111911567435,-1.3597642310448028,-0.3130890049482424,-0.0005721231663273268,-0.8772359855318433,0.04290444196554445,-0.13641300203763543,0.9725539538502149,0.00906515865693202,0.0139071592175211,-0.02625251923094324,0.9418066331947291,0.04388678084821036,0.068248158012945,0.05821403938144541,0.8916433663634173,0.21863942758640995,0.06871528692026041,-0.4455231756571591
334,-3.117036964862095,-4.9348884198987335,-1.3613883384056427,-0.3121363737131197,-0.0005516103209601336,-0.8786654837274915,0.043497731698477496,-0.13612396421395836,0.9725788089870863,0.009236022821761274,0.01361390063993588,-0.026245329420667207,0.9420742580497706,0.04393942292541793,0.06829495883496457,0.057695933457315926,0.8920132727888934,0.21843090073666324,0.069239435265254,-0.44633394783771635
335,-3.120678331820713,-4.934202251228079,-1.362985504467044,-0.3114080049539644,-0.000338944208030551,-0.8803933627748853,0.04382528529855036,-0.13617441954576073,0.9726450297474317,0.009573565322108173,0.013806201056465059,-0.0263011733848863,0.942052144726559,0.0438690037629061,0.06812520108135396,0.05764443131893969,0.891701838519942,0.21876277939877262,0.06925708569068811,-0.44698760217464567
336,-3.1245509648010596,-4.9327521894299835,-1.3646470435448028,-0.31089635868321247,-0.00013290538654193215,-0.8830308683061964,0.04293297768923067,-0.13619849982225,0.9724237773060255,0.009535140815324687,0.013814069800897985,-0.026376824717622316,0.9419231006706202,0.04381351556391051,0.06823789856346303,0.05735613482803202,0.8913917751578204,0.2202080430229639,0.0691267973877897,-0.4476801783446133
337,-3.1286896729156837,-4.929904517921194,-1.365639222461734,-0.3112423636461336,-0.0016201209017680579,-0.8810087211275465,0.04524818973037027,-0.13572866620980797,0.9725404235958509,0.009193060445732974,0.01349691721133843,-0.025985885303121126,0.9428568670356715,0.04355663817138007,0.06870836174996549,0.057153207089603905,0.8923142762450091,0.2184072525938486,0.06814216590900324,-0.44829482144153715
338,-3.1319552921936378,-4.929978904517874,-1.3673877843208648,-0.31085019488583393,-0.0027230280192242556,-0.8821700580263502,0.0467674562463405,-0.13556602003537713,0.9725658151745252,0.009622898875869416,0.012864347086175829,-0.025998938720326936,0.9425151536071742,0.04425255592674544,0.06863916075738126,0.05680652784913874,0.89321233942784,0.2192465157946085,0.06716872147698305,-0.4494845897558987
339,-3.135906841723667,-4.930037078651175,-1.3691122659035064,-0.3097913779760439,-0.001143595736627429,-0.8851359255457288,0.04528164656254076,-0.13526652159654198,0.9721371385693006,0.009898662093229198,0.013102992907985597,-0.026101242642503297,0.9423949310386622,0.04395610850066474,0.06866070038588697,0.05623694213837481,0.8929193825987689,0.22344466464123477,0.06669492415566347,-0.4512500793341458
340,-3.140308763949619,-4.928061065467581,-1.3702725299187042,-0.3100272633577425,-0.0025072769002662592,-0.884595072999037,0.04688448996635698,-0.13484975101911126,0.9718677255749159,0.00929029564479699,0.013667021416946798,-0.025802474360566652,0.9430548140609706,0.04322566848010352,0.06912289715321714,0.056203526284397606,0.8930424661902301,0.22357776181301822,0.06593814260740183,-0.45233568853176237
341,-3.144242908923374,-4.926117000373587,-1.3713673480339386,-0.31021120329151936,-0.0035736300723300867,-0.8836334116602308,0.04828428642245554,-0.13433782162629662,0.9719722721218519,0.008979513301647805,0.014254116923436075,-0.025578860085111177,0.9440677949989283,0.04222723480076125,0.06933034366877729,0.05642004760712481,0.89297880842961,0.22198601977429142,0.06643796108145616,-0.4529553980234921
342,-3.1472462677643165,-4.926813182624564,-1.3726601727791168,-0.31105577130566425,-0.0047824392767296725,-0.8813262946749097,0.04884718151184343,-0.13440650107823907,0.9722820970653944,0.010174345216847562,0.012641111859008222,-0.025504888858299768,0.9436333367431605,0.04356350015610984,0.06953978693993741,0.056295060392321114,0.893732985999953,0.22165099696717014,0.06528772182245157,-0.45367458766735197
343,-3.147764112918125,-4.929969844611868,-1.3742048867531158,-0.3106076337839205,-0.0032908172087417536,-0.8814767367983228,0.048847587568485965,-0.13560523989163933,0.97210280629391,0.010217708061582946,0.012095584072991758,-0.025340372588139093,0.9435890504920924,0.04446914430469802,0.06906782246144468,0.055905327971876626,0.8931169123915546,0.22493409530720462,0.0628055646218767,-0.4548174769285977
344,-3.148287441699253,-4.932194289954886,-1.375166548091922,-0.3101093687559206,-0.0003528791220532351,-0.8841141231203443,0.04417445303293489,-0.1350729406114727,0.9709114286541395,0.010916971127636337,0.011280112438722997,-0.025091774653296983,0.9421435186469996,0.04518879960984519,0.06959901905568296,0.056383219387234215,0.8939348073271625,0.23590510503849735,0.05590380869288348,-0.4576977223757565
345,-3.1474973225281104,-4.9344301793897,-1.3773998149223663,-0.30935289640675373,-0.0030564647840009623,-0.8867057330751783,0.04652438850494646,-0.13774193229638634,0.9700050804256849,0.010348569593526029,0.011552057699188142,-0.024098347764115846,0.9427545854652369,0.04501240711421302,0.06999040550501996,0.056293655957878594,0.8932228894499652,0.24036260859570255,0.051285201231430995,-0.459382298648721
346,-3.1477467083618507,-4.936549720557913,-1.3782463200874664,-0.3088590719247896,-0.0017263647840963297,-0.8875310785913831,0.04513729156347536,-0.13779116573297082,0.9693096730350904,0.010388951274700069,0.011989804454966932,-0.023591998856168306,0.9426751920783961,0.04465252171963981,0.07059043056281263,0.057238754656017785,0.8943622918394916,0.24580191986164798,0.04752965412516497,-0.46168890899456144
347,-3.148625519244419,-4.938667354377493,-1.3781638272590973,-0.31065156240711994,-0.005301687002335637,-0.882537103428877,0.04926333741637491,-0.13802770676576195,0.9692958447575025,0.008625716428406142,0.013132326775118261,-0.02290437359700731,0.9450198003852809,0.042890258242791204,0.07057204998048001,0.05719056802600718,0.8946250887183063,0.2408544214209055,0.048345265457819926,-0.46184659308231474
348,-3.149406816928135,-4.940787372382864,-1.3794733413048126,-0.3085274912859041,-0.002557350389813035,-0.8886807329798109,0.045360347045386065,-0.13792964222394524,0.968789384090846,0.009773264630831384,0.011883667209073454,-0.023285563926797426,0.943403143605038,0.04420460771531394,0.07071115977080518,0.05714089500516749,0.895299455669295,0.24693884865841617,0.04703467852849864,-0.4641417593363583
349,-3.1479171776459083,-4.9424286458813995,-1.3803796895332672,-0.3097729601408083,-0.005116195485149472,-0.8859608538294202,0.04903802068325304,-0.13997353019677697,0.9689457270740919,0.008839644949085616,0.011580364317521005,-0.02316662844608358,0.9437593409622157,0.044572867562478094,0.07083455628665143,0.057214894171656136,0.8947232575682513,0.24424078480801334,0.046965391854237544,-0.46455943888462187
350,-3.147010710208164,-4.94387489298223,-1.3816260226555206,-0.31103833694706745,-0.0067749154494749,-0.8833591706896192,0.04993756653162264,-0.14133177103959618,0.9693783375858717,0.008961400940216684,0.012453048960193544,-0.023155605312090433,0.944226045330807,0.043322734644120245,0.07103676504405194,0.05750243442863322,0.8951916308668963,0.24127230958542575,0.04846267170686625,-0.4646327227953732
351,-3.14592113730167,-4.9459686849438995,-1.382711304027591,-0.3110933818365175,-0.0060998127536521845,-0.8840175635958082,0.04953747035356783,-0.14271319808923302,0.9699337932705335,0.00928250559712162,0.012355893389209657,-0.023746380474072015,0.9435912558639491,0.043667417128985433,0.07126771814139539,0.0574138321241746,0.8949735374716632,0.23939251319966068,0.049986360142420756,-0.46467280691898466
352,-3.144031908480869,-4.946556148322806,-1.3839681275673248,-0.31035654921780415,-0.006939423337732404,-0.8852939970636732,0.049410322470391024,-0.14425661566220818,0.9699982258915357,0.009133887468970918,0.012203492694422155,-0.02364146884868673,0.943856913765713,0.04353462170571616,0.07091904587062055,0.057351817216576104,0.8944314928320758,0.23718679861626377,0.05144337705750369,-0.4644426733855069
353,-3.1420041584656104,-4.947661933692679,-1.385517013866458,-0.309756717875107,-0.007080776684139817,-0.887439287438429,0.049097029281580676,-0.14655038120709954,0.9702956530689649,0.009452777906454705,0.012135118716284185,-0.02389551874588064,0.9434979149902308,0.04382679249853423,0.07096201336892301,0.05728964957207537,0.8944348306921832,0.23567459897598972,0.05280976138491534,-0.4641977280978024
354,-3.1405767464325294,-4.949578819068655,-1.3864815362282135,-0.30977957625637836,-0.006515365161155313,-0.8873068459177381,0.04867704750391268,-0.14816697838269768,0.9706668111919813,0.00990687728965988,0.012163521260842233,-0.02428950731049112,0.9429037758911097,0.04387464757770827,0.07086227244647199,0.05723128917425967,0.8943178267744891,0.23407238142094364,0.05443149946112536,-0.4639535874728024
354,-3.1405767464325294,-4.949578819068655,-1.3864815362282135,-0.30977957625637836,-0.006515365161155313,-0.8873068459177381,0.04867704750391268,-0.14816697838269768,0.9706668111919813,0.00990687728965988,0.012163521260842233,-0.02428950731049112,0.9429037758911097,0.04387464757770827,0.07086227244647199,0.05723128917425967,0.8943178267744891,0.23407238142094364,0.05443149946112536,-0.4639535874728024
355,-3.1405767464325294,-4.949578819068655,-1.3864815362282135,-0.30977957625637836,-0.006515365161155313,-0.8873068459177381,0.04867704750391268,-0.14816697838269768,0.9706668111919813,0.00990687728965988,0.012163521260842233,-0.02428950731049112,0.9429037758911097,0.04387464757770827,0.07086227244647199,0.05723128917425967,0.8943178267744891,0.23407238142094364,0.05443149946112536,-0.4639535874728024
356,-3.1405767464325294,-4.949578819068655,-1.3864815362282135,-0.30977957625637836,-0.006515365161155313,-0.8873068459177381,0.04867704750391268,-0.14816697838269768,0.9706668111919813,0.00990687728965988,0.012163521260842233,-0.02428950731049112,0.9429037758911097,0.04387464757770827,0.07086227244647199,0.05723128917425967,0.8943178267744891,0.23407238142094364,0.05443149946112536,-0.4639535874728024
357,-3.1405767464325294,-4.949578819068655,-1.3864815362282135,-0.30977957625637836,-0.006515365161155313,-0.8873068459177381,0.04867704750391268,-0.14816697838269768,0.9706668111919813,0.00990687728965988,0.012163521260842233,-0.02428950731049112,0.9429037758911097,0.04387464757770827,0.07086227244647199,0.05723128917425967,0.8943178267744891,0.23407238142094364,0.05443149946112536,-0.4639535874728024
358,-3.1405767464325294,-4.949578819068655,-1.3864815362282135,-0.30977957625637836,-0.006515365161155313,-0.8873068459177381,0.04867704750391268,-0.14816697838269768,0.9706668111919813,0.00990687728965988,0.012163521260842233,-0.02428950731049112,0.9429037758911097,0.04387464757770827,0.07086227244647199,0.05723128917425967,0.8943178267744891,0.23407238142094364,0.05443149946112536,-0.4639535874728024
359,-3.1389969849274024,-4.950955924781546,-1.387923134166751,-0.3088121630693514,-0.005812593802963346,-0.8895447619104749,0.0484679618606212,-0.15021418931447564,0.9707877490162306,0.009794220320082807,0.012242992878779321,-0.024573195617299592,0.9424862453544581,0.044010739882891683,0.07063619947941953,0.05685715454429484,0.8939181180266254,0.23322392420372715,0.05501567340869807,-0.463651838958627
360,-3.1389969849274024,-4.950955924781546,-1.387923134166751,-0.3088121630693514,-0.005812593802963346,-0.8895447619104749,0.0484679618606212,-0.15021418931447564,0.9707877490162306,0.009794220320082807,0.012242992878779321,-0.024573195617299592,0.9424862453544581,0.044010739882891683,0.07063619947941953,0.05685715454429484,0.8939181180266254,0.23322392420372715,0.05501567340869807,-0.463651838958627
361,-3.137531187503086,-4.9511285398328155,-1.388544095356021,-0.30889411945591755,-0.006754225187157243,-0.8896860249185926,0.04819837005230211,-0.15088196995221673,0.9710363599895887,0.009955552864022159,0.012080299206897169,-0.024271696697574174,0.942874510010525,0.04392384003609946,0.07055533087762052,0.05621027651041842,0.8937716694144122,0.23134534971317997,0.054490541587065684,-0.4630315930250943
362,-3.137531187503086,-4.9511285398328155,-1.388544095356021,-0.30889411945591755,-0.006754225187157243,-0.8896860249185926,0.04819837005230211,-0.15088196995221673,0.9710363599895887,0.009955552864022159,0.012080299206897169,-0.024271696697574174,0.942874510010525,0.04392384003609946,0.07055533087762052,0.05621027651041842,0.8937716694144122,0.23134534971317997,0.054490541587065684,-0.4630315930250943
363,-3.1363462471649513,-4.951981601508841,-1.38914145310596,-0.30917265196095295,-0.007270637966846078,-0.8899033434534437,0.04864387379380487,-0.1517835051056057,0.9714714738964491,0.010931246440060043,0.011907019191309362,-0.02448826272378496,0.9419384190643275,0.04418661828846267,0.07030136293681317,0.05546378048867083,0.8936064453390948,0.2301238121231531,0.05438219151873492,-0.462685498655206
364,-3.134681131808506,-4.951845702918753,-1.3900603183098175,-0.30858676810513325,-0.006133129887436479,-0.891246832146681,0.047753048850023974,-0.15345534088574944,0.9715450260281019,0.010794754597492122,0.011821096301897913,-0.0241192876208835,0.9421841690147365,0.044009380151932745,0.06993617272885495,0.054971393968761925,0.8935584636000506,0.22951281981072177,0.051766680101346,-0.4622775048617184
365,-3.1329423451111182,-4.954093036445364,-1.3917486794777252,-0.3088443793798525,-0.007130380787108987,-0.8919575579309827,0.047899557066881884,-0.15633794071637688,0.9723017069935255,0.012047065879351997,0.011204453655406385,-0.024343866746526277,0.9414863178337062,0.044196773429816275,0.06990812874348813,0.05486309977978564,0.8936968059805743,0.22593363539776554,0.052680989275168406,-0.4617962569598019
366,-3.1320199036285743,-4.958078918250784,-1.3913924821205474,-0.3102788545633394,-0.00895698654667005,-0.8909934528017408,0.048817457420552005,-0.1543968558546215,0.9738951775669508,0.014698118428833389,0.009843226992412954,-0.024744719158511674,0.9396047780120814,0.04510558034986785,0.06909372067959958,0.053240173335970406,0.8935640664366595,0.21944552080235233,0.05209572381753825,-0.4600025147799313
367,-3.1320199036285743,-4.958078918250784,-1.3913924821205474,-0.3102788545633394,-0.00895698654667005,-0.8909934528017408,0.048817457420552005,-0.1543968558546215,0.9738951775669508,0.014698118428833389,0.009843226992412954,-0.024744719158511674,0.9396047780120814,0.04510558034986785,0.06909372067959958,0.053240173335970406,0.8935640664366595,0.21944552080235233,0.05209572381753825,-0.4600025147799313
368,-3.1317218804046973,-4.9633942220532745,-1.392576945621524,-0.3097877122903902,-0.008632028542612642,-0.891046202912367,0.04743925274702333,-0.1558258623119503,0.9744957539677076,0.014393077689356708,0.009842811622544675,-0.023642642315130746,0.9406120965087855,0.04422355081648162,0.06861489421637708,0.05275679084271288,0.8938336582449786,0.2144358547171091,0.04600603274483584,-0.4586142033938229
369,-3.1317218804046973,-4.9633942220532745,-1.392576945621524,-0.3097877122903902,-0.008632028542612642,-0.891046202912367,0.04743925274702333,-0.1558258623119503,0.9744957539677076,0.014393077689356708,0.009842811622544675,-0.023642642315130746,0.9406120965087855,0.04422355081648162,0.06861489421637708,0.05275679084271288,0.8938336582449786,0.2144358547171091,0.04600603274483584,-0.4586142033938229
370,-3.1317218804046973,-4.9633942220532745,-1.392576945621524,-0.3097877122903902,-0.008632028542612642,-0.891046202912367,0.04743925274702333,-0.1558258623119503,0.9744957539677076,0.014393077689356708,0.009842811622544675,-0.023642642315130746,0.9406120965087855,0.04422355081648162,0.06861489421637708,0.05275679084271288,0.8938336582449786,0.2144358547171091,0.04600603274483584,-0.4586142033938229
371,-3.1313578152344093,-4.962873515876517,-1.3941561110802032,-0.3078116096998293,-0.007543091729436963,-0.8942156202936536,0.046868836296522845,-0.1584174424644619,0.9745992872356825,0.01396183063382616,0.009863468357249647,-0.022729728262525117,0.9410111496055568,0.04392772923917106,0.0682779417088812,0.052205503757895,0.8939100713995807,0.21304541246494998,0.039711357573460566,-0.45732680267131925
372,-3.1307670139953956,-4.966414508613333,-1.3966348298378326,-0.30695071001301594,-0.006402355685983747,-0.8960709340715772,0.045368047220432986,-0.16177191736661492,0.9753444645046644,0.013424872878141307,0.009786217012330442,-0.02201328415761522,0.942282755097195,0.04308972518653205,0.06788592568548375,0.05194723310679293,0.8940860243109576,0.2066488208015894,0.03644812993187808,-0.45453158324993254
373,-3.1307670139953956,-4.966414508613333,-1.3966348298378326,-0.30695071001301594,-0.006402355685983747,-0.8960709340715772,0.045368047220432986,-0.16177191736661492,0.9753444645046644,0.013424872878141307,0.009786217012330442,-0.02201328415761522,0.942282755097195,0.04308972518653205,0.06788592568548375,0.05194723310679293,0.8940860243109576,0.2066488208015894,0.03644812993187808,-0.45453158324993254
374,-3.1303938889191016,-4.969115791114554,-1.3971597083397247,-0.3075683631445009,-0.007505626484905332,-0.8955458767557508,0.046494362665140856,-0.16224614682160912,0.9756297919392042,0.013691429506189727,0.009633676619156747,-0.02217527468095354,0.9420299717987025,0.043334387352173834,0.0677400023392027,0.05124655070513583,0.8942952366141192,0.20444879846176853,0.0379797681369295,-0.45442179149425627
375,-3.1304198765442237,-4.971478042396292,-1.3979503043480255,-0.30723603744755573,-0.007747092351471036,-0.8965389497423536,0.046604493422234286,-0.16299160721265374,0.9759231660007887,0.014023642513103389,0.009377666287943273,-0.02187818464229635,0.9419660756195033,0.04329888533562949,0.06731675348194295,0.05046011584609843,0.8945648880270831,0.20292692796787967,0.0356992962904682,-0.45266586846149565
376,-3.130368616549717,-4.973533687385306,-1.3987022765465118,-0.30671065230618305,-0.00790813944504127,-0.8985654480600721,0.04647505076023363,-0.1644669413801342,0.9764073345302992,0.014725412699527644,0.0090400311210002,-0.021660119186740434,0.9417928049171412,0.04306957136601737,0.06733241087706739,0.050290577884615426,0.8946687789229266,0.20024428681931247,0.03355306900520228,-0.4523138732317746
377,-3.1305173897430763,-4.976194438728079,-1.399424804050479,-0.3067035593534548,-0.008313514359449,-0.8987855084085828,0.04713348464461588,-0.16470449569188653,0.9765425178646497,0.014448921653575801,0.00890111597709313,-0.02140523668716482,0.9422116467559779,0.042991086950009375,0.06702786094458753,0.04964800256103373,0.8948354931143634,0.19891824738583316,0.03271562933404349,-0.4519067139033139
378,-3.130685951678501,-4.979194221290335,-1.4009637959785797,-0.3062305070901949,-0.008925193987940401,-0.9005306728029615,0.04700885878297113,-0.1648879289861828,0.9771913740276746,0.01539887906158676,0.008379644253178983,-0.021168473999600923,0.9416228124702418,0.043031796922390966,0.06570843017609769,0.04708444776743746,0.8961655111578815,0.1962725909193491,0.02974952898402117,-0.44638410514629484
379,-3.1310507321045264,-4.9811835859143585,-1.4019271262474395,-0.30633213300953693,-0.008089787393961996,-0.900605119004286,0.046194443268501986,-0.16489585640393792,0.9776146862148695,0.016159186597115897,0.007897874810620695,-0.021465076025229013,0.9410583564842189,0.043321449418967276,0.06626769683273488,0.04845266493767596,0.8953842134741656,0.19469981805882206,0.030687594334076865,-0.4476628035906613
380,-3.1310507321045264,-4.9811835859143585,-1.4019271262474395,-0.30633213300953693,-0.008089787393961996,-0.900605119004286,0.046194443268501986,-0.16489585640393792,0.9776146862148695,0.016159186597115897,0.007897874810620695,-0.021465076025229013,0.9410583564842189,0.043321449418967276,0.06626769683273488,0.04845266493767596,0.8953842134741656,0.19469981805882206,0.030687594334076865,-0.4476628035906613
381,-3.1315151714966163,-4.982168254646048,-1.4030764230079986,-0.30588956852207966,-0.008540269985948652,-0.9027399189615614,0.04616215617748522,-0.16620122792684136,0.9783518168568067,0.01673105870480051,0.007738000252171903,-0.02160483587871126,0.9408604094589198,0.04333829145640662,0.06585089272769147,0.047918298121393685,0.8957233639029376,0.19066956059536685,0.03116886645038031,-0.44625357097423674
382,-3.132169392077671,-4.984815654548392,-1.4038869269676544,-0.30486314673672504,-0.00882218598589763,-0.9040364391947157,0.046560028357231845,-0.16778617503606377,0.9790559265255384,0.016702305982954406,0.007261371710225492,-0.020640928189855134,0.9416179248893702,0.04267546545476249,0.06525778553398305,0.04744421767801142,0.8958760710028522,0.18538635389408817,0.025111361885856612,-0.44375083154476286
383,-3.132169392077671,-4.984815654548392,-1.4038869269676544,-0.30486314673672504,-0.00882218598589763,-0.9040364391947157,0.046560028357231845,-0.16778617503606377,0.9790559265255384,0.016702305982954406,0.007261371710225492,-0.020640928189855134,0.9416179248893702,0.04267546545476249,0.06525778553398305,0.04744421767801142,0.8958760710028522,0.18538635389408817,0.025111361885856612,-0.44375083154476286
384,-3.1324898266479835,-4.986387786658987,-1.4048515685386993,-0.304480097487076,-0.00921117614225015,-0.9051604039812452,0.047038091135943164,-0.16820254328214226,0.9792684766888075,0.016855376298673057,0.006976501555069833,-0.020604090656738794,0.941409129818722,0.04294202115148833,0.0650706865540331,0.04679142015785075,0.8960370631483905,0.18371199981770267,0.02484378545958899,-0.4424793750647366
385,-3.132434513537632,-4.987893161567435,-1.4051158555336334,-0.3045978464628298,-0.008609261430953592,-0.9061104424143201,0.046273065520251025,-0.16943060758077202,0.9799280616878919,0.017507761242933177,0.0067125461109723145,-0.020530344809990442,0.9411291071975673,0.04275727282971671,0.06457039496811086,0.04695231172055102,0.8962117643622272,0.17996245042881717,0.02397737606842421,-0.43784421986377836
386,-3.132716562716709,-4.989317950996146,-1.4049959309883453,-0.30466597457180805,-0.008928206816469282,-0.9048561818743116,0.04701128394695543,-0.16900544764958916,0.9802421781658582,0.01758826476628294,0.006271237046345621,-0.020497538040977037,0.9414777347648585,0.042720761259501486,0.06446083790572339,0.0467711918315301,0.8960073800352923,0.1770132871111368,0.02440057463426493,-0.43866381353176237
387,-3.1331755184814796,-4.991214332374319,-1.4060548671074249,-0.3042357184434969,-0.009649137102221102,-0.9074077971125013,0.047118717593872775,-0.1692580074306637,0.9806484434246473,0.017522885921544933,0.006317396187111288,-0.020061364289026773,0.9415455648506129,0.042485609759991674,0.06430951661379987,0.046206720944345955,0.8962006182936542,0.17430629746517887,0.0212350576319208,-0.4366219074133694
388,-3.133043196170078,-4.991814193519339,-1.406376732189212,-0.30382018466244526,-0.009184749864195436,-0.9078466065073377,0.04654399843307756,-0.17005343141519128,0.9813163730740003,0.01775602669561615,0.0058714258529986435,-0.0198389532823377,0.9417517969215358,0.04225286852330497,0.0638732404163664,0.04607303890198565,0.8964150162009112,0.17002967910370578,0.019918827819119914,-0.4348514408472836
389,-3.133585121600376,-4.993097362312064,-1.4082392581291534,-0.30316605348835773,-0.008790586210940927,-0.909968174233473,0.0455513538548591,-0.17209822835885583,0.9814854118465833,0.01784244225466957,0.006078966897800117,-0.01917582739482454,0.9419520089233363,0.041728530188506155,0.06313262290270978,0.04584824370950556,0.8969671340254657,0.16935787515244236,0.01521140384901665,-0.4309529692534268
390,-3.133296635119663,-4.99529558161138,-1.4104389079399444,-0.3035531856561739,-0.008389485135828108,-0.9085056550646192,0.04499216915460848,-0.1739153206583172,0.9811125847935133,0.016631395082123183,0.006710322112664133,-0.018233047689896142,0.9427334854209865,0.04101932432264617,0.06294386244328672,0.04524770083636141,0.897338292148482,0.17033936993679752,0.00912957779545687,-0.4293074340227902
391,-3.1333207153961524,-4.997312125953421,-1.4109611638374664,-0.3035933889890749,-0.008347913690064997,-0.9080964095735914,0.045533789111101855,-0.1744101286169201,0.9811298701404981,0.016342753070540332,0.006523265042230039,-0.01801024925301603,0.9433918783271754,0.040790744235222845,0.06292591026933843,0.04501533212870455,0.8972827406195514,0.16867769674858799,0.009157507228147014,-0.42934656447208525
392,-3.133697655169712,-4.998882827552542,-1.4118142255134918,-0.3031394400144655,-0.008084678158317656,-0.9094676144266493,0.04480297656151079,-0.17578252556287347,0.9815264794468336,0.01682437070751896,0.006369825922771841,-0.017840625609856164,0.9433488437736476,0.040701225509350805,0.062003558193761646,0.044523601259888176,0.8979122252730243,0.1666191907366251,0.008357934900041445,-0.42434317177570463
393,-3.133192923037754,-5.004117545875296,-1.4137133487053253,-0.30266173858891315,-0.008862314812992662,-0.9112077720308668,0.04556378887387537,-0.17720215918981133,0.9817946407436781,0.01673744944030752,0.006129505582972913,-0.018378538902502572,0.9429820963943446,0.04124851908296874,0.061936279450971424,0.04384254741281367,0.8981603594092242,0.1645774336298441,0.0112978289969673,-0.42392483657634855
394,-3.133864071337925,-5.006557044776663,-1.4162454732246734,-0.3016150512243349,-0.00914060051754579,-0.9134263761186964,0.045023830396855105,-0.1799948603149563,0.9819956276058607,0.01752849527741184,0.006017020442410856,-0.018895752619605577,0.942149538716122,0.04152700688452056,0.0609762386134451,0.04344244378417826,0.8988102884558551,0.1647019030292963,0.013283349121402725,-0.41810229724681974
395,-3.133864071337925,-5.006557044776663,-1.4162454732246734,-0.3016150512243349,-0.00914060051754579,-0.9134263761186964,0.045023830396855105,-0.1799948603149563,0.9819956276058607,0.01752849527741184,0.006017020442410856,-0.018895752619605577,0.942149538716122,0.04152700688452056,0.0609762386134451,0.04344244378417826,0.8988102884558551,0.1647019030292963,0.013283349121402725,-0.41810229724681974
396,-3.133864071337925,-5.006557044776663,-1.4162454732246734,-0.3016150512243349,-0.00914060051754579,-0.9134263761186964,0.045023830396855105,-0.1799948603149563,0.9819956276058607,0.01752849527741184,0.006017020442410856,-0.018895752619605577,0.942149538716122,0.04152700688452056,0.0609762386134451,0.04344244378417826,0.8988102884558551,0.1647019030292963,0.013283349121402725,-0.41810229724681974
397,-3.1338655018493995,-5.008129176887259,-1.4176255591698028,-0.3014276244188387,-0.009091890484248251,-0.9156591661119825,0.04493529514762186,-0.1811976224418789,0.9818621728062086,0.017914188551850223,0.00578483427397862,-0.018559139113526857,0.94214077683334,0.041318047901099234,0.06057033098252469,0.0431454077622304,0.8990854234961383,0.16723358051380863,0.010533784995268806,-0.41507882183826567
398,-3.1336592697784766,-5.010974464210257,-1.4181372054405548,-0.2995638169790346,-0.0019332497121439867,-0.9183900125170118,0.039021504832232226,-0.18289337458573876,0.9817491623997144,0.018765838342852496,0.0052588181615616375,-0.018352232765059984,0.941455859860226,0.04187823097914985,0.05910525626452619,0.04300113099426127,0.9003261537817828,0.16949787156185855,0.007851122891943677,-0.4044213027361691
399,-3.1342078709289893,-5.01385026911138,-1.420036686260257,-0.30069192428837604,-0.009387080624853224,-0.9171185858393079,0.044837845278704394,-0.18289468588792382,0.9825368377804212,0.017937513525731467,0.005637490195109993,-0.018665149699550188,0.9420028516853297,0.041497808059161215,0.05994395694645101,0.043220748033226494,0.8990290375021808,0.16118108646473636,0.011419680914323552,-0.4099867076281369
400,-3.133949186770664,-5.014976558479056,-1.4212250836677887,-0.30015589971791096,-0.009384272687290758,-0.9190370805406934,0.044927483213865985,-0.18372554483377038,0.9828328344463758,0.017866014029033088,0.0055028377146269375,-0.018645131852131402,0.9420809337699855,0.041465956827109365,0.05888947627456838,0.042761404838264946,0.8996075005797259,0.15939968244633426,0.011595807983021959,-0.40346736019886137
401,-3.133949186770664,-5.014976558479056,-1.4212250836677887,-0.30015589971791096,-0.009384272687290758,-0.9190370805406934,0.044927483213865985,-0.18372554483377038,0.9828328344463758,0.017866014029033088,0.0055028377146269375,-0.018645131852131402,0.9420809337699855,0.041465956827109365,0.05888947627456838,0.042761404838264946,0.8996075005797259,0.15939968244633426,0.011595807983021959,-0.40346736019886137
402,-3.134303715197788,-5.015998420509085,-1.4229455121345855,-0.2985829927469332,-0.009711331755076498,-0.9215162165308363,0.044551728082621325,-0.18411509098969994,0.9831034395336561,0.018604890900797748,0.00520710880391255,-0.018728703152041948,0.9420663306320155,0.041273139526551275,0.058195499395448505,0.042089194830358986,0.900390049960982,0.1587035001953577,0.011663756812404617,-0.3994491130713284
403,-3.133274939028965,-5.019150790961966,-1.4243859179802276,-0.2990547635103304,-0.01080024714783296,-0.9211916692400343,0.04624778570028566,-0.18346446158849297,0.9830744120716505,0.017683244767732524,0.00540520670346871,-0.01789501298556856,0.9423066565597499,0.04125417034835151,0.05796006849916631,0.040775296117962365,0.9012370319632403,0.1573294492205118,0.007282756980921849,-0.39748040145671965
404,-3.133274939028965,-5.019150790961966,-1.4243859179802276,-0.2990547635103304,-0.01080024714783296,-0.9211916692400343,0.04624778570028566,-0.18346446158849297,0.9830744120716505,0.017683244767732524,0.00540520670346871,-0.01789501298556856,0.9423066565597499,0.04125417034835151,0.05796006849916631,0.040775296117962365,0.9012370319632403,0.1573294492205118,0.007282756980921849,-0.39748040145671965
405,-3.1334404015228614,-5.02245098093389,-1.4279722102470733,-0.297142735912903,-0.01060132595912084,-0.9269152648592359,0.044360922438824404,-0.18748796882592736,0.9836310002445631,0.01831424002642145,0.005327074793055206,-0.018721813227634942,0.9416676947677577,0.04137428860873511,0.056378589635211765,0.03996494116991854,0.9028192968634479,0.15540041939816227,0.010035522761236652,-0.38756826823986174
406,-3.1334404015228614,-5.02245098093389,-1.4279722102470733,-0.297142735912903,-0.01060132595912084,-0.9269152648592359,0.044360922438824404,-0.18748796882592736,0.9836310002445631,0.01831424002642145,0.005327074793055206,-0.018721813227634942,0.9416676947677577,0.04137428860873511,0.056378589635211765,0.03996494116991854,0.9028192968634479,0.15540041939816227,0.010035522761236652,-0.38756826823986174
407,-3.13253584143375,-5.026923713477835,-1.4300426371879913,-0.2947170950914461,-0.0003897976802335673,-0.9334219463014967,0.036250801546299685,-0.1908344120021969,0.9837631437420301,0.02040769857460966,0.0033035804563011227,-0.018596419956188714,0.9401093909347499,0.042865503688757925,0.052221296047288715,0.03889525386303759,0.9063911052016131,0.15711014883122196,0.007580165066238269,-0.3541325361136258
408,-3.132521059481846,-5.027769145759329,-1.4249390490837432,-0.2985919036413271,-0.005958296425794213,-0.9249970681810743,0.04065476895662569,-0.19909127953015862,0.9816421720623426,0.017834977704234027,0.005622669593318849,-0.017694859657090223,0.9423681685531581,0.04115192603081992,0.029264663969594776,0.037350886341036324,0.9165860028532855,0.16666769401631107,0.005388109201513007,-0.19191521710193754
409,-3.131469395129429,-5.03090291956304,-1.4239858516044952,-0.29917573113690205,-0.005623168379222005,-0.9223598010683424,0.04101751909943842,-0.20010968449079095,0.9828533980488233,0.01819520861948242,0.0047416458883132034,-0.017970742549400842,0.9430158326232875,0.041200090309088735,0.03014631724866086,0.03726115899890757,0.9169745059279315,0.15778730229935398,0.010262677459459527,-0.19682778722084165
410,-3.131469395129429,-5.03090291956304,-1.4239858516044952,-0.29917573113690205,-0.005623168379222005,-0.9223598010683424,0.04101751909943842,-0.20010968449079095,0.9828533980488233,0.01819520861948242,0.0047416458883132034,-0.017970742549400842,0.9430158326232875,0.041200090309088735,0.03014631724866086,0.03726115899890757,0.9169745059279315,0.15778730229935398,0.010262677459459527,-0.19682778722084165
411,-3.131469395129429,-5.03090291956304,-1.4239858516044952,-0.29917573113690205,-0.005623168379222005,-0.9223598010683424,0.04101751909943842,-0.20010968449079095,0.9828533980488233,0.01819520861948242,0.0047416458883132034,-0.017970742549400842,0.9430158326232875,0.041200090309088735,0.03014631724866086,0.03726115899890757,0.9169745059279315,0.15778730229935398,0.010262677459459527,-0.19682778722084165
412,-3.131188538043247,-5.035076198371634,-1.4354242213554718,-0.29665967006932087,-0.007813503101621717,-0.9295663602495557,0.04207529292794489,-0.19923075439893304,0.9845208379864149,0.01902341236466875,0.003620526292249113,-0.018879342715840852,0.9416857549751246,0.042115882148449926,0.03260812318833524,0.03745358886927462,0.9147492261198871,0.1468466760357355,0.013766020084213241,-0.21765676444805265
413,-3.131188538043247,-5.035076198371634,-1.4354242213554718,-0.29665967006932087,-0.007813503101621717,-0.9295663602495557,0.04207529292794489,-0.19923075439893304,0.9845208379864149,0.01902341236466875,0.003620526292249113,-0.018879342715840852,0.9416857549751246,0.042115882148449926,0.03260812318833524,0.03745358886927462,0.9147492261198871,0.1468466760357355,0.013766020084213241,-0.21765676444805265
414,-3.1312479042694434,-5.036876258643851,-1.4363160260506012,-0.2964082278753359,-0.008474934913371653,-0.9300020702028639,0.042919860942089785,-0.20011749269925652,0.9845259639858656,0.018764007362670802,0.0036388826601947842,-0.018836540992956674,0.9416222760284388,0.042134873678391485,0.032766556059438526,0.03762204277128077,0.9145663590697162,0.14649660305580844,0.012901488239358886,-0.21767962282932402
415,-3.1312479042694434,-5.036876258643851,-1.4363160260506012,-0.2964082278753359,-0.008474934913371653,-0.9300020702028639,0.042919860942089785,-0.20011749269925652,0.9845259639858656,0.018764007362670802,0.0036388826601947842,-0.018836540992956674,0.9416222760284388,0.042134873678391485,0.032766556059438526,0.03762204277128077,0.9145663590697162,0.14649660305580844,0.012901488239358886,-0.21767962282932402
416,-3.1314782166168555,-5.038583812507376,-1.4376917012520172,-0.29609199543248005,-0.007893551208232492,-0.9310008056307203,0.04204951019378923,-0.2008473217722088,0.9845384809612684,0.018409114788420104,0.0038903323047603665,-0.018812730800014055,0.942011255940243,0.041989915182297735,0.03261775678904706,0.037073728468121056,0.9148762436179034,0.14511842445931186,0.014184666345309242,-0.21848728066719175
417,-3.1314782166168555,-5.038583812507376,-1.4376917012520172,-0.29609199543248005,-0.007893551208232492,-0.9310008056307203,0.04204951019378923,-0.2008473217722088,0.9845384809612684,0.018409114788420104,0.0038903323047603665,-0.018812730800014055,0.942011255940243,0.041989915182297735,0.03261775678904706,0.037073728468121056,0.9148762436179034,0.14511842445931186,0.014184666345309242,-0.21848728066719175
418,-3.131587173907505,-5.0400567624890655,-1.4386531241722442,-0.2957048334623415,-0.0075367596672521525,-0.9326261050844556,0.041921691758358706,-0.2013551831480175,0.9851693365215711,0.0183746754109334,0.003637708262428194,-0.019390357549887216,0.94210495444183,0.04217002179235747,0.03466616167636567,0.036887691195906167,0.9139841408995502,0.14039326624474277,0.018589537138532623,-0.23563601380622984
419,-3.131587173907505,-5.0400567624890655,-1.4386531241722442,-0.2957048334623415,-0.0075367596672521525,-0.9326261050844556,0.041921691758358706,-0.2013551831480175,0.9851693365215711,0.0183746754109334,0.003637708262428194,-0.019390357549887216,0.94210495444183,0.04217002179235747,0.03466616167636567,0.036887691195906167,0.9139841408995502,0.14039326624474277,0.018589537138532623,-0.23563601380622984
420,-3.131915953128086,-5.041614589484915,-1.4397039540596344,-0.29587551136265583,-0.006831272572432607,-0.9326526887560255,0.04096008257361673,-0.20172108116113244,0.9850520941852979,0.017580264705366992,0.0040136380166555935,-0.019328307252030885,0.9428267070854152,0.041702058275645285,0.034488716786224186,0.03588854226082659,0.9146841378477923,0.13896160738072147,0.02004398825992249,-0.23666096037662626
421,-3.132432129351841,-5.045306739600882,-1.4402585156746246,-0.29521187324772663,-0.007405263438974469,-0.9340602524423963,0.041651202155077685,-0.20276472868882714,0.9850513193249159,0.016537640701181792,0.004618447744175344,-0.018897630165916002,0.9433576056564296,0.04118367668003371,0.03491239591451341,0.03703453468889094,0.9137760610846393,0.13602488653263797,0.018317213761102184,-0.23585105246341825
422,-3.132432129351841,-5.045306739600882,-1.4402585156746246,-0.29521187324772663,-0.007405263438974469,-0.9340602524423963,0.041651202155077685,-0.20276472868882714,0.9850513193249159,0.016537640701181792,0.004618447744175344,-0.018897630165916002,0.9433576056564296,0.04118367668003371,0.03491239591451341,0.03703453468889094,0.9137760610846393,0.13602488653263797,0.018317213761102184,-0.23585105246341825
423,-3.1327597164795264,-5.047081050666556,-1.440892351467166,-0.2958021380449373,-0.006757080622171014,-0.9331132538462049,0.0406610460707786,-0.20355036261045037,0.9852412197231702,0.01567887001777401,0.005265857563241869,-0.018976209576826608,0.9440345952117885,0.04081391181558898,0.03491882949085885,0.036490653481186394,0.9141350002554767,0.13221549408039798,0.021128281498741134,-0.23698884552753569
424,-3.133035328356968,-5.048598346503958,-1.4412353165932037,-0.2958668090845186,-0.007328945279275029,-0.933810628190077,0.04145163090320848,-0.20340720715486107,0.9852439615368299,0.015054582144267463,0.005377294034584909,-0.01859050046990446,0.9441710302436793,0.04074621211499503,0.035306615447122394,0.03823138105481959,0.9128337116507403,0.1306798698147272,0.018449807087372764,-0.235725733697778
425,-3.133348133532749,-5.0500922773206085,-1.4396777280159332,-0.29528304119358845,-0.007275064543043225,-0.9334311850214368,0.041044970763647784,-0.2034195155140072,0.9862595650791578,0.015274830619938277,0.004811863885148912,-0.018512252609830415,0.9436627814376796,0.040933378150170355,0.03745705044778043,0.03905898037165499,0.9115085811880939,0.1239565403898691,0.016086456844996436,-0.24856227940357328
426,-3.133425619570957,-5.051367339881644,-1.4405524857826568,-0.2949753620172579,-0.0072666137220011645,-0.9341257579470045,0.04093175174089693,-0.2040242940422207,0.9863136264919691,0.015326355110056304,0.004767267969324737,-0.0185305717248731,0.9436214158142054,0.04094523202390006,0.03752931735428029,0.03933329957336283,0.9112940640715472,0.12379750029644716,0.015944678815494998,-0.2480359107855618
427,-3.1337622666046485,-5.053276119025931,-1.4414162762947418,-0.29479398508320637,-0.007557124897991269,-0.9342632658625013,0.04130486191602968,-0.20500355365239678,0.9866505119442396,0.01577969499970188,0.004444460854753404,-0.018415054198008096,0.9431312272155726,0.04113412286848357,0.03756437233598882,0.039324641998709206,0.9113183827666156,0.12226654754481066,0.01406689781178139,-0.2490052015188992
428,-3.133969690768467,-5.054343280585989,-1.4429419167824127,-0.2948076941515047,-0.006496925905500501,-0.9345177776956922,0.0401483045646789,-0.20585791172944604,0.9868078086018018,0.015592726404912376,0.004535474819018989,-0.018798613812428033,0.9433372804725612,0.04118234675139716,0.03745802274854833,0.03888629081457949,0.9115527482298724,0.12085285948118914,0.01755337744433783,-0.24929301744735838
429,-3.133878376452671,-5.057276782783255,-1.44309390862659,-0.29480519075642414,-0.006078659624014943,-0.9354103572512037,0.04011908711286806,-0.2060043007370144,0.986914441311305,0.01495332316601982,0.004835292235835939,-0.018567692380052125,0.9435473272407496,0.04097111906618407,0.037314669852573215,0.0378663510343442,0.912355086353194,0.1182194666703676,0.016182873877178653,-0.2508020729426205
430,-3.1340466999695167,-5.057929096015677,-1.414041412670169,-0.29036685009251423,-0.006987080976520627,-0.9304042227411634,0.03669131712409281,-0.20401140453778802,0.9885530326008253,0.014694224569148921,0.0046912166335429245,-0.017996214221816575,0.9418415615165675,0.041764814516013174,0.037715198164302646,0.04012167903393603,0.9106051535872333,0.10599934475025881,0.00739235315885745,-0.24906741386688352
431,-3.134054567782627,-5.060347137244925,-1.4144749768562652,-0.29062791843663044,-0.007533055797372907,-0.9313033588076002,0.037237243516171206,-0.20441318454705773,0.9886495921253614,0.014612949910707378,0.004617192321344762,-0.017602004002433336,0.9420573303306544,0.041541576494877844,0.03781327760728055,0.040162135686577324,0.9103952260283343,0.10474854873022783,0.005861877477209791,-0.24823288923538328
432,-3.135225918261753,-5.065422591956839,-1.4171608813591339,-0.28945996542225666,-0.00831733836994037,-0.9350197680139906,0.03792450369688295,-0.20699190499745904,0.9890481087803297,0.014208086292393111,0.004782937005981355,-0.017694504823189294,0.9425800630653346,0.041254781295960455,0.039214005385953724,0.04055700155705309,0.9095130176810138,0.10115791277489412,0.007445737034495696,-0.25901660627163053
433,-3.135225918261753,-5.065422591956839,-1.4171608813591339,-0.28945996542225666,-0.00831733836994037,-0.9350197680139906,0.03792450369688295,-0.20699190499745904,0.9890481087803297,0.014208086292393111,0.004782937005981355,-0.017694504823189294,0.9425800630653346,0.041254781295960455,0.039214005385953724,0.04055700155705309,0.9095130176810138,0.10115791277489412,0.007445737034495696,-0.25901660627163053
434,-3.136867191760288,-5.0696917150342315,-1.4221831687279083,-0.2882847406412203,-0.009074697338198275,-0.939590132966078,0.03810657726022028,-0.210345992469421,0.9891679141163282,0.014640897969849014,0.00441724062420383,-0.018240306418042695,0.9420914241874659,0.04192721854657462,0.03904296613248044,0.04049002083748675,0.909855029132735,0.10104519294104326,0.010190859916101917,-0.2587146640423596
435,-3.136867191760288,-5.0696917150342315,-1.4221831687279083,-0.2882847406412203,-0.009074697338198275,-0.939590132966078,0.03810657726022028,-0.210345992469421,0.9891679141163282,0.014640897969849014,0.00441724062420383,-0.018240306418042695,0.9420914241874659,0.04192721854657462,0.03904296613248044,0.04049002083748675,0.909855029132735,0.10104519294104326,0.010190859916101917,-0.2587146640423596
436,-3.136867191760288,-5.0696917150342315,-1.4221831687279083,-0.2882847406412203,-0.009074697338198275,-0.939590132966078,0.03810657726022028,-0.210345992469421,0.9891679141163282,0.014640897969849014,0.00441724062420383,-0.018240306418042695,0.9420914241874659,0.04192721854657462,0.03904296613248044,0.04049002083748675,0.909855029132735,0.10104519294104326,0.010190859916101917,-0.2587146640423596
437,-3.136867191760288,-5.0696917150342315,-1.4221831687279083,-0.2882847406412203,-0.009074697338198275,-0.939590132966078,0.03810657726022028,-0.210345992469421,0.9891679141163282,0.014640897969849014,0.00441724062420383,-0.018240306418042695,0.9420914241874659,0.04192721854657462,0.03904296613248044,0.04049002083748675,0.909855029132735,0.10104519294104326,0.010190859916101917,-0.2587146640423596
438,-3.1368919872925147,-5.071940955909476,-1.422973764736209,-0.28805615682850666,-0.009423391029392332,-0.9397980935716993,0.03852447660061144,-0.21084722282849847,0.9891282770275526,0.014548911239154243,0.004494333178624063,-0.01814290870318941,0.9422637412155116,0.04176107432455352,0.03916388160498792,0.04048240634411669,0.9097321243552081,0.10073880271515596,0.010304937618266567,-0.2585104734305203
439,-3.137515213458286,-5.073072490485892,-1.4240201838798858,-0.28764902730236835,-0.00959473016873464,-0.9406041271829969,0.039149364245856036,-0.21139059367143212,0.9894075247883253,0.01464604073310604,0.0042881448798622185,-0.018298048417668855,0.9422364422882045,0.04187177877635291,0.04041977382214719,0.04054282310217715,0.9091274352339618,0.09939672218165148,0.010776382418762668,-0.2677353054884732
440,-3.13810863730167,-5.074702796729788,-1.4251771100349762,-0.2876340963388521,-0.00997205737248525,-0.9414648182535535,0.03942288251014971,-0.2120232671734005,0.9893108460544996,0.014748947220988178,0.00412976416282311,-0.018197966631155527,0.942119795998379,0.04203600074858001,0.040408862446862995,0.04042699265092707,0.9094438762930743,0.10029381678900469,0.00971427048970364,-0.26820409601963163
441,-3.137395050494419,-5.077944335731253,-1.4266854651756622,-0.28936605830441303,-0.011351880684648603,-0.9377523429537183,0.041115471882546176,-0.2134292811390072,0.9892848584293775,0.015130628357775115,0.003077614591344744,-0.017770371291440046,0.9418619463050807,0.042837675770228414,0.04043527475507909,0.0402113616725812,0.9101434560088031,0.10150005088648546,0.00596738899074845,-0.2692607224587262
442,-3.137395050494419,-5.077944335731253,-1.4266854651756622,-0.28936605830441303,-0.011351880684648603,-0.9377523429537183,0.041115471882546176,-0.2134292811390072,0.9892848584293775,0.015130628357775115,0.003077614591344744,-0.017770371291440046,0.9418619463050807,0.042837675770228414,0.04043527475507909,0.0402113616725812,0.9101434560088031,0.10150005088648546,0.00596738899074845,-0.2692607224587262
443,-3.137322094409214,-5.07918172815679,-1.4277967341728546,-0.2890546836401064,-0.011312949538384527,-0.9387330777788526,0.040974898053133715,-0.21461961569749413,0.9893257472156934,0.015107576261408233,0.003239721995666176,-0.017879906933408296,0.9418100306594813,0.04273788269371322,0.040538949584085285,0.040187542166412835,0.9100577445296161,0.10134090648493517,0.0064674166631361095,-0.2691269398335278
444,-3.1366335415527686,-5.082434711250052,-1.4296872742958404,-0.28898625750790424,-0.012402768314038366,-0.9396204717302686,0.0418463887402656,-0.21533794107400475,0.9894808981060438,0.015143371644563579,0.0035708029799903927,-0.018061824034553087,0.9417544195259059,0.04245193313569358,0.04042491472275907,0.0402648903688798,0.9093751521376483,0.10042888091406572,0.007634819033037647,-0.2682471007708371
445,-3.1366335415527686,-5.082434711250052,-1.4296872742958404,-0.28898625750790424,-0.012402768314038366,-0.9396204717302686,0.0418463887402656,-0.21533794107400475,0.9894808981060438,0.015143371644563579,0.0035708029799903927,-0.018061824034553087,0.9417544195259059,0.04245193313569358,0.04042491472275907,0.0402648903688798,0.9093751521376483,0.10042888091406572,0.007634819033037647,-0.2682471007708371
446,-3.136484291522251,-5.08496147135137,-1.4305621512718536,-0.2888260700250704,-0.013022369772349447,-0.9391612179422743,0.04224267022105478,-0.21585547330342827,0.9897475692867689,0.015434589694387817,0.0035887500316645203,-0.01818909485230974,0.9418420979583705,0.04223709191889098,0.04159287518771344,0.040397410120666985,0.9086687774924151,0.09876465217671145,0.009353897082101329,-0.27553358978069425
447,-3.1363286041900977,-5.086276588233694,-1.4315581448860504,-0.28844296117077656,-0.012642155468617529,-0.9402928717279798,0.041787342889034976,-0.216876292252174,0.9896799776195936,0.015476244027860069,0.0035908022009576855,-0.018024753670793092,0.9418807217681849,0.042151343186800985,0.04155637851865941,0.04039158749193049,0.9085481376913898,0.0993409471353029,0.008308362229209169,-0.27520586854255796
448,-3.1352149510071143,-5.087776241096243,-1.4328013785667755,-0.2879480936075289,-0.012047627076660246,-0.9412216909075147,0.041232941461527575,-0.21849865617715417,0.9892409298061781,0.015023788894660377,0.003911634911670833,-0.01764715545217327,0.9418909141624415,0.04219364758343032,0.04149460202964002,0.04039755168169833,0.908546468761336,0.10143363641104448,0.005617943489406034,-0.2752518237236798
449,-3.134723093478428,-5.088308868201956,-1.4338976271934845,-0.2870837964559633,-0.012706841409360022,-0.943723536267317,0.041104452473843325,-0.21747518482171593,0.989494368755763,0.015361068296379947,0.003871124707981497,-0.017514111365776575,0.9419198820198024,0.0420210064551287,0.040858732228595554,0.03974742519468165,0.9084903807906024,0.10041428522667635,0.004963377169397436,-0.27247309988773466
450,-3.135343697039829,-5.0910187337720245,-1.4344506390877105,-0.2871785976434786,-0.014364016309534162,-0.9443477161074049,0.04239844323488497,-0.21576469542943535,0.9901904914020948,0.015866080756432914,0.0033240700186039506,-0.017633585150938547,0.9413801619613612,0.04229204740137389,0.039820382063705265,0.03744559067100382,0.9095911593703143,0.0959774793823694,0.004964492806530334,-0.269556659520036
451,-3.135343697039829,-5.0910187337720245,-1.4344506390877105,-0.2871785976434786,-0.014364016309534162,-0.9443477161074049,0.04239844323488497,-0.21576469542943535,0.9901904914020948,0.015866080756432914,0.0033240700186039506,-0.017633585150938547,0.9413801619613612,0.04229204740137389,0.039820382063705265,0.03744559067100382,0.9095911593703143,0.0959774793823694,0.004964492806530334,-0.269556659520036
452,-3.1347154640838966,-5.0920491788709015,-1.4322544463463165,-0.2859527387167055,-0.01028333890453443,-0.9472258455896742,0.038512011779272784,-0.22054547967874108,0.9892818781971388,0.015570461276121043,0.0036890176170314847,-0.017127144973378694,0.9420542308891261,0.04184407751769355,0.02341663806648904,0.032937026422322754,0.9200556488303058,0.10152751372656572,0.0030955134559830276,-0.1595121652487576
453,-3.1328562760040626,-5.092864093574271,-1.4332684405632354,-0.28588237543354816,-0.01068200270846948,-0.9478890068674451,0.038030216259682406,-0.21920792164765893,0.9904464933514051,0.017082155208237075,0.002500923820659071,-0.01839765709231428,0.9403597304428065,0.04310446616024306,0.018845737603921234,0.03029630596548415,0.9239682765272967,0.09659855978092897,0.007743135108094439,-0.13181584632433058
454,-3.1036528610870704,-5.042550620826468,-1.435786140758548,-0.2848529436136324,-0.008572723783706278,-0.9464214809084303,0.03194836319776796,-0.20100937190019189,0.9891348335384779,0.015298266421205901,0.004439613786413818,-0.019764933626752412,0.9386501500213588,0.04517015453190139,0.01856615922363454,0.022124144088328846,0.9313842864302508,0.10294220761856783,0.017501212204288467,-0.14519834822452665
455,-3.1036528610870704,-5.042550620826468,-1.435786140758548,-0.2848529436136324,-0.008572723783706278,-0.9464214809084303,0.03194836319776796,-0.20100937190019189,0.9891348335384779,0.015298266421205901,0.004439613786413818,-0.019764933626752412,0.9386501500213588,0.04517015453190139,0.01856615922363454,0.022124144088328846,0.9313842864302508,0.10294220761856783,0.017501212204288467,-0.14519834822452665
456,-3.1036528610870704,-5.042550620826468,-1.435786140758548,-0.2848529436136324,-0.008572723783706278,-0.9464214809084303,0.03194836319776796,-0.20100937190019189,0.9891348335384779,0.015298266421205901,0.004439613786413818,-0.019764933626752412,0.9386501500213588,0.04517015453190139,0.01856615922363454,0.022124144088328846,0.9313842864302508,0.10294220761856783,0.017501212204288467,-0.14519834822452665
457,-3.1036528610870704,-5.042550620826468,-1.435786140758548,-0.2848529436136324,-0.008572723783706278,-0.9464214809084303,0.03194836319776796,-0.20100937190019189,0.9891348335384779,0.015298266421205901,0.004439613786413818,-0.019764933626752412,0.9386501500213588,0.04517015453190139,0.01856615922363454,0.022124144088328846,0.9313842864302508,0.10294220761856783,0.017501212204288467,-0.14519834822452665
458,-3.1036528610870704,-5.042550620826468,-1.435786140758548,-0.2848529436136324,-0.008572723783706278,-0.9464214809084303,0.03194836319776796,-0.20100937190019189,0.9891348335384779,0.015298266421205901,0.004439613786413818,-0.019764933626752412,0.9386501500213588,0.04517015453190139,0.01856615922363454,0.022124144088328846,0.9313842864302508,0.10294220761856783,0.017501212204288467,-0.14519834822452665
459,-3.1036528610870704,-5.042550620826468,-1.435786140758548,-0.2848529436136324,-0.008572723783706278,-0.9464214809084303,0.03194836319776796,-0.20100937190019189,0.9891348335384779,0.015298266421205901,0.004439613786413818,-0.019764933626752412,0.9386501500213588,0.04517015453190139,0.01856615922363454,0.022124144088328846,0.9313842864302508,0.10294220761856783,0.017501212204288467,-0.14519834822452665
460,-3.1036528610870704,-5.042550620826468,-1.435786140758548,-0.2848529436136324,-0.008572723783706278,-0.9464214809084303,0.03194836319776796,-0.20100937190019189,0.9891348335384779,0.015298266421205901,0.004439613786413818,-0.019764933626752412,0.9386501500213588,0.04517015453190139,0.01856615922363454,0.022124144088328846,0.9313842864302508,0.10294220761856783,0.017501212204288467,-0.14519834822452665
461,-3.0968383812591895,-5.0147858236157745,-1.431413901645694,-0.2835813381219942,-0.00850629347578153,-0.9450727470064527,0.02796978109868788,-0.20304467680417596,0.9886437508701734,0.015065519596583747,0.004852799237593561,-0.0208195186067634,0.9375303575599635,0.04715197916836074,0.020873395418245136,0.025667196910680302,0.9257384152678363,0.10618469284376848,0.025034728939126952,-0.1601642028096974
462,-3.0968383812591895,-5.0147858236157745,-1.431413901645694,-0.2835813381219942,-0.00850629347578153,-0.9450727470064527,0.02796978109868788,-0.20304467680417596,0.9886437508701734,0.015065519596583747,0.004852799237593561,-0.0208195186067634,0.9375303575599635,0.04715197916836074,0.020873395418245136,0.025667196910680302,0.9257384152678363,0.10618469284376848,0.025034728939126952,-0.1601642028096974
463,-3.0968383812591895,-5.0147858236157745,-1.431413901645694,-0.2835813381219942,-0.00850629347578153,-0.9450727470064527,0.02796978109868788,-0.20304467680417596,0.9886437508701734,0.015065519596583747,0.004852799237593561,-0.0208195186067634,0.9375303575599635,0.04715197916836074,0.020873395418245136,0.025667196910680302,0.9257384152678363,0.10618469284376848,0.025034728939126952,-0.1601642028096974
464,-3.097074654071079,-5.009786662849173,-1.4304132588692047,-0.28415986080418415,-0.007183036834155171,-0.9398594267511732,0.024962544230544798,-0.1999651879306942,0.9883499595760755,0.014578543129510783,0.005268939309641271,-0.020884102102022684,0.9392038771713221,0.046594027539198904,0.020661021274942695,0.023275072526038654,0.9258547635344379,0.10728054658970583,0.030358297298144325,-0.16450140184200407
465,-3.095945265261875,-5.002842006477103,-1.4327224620170929,-0.28315886039982624,-0.005605532854949086,-0.9421089060449964,0.02431662918421053,-0.1927417159315258,0.9881329986690931,0.014475377733952903,0.005231567663028389,-0.020894152935247934,0.9392762968147242,0.04686276253074935,0.0201816294989174,0.023056016143263348,0.9251147718695514,0.10750157551369417,0.031221085707139,-0.16554736650026441
466,-3.095945265261875,-5.002842006477103,-1.4327224620170929,-0.28315886039982624,-0.005605532854949086,-0.9421089060449964,0.02431662918421053,-0.1927417159315258,0.9881329986690931,0.014475377733952903,0.005231567663028389,-0.020894152935247934,0.9392762968147242,0.04686276253074935,0.0201816294989174,0.023056016143263348,0.9251147718695514,0.10750157551369417,0.031221085707139,-0.16554736650026441
467,-3.0965310597107276,-4.995767650398001,-1.4329947360344268,-0.28281151433239765,-0.005270904928599446,-0.9419899947786695,0.023814098698818915,-0.1933552116390377,0.9878719899296217,0.01380840548420658,0.005652376455142646,-0.020669603611927545,0.9407955000007594,0.04624666284531882,0.01963601603122407,0.021541026260555752,0.9258973808554523,0.10814136432013262,0.03345357581455611,-0.1662853614095509
