-3.3442023979862436,-0.8813008860761676,9.508872075107048,0.8661204257229028,-0.1997159110408615,0.4215603025103767,0.5900481308357505,-0.19231826028541488,0.43229597925474633,0.9411988328603241,0.7521488003281365,0.21662671101090808,-0.7967793824667398,0.9236905331225251,0.6845363977950674,0.10707923970969094,0.10858167860204414,1.0010260671119624,0.577896578742123,0.0011741166938729918,0.4972531836941308
-2.0441424120149763,0.006153265686487219,10.501876147834453,0.8492770649920448,10.81348534147334,0.3986864865881051,0.354244214647765,-1.0394765488528215,0.30177347314290875,0.9767984141651427,0.23078618193279182,1.2190779490954464,-1.115192440246437,0.9227583631305439,0.6339179440092902,0.07822266592920339,0.10248491262934539,0.9852907152377953,0.9139484230766743,-0.0714304736890408,-7.044227803676764
2.8334950843647158,1.651744123734979,9.355241214321635,0.8681743263068503,8.85162920156495,-1.02884709316149,0.6541496230996908,-0.8510792803621974,0.13538116810307071,0.9345239614416097,0.43637168866314435,0.9201483795145462,-0.4328564151846442,0.9140695379012049,0.5735858771679498,0.12047461634878225,0.03488043778161065,0.9589726303916908,0.73816498669868,-0.011649612875869525,-1.1600413271765633
1.1250964672052928,0.7908364423182354,9.037734207313916,0.8763949798037325,7.267117512974589,0.5477556731543729,0.6091510784444545,-0.6947258224812468,0.2729152484260791,0.9382059241274345,0.5581568647140568,0.6361949739178254,-0.592248990793297,0.9078724561159341,0.5692239044534554,0.15997678118792577,-0.037850701130333494,0.9504577782347797,0.6999007313014785,-0.0005251563328569587,0.8325802303363334
-6.55424884051713,-2.1493923305145817,9.065448198747081,0.8666614729573758,5.987376080339372,0.3089195307411377,0.5909156925035361,-0.5649573961653419,0.2898777999914891,0.9404707187232573,0.6302984152559457,0.46557105291017775,-0.4894772492943532,0.9142249890804073,0.6771340310350794,0.13434922424073564,-0.021551593147055643,1.0142616375018059,0.852448971952508,-0.03942763666354823,-2.9106147312619055
-6.53761660764213,-2.288103798570813,8.748013501774885,0.8748302480547152,4.954073275548533,-1.5697466468924297,0.7472325670837802,-0.4566972178281562,0.049130322707565635,0.916679720066238,0.672930223196041,0.9811657983484033,0.18114189588265597,0.8969061262782307,0.5404091329174922,0.153110576571672,-0.16185109048573684,0.9488323074047398,0.746100964062799,-0.006980635791173582,0.041967288354866406
-6.682372019374318,-2.3630575029603422,9.081644539251009,0.3310621474419829,4.079634044438847,-7.626513536397852,-4.265085632346473,-0.44368918763016446,-5.565050464772033,1.6749016257742302,0.7114416931976006,-7.8065619119235565,11.969819238890889,0.9196309146051639,0.6590165861109815,0.17950693049650857,-0.027702202929800804,0.995818014425936,0.6515776698118729,0.03221181042008095,1.786253287944994
-6.039610458197713,-1.9294299670566484,8.87670341976637,0.6513329690746438,3.41118127731073,-1.1304542136613613,-0.07715305698673158,-0.36007480466248487,-3.991881368288458,1.09318174555755,0.7216659998538675,-4.462119080734665,6.112953854013151,0.9201608947560399,0.6724862116663317,0.11486777845286034,-0.01850679758873035,0.9977256619340491,0.6083345475955144,0.008708398973867833,0.9142287544024426
4.394445060479508,2.1952119842817073,7.928460893014391,0.8219216431872987,2.883880677765819,0.15256359399929606,0.44535692190294407,-0.26637680766334965,-2.8309372516353113,0.9746717617416113,0.7237990400940233,-2.5260040853980548,3.130723995861177,0.9131989550978932,0.6001102789360241,0.1142878646728941,-0.06616776926710002,0.9689295523501711,0.5802187372149262,0.013270375178146653,0.7985319550733543
-5.757943080808436,-1.7179401868752406,8.743947866290233,0.8683744044425526,2.4559083394336496,-2.47446891589054,0.594452147922295,-0.1927180573295805,-2.0515705158766306,0.9451913812934931,0.7257234284659222,-1.4299123176186794,1.6120331921679825,0.9171348070791552,0.6682667216112453,0.11427228897772582,-0.04717396291761994,0.99818054874626,0.5743134318771311,0.005177660936700398,0.6824297020089414
-7.024267932757052,-2.1980689992019338,8.655856023110731,0.8609120777594774,2.1369145762646395,-0.11302504972861094,0.5652392967662375,-0.07675482132137171,-1.3988336754045463,0.9453014736228043,0.717988369290826,-0.7705575639053802,0.7300765733689746,0.9160757349646478,0.6368927018755601,0.10838030728222664,-0.05647136183449329,0.9829886363868215,0.5714849302414042,0.00986755082044175,0.6514006669152534
-1.8978008131715005,0.10150439005626766,7.747586641685734,0.8732851292868075,2.0304629818865236,1.7512404077071535,0.7050927397965108,0.3133690575532256,-0.7017993395168727,0.9238202329645684,0.664945483616746,-0.7823622492471394,0.06563549944838212,0.9131768811137008,0.6381784397795132,0.09478345411197914,-0.08083822159108037,0.9852093267825734,0.5842801450334371,0.006976053284041271,0.4044895356185194
-4.190513336388046,-0.8934366073936802,8.129465384303577,0.8630183486000924,1.747545561821507,0.7747754182528427,0.5574429176547842,0.2541889164883358,-0.3683051951302293,0.9440423262366615,0.6966340248896272,-0.33000312971039647,3.9979435397317693,0.9159583721687433,0.6688130642042831,0.13873813632843537,-0.06973319386064165,0.9962964296259604,0.557260471506328,0.011331550207253942,1.1125468290862264
-0.372521696225148,0.9267908601815228,7.411882658246186,0.8659202298836465,1.4790703419634816,0.46571575997919873,0.5415334847735828,0.11983929952335982,-0.13454927735433636,0.9486336035860771,0.7297678626806217,0.08975157742448861,2.053702167679581,0.9179695563318686,0.6701832234358086,0.1144963995740706,-0.05598466385949903,0.9961568551658965,0.5627462679511075,0.005508788508654059,0.7606530522661377
-0.26959922355691684,0.8328389799936272,6.7532686047173165,0.8663102509360955,1.3272204896543243,0.4375943027628368,0.5726772074220242,0.15002708629591555,0.007593631409321719,0.9444422989636243,0.7254445042124391,0.24316163663084245,1.0572315480040626,0.9197412001377951,0.6736807481881143,0.11392966342527702,-0.03974550507969454,0.9971856120563117,0.5657568004799951,0.004458214679314058,0.6762462685727679
-0.509716926717541,0.8721378452517284,6.745751902185972,0.8664308523369676,1.2335756641049174,0.32734165732497356,0.5833094866561187,0.2546949096675614,0.08850087201442863,0.9423940690699406,0.7091830755643118,0.36809866589226287,0.47267012173519635,0.9203495878481852,0.6677017499613752,0.10955427709450526,-0.02878530889680846,0.9947021269159156,0.5703018804597042,0.0047923628892732,0.6065570831047327
-4.380889764882787,-1.0668105879901217,7.318246018696634,0.8680384845253117,1.2524820157998635,-0.13608670216837215,0.614731923965013,0.5584595933059103,0.06966677301434998,0.9373127340194611,0.6615777938159886,0.6424467052255561,0.05744067632398828,0.919121996239472,0.6502551957510586,0.09315609289080634,-0.03102498733109275,0.9883909156464908,0.5883191254661062,0.004446198152347572,0.2961845651263608
-2.1678253159614753,-0.20935306778421936,6.75177556428026,0.8639164799018187,1.1066256327636417,4.190695084774672,0.5624719569745754,0.46230155945231394,0.31996874506023837,0.9446701724551622,0.693731259135157,0.3870445529744802,3.7854277498687927,0.9201886670719203,0.6719653327211904,0.12741000312838738,-0.018785985726952534,0.9978619062481389,0.5715641281869066,0.007221158198868894,0.8197425742874749
-4.537191027515242,-1.2615147711721204,6.795428311512261,0.8641109319784703,0.984568437561576,1.2037978454037555,0.5676877979677918,0.42493393659562945,0.3517995490855628,0.9445670397368287,0.7049132440167032,0.28096746588752064,1.9447923980398871,0.9188339367066625,0.6520629108558169,0.11435743944596238,-0.02404542225365632,0.9887645886791059,0.5674080207195005,0.007501137657196703,0.7219763365096243
-6.429982688283114,-2.1333973623812925,6.34239249086018,0.8647062104930909,0.8555730705881676,0.6125352537217036,0.5692655592257779,0.3688677717734745,0.3771577584568047,0.9444238514351094,0.715474517585714,0.20933520566739433,0.9638517301815186,0.916648623715769,0.6397436570464146,0.1118875811756063,-0.038913529310160275,0.9849853126414073,0.5661080580341349,0.008844032037465307,0.691781924563998
-1.1458368658361877,0.027481391135513067,6.046952627508899,0.8642095943816209,0.6277158046169355,0.43463647289763413,0.5769650512424971,0.3341141020115905,0.3800948806740141,0.9431661688128514,0.7165546838925357,0.26016095442973175,0.13056023877453873,0.9116251289980751,0.6178593184997436,0.0927427589053948,-0.08055542050243308,0.976757574120619,0.5806795416442228,0.009563098550205169,0.4434207995782355
-7.2902086745161165,-2.739168013107083,6.635878914926724,0.8654368691320139,-0.14993466248519854,0.23595308404032245,0.605025909844523,0.18547233621715226,0.34770179497769427,0.9387026138735844,0.7215224012860335,0.44130184571106756,6.199002512640922,0.9096168354894396,0.6474987254738843,0.14866856141890292,-0.1139609999367235,0.9871201655002473,0.552364656497678,0.016852372079661088,1.138273455382059
-5.584246455693481,-1.7753696096495388,6.468410909489576,0.8733169872685934,7.720371757593459,0.2429074049091366,0.6866200064320633,1.214094362719547,0.39447147831998447,0.9259317339140823,0.9721940072956874,0.11962960436626795,3.1745572587894935,0.9119684332070551,0.6540643281652635,0.11459153368323939,-0.10865690009059349,0.9926424712518237,0.5596492254566962,0.007258873335024293,0.7721134462194243
-4.621676385624328,-1.0796071385289174,6.608233530919331,0.8685552709214749,6.353447361504303,0.1524053503211514,0.6237600154463693,1.0191977631952884,0.3570151662142904,0.9340932929884072,0.8755677735304275,0.704028944995754,1.631996121918814,0.913623165308008,0.6487633942694201,0.11414881056108468,-0.10477622917401513,0.9890826562992824,0.5617714899092243,0.008043448576211983,0.7108327540154741
-4.901443633909283,-1.3272110722775605,6.503030146402686,0.8685349753256661,5.249437649430996,-0.7449383497967371,0.5833909491435441,0.8574487756073875,0.3438868827893483,0.9411863554524078,0.8183283305193363,0.4755474211321603,0.8039442047949638,0.9144086421695454,0.6491689073379672,0.111881348728105,-0.10092057203427783,0.9905094131121596,0.5650599140186641,0.007328426649934441,0.6654598417660238
2.5927813805085003,1.597634682958541,5.763567925864033,0.8673099284291844,4.357752789078288,0.4513485416344304,0.5496971711885709,0.7231697858610889,0.3840825461205668,0.9472458510357855,0.7844265423801585,0.23706643373023156,0.19573578970521383,0.9145606457701735,0.6489221745306845,0.10064276339459871,-0.10232644124200924,0.9887554190523216,0.5767935171394223,0.006671603995111827,0.4889669363058883
-3.878264913060884,-1.2369251110086368,6.533607399464612,0.8637536993283167,3.6379696943283255,0.13256780912912167,0.6202272793203526,0.6124898247763575,0.3258345839937708,0.9365803692771586,0.7642315245679121,0.5843275026735499,2.193381454712886,0.9150482687788281,0.659810337686344,0.12146970284729325,-0.10343088589247054,0.9912019137853445,0.5707741176658592,0.009175009140829547,0.6483108977015424
-4.558710991373697,-2.000487023499385,7.025404790589698,0.8865566949687492,3.06008455200938,-6.535920486049114,0.8150055097589561,0.527288662762631,-0.08580098970813745,0.9064523196030163,0.7512550936678831,1.1017591750565208,1.1128081663527085,0.9133700979138601,0.6459628990931562,0.113162184312101,-0.11381725411101225,0.9883417061793792,0.5673490731377078,0.009319540577000584,0.6829097451705689
-1.7521582481972517,-0.8338030219888323,6.936083510577463,0.8572375878156938,2.599644084621453,-0.9150212859919175,0.5914800464327749,0.468958308189639,0.05229056897855519,0.9365417061413409,0.7416346362204675,0.6948060235987616,0.38069394419645114,0.9119150823816281,0.6451260219615158,0.10254069381582319,-0.1328303800987001,0.9852624172656318,0.5743426295916583,0.009297304283238099,0.54982138765312
3.804000887912282,1.6618829694143669,6.459978656922875,0.8791319542685615,2.1978871977322334,0.6702505800901939,0.5839520777856285,0.36153635656718613,0.19599983882857674,0.9419469076257755,0.7451447054046052,0.45573240141350435,0.6266461692271077,0.9087853327687269,0.6420477880407334,0.09147531787659059,-0.16941965290257718,0.9833902978161715,0.5934723473308023,0.008541277744010258,0.1738612200099357
-5.792766188278452,-2.152566537982608,7.522833044137854,0.8635472521786002,1.924133463881782,0.2423244624288186,0.5915064632993625,0.3746291220696499,0.21418282061067553,0.940523134371898,0.7311988461603918,0.42071450301377655,-0.4072182022854651,0.9001058338321882,0.6535590144458571,0.05716094345568616,-0.253136583083009,0.9898575029996112,0.5993921328311711,0.008822699899721505,-0.7140519637846853
-4.600117503390769,-1.5165678877341273,7.607251766384205,0.8767732194997787,1.8332987786613586,-1.9612694438412692,0.7546780312354022,0.6399120326264751,-0.05429087973867068,0.9156583751247351,0.6819225274260444,1.1924380060135717,-0.09135723809935076,0.9203870387662304,0.6181112857774687,0.1534476014481648,-0.12824214536460896,0.9769262312438353,0.627479582232475,-0.0008303073781970945,1.0282520845386784
-2.8871300803748228,-0.8921979276874575,8.108793609142868,0.8646072937601226,1.6988147994286174,0.12657394778795608,0.6646041390799279,0.7529296503241117,0.19616144075209677,0.9263365841296765,0.6675667051445942,0.8902510595042495,12.69726267038144,0.9228671513445301,0.5420536638979698,0.14734867136266966,-0.09007894746550196,0.9513065752862611,0.6165755599696505,0.011818772761985364,0.5045747533192451
-3.5493656361658714,-1.8380346426812117,7.2079469355139265,0.8820239110098291,1.5765435698922443,-11.342394405126283,0.7461146565555538,0.7981512130379449,-0.3106060472872243,0.9153716891961223,0.6668080839153007,0.9228140041694316,6.483354767185362,0.9135738583423362,0.6126590348302886,0.11457982679826151,-0.13133060149947146,0.9815516270178445,0.5858748383923138,0.011770019951499414,0.7375503543908375
-7.56659639525076,-3.944176881745147,7.631720039216226,0.8522883354356835,1.440993844775313,-1.8644423699006283,0.5688081159763372,0.8267237785044348,-0.11364409434793561,0.9405635195971102,0.6677759166976938,0.591205650898966,3.319338083819604,0.9078134262126583,0.6254438898660719,0.1142859667433549,-0.1828375534187295,0.9773133974915599,0.5706048099130409,0.014036575886284954,0.7530079749548466
-5.821060162615817,-2.6377532112482927,7.663326814275304,0.8502533724635997,1.3460285275230583,0.059082282810562325,0.5825806119667623,0.8934828117375967,0.08014272411021486,0.9403802261572733,0.660729682434271,0.5152812454389007,1.704760971104812,0.9043486597442526,0.6349613720190331,0.11409485982768172,-0.22873937853976414,0.9815176652030279,0.5646756071863512,0.013243676704444408,0.7315585396961202
-4.042676997789727,-1.3211469026901579,7.087292873589515,0.876764495282769,1.270733967417358,-8.923016262071716,0.6737166120781757,0.8678404735413912,-0.1290089601694111,0.9282237419564389,0.6707084667141547,0.7295790625635608,0.8630774992208697,0.90837460534322,0.6567031223876781,0.11305597974031499,-0.2128872788700049,0.9935827883960592,0.5663900474290101,0.007518690408236726,0.6700958403809328
0.21888087881111057,0.43383350922966424,6.458205093541037,0.8607175943120399,1.1445461218393804,-1.3865489590076483,0.5740362837835241,0.7935602968736258,0.02039037780693488,0.9416854802915745,0.6860128855967645,0.4793444334204418,0.14803579595225763,0.9086334166460591,0.6400693276190814,0.09549752853254231,-0.221268312023335,0.9839076669749476,0.5804826996741539,0.010265361037748923,0.43683439886966663
-5.888461255146483,-2.0094060439316594,7.440449344948002,0.8531304495427512,1.1118876432096014,0.21282600804128993,0.6407159193263838,1.1125982804660732,0.2752533889187696,0.9317376727593034,0.6287056025002697,0.789564238771683,5.197794796630589,0.9061567242169781,0.6515054902736497,0.1417131728207452,-0.25321539301848633,0.9879397500060607,0.5583186802744246,0.017954496050033443,0.9847660963719596
-5.143788847004301,-1.8893779685359475,7.558607490483457,0.8740395402585734,1.0968609989203613,-2.513466045496245,0.6817186449622983,1.095094300457658,0.07504167724571426,0.9258440300604273,0.6421900370013948,0.7758847351008636,2.664703795573174,0.8997989623580969,0.6226542255544459,0.11452621322038278,-0.30593184995664474,0.9800791309780968,0.5589636971516279,0.013510972058554609,0.766015710374916
-4.807605037628673,-1.7709793695917213,7.981257033715854,0.8584423598890876,0.9847962177414398,-0.09834552984021733,0.5865535700646208,1.0019637664177383,0.189774637654184,0.9392145011030865,0.6649325633236767,0.5399849044346136,1.3648292199563816,0.9008451449847249,0.6406595799431644,0.11374247446649322,-0.32729417354948953,0.9847470785503463,0.5603403025511092,0.013129735347146083,0.7151891468209477
-2.9971443343429267,-0.6410552801455524,7.68673586902038,0.8714581542811384,1.007772600594586,5.593274086191191,0.6688007855157712,1.082954887882364,0.49655075492629586,0.928411160255209,0.6507671553729483,0.7611056146058838,0.6950136651056952,0.9083560640258622,0.6681221080634101,0.11334041956975006,-0.2848992928283811,0.9971405938895883,0.565137668963819,0.0061347427953861245,0.6563090059541107
2.6361840874655784,1.8610817749750903,7.489157525949094,0.8624264183620113,0.9010071800236832,1.48082216485366,0.5784517784559835,0.9316501374585883,0.482113244102784,0.9410687018131327,0.6811194532320548,0.4975849289501726,0.16945294797968416,0.9113407607322103,0.656850896708972,0.09996927225721877,-0.2630473276959144,0.9901490699451252,0.5783822311547822,0.008011725694177699,0.45777053665682094
-0.31781214857870704,0.8547460246492996,8.156662216862198,0.8641489209708837,0.8054532982482949,0.6708218649413894,0.5700262384287768,0.7820928323896629,0.4750508171091152,0.9437158723989245,0.7033454024310388,0.3347270735324785,1.3607899534809291,0.9146008282057096,0.6721515356046602,0.12152834550038648,-0.2326698212945721,0.9965086726482271,0.5693135760089371,0.00783098577313553,0.6994625465325277
-0.48708651728895486,0.777220487041348,7.951959087902246,0.8655495794558723,0.7206602891222262,0.47954389800187325,0.5752432956640938,0.6628324990576976,0.4612133598358943,0.9434090960381659,0.71543249026106,0.2681713109134799,0.6756900193029921,0.9169392801966231,0.672270648922998,0.11239354763866667,-0.2012844299515093,0.9962925409957388,0.5699327399183888,0.005777284570430596,0.644770059556042
-0.5336799372195151,0.8225511014790362,7.8220508363556664,0.8662310344061405,0.6374394446906665,0.4281955879921568,0.5787793508423839,0.5685866687329423,0.4464973305675467,0.9429191268928064,0.7213399940736362,0.2576727663541067,0.3014517483323406,0.9188283941057818,0.6738552902657833,0.10983593029049342,-0.16944065874308628,0.9969910207594394,0.5730639223340215,0.004528242579444121,0.5836723840960493
1.1619637252626895,1.7471906233698604,8.246007038678858,0.8665494151452227,0.5471776142546102,0.4222589496843592,0.5793553935237412,0.4792711245651567,0.4367010371574218,0.9428048588408887,0.7261444891893549,0.2483778738371326,0.2929858544396176,0.9205318938926766,0.6786086142517964,0.11382276749197444,-0.13692154672524656,0.9987342836355829,0.5719293888105275,0.0038280975935579874,0.6133235873051742
2.9956379400293223,2.4208544350346592,8.295364860798019,0.8667248720223567,0.43074027432852985,0.43010108996492874,0.579481401832632,0.38076298962836397,0.43210308727432545,0.9427829433482725,0.7321973550631823,0.2297500199250332,0.21150073508833447,0.9217685751244752,0.6813298118442161,0.11455708593196248,-0.10641857050523353,0.9997273534061905,0.5704549730135733,0.0033002968207958487,0.6382327981800251
4.721260689514544,3.332666933446516,8.154158495222438,0.8668747662161578,0.39529100940451295,0.45470185540688357,0.5761452404278241,0.30461432530507304,0.4337148558732426,0.943316838381211,0.7359257522622491,0.19347625200062563,0.09941033314469178,0.9225242237161789,0.6819291082513133,0.11391519396497357,-0.07936648673540342,0.9999840770955769,0.5702387944933014,0.0029750590072546938,0.6356620052499719
3.5337667054317428,2.992954742882753,8.647406324826196,0.866878322615333,0.39189945029950835,0.46375077889541244,0.5749044889656979,0.24868921328964008,0.4355890398557417,0.9435709391404022,0.7373403489564129,0.16917692488761749,-0.0049531027072193465,0.9229366066897413,0.6813682307421384,0.11240353903188163,-0.055883755945847866,0.999837525526704,0.5719194954775981,0.002651275863561717,0.6041317986666336
3.814508821009506,3.1642091267260857,8.724383923913006,0.866883922083411,0.3809603049986617,0.4658205108033168,0.5749289767590431,0.19895767072916806,0.4370365956011431,0.9436006646394679,0.738468356129813,0.15463671896037373,-1.0895688577693678,0.9231031245676105,0.6795534668528482,0.11396413591235216,-0.03584949723701834,0.9993127925844053,0.5708709436267143,0.003129832121669046,0.6283941382729512
3.979163285637551,3.136860353045595,8.369281988372528,0.8669172404810138,0.3299672369081399,0.4656348202246334,0.5757416229230143,0.14348095761913315,0.4381650845175394,0.943481750833278,0.7405083354618851,0.14516914450596502,-0.5348754912533403,0.9233167650244244,0.682198615975204,0.11434018601645504,-0.01767107727001613,1.0000334629099148,0.5706197455289925,0.002904164445994586,0.6300559556632374
5.034060775783984,3.793148577194448,8.062458157655922,0.866827658404989,0.41569022390669275,0.46843673658719026,0.5730885258750795,0.14147843303039495,0.43896276879452895,0.9438806652499236,0.737227765120614,0.1419814427019409,-0.25977081331589474,0.9234444380014716,0.6823864342976692,0.11450182755635185,-0.001664646240673584,1.0001476384941421,0.5753610299572549,0.0019269688098968165,0.5455581113132951
3.8538301258440595,3.3493540719115473,7.583201060439814,0.8668568287114644,0.4426542614959751,0.46825122292500554,0.5737019130100821,0.12519514379517693,0.4395933370372222,0.9438279183589173,0.7367387947179631,0.13912391164699586,-0.1128476090364437,0.9234992496972345,0.682133826577725,0.1142915795188814,0.012131932271588423,0.9999757598866936,0.572241444388035,0.002796695702308519,0.6197073053670453
1.7788565167342032,2.5340982147152937,7.3897223990328005,0.8668627468374023,0.452621725450847,0.46787260085931226,0.5739791896619028,0.107944559942138,0.4400307051669848,0.9437832072641718,0.7367712781315573,0.1375964691640154,0.046008953523178873,0.9234941859575793,0.681331795974623,0.11465256007768973,0.023908197526720784,0.9996771037667739,0.5742761539309451,0.0024179036740562985,0.57432208499957
4.065397479581156,3.2302244233719115,7.6397424643500615,0.8668548432119102,0.4749431977216273,0.46816999763962414,0.5737393106060763,0.09810819277262867,0.4403727238394826,0.9438153133103344,0.7363808382115886,0.13671103527063969,0.053917685877558075,0.9235271049941348,0.6819529044740208,0.11422615711837435,0.03447194198967997,0.9999559505500863,0.5718170657585797,0.0028704032064955066,0.6246695628756825
4.2678769208002985,3.3358436378542904,7.713710365782964,0.8668528935606475,0.4953325126594576,0.4682765141279862,0.5736683311243262,0.09076247963592306,0.44062457573830743,0.943829295780842,0.7360711037744979,0.13623950468831403,0.06909506290278342,0.9235435200010843,0.6819716930854751,0.11424039320090291,0.043684560907372466,0.999944114216943,0.5706417420605217,0.0029617288371948172,0.6366892291717071
3.1188724167938493,2.909009646428281,7.4090993745002445,0.8668511062473665,0.5203135179687238,0.4685628497131276,0.5734828936354216,0.08771276390448844,0.4408381206167829,0.9438601580221306,0.7356272162733632,0.1358127005012742,0.03886744237751467,0.9235562039677856,0.6820479550345828,0.11407366937362767,0.05175580471232415,0.999967744320156,0.5702267116348538,0.002944839876682838,0.6370240090250305
2.5614242908592555,2.6379689622710902,7.3266068361544505,0.8668515801792074,0.5367192835104544,0.46848517716132254,0.5735400458288072,0.08392015766263163,0.44097958625072387,0.9438547214343354,0.735468050281709,0.1356769160093897,0.14410388346407982,0.9235483416135292,0.6817203907512631,0.11460572587140745,0.058695539478097095,0.9998438536241047,0.5694832304509343,0.00307967882753252,0.6465033164022785
2.76195306665865,2.60626602677963,7.395102327009915,0.8668477620452703,0.5324144126035832,0.46775812242451553,0.5739161475324389,0.07458063237025575,0.4409761888099681,0.9437949181819051,0.7358602910054927,0.13643447736784098,0.1136669320324894,0.9235508120614053,0.6818886919528174,0.11444968461682656,0.06479668526416121,0.9998900781025876,0.5693018791227868,0.0030596761389203183,0.6457026420355216
1.952520753519837,2.2570376839455015,7.786966871723903,0.866843616489753,0.4790142698070636,0.4656659119497969,0.5749640278722423,0.04959588511786371,0.44069725478831223,0.9436230950561753,0.7374353443892641,0.13895216736796662,0.25918562634322984,0.9235153680081168,0.6811763388662125,0.11547431083054602,0.06983496088678606,0.999578420183543,0.5683128021806003,0.0033168242558797158,0.6608165802215381
1.4472368616115547,2.055793111199878,7.889955282501779,0.8668857593597745,0.387010386434396,0.4645512631871648,0.5759329017461329,0.011299279501216628,0.440562241592014,0.9434545930562014,0.7398478844081979,0.13902012571846717,0.22021405504564673,0.9234175273032336,0.6795082288702657,0.11341923630954162,0.07366455966871442,0.9989899762701763,0.570055237264605,0.003149698667986275,0.6271191367532583
2.8982228810319337,2.5343517685674035,7.999746324035598,0.867026547155211,0.17435868020268858,0.46383509141639095,0.5781900111565574,-0.0674841911233182,0.4409703276174906,0.9430901182492673,0.7453152079683673,0.1324761722023815,0.23514781069859297,0.9234205083107933,0.6805736253628514,0.11458404262139836,0.0774473453759842,0.9994303511588882,0.569671288622384,0.003198925012536805,0.6394493255169753
1.5153552103486558,1.7430675227462498,8.188095055466432,0.8685298215181814,-2.3571976063728965,0.4701638866003108,0.595337991266115,-0.5831828665465969,0.4480959297076698,0.9404638984930023,0.7829139680964651,0.04535604455539414,0.2569504079483445,0.923331465407051,0.6785737493860261,0.11312892736701832,0.08014909821196768,0.9987683739054629,0.5711304664202245,0.0031027132799868284,0.6140324087588842
1.5506106632256795,2.042776170493544,7.900568554432422,0.8662882730514279,-1.783774723003423,0.462774654234983,0.5769656372799288,-0.4683348049850799,0.4446879521169602,0.94290586858054,0.7640450933702196,0.13264454421950306,0.2442812122677179,0.9233162498147528,0.6793644493181642,0.11372397637853172,0.08268018811633977,0.9989741752849187,0.5710914437947127,0.003170580847004716,0.620050585622584
1.4775763072729262,2.009112769833142,7.752690980903081,0.8665009896678527,-1.3151044675486596,0.4522727222012314,0.5777103829629139,-0.36080526310167543,0.4404540979296262,0.9430296098645735,0.7547657584493359,0.1662480020335484,0.2279858934842677,0.9233097379628492,0.6794727838379829,0.11362308726059309,0.08492869244825584,0.9990190426007693,0.5711641606960256,0.0031469060113995997,0.6200091316374495
0.6296525610221169,1.7383934918952706,7.652093569978997,0.8668144504290829,-0.8939560612980512,0.4243443720449388,0.5907141860864671,-0.16161476818608364,0.4346010773031993,0.941042022419153,0.7669947709850069,0.1921422733489498,0.2957603572875939,0.9231614248731026,0.6763803175069272,0.11220385727862076,0.08582449562232321,0.9978745641911674,0.5729714108612344,0.0031675232435987503,0.588337417304983
1.7337556512232988,2.0233397218462117,7.644164815659082,1.1575141902287465,26.04604889244432,4.0367786013303935,3.6609965302030445,45.07949825220044,2.8178738164508004,0.47867121388359746,8.324638375484149,-19.644897399348693,0.07085469844356108,0.9227886030699546,0.6691410145938944,0.10426701408352791,0.08489167382713958,0.9960361817452842,0.5808313650282311,0.0022965666223002954,0.446477017708383
-0.932923553910046,0.7591975988435203,7.8193986706597975,0.881805675636322,21.154350808707974,0.9777447966957824,1.0040730586744993,37.42384227191879,2.035204640210274,0.8107677459350627,5.231018088305767,-11.326495741336323,2.136836469898236,0.9228580517840577,0.6752069791836471,0.12637619322188703,0.08573794899662575,0.9977465694735129,0.5652360619283237,0.006271178861800087,0.8372188812257709
-1.4686109384362402,0.5523820622415142,7.6827739180493655,0.8692398663094555,17.203525358423363,0.5304568173254456,0.6233025548223927,31.07028316830203,1.6076771322319008,0.915259431193367,3.3984153927457403,-6.500997382348446,1.0946567174078567,0.9220102468208567,0.6645777992345654,0.11377307362621962,0.07989643586333736,0.993679986912951,0.566287074331338,0.005156225103163065,0.7019394231725726
0.15092043205802025,1.442707483208495,7.42292343190727,0.8660799369653157,14.012604440692842,0.4328525377922087,0.5613975434260121,25.7973564083843,1.322927326815746,0.9406636839829108,2.3128158918331634,-3.701785069261605,0.5147298193666342,0.9218896843214368,0.6676437466645563,0.11099590146242286,0.0778389473529365,0.9955525878637095,0.5696056174816977,0.004207297109570511,0.6293963851841784
6.021059810373937,3.476128987990427,7.280823212594089,0.8663706293324885,11.435427485817073,0.37623827980297586,0.5880383887174712,21.421264809640967,1.0720282085669897,0.9406331369439751,1.669727087458416,-2.0939130986783554,0.017049696250215907,0.9211559859885134,0.655394651766444,0.09798715820184528,0.07148411053889428,0.991395447153979,0.5832775252735583,0.003158374478020685,0.39768365660609595
-5.171770821412382,-1.3014373991950894,7.2012490909538664,0.8597924314322044,9.35394655038022,0.1387156957738057,0.46093049258142305,17.789471964315958,1.0356088121880105,0.9606323846865994,1.2887733287615002,-1.0593558890831,0.9086301305712212,0.9222933674493701,0.680131699868109,0.10748867211534874,0.07699332960886163,1.0003898818436627,0.5830213878991364,0.0006792235068929435,0.38779454150820697
-5.700828505074677,-1.6301625193172202,7.1479653617605425,0.8966873146932078,7.6728191150326825,-2.252538353272716,1.0478593673498886,14.775385313309473,0.29649585790032434,0.8731779951196382,1.0631034597199942,-1.3782044523550934,0.3925990564760743,0.922722284751703,0.67455889648741,0.10970834923224425,0.08014113290926454,0.9977002639058313,0.5779786766180668,0.003019267000304443,0.5219752011547916
-2.834531410607038,-0.557874180702813,6.8250525845501935,0.8660742665150646,6.315040907333154,-0.0772053024064272,0.6117963316467546,12.273943538768364,0.3261857870888157,0.930517364689793,0.9294208574865626,-0.7323106802685108,0.2553471870361101,0.9210144517313281,0.6445978095058711,0.08525785850472035,0.06752790915434366,0.9851852840890005,0.5990068649613176,0.0029175175257233903,0.0666405294417094
-4.300365954430723,-1.398768406866659,6.794795564497189,0.8650346906833325,5.218418710502118,3.5355915015009804,0.548909595251167,10.197954466148332,0.4342894333130796,0.9454896567475767,0.8502297886220924,-0.2992187822673116,-0.7418393874739552,0.9206802427448467,0.6728076208267819,0.07715009722221956,0.06300129679860496,0.9982525305990086,0.5905495640682095,-0.005996153171699275,-0.6749057142598659
-6.225123294103429,-2.260806500962472,6.975429416333316,0.8588565326434499,4.332721594608886,1.0741056652506757,0.5672342580893427,8.475055826851769,0.4359387858761006,0.9441663223563619,0.8033184831632385,-0.11720978861990537,0.24249769991861825,0.9171812551254863,0.6265754175452933,0.1523415485195121,0.0327161360771859,0.9788824795614801,0.6111091514646765,0.0005273664823829871,0.8682593394170217
-3.4897580005110904,-1.3226098057195457,6.8634907852577625,0.8530628958376377,3.61738008203536,0.5953170782327195,0.5722221817190178,7.045192943622291,0.4302310027904214,0.9429561224028653,0.7755291047219799,-0.10598894026930987,1.546510043802122,0.9195023677171345,0.6173437120531579,0.10165966845247765,0.03939419627205002,0.9745964376200963,0.6066025485592308,0.005677423056846242,0.45998085135393846
-8.62331096323527,-3.246340213112261,7.194484598335619,0.8570966674511964,3.039627859214779,0.5764466398801293,0.550120094674225,5.858525422920845,0.4581083205085211,0.9466079169254178,0.7590671968716736,0.3148542808992762,0.6451630402431191,0.9167752772256775,0.6345725046217952,0.10545825657231421,0.014205021049476862,0.983638673914279,0.5869802243393252,0.009587866688911224,0.5972254144936148
-5.683155096530964,-1.6369829134050105,6.936990774422695,0.862714487958596,2.57300100169747,0.33648567714194466,0.5887541501080722,4.873690056119571,0.42405098349511966,0.941346222154698,0.7493154418530474,0.35231876607353607,-0.25553724456729404,0.9101994362924767,0.6146815884966174,0.07535157355097524,-0.04483602193168665,0.9761206428366817,0.6054034719300463,0.006635602811891347,0.10222831691557605
-4.9270209604563195,-1.641229819262772,6.261039397840239,0.8690068496727859,2.1961315748569556,-0.6412296926993603,0.7161134051026983,4.056370321387257,0.22549897434700775,0.9212787288722859,0.743536843980326,0.9821065778495295,-6.176239316758583,0.920288848819466,0.6764889245588537,0.06507379242455161,0.015328353553990344,1.0021534908684209,0.599075471454986,-0.017036996118262766,-0.7861170004772443
-7.894746830881149,-2.9658283027093253,6.276745064020138,0.8668360007486761,1.8917334794494738,0.6459876528002622,0.571746012511299,3.3780312468121494,0.3233603238118103,0.9416726425313096,0.7401186159892847,0.5976805931946888,-3.1266664322389452,0.9081044770767587,0.6198383858204055,0.11384426711699153,-0.07269721874684534,0.977692367061887,0.5771816272116919,-0.007974516818367748,0.22605873042679536
-7.187828774660705,-3.0507982874527535,5.9451203452830805,0.8639673674612395,1.6460003171694104,0.2682924920190056,0.5906100911607046,2.8153123802636184,0.3193704119423895,0.9404647738028598,0.7380551268685256,0.4598603728153787,-1.5309542367579365,0.8847877808882185,0.7528172215011208,0.11658061879694238,-0.27451195585878213,1.0299986078193641,0.5981109961486275,-0.045798386410609765,-0.852139218310931
-3.5375844647842665,-1.3759116152447803,4.829658273825963,0.8728657805516251,1.448478663415449,-0.943691963407926,0.6702680330701335,2.3501372681637713,0.19504824893161898,0.9286568816790566,0.7365441566611175,0.6869495462713735,-0.4593650251245119,0.8248933108100103,0.6120725005965508,0.13050410710169366,-0.7760265014509434,0.9734318416105991,0.5879425338506743,-0.021805562424206608,0.43722868295763545
-5.735760987183604,-2.6500509726133106,5.604018174219051,0.8692610144017301,1.287481798632316,0.31776417573917914,0.5840246634451777,1.9605887953876242,0.2736978267205813,0.9407030294881124,0.7361986865976722,0.45511422557708686,-6.931058069279765,1.03176504540122,0.5936583048499049,0.02052229366369522,-0.4715724970207495,1.0071305264882027,0.8240350518310537,-0.08810591063501087,-6.228611598708516
-7.467241129414129,-3.2317897169952254,5.686274207495437,0.8730509482517897,1.1740467108179005,-1.1329211376682866,0.7059158637275984,1.6738137582163963,0.09722996961601457,0.9229874818564615,0.7302294048518612,0.845947227932518,-3.511025817399983,0.9489077346322701,0.4907769987622382,0.11344430179233045,-0.6717589386050142,0.9334444899543345,0.687316194309928,-0.018368659733385855,-0.9823162801241497
-6.49063357517962,-3.0770670401547564,5.852165752855478,0.872394843648636,1.0744189460008349,0.2860822675328807,0.610811455264114,1.4039543317480287,0.22105271030470564,0.9360423577450071,0.7317239484991647,0.5948092934285109,-1.761901510146976,0.9036383206681065,0.5411230073645608,0.11468913703122383,-0.8520042859605528,0.94364390506779,0.6121153337151286,-0.029191905560199613,0.12512553950084343
-8.194628755899302,-3.75211771543632,5.708628882592501,0.8761964553628777,1.062010387036682,-2.315343946085971,0.7218747511203238,1.3407373575562023,-0.02605327040635548,0.9201274457760958,0.7069211357582301,0.878184078842805,0.04210919374417274,0.6165494837856017,0.7446736448723658,0.1636725811869656,-2.945620367788973,1.029122065252503,0.5470092355617355,-0.16455830614203626,0.9325520040864677
-11.998242080699962,-5.324118006176112,5.988833669649644,0.8591295025358382,0.9610164886194185,-0.044852235107851246,0.6015844985168621,1.2002203547441943,0.12776909818077867,0.9363603786282757,0.7057410905105457,0.6154303435224255,7.312623052504829,0.0007424979831536227,0.6562567017531101,0.15504037446028335,-3.6128501768744288,0.9878180031406236,0.5116462416091568,-0.017758476057572026,1.4226596811815908
-10.653816088326353,-4.651360234885071,5.65444297427075,0.8770893986315015,1.0487028035688382,37.389285079817114,0.7780436036066246,1.4045651020657093,1.0919181196263563,0.911198682676901,0.6514452844759462,1.112377984394145,3.741594441407112,0.38635062630510447,0.6558656749925609,0.11464869193297202,-3.1432355537793746,0.9931956950351338,0.5405776044596515,-0.0006188797562425431,0.8352944840946733
-2.4904674676460252,-1.5415716248391846,4.437469157322289,0.8571049821518728,0.9314485012252798,7.761397869970175,0.5855819647715355,1.2167830401107247,0.9215408019662282,0.9378505595117558,0.6783548040614749,0.7009418283935949,1.9200253549656812,0.5960280984642365,0.5596977079495895,0.11411206286927827,-2.7461273770649894,0.9545993109048257,0.5435284806384578,-0.039158526944300984,0.8366587882673653
-9.125565978810434,-4.1549869388694844,4.994290709066204,0.857303216361052,0.8072499796767211,1.909079437527295,0.5677428704186344,1.043769580786193,0.795787561407271,0.9430182524990313,0.6973538549456975,0.4627665741824944,0.8650183331162645,0.3191781573230812,0.5074368827819096,0.10725129007339416,-2.9613015079282357,0.9365046362465412,0.5543314431352425,0.04789827649703415,0.9610252249527363
-11.144156371532215,-5.146931145540893,4.853050754634958,0.8543777049860394,0.5160879709481959,0.7591092943990174,0.5660174207700951,0.8354766793669026,0.7086380020278958,0.943819544018702,0.7185553481469635,0.30781668997386374,-0.48045144431952225,2.2053913816942963,0.4428938464468061,0.059873846876820555,-1.2359364451354986,0.9042998166649932,0.6120090081175025,-0.07050983612082715,0.5553027347516535
-2.541969373999203,-1.525306653558717,5.392562231476545,0.8640917921713817,0.04945942968458225,0.5054513454475521,0.5889087226287422,0.48979818498691063,0.6412486168083009,0.9411091557991317,0.7575675220001412,0.2193227176725262,-8.753208634830166,1.6003500213983202,0.050711401477191,-0.05344080169640558,-1.5979892137857863,0.9303828495103542,1.2736870165266447,-0.2060410991379392,-16.38686811358356
-8.61210493302532,-3.962165810467009,5.275530173822538,0.9303085814983241,-150.97372469950957,0.9894563110879625,1.2546716604916823,-11.3490281878524,0.9480495398687879,0.8408866733906921,2.1889448393104014,-2.28580466403999,-4.438833545767053,1.2795671916404592,4.634586011825746,0.11278191767599456,-1.6413138159844027,0.9903446240889642,0.9054277355702453,-0.03880866137721993,-3.3726452340462725
-7.815566900722545,-3.6716490015035683,5.265732444385678,0.8713691653730146,-121.81731562261842,0.4044925608868661,0.6427865981190121,-9.407151543674061,0.8087095783827197,0.9222153438187602,1.5963481968117819,-1.2689503746834219,-2.2414135201144183,1.1064546976662988,1.2210112521665297,0.11430346086068567,-1.6279732201651154,0.9996864759785228,0.7290192661263146,-0.02720278090061265,-0.2850488006891718
6.358512777497214,2.1200033589532783,3.632859721282911,0.865380839250191,-98.26887067609267,-0.023913427554568323,0.6424986484362869,-7.795555089693099,0.6422534941942275,0.9292496611103191,1.2453050487810644,-0.76813596695329,-0.9664360571238954,0.9407738957319856,0.7359755906861826,0.12266760077945636,-2.0268200629765714,0.9934628010739154,0.6325460142298034,-0.10419463378287826,0.7096928455224737
-5.616010886719577,-2.581738345049257,4.374141142796871,0.8769938652666354,-79.24975011370957,44.7878083547229,0.6913148484586644,-6.458063782884077,1.3701038939448351,0.9239683120294853,1.0373536650882293,-0.6378153694834969,-0.46815955010769084,0.9442184837114533,0.6898268182342907,0.11483007090805401,-1.7290745036951574,1.0000493354783195,0.5824315962949418,-0.0134896223179854,1.0031593829094931
-11.045529519680569,-4.905199205700964,4.856218321841037,0.8629324960052256,-63.88878051304675,9.222808677292766,0.5831594061204887,-5.348056999628372,1.1268661138801612,0.939795243201266,0.9141671615989753,-0.31222285192280896,-0.2302081411153715,0.9332183801362498,0.6702549488198732,0.10783609730691164,-1.4928955355245335,0.994814039743239,0.5406020944023778,0.012320464687315352,1.1377947895557092
4.8698766282795845,1.653348185792857,3.418025633374574,0.862030494334021,-51.48235055754299,2.197748004580702,0.5721756001802538,-4.4268434914723835,0.947335462838965,0.9430287211634024,0.8411937849739712,-0.12374148494412739,1.9114239835234237,0.9231440000113771,0.5839946261549812,0.09567009308245987,-1.3846402110801734,0.9639806902198189,0.4240945804234904,0.06361007545468449,1.9089308917735437
-2.4187163871276955,-1.3899574414969011,4.2489635957003,0.8557746584488208,-41.46218202376897,0.8093968960659341,0.5684578708003736,-3.6623127332728918,0.8142029216050345,0.9436142114104491,0.7979657239021735,-0.021632976827441627,0.9421022082462107,0.8940231482183729,0.5184628034918912,0.11146304025340055,-1.640587265892029,0.9385572361205473,0.48978835119036757,0.050051757402816116,0.8695780251167772
3.870274392671553,1.2759668313906936,3.578618783324518,0.8567550841864422,-33.36929971956559,0.5389448335824756,0.5679879328005049,-3.0278156540853427,0.7167971661668502,0.9438298788358273,0.7723582304511059,0.055650023333673075,0.05436544895743306,0.9311517242036446,0.5462541487590322,0.0889716374789907,-1.6761593366055008,0.9492128680208831,0.5386056952526589,0.06891603581592362,0.2983717741780102
-9.940826162424573,-4.382431288421743,4.780536181136078,0.860904051111413,-26.833008062501,0.4587624886214138,0.5745694878246073,-2.5012357366917737,0.6386692338221861,0.9431556536228638,0.757188831116786,0.2338757959924111,8.01229181798097,0.9644613698597123,0.6514581121959545,0.16223323585142305,-1.5267699711862268,0.9925450982879654,0.5038711017519508,0.0490766946691745,1.5826498217805431
0.991073852522989,-0.05424031081773062,3.609178502902878,0.8631714903761808,-21.553911317942877,0.29995393825064665,0.5992772767826838,-2.0642181073005195,0.5493297646378049,0.9394017372365593,0.7482027631674268,0.40515296439744125,4.097852959962585,0.9327313003205058,0.5965286147955169,0.11471309605029643,-1.5419308116502985,0.969116732048541,0.5293811361956547,0.03925631395415145,0.8348178558951103
-0.9513784770809264,-0.5670960527241384,3.7413978039338636,0.8695272457866173,-17.29019973642512,-0.2643687001632692,0.6550061671551696,-1.7015297439765362,0.4103305095181668,0.9307168261967895,0.7428795848786327,0.6384204405382915,2.1038672570410433,0.9070487211933678,0.5948506049070292,0.11424341314589431,-1.608428631218278,0.9707880812232127,0.5363225872653338,0.05324423036039933,0.6612900594629931
-6.775326820804444,-2.924901082745116,4.300030711999803,0.8696927675505501,-13.846573424952716,1.1023813364542856,0.6435996796702248,-1.4005285027363068,0.4468007124105471,0.9315319859915372,0.7397262337962709,0.5985022102094535,1.057072602611405,0.8405324187538998,0.6117274188518965,0.11255900082261609,-1.8148129330443241,0.9805481563198234,0.5407138946214467,0.05116463284113057,0.5467260666632944
-4.112402590592688,-1.8844169369706933,4.2576533410684725,0.8614512801823027,-11.065296608652526,0.5731335359434317,0.5706616477149857,-1.150722453272907,0.45337700123688013,0.9424767930296183,0.7378582476968357,0.38183424579971986,0.08305299050583181,0.9785549206945939,0.6018373120523275,0.08767867270108828,-1.5786732631044034,0.9712471231875413,0.5539996622336226,0.07571147512825124,0.07486065405702608
-8.29811697064156,-3.6235618605382,4.769260353292019,0.8632703119785381,-8.81897252185801,0.29344848451682665,0.594736967129152,-0.9434041639061825,0.41422316156043676,0.9399143515228866,0.7367516877736631,0.3886022747738581,10.561773079747937,0.980245288735618,0.666993214861824,0.17952416177468034,-1.629837040460221,0.9972421269435533,0.5180588648804628,0.06547478149739523,2.024327107678469
5.736962339027069,1.9613292455727818,3.5858912539896535,0.8710984783593754,-7.004707947116483,-0.5554861786913902,0.6764705207918069,-0.7713471218055954,0.2737821264957312,0.9274882054524023,0.7360961930753476,0.7424234525368044,5.3960024577787475,0.9353150963688069,0.586683743201193,0.11486793269179407,-1.6677163802386696,0.9660697340616634,0.5366000085276621,0.04057526818729342,0.9281526892941656
-2.637898982569096,-1.1506193345475175,4.207085056144961,0.8654671020608234,-5.539401298418703,1.0326828049868202,0.5418604478993508,-0.6285559981662089,0.39303134398650397,0.9469502922364819,0.7357075842079842,0.38843883825634906,2.7656207739831498,0.9221769644993834,0.5811031623335832,0.11428547427778699,-1.6729492448274421,0.9653292305372141,0.5385516709796077,0.05758948797775206,0.6784468125938933
-8.98789919507519,-4.16785840890409,5.466976067432306,0.8575084686749139,-4.355906411569417,0.5485195798354513,0.5583983895206153,-0.5100004496956946,0.41318316675637706,0.9456346215902721,0.7354853859175022,0.247724776452248,1.4083828037332589,0.9770835916644585,0.5917318390694544,0.11332078157809247,-1.6666107229050522,0.9660818395790103,0.5313397523883475,0.07251233019444708,0.5220090701091533
8.760912658635183,3.135109059435183,4.4111247219800545,0.8579788568800693,-3.3993010754710187,0.12612099128052404,0.6176283784219657,-0.4101734034847538,0.34603170085142676,0.9363402756373417,0.7355802834134018,0.5672926448156371,0.47275146581601185,1.009043439912411,0.6072960272283977,0.09987942947854882,-1.840889078451993,0.9716310039330274,0.5318814060733743,0.07838641513740222,0.15561368108965168
-6.14198330560269,-2.8095809335628004,5.873572853395828,0.8786033143440002,-2.6217489139980534,-3.9868948241522952,0.725945588390798,-0.3178062071238627,0.10556892706636349,0.9198025230394696,0.737138827422034,0.836492845470388,-0.5986443213749254,0.8765608085420296,0.6485165327162918,0.061248482839027237,-2.3600043279354956,0.9911356954949354,0.5409116849776454,0.07227606939664517,-1.467226121319721
-4.2231550450760995,-1.8181642912837845,5.640972860916495,0.8529819744806328,-1.9523217658256204,-0.4088565280761136,0.5943099244836683,-0.15871874878458242,0.19572095621697716,0.9371501777665996,0.7510748043856079,0.5448714228194224,-0.00927009420166617,0.7097943542838334,0.5982773182221177,0.13903099805684427,-2.416352243825489,0.9664294173765808,0.5948776554577933,-0.009360645114748552,0.3038942247178923
0.29401952504198553,-0.053666623978991246,5.292717581465844,0.8697935698632356,-1.3035368577535773,-0.07344826747354943,0.6717987730861658,0.19317596419343697,0.2086363315163294,0.9274370429271227,0.7937224171710351,0.582258006067818,-168.5785950385205,0.7144677548671878,0.5706328025273022,0.027412920554689024,-2.19487724568786,0.9661526177236758,0.6844490685034375,0.13482947786094424,-2.9406871913651433
-5.779877684921367,-2.4002443320601463,6.047521306423211,0.8602040262313205,-1.3986665398598959,13.283448248196263,0.5261942774974372,-0.5543002569280816,0.7347607954621519,0.9490278180295698,0.6545381726486361,0.4758110606702686,-85.81900212860836,0.823240022035467,0.6329382382403625,0.11350589746705296,-1.8267987353520785,0.9890327531332128,0.6246172170914662,0.02072088478363892,-0.23184748699922986
-5.019658260543469,-1.9452456375494696,6.483674682766137,0.8537205578245294,-0.9100385984740272,2.9998354396997438,0.5942958090694359,-0.13269157844220442,0.6579276133852536,0.9398037680349962,0.7448875763207365,0.3324413296612067,-43.67932849600523,0.8163704072632286,0.6592008149372914,0.1142767916550406,-1.6407423838662147,0.9927488722169355,0.5977334933577769,-0.03470483060040699,0.18326453691685318
-3.518387768952695,-1.3288519577522178,6.269813421543452,0.8804815224557985,0.603133342210932,0.9677730660458715,0.6006181468272038,0.2420821981238807,0.6005803096470231,0.9401323991327033,0.7685287376682098,0.25210918250178166,-22.222576095165135,0.9891559481074758,0.7063132867645393,0.11428369439984495,-1.3949048923275955,1.0110943178264682,0.5579296818090816,-0.08809327998348257,0.574853907884722
-1.2356359978218059,-0.27511919695010223,6.65351401684029,0.8655430943589126,-0.6210438120346473,0.5653067044177468,0.5992071769341253,-0.24613388816418835,0.5671909778928128,0.9393419223213415,0.8008885237275556,0.153317421668424,-11.297189543648138,2.4479496478966154,0.6135471681294437,0.11428375620843889,1.9966562438615003,1.0150482000548011,0.5122540526649191,-0.024921377343913503,1.4352364970769256
-2.121309412878336,-1.1404101860733937,6.877705668421242,0.8625847693290101,2.7751348400049682,0.6235942111495549,0.35100766766936425,-1.5351921179491859,0.5149275988586306,0.9780726339353992,0.4217633431533775,0.4143393508983525,-5.734182194562151,1.8106867892739102,0.6427901061191506,0.11428375674522194,1.7583023032140945,0.9842590493549673,0.5487819552493811,-0.003530329438233247,0.7809128583001685
4.746244125839032,2.3789942572921414,6.247290601135395,0.8641841245449485,2.4029466915458957,0.45236431472433414,0.5493017746968252,-1.1764089080998472,0.4841078669267763,0.9510161308222794,0.5237917625362968,0.33328955570110635,-2.9016951848635926,1.4398614556272968,0.5923582366653398,0.11427868203733704,1.5502180237394207,0.960854038905175,0.6225055344596503,-0.010743328552236935,-0.18791213018484454
-1.374603547593832,-0.09644830136981708,6.427920320791097,0.8658231001470446,2.1072414119555316,0.3989199690071747,0.5732948285368565,-0.8672919503467078,0.45521534150477877,0.9449165432856756,0.5864271474766347,0.32232498995560255,-1.4537730475338342,1.2239620354036171,0.665446827570679,0.11458265551825625,1.367682226365437,0.9969107816589452,0.5939740729008821,0.0006303592758264841,0.3936629653515653
3.5966240213429255,2.218403239115324,6.493903470177961,0.8661457649529383,1.8743828779661253,0.3700609942078147,0.5774490085652321,-0.5959365165044455,0.42970186203495925,0.9434027811863055,0.6228589722959049,0.3370744192709182,-0.24798304482540387,1.0984305386159177,0.7315100091472977,0.1401779182130572,1.2089787627466013,1.0205087941991433,0.5417029773346482,0.01765999697756348,1.7347911369127393
-0.1876826610329329,0.2581956187351727,6.469302386906364,0.8665257877069116,1.6698648463643821,0.37880957742475807,0.5779135918895391,-0.4024846377349653,0.4156324042878687,0.943110725920024,0.6523690046529955,0.3219197100182496,0.1498151545275659,1.0251814821504075,0.6748057778120745,0.1131839417923163,1.0688722064642249,0.9952688195588042,0.545896652607758,0.006206568888076353,0.9617982213498228
-0.7599299230758083,0.6375677078235208,5.769623655250659,0.8666734292050845,1.4823755465432613,0.4221259725341518,0.5754954618502436,-0.2864520497461605,0.4150134207215844,0.9434480113343449,0.6791259352635188,0.27491533542230506,0.3186196566403689,0.9826569334493529,0.6759669157010387,0.11428472430656696,0.9471906187102611,0.9978021097395421,0.5588600569320918,0.003425772829724865,0.7102392217331551
-1.113575929305835,0.42686711545355605,5.681605178025225,0.866582246136747,1.3263339586281662,0.43801260168877243,0.5744149996045863,-0.19354048681862915,0.41599077040570875,0.943643022941379,0.695717555506852,0.24599623257307973,0.21892765494139302,0.9579082525826498,0.6760702246750356,0.1116966766317985,0.8408500927791177,0.9978348003637451,0.5674071043579945,0.0025173134518042557,0.6122352442290742
-2.007707521513657,-0.05489076619560007,5.8233151032886825,0.8662470300515207,1.2002633972043621,0.42593797064853567,0.5744053199255138,-0.09070623121301016,0.412239763794805,0.9436426444865997,0.7004672950644337,0.2579623970333758,0.521560136949339,0.943464812496103,0.6728410824881578,0.11260427078537438,0.7476101578723333,0.9964071427686061,0.5714295512637223,0.002284368189003287,0.5819663178679422
-0.013634616105979214,0.7384137619049523,5.514621835218561,0.8664587033350953,1.089706034839733,0.432333265657127,0.5745786123054314,-0.024573093370578072,0.41216167069219944,0.9436320216007174,0.7068652525849083,0.2476290442356079,0.21896753584938197,0.9350586801300689,0.673031357866192,0.10847937041981372,0.666145195030629,0.9968151716246172,0.5751578634107357,0.0019248800388198465,0.5373835811748882
-0.9028933537568777,0.3923087078374531,5.6208586811555605,0.8664403648096549,0.9894988797489873,0.43402842650375384,0.5746845163224328,0.026234314322650356,0.41223432604703897,0.9436138060220047,0.7110894649035755,0.24247941300156983,0.4200478141241802,0.9302081832562851,0.6774243837311185,0.11474484594675759,0.5952504941956157,0.9982994893620931,0.5724324971299837,0.002787656534723254,0.6118058322884474
-0.5704124803282338,0.6305822986040543,5.462166106172174,0.8666715146636791,0.9073982848193516,0.4502302208350443,0.5741883096271695,0.04547832064640769,0.41673295258071935,0.9437075080992555,0.7181056333675385,0.215086797241466,0.2166256586698702,0.9273635306356147,0.6775633195015675,0.11153497430510187,0.5331599068255936,0.9984020596061067,0.5733996159328947,0.002550817588298674,0.5891169530321949
-0.37941388900295075,0.831995987899646,5.298927165802985,0.8667668720144621,0.8422069007716911,0.4605791797475863,0.5738374190107692,0.05229115404982231,0.4220189851176017,0.9437811951823436,0.7241199455685388,0.18892261290400603,0.1711435747935819,0.9257357401689633,0.6792141744467183,0.11308598600459063,0.47911539227577804,0.9990472323096452,0.5726979738096569,0.0027043428411016477,0.6037647530493301
-0.748454000653584,0.43235754109940727,5.074731420061885,0.8666311944311023,0.761241331710228,0.4567391116528896,0.57437274089268,0.05585396062099968,0.4244025810678709,0.9436959471495749,0.7269355410528604,0.18549358755821566,0.3275765853729273,0.9247719013090517,0.6793264913351177,0.11514883148786516,0.43173709211342354,0.9988650942515118,0.5705970135013008,0.003119919999157647,0.6401811812654079
-0.6147664694052875,0.5274517473124359,4.933046873923132,0.8667043051420822,0.6905301850235855,0.4587042064142345,0.5745268614771601,0.051686007521551613,0.42698708059016593,0.9436682309043181,0.7297172905212674,0.17766050830527713,0.16603584744526725,0.9241027017350706,0.6751148484579911,0.10981240812328322,0.38957127169947703,0.997483150999517,0.5745579829024763,0.00245742332065058,0.5629245651265419
-2.0782311747743663,-0.23948010794812624,5.376024921557508,0.8664242988811593,0.4465713126253869,0.43973415271093874,0.5784711351858564,-0.002006153076073717,0.42467303995128575,0.9430220985495736,0.7331544264360207,0.20374833804719578,1.1321893634168034,0.9235881705408526,0.6701489729413455,0.11626436735002592,0.35170476073032203,0.9953597767686053,0.5722382371093944,0.003473372688131298,0.6160268560336793
-0.2225729541796055,0.8588426525041805,5.668841116102601,0.8670810043353795,0.030383516732293475,0.4455452741578501,0.5815560755586083,-0.13765252802664574,0.4278023800171988,0.9425166623181226,0.7451701672324709,0.17769013397558836,0.5107797179290092,0.9231002936506698,0.6658702432118352,0.10972549646740537,0.3173759153015883,0.9945146603855185,0.5728802677903033,0.003421425693206034,0.597760725220206
-3.7799952628077063,-1.1241772862140444,5.888494576524238,0.8673043226827284,-9.941308775894866,0.478961012301712,0.5756317601981347,-0.4918853503659968,0.43616597800828266,0.9434053373919344,0.7486918172262642,0.12119487992006062,0.241704007779208,0.9232303023820466,0.6775674656762711,0.11266147913128256,0.2904553194599329,0.9991379718702013,0.5723350095724977,0.0029213573828716158,0.6083341597306676
3.0222516315027064,1.5238992071027404,6.123099436709466,0.8634308739149043,-7.911173291170306,0.37111140894582983,0.589987890063667,-0.3966240383096487,0.41278957245411557,0.9409412772930105,0.7431692927076583,0.3961270085968472,0.9888546246182643,0.9227585722571068,0.6642654810410289,0.11122667904397009,0.26251717964801635,0.9926161683805262,0.5765300741421922,0.0032976448254039507,0.5297842955899322
-2.7117545131172864,-0.6124614517047579,5.841922490272205,0.867207476192457,-6.271515247111608,0.1845734160621904,0.6058031363922299,-0.3175645937848174,0.37438839193688783,0.9384621173090743,0.7398979247118858,0.4257913122527755,0.3922749102605751,0.9224532957108543,0.6648985180460578,0.10693507610629742,0.23810742480989674,0.9940461430338432,0.5766047523162031,0.003452875831117327,0.5355039215270504
1.192064391759935,1.0169822945742668,5.5783469323386035,0.8721484423464679,-4.947217126095058,-0.6843183315059232,0.6552794836109537,-0.25192666522808527,0.2744581150761434,0.9307550294846596,0.7379639720603401,0.6270081445143777,0.14726442307922033,0.9222194011255194,0.6642657742835674,0.1018846277922546,0.21650578472439222,0.9941371180409695,0.5835768511471746,0.0020427650150647157,0.3938331213808482
-2.0205972718464165,-0.3792365170165414,5.954178874767352,0.8670426486696852,-3.877782201672694,0.5900889213726503,0.5555098232358855,-0.1977354654637354,0.3491263596987549,0.9452521886845507,0.736773874337112,0.34613841668975925,2.3813034847049717,0.9223932824663162,0.67076926933514,0.1270877599755351,0.19963138531647745,0.9958492483085775,0.5691202387195,0.00628979789413163,0.784631695654997
-2.183407703723229,-0.6352551908086582,5.858260665015784,0.8653753620535649,-3.013198396062784,0.40533786423754997,0.5811765006021885,-0.15113142922010098,0.3571591478785948,0.9425453655808721,0.7363255532007541,0.3100332076249152,1.2232674306929692,0.9219386927001781,0.665994400890636,0.11400165847760232,0.18071655320485677,0.9939951701798803,0.5679738060997395,0.004852875521631373,0.6931686283334744
0.06818625692412011,0.8559272388726707,5.588575169490263,0.8667927906700063,-2.3122034767402875,0.3504798061526391,0.5880425237810987,-0.10720669407236275,0.3594938391692572,0.9414191837444046,0.7368887741317529,0.3133044230218884,0.5862797836413494,0.9219542518267207,0.6677864424185135,0.11128454831916035,0.1665151014509967,0.9952413539906478,0.569980014801039,0.004074882025358616,0.6338480308783312
0.11252825128153804,0.9685740035746316,5.433192879592662,0.8671797068702736,-1.7384274471092585,0.3539327098550514,0.5871945408148548,-0.055752144390627985,0.365765091046098,0.9414522224800325,0.7396091362297587,0.2957769455048935,0.23638759488793795,0.922198126167408,0.6717117529445742,0.1088796263027614,0.15588055392954112,0.9967158329390886,0.5740435896484339,0.0031459221198638387,0.5643161746166331
-2.1223520057303538,-0.2687280080893796,5.663011566840445,0.868898006075391,-1.1256848843310079,0.1337652113170763,0.6346053627383725,0.2930071641168739,0.3421327533243097,0.9341092543306297,0.7906927791763507,0.3800854210016839,0.6447414916588006,0.9222436459692237,0.6698205912869102,0.11130523558972544,0.1457194080432678,0.9955073527781858,0.5760435395216192,0.0033703281160089153,0.5365662884247067
-3.193245537157731,-0.8030018266806244,5.781930078028129,0.8613387909855756,-1.7522190099656123,-1.1563477216056182,0.48465093616031196,-2.0638784313664367,0.15330371920648728,0.956409590207259,0.3521602790694617,1.20390901870916,0.30786970433060895,0.922663010477722,0.6774515487144182,0.11233051398645898,0.1399852131903942,0.9989120795036543,0.5739067968548521,0.0030328381546108393,0.5897428626459853
-3.159699933599436,-0.6833811162764828,5.872425599982385,0.8677604277773755,-1.297175572004312,0.17131919559942616,0.5704583340486926,-1.701272982093121,0.23578385031858978,0.9456586506515291,0.5082631453118633,0.7613595309471832,0.4424557372586059,0.9225124814683958,0.6705289055472833,0.109199077138924,0.13164233327854452,0.9952377555377789,0.5774212556421158,0.0032598320489640167,0.5191886273507759
-2.0532665306642057,-0.2574924810895062,6.004795535932379,0.8700018695602123,-0.9253013313946136,-0.8901612943536462,0.6088250656914342,-1.3922778478418572,0.20541706941549542,0.9388731457492194,0.602583066394285,0.5771360949968035,0.05528283018680769,0.9221743749104897,0.6649323389223867,0.10095144312535471,0.1231157609646378,0.9945379266745535,0.5838745430780591,0.0022979587391191232,0.38441835847461436
-1.2796585590916805,-0.1816022193217569,5.850190914129049,0.8677926228292027,-0.6253795829579103,0.25080474437237965,0.575713929533473,-1.1474148784561404,0.272006321392409,0.9430879566840036,0.6559118618856514,0.3873312994044396,-0.8230606044141701,0.922827893960361,0.680825369705657,0.10762983850169977,0.12172909635800028,1.0003469563530767,0.581589610195612,0.0010187791361132275,0.42741155319843244
-1.8704740368518356,-0.4348175245969549,5.789160251142408,0.870234798430991,-0.39221573759283296,-0.1295009694783571,0.6493561879882614,-0.7504663130178901,0.22992792347520616,0.9320343753552884,0.7235100797702307,0.5344287287702569,-0.8975472219991761,0.9227781068536439,0.6511758415125763,0.10309538625449696,0.11892876448331842,0.9957808564608852,0.6105211082859667,-0.006436355805988855,-0.3370618907695564
0.05057955006629827,1.3125895725946188,5.664561570337115,0.8670905343467027,-0.4044737652470068,1.7916623357607109,0.5932402083732085,-0.6800970206158232,0.359473138295112,0.939489706907588,0.7194254507972023,0.4268831243585745,-0.32061580452309485,0.9222416539973466,0.6715477421262417,0.12001863902942386,0.11180083818427211,0.9979458635319313,0.5917268899141332,0.0013807027421070255,0.5049597551347469
-0.46149035062289373,0.5918402217951615,5.4392840326007965,0.8582285026970257,-0.16250664677087012,0.7085856947124777,0.4615735162732391,-1.6057402595917623,0.36345249479377645,0.960264008038781,0.5289197693123032,0.36168872027315324,-0.35734711404462804,0.9228054997653855,0.6804859483654406,0.11193058308763383,0.11134818634284524,1.0000230951665339,0.6005460192544005,-0.002159080346672263,0.14624748372086777
-0.6391016890258059,0.40802084079889356,5.616375758228846,0.8654300754795472,-0.044141380165530306,0.497072135811924,0.5604397839073225,-1.3696549408354677,0.3790097084492149,0.9474640432151077,0.6020642394660229,0.2833131050436223,-0.9440431637414065,0.9229945123673374,0.6820867008911028,0.10643596722160133,0.10933880071814459,1.0004623177992509,0.5869391892622278,-0.0009909695621863855,0.30982795892308573
0.9031639749232581,0.9433515538506935,5.275415151575039,0.8744831989883012,1.6995731424564868,0.6537580344348548,0.6484780832099044,0.29465439958572237,0.48587940516253975,0.9331813846750221,0.9442429058263992,-0.2767972034302874,-0.3667567278910684,0.9231070631579986,0.684229530793963,0.12266824540435559,0.10766357932524133,1.002182861180054,0.563877755132139,0.005906048851063318,1.0755866846056774
0.9108666648870556,1.117403468197062,5.21457205230299,0.8669953472481431,1.4905265337347584,0.5061856311066507,0.5802319931719523,0.2563357868248602,0.47474445847987223,0.9417443858773115,0.8589842444728601,-0.10061507538282495,-0.13400468405677243,0.9231457826869488,0.6794916998754672,0.11345578033419437,0.10641510591435824,0.9988204602061004,0.561252775880041,0.004325048899862002,0.8001634285656917
0.6741536386598779,1.0696084776897026,5.34165054050698,0.8667327078790635,1.3216378886153002,0.47721822896561766,0.5736428398487621,0.22520978281639176,0.4664719712944375,0.9434986330250783,0.8083780010613677,0.005260752548101377,0.38737757816838214,0.9231071329393593,0.677287379536256,0.11549326001625017,0.10493314846873003,0.9982615932016192,0.5646032842652662,0.003747525172791189,0.6916365056533991
0.8291123719300062,1.1830330099783875,5.240235674967554,0.8666090273659937,1.185000896490977,0.4700795746643701,0.5729297180140642,0.20326388108841997,0.45985008468644833,0.9438609483942091,0.7777786083229062,0.07531662823201134,0.2296429644987521,0.923244701098644,0.6804350895437922,0.11380646129561718,0.10478709047016478,0.9994478917050605,0.5676593741693701,0.0031774436635231378,0.6452642193242957
0.439344426595127,1.060227274564387,5.068763571411689,0.8667002771695242,1.0739244522872222,0.4670931644238424,0.5732907090080346,0.18470118433111848,0.4544826539670306,0.9438746523074135,0.7596457763172395,0.11053205041338907,0.18150971043777916,0.9233434386953528,0.6811305991660751,0.1143488729558744,0.10481126885621798,0.999599880195781,0.5686377120875865,0.003124623553080717,0.6418445694032469
0.5835020630765153,1.1363867971558497,5.202474890460066,0.8667128357939022,0.9821893658823446,0.4656088294280454,0.573460251329247,0.1693547277752397,0.45027803358994434,0.9438569949950752,0.7488075284918558,0.130742924508662,0.20396420800806855,0.923402461379098,0.6812672904956301,0.11487440781704039,0.1048434814160925,0.9996139193993667,0.5686166378437805,0.0031994950008125485,0.6493810927647777
0.41303189789125977,1.0321694847495424,5.21771289171382,0.8666836351241736,0.9031723565927617,0.46383040637191,0.5736144526115797,0.15696518478128643,0.4467757204691964,0.9438294005933805,0.7421521708085272,0.14506311406981526,0.23667715933423691,0.9234148622413647,0.6808516897334804,0.11481048097279878,0.10469703124948641,0.9994287419103831,0.5687643391720887,0.0032386297895964727,0.6483852511798167
0.029216656204640812,0.6204577381510978,5.176139208498929,0.8664587205187058,0.8132166160636828,0.4559476752799624,0.5741946388451564,0.1493134295916478,0.4421376648326272,0.9437173547305561,0.7368734638238595,0.1712980983313914,0.28443783113482474,0.9234068335074287,0.6807218660181312,0.11519092682895,0.10438925432596587,0.9992639446803302,0.5685427590010272,0.003356943631085105,0.6530705712292766
0.720498673945901,0.9778851203287237,5.1050735651558865,0.8666346589705062,0.7405245830876821,0.45730963950270037,0.5744303736991404,0.13540615200522502,0.4396590890311454,0.9436801731215962,0.7350160119652833,0.17407525337605628,0.22442278296460547,0.9234356955177712,0.6812986813832828,0.11458327598944792,0.1044134473884107,0.9995735285373076,0.56887218238729,0.0032027745408697295,0.646842939548774
1.4169568640224393,1.382394415204061,5.014093889988307,0.866774471667861,0.6954923315776554,0.46278089909853043,0.5740949221592859,0.1208413449537737,0.4392498244783966,0.943739386979616,0.7349108694107469,0.16432252960751942,0.17388186331942565,0.923479551296588,0.6817729073507842,0.11462211830608283,0.10468451351282398,0.9998227479285976,0.5688955281558632,0.003120685446919565,0.6477077892335363
0.9022565325899239,1.1167532395806625,5.050741476910408,0.8667570019275547,0.6403678308479351,0.46263327474367577,0.57445473852721,0.1028788021489208,0.43871179393160653,0.9436880761819695,0.7352373931525158,0.16077857823094152,0.1981820880020257,0.9234953763809378,0.6816604027758029,0.115079818572664,0.10483674253357406,0.9997353743078969,0.5684897271550422,0.00320823440469707,0.6549574782570742
0.7678118180602018,1.222173974427056,4.68585186644416,0.8668397423001668,0.6286591783656071,0.46680939336154453,0.5737479269008732,0.09509467867640697,0.4392983477772326,0.9438007687140595,0.7353026837300023,0.15099742120720094,0.11630896588746514,0.9235280586630754,0.6820624210429829,0.11436576947331706,0.10517248804912453,0.9999506202054009,0.5688816686894029,0.0030531593114155667,0.6467574812239287
-0.5001608675375508,0.46153080557467907,4.258164985925771,0.8668043644577202,0.5860539769035763,0.46527873249987833,0.5743843589525971,0.07849763879549988,0.4392535568155905,0.9437099481307756,0.7359702807940341,0.14927019159120763,0.024592882610854995,0.9235877296547548,0.6833346977359777,0.11569714576756654,0.1057072169298962,1.000270865693289,0.5673471059469758,0.0032526300443870317,0.6740914859937492
-1.4305546419194721,0.07049214401331516,4.351370055704462,0.8668174520725477,0.535330004835634,0.46463024470401293,0.574760023678943,0.058626827542623376,0.4392301493669333,0.9436430455041347,0.7368848579652987,0.14802382458750354,0.7003397789126571,0.9234420666503707,0.679153031273079,0.11888351581068005,0.10487930658351194,0.9987695521479288,0.5627041623893567,0.004335244083567542,0.7424957625793092
-0.20303914222054992,0.6595607672000011,4.428304044329594,0.8668506660153086,0.5352095237793679,0.46709911418655425,0.5739228046442821,0.055363861410995543,0.4397067714994687,0.9437694568234662,0.736540843830342,0.1433576192490671,0.3647852986329362,0.9234345274368679,0.6804738826175734,0.1137318884225501,0.10476364534613807,0.9994948435805753,0.5666796048563065,0.0032760628171178093,0.6589537947360664
-0.7983341409386076,0.3906902623677363,4.4903958722591,0.8668471706261183,0.5028003554831548,0.4663224488481811,0.5745024169895806,0.04113329532950853,0.4398748899347663,0.9436909789382568,0.737212458349304,0.1419878888312054,0.21466313583971747,0.9234428907996941,0.6808588220676033,0.11373854697385113,0.1047240429444408,0.9995240591208945,0.5686902339009089,0.0030698958699921144,0.6364557396784527
-0.6653141763527595,0.45383204815773615,4.464635715431131,0.8668621743396516,0.45245671283382943,0.46572847735464207,0.5750074559998419,0.020392457831220352,0.44000249588186713,0.9436053359911125,0.738342501733562,0.14086915561706995,0.2006009679840573,0.9234761308559658,0.6816241943404712,0.11497997136306001,0.10488098233379108,0.9997421897242585,0.5685008633875382,0.0031799708984843276,0.6506158167543958
1.276654886411709,1.2450048093316175,4.918689346860977,0.8670330270123426,0.0720213750359376,0.4581716715277133,0.5812886019180535,-0.11791615637015512,0.43980140391744044,0.9426197467644803,0.7487889352420859,0.13873253084711334,0.46886679032033335,0.9233236300949806,0.6781361940770472,0.11544938887465592,0.1036787464399926,0.998272035214169,0.568647572698179,0.0035860647804868678,0.6495424430864316
-1.7681052419374566,-0.08886946626132308,4.87321515952672,0.866724136511735,-3.313089807380273,0.4744134643425608,0.5682068614929392,-0.30057347504328236,0.4408022186247778,0.9445485105594913,0.7341879301501916,0.1358808669853797,0.18232375942181595,0.9232425544109415,0.677093289826785,0.11123226557836062,0.10299020704510174,0.9986373347341969,0.5717000337766822,0.002956659615675963,0.5990388685197963
-1.7959995351338298,-0.22293928205806057,4.91488231399631,0.8656579103099987,-2.5564485585658403,0.42937663864415127,0.5797738521867515,-0.23517493497331088,0.4311271543906903,0.9428414579127364,0.7350006995635148,0.23054270437954438,0.7103324415635595,0.9231263534842866,0.6765095244006158,0.11716088980452082,0.1014726285974023,0.9976719131862479,0.5688795261185955,0.004032312133709436,0.6616324859872967
0.6221133070305878,0.856494511643168,5.1931608280885495,0.8661568103601381,-1.936297656663901,0.35954024713294974,0.5907146495929859,-0.1631366145671136,0.41252176622157954,0.9409878736580547,0.7382978495171473,0.3073959744529757,0.2913878576255757,0.9227342095499209,0.671336250955517,0.108421262316201,0.09777021402724836,0.9958929974175922,0.5736322408749936,0.0035507895191453963,0.5720539117675317
-2.908925009542268,-0.8083053466108244,5.290362256897952,0.8679529311837305,-1.356554634616481,0.13333760850726886,0.6279700149026537,0.05610941739251434,0.3677648828908848,0.9350416520952811,0.7657271013391207,0.4343876967160323,0.48372181267864744,0.9225282904113792,0.6716867420207812,0.11098762671231409,0.09457521064919344,0.9959906188758861,0.5755807485461064,0.003550317481431349,0.5447225494229155
1.2343259383155798,1.0112971556447485,4.931487341802452,0.8647858560552688,-1.3742233586039638,-0.7496472785599254,0.5139213035478041,-0.8696392102266293,0.32900664148184877,0.9521325828276838,0.6005319207693858,0.4676625796635483,0.09505463146392726,0.9224292923407755,0.6702543418611956,0.10602204347474267,0.09269392752463614,0.9966753836117883,0.5787982681282455,0.0027075880453794714,0.4876278406640944
-1.373256776883176,-0.42346218514984757,5.5440116761910705,0.8673721748118381,-1.0083113756708644,0.38595160149508534,0.548279051419186,-0.7510209203830996,0.3699538652564516,0.9486854074059777,0.6473939040305721,0.26584111972496255,1.1978924718663033,0.9227367024180358,0.6775777175322238,0.12225071394233222,0.09317513508833614,0.9985396496902144,0.5673785880949909,0.005019750675731701,0.7546024859736491
-2.7506467801162198,-0.7721513456298109,5.415394143437779,0.8674713109438777,-0.6491933612683535,0.22867266393568164,0.6133628140350809,-0.4422951986131009,0.3505708986383292,0.9382467087288028,0.7147584049444555,0.3775880286125447,0.5717554023737044,0.92231264013418,0.6692762651590238,0.11123650552466047,0.08908727772225787,0.9951337312057621,0.5699103168069481,0.004355224284048954,0.646729904483333
-1.06659060148317,-0.09164789626765024,5.503080249220885,0.8683238797556947,-0.053533083563261544,0.0345865851649077,0.5621067516550455,-0.2880745112303992,0.38451855538139446,0.9452325092783274,0.7256935738893425,0.1911509159708703,0.19952425842716867,0.9223011092067723,0.6706102143151561,0.10847778055290566,0.08776803633856475,0.9966992865321507,0.5743494241528379,0.0032483774409381777,0.5630572419885833
2.027817649491809,1.5116001918177817,5.404010592588235,0.8719120092966505,3.7085145747348975,0.7783767497977381,0.6440542867196288,0.5180233487092563,0.4306737207318821,0.9332426213773136,0.8876280621553958,-0.11945804566324798,0.0732353345166189,0.9227686846667219,0.6790155450470501,0.11232258527348254,0.08986344407930577,0.9994538912719648,0.5736366822867272,0.0027820138034378313,0.5868334041370865
-0.8558520109678236,0.15389483002473303,5.812631088306894,0.8649032720501563,3.113654594370958,0.5418660556693553,0.577773330804696,0.4423306431671744,0.43576835930531954,0.9419416711169,0.8253660547615449,0.01064761345669231,0.40681073776930704,0.9230621089816968,0.6808968081701519,0.1172537662684006,0.09172577183601252,0.999549488455577,0.5684241259055781,0.003684094862735857,0.6858083320309705
0.29362601632328295,0.723652294875928,5.953121962842631,0.8648239311571966,2.6342016404523205,0.48028934577205223,0.5732436399510954,0.38144747799789214,0.43648554866456424,0.9434225387521357,0.7882027916349267,0.15881989312380518,0.26936288874673425,0.9230886804566838,0.6787810210123506,0.11270950042408366,0.0921491304072812,0.9984439033012287,0.5706850343202958,0.0032855111109507855,0.624426039315616
1.5911550679184405,1.413413516578486,5.85184491210947,0.8662341251697842,2.2477477485512587,0.4492985846267634,0.5765326601869456,0.3324795532228912,0.43255433840167296,0.9432471198185719,0.7659388580788732,0.19189069276720838,0.21798932086401196,0.9232378986918136,0.6807145847146157,0.11431268228772333,0.09364843870698654,0.9994816017985839,0.5701555605322897,0.003166766368629051,0.6355970032627993
3.9268247410333283,2.567556365790572,5.581665849523081,0.8667843287783137,1.9339697824501112,0.46160534512061757,0.5742142726066067,0.28861091596146143,0.434120928927367,0.9436655631812721,0.7532214558920093,0.17323154946527497,0.08630464817843256,0.9233743627941003,0.6816801695816188,0.11361927663157143,0.09540977376562937,0.9999378198367243,0.5703733882747237,0.002913652931274083,0.6302071832832201
2.9248525410575357,1.8002947324835818,5.709697707455656,0.8666408799982237,1.6830722824030118,0.4578888285911943,0.574557133421344,0.25761599131397955,0.43365611980364666,0.9436497491891555,0.7448396012478652,0.17553234915770655,-0.23346349884075882,0.9234386484693147,0.6809595897419954,0.10908973838361284,0.09695245868067393,0.9998924142024394,0.5756585331807151,0.0019180445296588145,0.5383793219944824
2.3317486909692895,1.334408473109106,5.769998090100017,0.8662627410115615,1.488619102836434,0.4396416118208231,0.5757875819968825,0.251384042722105,0.42875954650648096,0.9434302053006474,0.7367428953246489,0.21172134683060456,0.4966498727208765,0.923285123149116,0.6764260368396692,0.1167352715105119,0.0965558203218242,0.9974145081942255,0.5823298817046678,0.001626399364445165,0.4122991610905048
3.1318124660125406,2.1724853088123384,5.648055480322259,0.8667277806631578,1.3229679368052611,0.4563543290603234,0.5742183740307967,0.2272092451886238,0.43036778617364246,0.9436866678234526,0.7349491136221269,0.19044348125865657,0.2649480686904884,0.9234031847187253,0.6811727969638794,0.11414259079096797,0.09794032336421414,0.9998725167466666,0.5756790262213736,0.0027186405659084135,0.5853964658411855
4.113589654073723,2.8918822094816523,5.649306396395879,0.8668444126326771,1.1865780124696332,0.4659764029613512,0.5735897395085248,0.20036809338581388,0.43321733399884743,0.9438222669534659,0.7349941824687009,0.16754389208173168,0.1458883593766182,0.9234363295523842,0.6809854436537297,0.11344435781793026,0.09888903504092367,0.9996364865698414,0.5732321075437774,0.002880126266537227,0.6131422485455967
4.422967675659186,3.1751837831648153,5.544566509852335,0.8667528870991501,1.076418012705792,0.4646402016199149,0.5736136477996322,0.1830478547373564,0.4344072361892979,0.9438294531574933,0.7341455491702129,0.16179610315719206,0.22366288551594982,0.9234337961568873,0.6805667178780662,0.11443816627387582,0.09953020841595428,0.9994273991978231,0.5713501584877401,0.0031138997645547826,0.6332869581594531
3.139809458293441,2.576168867203297,5.589468508368498,0.8668267474933175,0.986997120133457,0.46703189211098944,0.5735445668145427,0.16454488659307723,0.4360340113647017,0.9438480241190517,0.7343567415729794,0.15241122829451614,0.14283360498635275,0.9234795582340531,0.6815856258430819,0.11416956821328399,0.10045343381185566,0.9998444756728789,0.5704863655673815,0.0030195466248105697,0.6375537663384757
3.7352049264995872,2.9320254689289014,5.54680494255506,0.8667785673856516,0.9118253734179274,0.46598712393488784,0.5735952712635912,0.1507416283291215,0.4368098307774113,0.9438389249999901,0.7341093935720493,0.15089249387840287,0.15315053612271223,0.9234975832471397,0.6815333394803923,0.11448071238454154,0.10119123925731568,0.9997744995352829,0.5698314228137897,0.0030701582387503406,0.6427497827272495
3.8093471212921766,2.9860474599362727,5.313457277181882,0.8667337686689334,0.844826492681745,0.4643035850659646,0.573727644286047,0.13934707422067172,0.43698967388499577,0.9438136505473758,0.733739022970141,0.1535772392440125,0.1744239702928672,0.9234984012547953,0.6813206908211688,0.11451119206607867,0.10176075588549,0.999689230798382,0.5695318602655858,0.0031011712718397874,0.6437199752477194
1.4203612563431225,1.9220748692346845,5.1153395450887285,0.8667999309682616,0.7938354857594546,0.46599813730448775,0.5736772028182358,0.12749889942207235,0.43769400946426973,0.9438236022259876,0.7340447406296475,0.14987543912472162,0.021397960161217804,0.9235666484543137,0.6827436661363795,0.11396244572491741,0.10278648676575419,1.0002791519164054,0.5696110211064507,0.002891801901079199,0.6402335365078904
-0.8043248994622827,0.6071942297576136,4.740653574422143,0.8668396441882726,0.7571074984545114,0.46762113902326896,0.5735750392478804,0.11725609045144204,0.4385632570922701,0.9438438933551725,0.7344517850587949,0.14468051322870143,0.819665165820843,0.9234353024055828,0.6787122070745045,0.11835451480635009,0.10243382336086239,0.9987845616121248,0.5648036888629164,0.0041419954711164044,0.7223769316324852
-1.1443301472768237,0.505644764969592,4.63890783318332,0.8669117845904989,0.7452610611339316,0.47052556384796046,0.5731953306426514,0.1116540322737168,0.43985459931262466,0.9439118024022641,0.7347987723022307,0.13577137359851293,0.4094685059436468,0.9233304556675904,0.6779429718903052,0.11305116325845133,0.10202123829618683,0.9988400132347989,0.5680994732139537,0.0033163582477721636,0.6476317511503051
0.8332399559299102,1.2165030624032647,4.150224863913945,0.8668077108317476,0.7066974473948844,0.46727782675228413,0.5737501728189232,0.10173606736539981,0.4398600169550268,0.9438243786421969,0.7349360885475045,0.13948235921385463,0.1062027520819982,0.9229463367179807,0.6703720536719865,0.10635560090669323,0.09924967177533463,0.9961004552292441,0.5762172511225667,0.0028003250512791994,0.5172936343142295
-4.3871260868365525,-1.584649030781443,4.6305557913417585,0.8659957969136731,0.34757433507276647,0.4334984376870387,0.5805676224458303,0.014155514255524086,0.4320986449378347,0.9426788375521561,0.7375772767188309,0.21359322920508755,3.565681217090282,0.922375057299781,0.6646437362623254,0.1322144086365245,0.09375247596440686,0.9932435911876187,0.5596790055433327,0.008231073926060432,0.8903289560952803
-6.4041429170390725,-2.543707542750821,4.639247356630564,0.8678119504154884,-0.9152787156114855,0.436682711660858,0.590536014258868,-0.3427124111691702,0.4368696499025787,0.9411246808227287,0.766428143263064,0.15275994108630198,1.832427950057639,0.9197249614250307,0.6398782692540809,0.11437510529748592,0.07289263765903416,0.9857560785942444,0.5611493947967576,0.007136646197632478,0.741983474579093
-3.2438220803527433,-0.825721580314072,4.600624115537242,0.8559034473790775,-1.3943872080955022,0.4124927805277581,0.2545453248944314,-3.7106993052716253,0.36902165087979505,0.9932560244345892,0.1680958199222169,1.0130432269693939,0.9113443199509558,0.9184719070762282,0.6400250512019982,0.11215780680182731,0.05729005071068301,0.987234769857919,0.5637239843601447,0.00676359244556355,0.6885035324134758
2.35594111895562,0.7107975151373104,3.6652337532607544,0.8666209755244517,-1.0081681797391011,0.33664884988316385,0.5528622135395473,-3.067962778181367,0.37043168966452505,0.9523674038770331,0.3992418067754273,0.662426033777665,0.22517550573742492,0.9172168212664101,0.6364078535498373,0.10018600735267398,0.03924997349023826,0.9854727441533222,0.5755408949331778,0.0058852703056983405,0.5106989541358258
-3.300829913687191,-1.186280123520444,3.9285893654954784,0.8685373240757956,-0.6958396526625333,-0.09495741761113025,0.6170506028008892,-2.5334478410171,0.3134211452915116,0.9386059329761421,0.5364833950966614,0.5631053611330248,1.141521924038161,0.9162268439237343,0.6419599513140279,0.09685326353099698,0.020671303938889052,0.9866346436721781,0.5917777978698587,0.003960556775502425,0.1861738920211915
4.714522594592703,1.6242308902324143,2.6957354522329813,0.8741309595651247,-0.4388904303734748,8.23154763124636,0.7042721257542888,-2.0712079468082174,0.6758527408945227,0.923403554790764,0.6217400159205626,0.7717015019111542,0.3937440837202199,0.9168613047553902,0.6621683351196078,0.10361417966671724,0.01585862259890405,0.995377914861545,0.5818937963224036,0.006024683300937745,0.4180524353505264
-9.70021374309782,-4.287785188591416,3.311225152931657,0.8583060701028499,-0.41100968150302536,2.001946862833267,0.56926886354031,-1.8374899833022973,0.6144483752539444,0.9417891955461162,0.6436612954507435,0.5037284849619945,-0.16454887069496518,0.9106536873948531,0.6179432900006477,0.05018442278631588,-0.04124578402133522,0.9762155124451084,0.6236143325739487,0.0026166922983861217,-0.7106846929353748
5.664784073996728,1.4270519960926644,2.4558651719025506,0.8494275805107855,-0.6277861656140938,0.7780641345731714,0.5268529472729586,-1.8381500785595182,0.5755228093074463,0.9493792658701898,0.6222846530015267,0.3308808404704384,-9.751177046232907,0.91969295204875,0.586731961860205,0.07492175030771366,0.006699296379698313,0.9605084742601774,0.583749862615188,-0.011783900155062142,0.12134009582924138
-10.460708965327928,-5.107620718818583,3.698202513436911,0.856587893948559,-0.4748247806891855,0.44854727833664826,0.5651032538546855,-1.553766996842577,0.5311008513232162,0.944771435161804,0.6609187809446777,0.2779499466719124,-4.9469807812543705,0.8791522165984749,0.7172112413432284,0.11393130542547836,-0.2979276742346063,1.018165281365998,0.5865684668891504,-0.041274599557065486,-0.8320244251961547
2.4897333333266256,0.19701338265947632,2.577778221074283,0.8599879987938538,-0.7105653682320273,-0.04083506039563206,0.6324793327770204,-1.4658108553467573,0.3939779964697166,0.9341056760608275,0.6587419211147044,0.7527264435254097,-2.5003448743553283,0.8228357719047186,0.5972317046982571,0.11430346642542638,-0.8249774156676516,0.9673932965511726,0.5659694231483449,-0.02636784383143056,0.23704073297691752
-13.08160581229092,-6.078212588490458,3.9131781124710012,0.8704419592099252,-0.4362075190064226,30.215547273331556,0.6580417402330494,-1.0843229839362143,1.0892656168448744,0.9297003139093325,0.7115172699869644,0.6475586268656102,-1.2407261136688044,0.8268087939084933,0.6876768436723389,0.11504475488043599,-0.9060023958696058,1.0035986832357553,0.5655866791210491,-0.018543112924394596,0.47423458410154096
-8.581355359767707,-4.385979008260745,3.890347162127022,0.10617299781086431,-49.810306050691786,6.344388343913075,-6.957291166701903,-69.1700429517134,0.9195830240665689,2.079872157135098,-10.823927295755006,0.4318638121093448,3.1052870747347927,0.23789999786493743,1.2257041648044924,0.2992352959671915,-4.056697498531168,1.1530721450800203,-0.5241745952794062,-0.13266701326740454,25.34023675169297
-9.471071171352937,-4.561620466013813,3.6675225336928485,2.2832343033509592,-40.11173972774104,1.6291810216608615,0.16351380669993976,-57.39379510230641,0.7943423397776793,1.1759489232077391,-6.112233444747563,0.3070013509587702,1.5992951109645954,0.524146191450451,0.7563257135634383,0.11593980685189761,-3.5311498824922047,1.0042631086357956,0.04669383757794798,-0.022123623729599716,6.469568858535021
-10.88541063099807,-5.139778351300076,3.7525506791073053,0.9086617641110235,-32.27860244002034,0.696441333780774,0.5345645919958845,-47.62048672445343,0.7014980355100474,0.991236496362936,-3.3211142864602623,0.23654409873566717,0.8288291711685001,0.6162342639243044,0.5413942099194199,0.11410116685433522,-3.1507761508945955,0.9442988102539714,0.31998364344735564,-0.006495626758199983,2.015618936129271
-5.731181838753751,-3.0110528780713555,3.1101071319317914,0.8605345441102563,-25.95209626115529,0.43873028208719184,0.5758511875409865,-39.50945187956255,0.6192834898958315,0.9520655892726175,-1.6677075919457842,0.2694151215810438,0.1791098822463474,0.7003503381565233,0.4528884396275864,0.09907075242733604,-2.7986565169998276,0.9115664755743753,0.4765432778781955,0.01621947853561999,0.8899946919613348
-13.3962277676518,-5.891638128976205,3.5158342552467237,0.860074787862015,-20.842434709076947,-0.008236861284911579,0.6459007323396052,-32.77796611123088,0.46838621164465616,0.9337640053432041,-0.6882604446076563,0.7217634077332772,3.923309994594814,0.94339859694822,0.5075659573257526,0.09950456047325595,-2.181982607909217,0.920550217731093,0.5555251138312198,0.041366217718381955,0.32090516958114085
-10.948900387072358,-4.825162645792982,3.1773740272993054,0.8776226567223152,-16.715569036518414,-0.9306796680311312,0.7246967643187373,-27.191391584579176,0.6058591464059186,0.9198309938001968,-0.10805430560293972,0.8223993295371405,2.0158313858134935,0.9317576221079948,0.6580908695113408,0.11415212366613171,-1.9005819311152743,0.9978407405476882,0.5628186725784723,0.010027299206941488,0.565934179112967
-11.239071108756951,-4.998764032596782,2.869856157281309,0.867548578539938,-13.382467596088434,0.28675285916642673,0.5868182287344975,-22.554998369776495,0.5788483145622172,0.9391578581692644,0.2356489403084447,0.530233181047328,0.9688534901418773,0.9293069876265209,0.6146799292889948,0.11022024721715479,-1.6922428911535476,0.9770043771003382,0.5588137382276177,0.072611210639227,0.6506855384709853
-8.367417690267029,-3.6892872463033592,2.555993142853985,0.868589050873849,-10.690457219770854,0.12190308264216032,0.5934331673399246,-18.707176786135694,0.514775967318416,0.9401040632279642,0.43925230350736677,0.4244849152828832,-0.15470396622104604,0.8091088026427731,0.5552948504880949,0.07849985090261678,-2.4186311453136633,0.9590604189781645,0.5596741453959613,0.09831645912899457,-0.16744182827860266
-10.878300167461706,-5.028824978396991,2.9530999403822515,0.9322656867838138,-8.516230003551883,-12.842372498513386,1.4696649780669875,-15.513804211035392,-0.7186921723296266,0.8070786338404362,0.5598631211212342,3.987109907647738,-22.014214925818806,-0.36847679027227387,0.6168104203714952,0.03069466852054989,-4.126973288493515,0.9787692219695255,0.6604902796813958,-0.13918831666628162,-2.427356328957975
-12.446494835708398,-5.637387858118461,2.8498712158402832,0.8641329334942845,-6.7601951719871725,-2.160729090567867,0.6590015422920652,-12.863569998836354,-0.4148471705786966,0.9159143669433557,0.6313107096921217,2.365087588977877,-11.191095840607337,0.17162448990296458,0.5266995511258952,0.11353528291199927,-3.5930051777933634,0.9444254197962575,0.6060071025182354,-0.024793585637867037,-0.11069619409620224
-9.507409074397705,-4.457047798537516,2.6625194730341417,0.8589168336663586,-5.341917309091567,0.04094345082528483,0.6399589516910679,-10.66409555157752,-0.1114812393724419,0.9282957419498501,0.6736349225080698,1.4727953143977595,-5.680161215200265,0.9690263535539663,0.6344027602408636,0.11427705491696696,-2.9145331441865077,0.9876636066202668,0.6126317091625014,0.17966810810582787,-0.7442700957003131
-11.005692914874158,-4.928977867308137,2.68209922157329,0.8685756758278498,-4.1964320030926245,-25.672470804499437,0.5846012508574833,-8.838714299657745,-0.48272817449456384,0.9400597683805306,0.6987069931870136,0.9143594311345933,-2.874082669418384,1.083888334157938,0.655932980809487,0.11428429972290678,-2.1714782212188193,0.9943146209838764,0.6041044570438707,0.012365622934571502,-0.007869218553654134
-15.007509542926345,-6.684054714217357,3.017152967361703,0.8615528315198951,-3.2712701426320123,-4.695024601614586,0.5720299144879575,-7.323799353001315,-0.24068520432966545,0.9430827631164216,0.713559218109014,0.5863114055517786,-1.3937686394845994,1.0066586547986032,0.6766461534818593,0.11704414952780447,-1.8114711852632337,0.9991266850852286,0.6016801157543386,-0.1545412098738005,-0.3707633059173019
-12.748930104884494,-5.857563285777329,2.783919181004161,0.8569220331720524,-2.52405455748252,-0.5513083589500886,0.5685511907436365,-6.066545664695447,-0.06195736190917224,0.9436908520785743,0.722357399303716,0.3965956426888842,-0.03228001889345188,1.0017290860762533,0.616447430891096,0.15025380405412286,-2.9132747977124143,0.9758790168106548,0.5258310622578433,-0.11524737624123886,2.1358281410544797
-12.458058955052822,-5.473156718847935,2.605696465420061,0.8956508161636486,-1.920556845697931,-0.39004141799433634,1.1907669261423603,-5.023125366238105,0.5259372105114053,0.8483767770042846,0.7275699322499956,3.064488857881093,9.062077737063227,0.9571112697525253,0.5434456317688379,0.13393202908244303,-2.4606646339791856,0.9582914549892284,0.5789782234847454,0.019628491866987084,1.0511529790794387
0.21603691848328177,-0.7092384832565075,1.4081878069504863,0.867801895567982,-1.433137569633567,0.2913462120077289,0.6350424318485509,-4.157175508474498,0.44743042150351137,0.9239625587708769,0.7306573525886766,1.8323116839343923,4.63238493039517,0.9436373098515666,0.5317545489912406,0.1144596891662315,-2.180227038645456,0.9547411025481842,0.5600531161833223,0.0696169672911008,0.7727417225871087
-10.995145539665902,-5.291406677106447,2.690643839056554,0.8692845912994994,-1.0394397976454315,-0.9692400320926909,0.6065544396671275,-3.438457930205447,0.368244197197636,0.9356576579571297,0.7324943904675509,1.14320931637447,2.3761669515842065,0.9469233130982171,0.4539293992928949,0.11424788109989557,-2.3129502349976954,0.924655719821741,0.5112861501120298,0.14134910351113572,0.32876620575652116
-13.44961676572097,-6.292952730853515,3.140870500054603,0.8714677879964291,-0.7213050909355986,0.6627302729807097,0.5801323617064157,-2.842306406517702,0.4524870143918835,0.9419717753395008,0.7335311903886081,0.7209518663627187,1.1354696816144563,1.960446656033032,0.5591551245353261,0.10931144401058357,-0.1286019041030595,0.9480339138901291,0.41482134098333223,0.15645557009424113,-0.9237320127886216
-10.643177144357649,-5.0696400006317015,2.614995657389542,0.8636141176549368,-0.4687212966194067,0.27784961904035504,0.5902171232745549,-2.3470356629815483,0.4181994396320058,0.9406883058905111,0.7342276205466582,0.5187955373399071,1.8926136145861998,1.7069663284289658,0.1101244746394584,0.18562769469245666,1.1730598376983208,0.7785602819063779,0.36355346631440466,0.0261112311706208,-0.9636589316663867
-11.285167366030636,-5.460257822237428,2.8540008916530946,0.8825652129968744,-0.3385196839988652,-3.2612280362472235,0.9176016973703747,-1.8594849214329137,-0.08759265130796513,0.8904402186426424,0.7468389806956751,1.5003640380711054,1.177821571587646,1.3824179292793926,7.538528979833952,0.12547500563372757,1.0595303236008522,1.0539327628163093,0.4187022876319007,0.0007751688797032277,-0.1359933595860321
-10.616696426448188,-5.150140420334691,2.859476748671606,0.8997480526527527,2.78454495874862,-0.24626847192682688,0.8782395768645604,0.8225352001265049,0.0688558219765347,0.8908768857084134,1.1100843897742565,0.9421084092842237,-1.4554453959410005,1.1901278960116368,1.6170663759390953,-3.338870897040547e-5,0.9360323689102742,1.0014744635080302,0.3790081822997674,-0.06533509379059788,-6.641379611065024
-11.706617803558938,-5.622500240827315,2.8284908955192356,0.8685466854579232,2.37476870725702,2.047701609744604,0.6313778072349789,0.7093915665062019,0.23226618996457882,0.9284847740686148,0.9556661871305301,0.6579435204500081,-0.6889591397638893,1.0769822470359924,0.785434201961901,0.11506028529806685,0.8196213950592226,0.99202242054627,0.481976715946703,-0.009799555055904092,-1.07200001898613
-13.58993534589669,-6.525938840675955,2.952142542556017,0.8571678221790806,2.0515316617277377,0.794842005350175,0.5611276299914645,0.6320545727367056,0.3004079982376816,0.9428815811956885,0.8619174926970306,0.4093684288275827,0.5727680961187476,1.0100574090157868,0.5640406790297431,0.1723181162804176,0.70941153493423,0.9520239685749119,0.6110813777071065,0.008662100994077299,0.9581882443810261
-12.585360104576454,-5.903393057390217,2.8614187050305113,0.8609852414909324,1.7950899914966862,0.42697279064048343,0.5717874499768663,0.5787928084985063,0.3238538845853742,0.943296317608763,0.8044727941826937,0.3233543387969504,-0.4945351385663508,0.9707935132625604,0.514318185033751,0.06081581297040077,0.6107210248391659,0.9385442053522731,0.6319869513843346,-0.002646146654429078,0.19542733751269936
-8.18150002150123,-3.9795065074773723,2.344735475372961,0.8630135261826468,1.7005195082367266,-0.40276485194825373,0.6722499566592426,0.7725203280793943,0.16452628846106604,0.927834686373572,0.735365057422014,0.9720700981251281,-2.811517458033346,0.9505288638593888,0.6286378426295843,0.09853393928361161,0.541009939640538,1.0014377418560014,0.5986657913579247,0.0005948806953540386,0.5757941902641344
