231.0,232.0,4.826,-3.976,-8.107
231.0,233.0,4.801,-4.008,-7.939
231.0,234.0,4.774,-4.016,-7.779
231.0,235.0,4.747,-4.006,-7.628
231.0,236.0,4.719,-3.982,-7.483
231.0,237.0,4.69,-3.946,-7.344
231.0,238.0,4.661,-3.902,-7.21
231.0,239.0,4.631,-3.851,-7.081
231.0,240.0,4.602,-3.795,-6.956
231.0,241.0,4.573,-3.736,-6.834
231.0,242.0,4.543,-3.673,-6.717
231.0,243.0,4.514,-3.609,-6.602
232.0,233.0,5.398,-4.482,-6.984
232.0,234.0,5.374,-4.386,-6.874
232.0,235.0,5.349,-4.294,-6.765
232.0,236.0,5.326,-4.206,-6.659
232.0,237.0,5.302,-4.122,-6.555
232.0,238.0,5.279,-4.04,-6.453
232.0,239.0,5.256,-3.961,-6.353
232.0,240.0,5.234,-3.885,-6.255
232.0,241.0,5.211,-3.811,-6.159
232.0,242.0,5.189,-3.738,-6.066
232.0,243.0,5.167,-3.668,-5.974
232.0,244.0,5.145,-3.6,-5.885
233.0,234.0,5.515,-4.448,-7.497
233.0,235.0,5.479,-4.298,-7.351
233.0,236.0,5.443,-4.163,-7.209
233.0,237.0,5.41,-4.041,-7.071
233.0,238.0,5.377,-3.93,-6.937
233.0,239.0,5.346,-3.827,-6.807
233.0,240.0,5.315,-3.732,-6.68
233.0,241.0,5.285,-3.642,-6.556
233.0,242.0,5.256,-3.558,-6.436
233.0,243.0,5.227,-3.478,-6.319
233.0,244.0,5.199,-3.402,-6.205
233.0,245.0,5.171,-3.329,-6.094
234.0,235.0,5.347,-4.076,-6.45
234.0,236.0,5.313,-3.922,-6.338
234.0,237.0,5.281,-3.785,-6.228
234.0,238.0,5.249,-3.661,-6.119
234.0,239.0,5.219,-3.549,-6.012
234.0,240.0,5.19,-3.446,-5.907
234.0,241.0,5.162,-3.351,-5.804
234.0,242.0,5.134,-3.263,-5.703
234.0,243.0,5.107,-3.179,-5.605
234.0,244.0,5.08,-3.101,-5.509
234.0,245.0,5.054,-3.026,-5.415
234.0,246.0,5.028,-2.955,-5.323
235.0,236.0,5.239,-3.852,-5.999
235.0,237.0,5.213,-3.739,-5.902
235.0,238.0,5.188,-3.635,-5.807
235.0,239.0,5.164,-3.538,-5.714
235.0,240.0,5.14,-3.448,-5.622
235.0,241.0,5.116,-3.363,-5.532
235.0,242.0,5.093,-3.283,-5.444
235.0,243.0,5.071,-3.207,-5.358
235.0,244.0,5.048,-3.135,-5.274
235.0,245.0,5.027,-3.066,-5.191
235.0,246.0,5.005,-2.999,-5.111
235.0,247.0,4.984,-2.936,-5.033
236.0,237.0,4.955,-3.497,-6.202
236.0,238.0,4.933,-3.473,-6.076
236.0,239.0,4.912,-3.44,-5.956
236.0,240.0,4.889,-3.401,-5.84
236.0,241.0,4.867,-3.357,-5.728
236.0,242.0,4.844,-3.309,-5.62
236.0,243.0,4.822,-3.259,-5.516
236.0,244.0,4.799,-3.206,-5.416
236.0,245.0,4.776,-3.151,-5.318
236.0,246.0,4.753,-3.095,-5.224
236.0,247.0,4.731,-3.039,-5.133
236.0,248.0,4.708,-2.983,-5.044
237.0,238.0,4.8,-3.127,-5.018
237.0,239.0,4.772,-3.049,-4.906
237.0,240.0,4.744,-2.972,-4.798
237.0,241.0,4.717,-2.897,-4.694
237.0,242.0,4.69,-2.823,-4.593
237.0,243.0,4.663,-2.751,-4.496
237.0,244.0,4.637,-2.681,-4.402
237.0,245.0,4.612,-2.612,-4.311
237.0,246.0,4.586,-2.545,-4.223
237.0,247.0,4.561,-2.48,-4.139
237.0,248.0,4.537,-2.416,-4.057
237.0,249.0,4.512,-2.354,-3.977
238.0,239.0,4.756,-2.903,-5.728
238.0,240.0,4.729,-2.864,-5.607
238.0,241.0,4.702,-2.82,-5.491
238.0,242.0,4.675,-2.772,-5.377
238.0,243.0,4.648,-2.72,-5.268
238.0,244.0,4.621,-2.667,-5.161
238.0,245.0,4.594,-2.613,-5.058
238.0,246.0,4.567,-2.558,-4.957
238.0,247.0,4.54,-2.503,-4.859
238.0,248.0,4.514,-2.448,-4.764
238.0,249.0,4.488,-2.393,-4.672
238.0,250.0,4.462,-2.339,-4.583
239.0,240.0,5.083,-3.021,-4.732
239.0,241.0,5.058,-2.927,-4.655
239.0,242.0,5.033,-2.84,-4.579
239.0,243.0,5.008,-2.758,-4.504
239.0,244.0,4.984,-2.681,-4.431
239.0,245.0,4.961,-2.609,-4.36
239.0,246.0,4.938,-2.541,-4.291
239.0,247.0,4.915,-2.476,-4.223
239.0,248.0,4.893,-2.414,-4.156
239.0,249.0,4.871,-2.354,-4.092
239.0,250.0,4.849,-2.298,-4.029
239.0,251.0,4.827,-2.243,-3.968
240.0,241.0,4.842,-2.79,-4.572
240.0,242.0,4.816,-2.686,-4.502
240.0,243.0,4.791,-2.592,-4.432
240.0,244.0,4.767,-2.506,-4.363
240.0,245.0,4.744,-2.427,-4.295
240.0,246.0,4.721,-2.353,-4.229
240.0,247.0,4.698,-2.285,-4.164
240.0,248.0,4.676,-2.22,-4.1
240.0,249.0,4.654,-2.16,-4.038
240.0,250.0,4.633,-2.102,-3.977
240.0,251.0,4.612,-2.047,-3.917
240.0,252.0,4.591,-1.995,-3.859
241.0,242.0,4.602,-2.204,-3.414
241.0,243.0,4.572,-2.06,-3.387
241.0,244.0,4.544,-1.937,-3.359
241.0,245.0,4.518,-1.831,-3.328
241.0,246.0,4.493,-1.739,-3.296
241.0,247.0,4.469,-1.659,-3.264
241.0,248.0,4.445,-1.588,-3.231
241.0,249.0,4.423,-1.525,-3.197
241.0,250.0,4.401,-1.469,-3.164
241.0,251.0,4.379,-1.418,-3.13
241.0,252.0,4.358,-1.371,-3.097
241.0,253.0,4.338,-1.328,-3.064
242.0,243.0,4.747,-2.045,-2.714
242.0,244.0,4.719,-1.875,-2.706
242.0,245.0,4.694,-1.731,-2.695
242.0,246.0,4.669,-1.61,-2.683
242.0,247.0,4.646,-1.507,-2.669
242.0,248.0,4.624,-1.418,-2.654
242.0,249.0,4.602,-1.343,-2.637
242.0,250.0,4.581,-1.277,-2.62
242.0,251.0,4.561,-1.22,-2.603
242.0,252.0,4.542,-1.17,-2.585
242.0,253.0,4.522,-1.126,-2.567
242.0,254.0,4.504,-1.086,-2.549
243.0,244.0,4.811,-1.992,-2.298
243.0,245.0,4.786,-1.813,-2.308
243.0,246.0,4.762,-1.663,-2.316
243.0,247.0,4.74,-1.539,-2.321
243.0,248.0,4.719,-1.434,-2.324
243.0,249.0,4.699,-1.347,-2.326
243.0,250.0,4.68,-1.273,-2.326
243.0,251.0,4.662,-1.211,-2.325
243.0,252.0,4.644,-1.158,-2.323
243.0,253.0,4.626,-1.113,-2.32
243.0,254.0,4.61,-1.074,-2.316
243.0,255.0,4.593,-1.04,-2.312
244.0,245.0,4.51,-1.643,-2.297
244.0,246.0,4.482,-1.498,-2.296
244.0,247.0,4.456,-1.375,-2.293
244.0,248.0,4.431,-1.271,-2.288
244.0,249.0,4.408,-1.181,-2.282
244.0,250.0,4.385,-1.104,-2.274
244.0,251.0,4.364,-1.038,-2.266
244.0,252.0,4.343,-0.98,-2.256
244.0,253.0,4.323,-0.93,-2.246
244.0,254.0,4.303,-0.886,-2.236
244.0,255.0,4.284,-0.847,-2.225
244.0,256.0,4.265,-0.812,-2.214
245.0,246.0,4.287,-1.331,-1.857
245.0,247.0,4.262,-1.196,-1.871
245.0,248.0,4.239,-1.082,-1.883
245.0,249.0,4.217,-0.986,-1.891
245.0,250.0,4.197,-0.905,-1.896
245.0,251.0,4.177,-0.837,-1.9
245.0,252.0,4.159,-0.779,-1.902
245.0,253.0,4.141,-0.729,-1.902
245.0,254.0,4.123,-0.686,-1.901
245.0,255.0,4.107,-0.65,-1.899
245.0,256.0,4.09,-0.618,-1.896
245.0,257.0,4.074,-0.59,-1.893
246.0,247.0,4.096,-0.884,-1.118
246.0,248.0,4.075,-0.748,-1.172
246.0,249.0,4.056,-0.638,-1.22
246.0,250.0,4.039,-0.549,-1.262
246.0,251.0,4.023,-0.478,-1.301
246.0,252.0,4.009,-0.421,-1.335
246.0,253.0,3.996,-0.377,-1.366
246.0,254.0,3.983,-0.341,-1.394
246.0,255.0,3.971,-0.314,-1.419
246.0,256.0,3.96,-0.293,-1.443
246.0,257.0,3.95,-0.277,-1.465
246.0,258.0,3.939,-0.265,-1.485
247.0,248.0,4.45,-1.01,-1.144
247.0,249.0,4.428,-0.864,-1.19
247.0,250.0,4.408,-0.743,-1.232
247.0,251.0,4.389,-0.645,-1.271
247.0,252.0,4.371,-0.564,-1.306
247.0,253.0,4.353,-0.498,-1.338
247.0,254.0,4.337,-0.445,-1.368
247.0,255.0,4.321,-0.402,-1.395
247.0,256.0,4.306,-0.367,-1.42
247.0,257.0,4.291,-0.339,-1.443
247.0,258.0,4.276,-0.317,-1.465
247.0,259.0,4.262,-0.299,-1.485
248.0,249.0,4.165,-0.626,-1.092
248.0,250.0,4.149,-0.546,-1.127
248.0,251.0,4.133,-0.483,-1.161
248.0,252.0,4.118,-0.433,-1.193
248.0,253.0,4.104,-0.394,-1.224
248.0,254.0,4.09,-0.364,-1.253
248.0,255.0,4.077,-0.341,-1.28
248.0,256.0,4.063,-0.324,-1.306
248.0,257.0,4.05,-0.311,-1.33
248.0,258.0,4.037,-0.302,-1.354
248.0,259.0,4.024,-0.296,-1.375
248.0,260.0,4.012,-0.293,-1.396
249.0,250.0,4.533,-0.905,-0.973
249.0,251.0,4.512,-0.756,-1.027
249.0,252.0,4.493,-0.636,-1.078
249.0,253.0,4.474,-0.539,-1.125
249.0,254.0,4.457,-0.461,-1.168
249.0,255.0,4.44,-0.399,-1.209
249.0,256.0,4.424,-0.35,-1.247
249.0,257.0,4.408,-0.311,-1.282
249.0,258.0,4.393,-0.282,-1.315
249.0,259.0,4.379,-0.259,-1.346
249.0,260.0,4.364,-0.242,-1.374
249.0,261.0,4.35,-0.229,-1.401
250.0,251.0,4.791,-0.856,-1.112
250.0,252.0,4.772,-0.747,-1.166
250.0,253.0,4.754,-0.659,-1.216
250.0,254.0,4.737,-0.588,-1.262
250.0,255.0,4.72,-0.532,-1.306
250.0,256.0,4.704,-0.488,-1.347
250.0,257.0,4.688,-0.454,-1.385
250.0,258.0,4.673,-0.428,-1.421
250.0,259.0,4.658,-0.408,-1.454
250.0,260.0,4.643,-0.393,-1.486
250.0,261.0,4.628,-0.383,-1.515
250.0,262.0,4.613,-0.376,-1.543
251.0,252.0,4.765,-0.756,-1.134
251.0,253.0,4.748,-0.667,-1.189
251.0,254.0,4.732,-0.596,-1.24
251.0,255.0,4.716,-0.54,-1.288
251.0,256.0,4.701,-0.497,-1.334
251.0,257.0,4.687,-0.463,-1.376
251.0,258.0,4.673,-0.438,-1.416
251.0,259.0,4.659,-0.419,-1.453
251.0,260.0,4.645,-0.406,-1.488
251.0,261.0,4.631,-0.398,-1.521
251.0,262.0,4.618,-0.393,-1.551
251.0,263.0,4.604,-0.39,-1.58
252.0,253.0,4.497,-0.286,-0.511
252.0,254.0,4.48,-0.189,-0.581
252.0,255.0,4.464,-0.114,-0.647
252.0,256.0,4.449,-0.056,-0.709
252.0,257.0,4.434,-0.014,-0.768
252.0,258.0,4.42,0.017,-0.824
252.0,259.0,4.406,0.039,-0.877
252.0,260.0,4.393,0.052,-0.927
252.0,261.0,4.379,0.06,-0.975
252.0,262.0,4.366,0.062,-1.019
252.0,263.0,4.353,0.061,-1.062
252.0,264.0,4.34,0.057,-1.101
253.0,254.0,4.726,-0.309,-0.92
253.0,255.0,4.712,-0.261,-0.986
253.0,256.0,4.699,-0.225,-1.049
253.0,257.0,4.686,-0.201,-1.108
253.0,258.0,4.673,-0.185,-1.164
253.0,259.0,4.66,-0.176,-1.217
253.0,260.0,4.648,-0.173,-1.267
253.0,261.0,4.635,-0.174,-1.314
253.0,262.0,4.623,-0.178,-1.359
253.0,263.0,4.61,-0.185,-1.401
253.0,264.0,4.598,-0.194,-1.44
253.0,265.0,4.585,-0.204,-1.477
254.0,255.0,4.596,0.051,-0.079
254.0,256.0,4.585,0.123,-0.182
254.0,257.0,4.574,0.176,-0.278
254.0,258.0,4.563,0.215,-0.37
254.0,259.0,4.553,0.241,-0.456
254.0,260.0,4.543,0.256,-0.537
254.0,261.0,4.533,0.263,-0.614
254.0,262.0,4.524,0.263,-0.686
254.0,263.0,4.514,0.258,-0.754
254.0,264.0,4.505,0.248,-0.819
254.0,265.0,4.495,0.234,-0.88
254.0,266.0,4.485,0.218,-0.938
255.0,256.0,5.044,-0.415,-0.861
255.0,257.0,5.039,-0.382,-0.958
255.0,258.0,5.034,-0.362,-1.049
255.0,259.0,5.028,-0.353,-1.136
255.0,260.0,5.022,-0.352,-1.218
255.0,261.0,5.015,-0.358,-1.296
255.0,262.0,5.008,-0.369,-1.369
255.0,263.0,5.0,-0.385,-1.439
255.0,264.0,4.992,-0.404,-1.504
255.0,265.0,4.984,-0.425,-1.566
255.0,266.0,4.976,-0.448,-1.624
255.0,267.0,4.967,-0.472,-1.679
256.0,257.0,5.26,-0.548,-1.321
256.0,258.0,5.247,-0.53,-1.381
256.0,259.0,5.233,-0.519,-1.437
256.0,260.0,5.22,-0.514,-1.491
256.0,261.0,5.206,-0.514,-1.541
256.0,262.0,5.193,-0.517,-1.588
256.0,263.0,5.179,-0.523,-1.633
256.0,264.0,5.166,-0.531,-1.675
256.0,265.0,5.152,-0.541,-1.714
256.0,266.0,5.138,-0.551,-1.751
256.0,267.0,5.124,-0.563,-1.785
256.0,268.0,5.11,-0.575,-1.818
257.0,258.0,5.328,-0.521,-1.128
257.0,259.0,5.315,-0.497,-1.199
257.0,260.0,5.301,-0.482,-1.266
257.0,261.0,5.288,-0.475,-1.33
257.0,262.0,5.275,-0.474,-1.39
257.0,263.0,5.261,-0.478,-1.447
257.0,264.0,5.248,-0.486,-1.5
257.0,265.0,5.234,-0.496,-1.551
257.0,266.0,5.22,-0.509,-1.598
257.0,267.0,5.207,-0.523,-1.643
257.0,268.0,5.193,-0.537,-1.685
257.0,269.0,5.179,-0.553,-1.725
258.0,259.0,5.379,-0.409,-1.09
258.0,260.0,5.369,-0.4,-1.174
258.0,261.0,5.359,-0.399,-1.254
258.0,262.0,5.349,-0.405,-1.33
258.0,263.0,5.339,-0.415,-1.402
258.0,264.0,5.328,-0.429,-1.469
258.0,265.0,5.317,-0.446,-1.533
258.0,266.0,5.305,-0.465,-1.593
258.0,267.0,5.294,-0.486,-1.65
258.0,268.0,5.282,-0.507,-1.703
258.0,269.0,5.27,-0.529,-1.753
258.0,270.0,5.258,-0.551,-1.8
259.0,260.0,5.135,-0.094,-0.968
259.0,261.0,5.125,-0.11,-1.048
259.0,262.0,5.115,-0.129,-1.123
259.0,263.0,5.105,-0.151,-1.194
259.0,264.0,5.095,-0.175,-1.262
259.0,265.0,5.084,-0.201,-1.325
259.0,266.0,5.074,-0.227,-1.384
259.0,267.0,5.063,-0.254,-1.441
259.0,268.0,5.051,-0.281,-1.493
259.0,269.0,5.04,-0.308,-1.543
259.0,270.0,5.028,-0.334,-1.59
259.0,271.0,5.017,-0.36,-1.634
260.0,261.0,4.912,0.115,-0.942
260.0,262.0,4.903,0.083,-1.016
260.0,263.0,4.893,0.05,-1.085
260.0,264.0,4.883,0.017,-1.151
260.0,265.0,4.873,-0.016,-1.212
260.0,266.0,4.863,-0.049,-1.27
260.0,267.0,4.852,-0.081,-1.325
260.0,268.0,4.842,-0.113,-1.377
260.0,269.0,4.831,-0.143,-1.425
260.0,270.0,4.82,-0.172,-1.47
260.0,271.0,4.808,-0.2,-1.513
260.0,272.0,4.797,-0.227,-1.553
261.0,262.0,4.871,-0.051,-1.097
261.0,263.0,4.861,-0.078,-1.159
261.0,264.0,4.851,-0.107,-1.218
261.0,265.0,4.841,-0.135,-1.273
261.0,266.0,4.831,-0.164,-1.325
261.0,267.0,4.821,-0.192,-1.374
261.0,268.0,4.81,-0.22,-1.42
261.0,269.0,4.8,-0.247,-1.463
261.0,270.0,4.789,-0.274,-1.504
261.0,271.0,4.778,-0.299,-1.542
261.0,272.0,4.767,-0.323,-1.578
261.0,273.0,4.755,-0.346,-1.612
262.0,263.0,4.765,0.258,-0.899
262.0,264.0,4.759,0.215,-0.981
262.0,265.0,4.752,0.172,-1.058
262.0,266.0,4.745,0.129,-1.131
262.0,267.0,4.738,0.086,-1.2
262.0,268.0,4.731,0.045,-1.264
262.0,269.0,4.723,0.004,-1.326
262.0,270.0,4.715,-0.035,-1.383
262.0,271.0,4.707,-0.073,-1.437
262.0,272.0,4.699,-0.11,-1.489
262.0,273.0,4.69,-0.145,-1.537
262.0,274.0,4.681,-0.178,-1.582
263.0,264.0,4.625,0.396,-0.836
263.0,265.0,4.617,0.351,-0.909
263.0,266.0,4.608,0.307,-0.979
263.0,267.0,4.6,0.265,-1.044
263.0,268.0,4.591,0.223,-1.106
263.0,269.0,4.581,0.184,-1.164
263.0,270.0,4.572,0.146,-1.218
263.0,271.0,4.562,0.11,-1.27
263.0,272.0,4.552,0.075,-1.318
263.0,273.0,4.541,0.042,-1.363
263.0,274.0,4.531,0.011,-1.406
263.0,275.0,4.52,-0.018,-1.446
264.0,265.0,4.942,-0.062,-1.028
264.0,266.0,4.931,-0.072,-1.099
264.0,267.0,4.92,-0.086,-1.165
264.0,268.0,4.909,-0.103,-1.227
264.0,269.0,4.898,-0.123,-1.286
264.0,270.0,4.887,-0.145,-1.342
264.0,271.0,4.876,-0.167,-1.394
264.0,272.0,4.865,-0.19,-1.444
264.0,273.0,4.854,-0.214,-1.49
264.0,274.0,4.842,-0.237,-1.534
264.0,275.0,4.831,-0.261,-1.574
264.0,276.0,4.819,-0.283,-1.613
265.0,266.0,4.979,0.02,-0.831
265.0,267.0,4.969,0.006,-0.909
265.0,268.0,4.959,-0.012,-0.983
265.0,269.0,4.949,-0.033,-1.052
265.0,270.0,4.939,-0.057,-1.118
265.0,271.0,4.929,-0.082,-1.18
265.0,272.0,4.918,-0.109,-1.238
265.0,273.0,4.907,-0.136,-1.293
265.0,274.0,4.897,-0.163,-1.345
265.0,275.0,4.886,-0.19,-1.394
265.0,276.0,4.875,-0.216,-1.44
265.0,277.0,4.864,-0.243,-1.484
266.0,267.0,4.781,0.286,-1.057
266.0,268.0,4.772,0.226,-1.13
266.0,269.0,4.762,0.17,-1.198
266.0,270.0,4.752,0.118,-1.262
266.0,271.0,4.742,0.07,-1.322
266.0,272.0,4.732,0.025,-1.378
266.0,273.0,4.721,-0.017,-1.431
266.0,274.0,4.71,-0.055,-1.481
266.0,275.0,4.699,-0.091,-1.528
266.0,276.0,4.687,-0.124,-1.571
266.0,277.0,4.676,-0.155,-1.612
266.0,278.0,4.664,-0.184,-1.65
267.0,268.0,4.943,-0.024,-1.476
267.0,269.0,4.934,-0.082,-1.524
267.0,270.0,4.924,-0.135,-1.569
267.0,271.0,4.914,-0.183,-1.611
267.0,272.0,4.904,-0.227,-1.651
267.0,273.0,4.893,-0.268,-1.688
267.0,274.0,4.882,-0.305,-1.724
267.0,275.0,4.871,-0.339,-1.757
267.0,276.0,4.86,-0.37,-1.788
267.0,277.0,4.849,-0.399,-1.817
267.0,278.0,4.838,-0.426,-1.844
267.0,279.0,4.826,-0.45,-1.869
268.0,269.0,4.887,-0.042,-1.326
268.0,270.0,4.876,-0.076,-1.374
268.0,271.0,4.865,-0.108,-1.419
268.0,272.0,4.854,-0.139,-1.462
268.0,273.0,4.843,-0.168,-1.502
268.0,274.0,4.832,-0.196,-1.54
268.0,275.0,4.82,-0.222,-1.576
268.0,276.0,4.808,-0.248,-1.61
268.0,277.0,4.797,-0.271,-1.641
268.0,278.0,4.785,-0.294,-1.671
268.0,279.0,4.773,-0.315,-1.699
268.0,280.0,4.76,-0.334,-1.725
269.0,270.0,5.078,-0.303,-0.918
269.0,271.0,5.065,-0.275,-0.988
269.0,272.0,5.052,-0.259,-1.054
269.0,273.0,5.039,-0.251,-1.117
269.0,274.0,5.027,-0.249,-1.178
269.0,275.0,5.014,-0.254,-1.235
269.0,276.0,5.002,-0.262,-1.289
269.0,277.0,4.989,-0.273,-1.341
269.0,278.0,4.977,-0.286,-1.39
269.0,279.0,4.964,-0.301,-1.436
269.0,280.0,4.952,-0.317,-1.481
269.0,281.0,4.939,-0.333,-1.522
270.0,271.0,5.245,-0.564,-1.196
270.0,272.0,5.236,-0.544,-1.271
270.0,273.0,5.227,-0.533,-1.343
270.0,274.0,5.218,-0.53,-1.41
270.0,275.0,5.209,-0.532,-1.473
270.0,276.0,5.2,-0.539,-1.533
270.0,277.0,5.191,-0.549,-1.589
270.0,278.0,5.181,-0.563,-1.642
270.0,279.0,5.172,-0.578,-1.692
270.0,280.0,5.163,-0.596,-1.739
270.0,281.0,5.153,-0.614,-1.784
270.0,282.0,5.144,-0.634,-1.826
271.0,272.0,4.957,-0.164,-1.442
271.0,273.0,4.945,-0.201,-1.482
271.0,274.0,4.933,-0.235,-1.521
271.0,275.0,4.92,-0.267,-1.557
271.0,276.0,4.907,-0.297,-1.591
271.0,277.0,4.894,-0.324,-1.622
271.0,278.0,4.881,-0.349,-1.652
271.0,279.0,4.868,-0.372,-1.68
271.0,280.0,4.854,-0.393,-1.706
271.0,281.0,4.841,-0.413,-1.73
271.0,282.0,4.827,-0.431,-1.753
271.0,283.0,4.813,-0.447,-1.774
272.0,273.0,4.911,-0.873,-2.056
272.0,274.0,4.893,-0.84,-2.067
272.0,275.0,4.875,-0.813,-2.078
272.0,276.0,4.857,-0.79,-2.087
272.0,277.0,4.839,-0.772,-2.096
272.0,278.0,4.822,-0.756,-2.104
272.0,279.0,4.804,-0.743,-2.111
272.0,280.0,4.787,-0.731,-2.117
272.0,281.0,4.77,-0.722,-2.122
272.0,282.0,4.753,-0.713,-2.127
272.0,283.0,4.736,-0.705,-2.13
272.0,284.0,4.719,-0.698,-2.134
273.0,274.0,4.723,-0.953,-1.801
273.0,275.0,4.706,-0.892,-1.821
273.0,276.0,4.69,-0.844,-1.84
273.0,277.0,4.674,-0.805,-1.859
273.0,278.0,4.659,-0.775,-1.877
273.0,279.0,4.643,-0.751,-1.895
273.0,280.0,4.628,-0.733,-1.911
273.0,281.0,4.613,-0.719,-1.927
273.0,282.0,4.598,-0.708,-1.941
273.0,283.0,4.583,-0.7,-1.955
273.0,284.0,4.568,-0.693,-1.968
273.0,285.0,4.553,-0.689,-1.98
274.0,275.0,4.836,-0.973,-2.316
274.0,276.0,4.826,-0.981,-2.321
274.0,277.0,4.815,-0.988,-2.325
274.0,278.0,4.805,-0.994,-2.328
274.0,279.0,4.794,-0.998,-2.331
274.0,280.0,4.784,-1.002,-2.334
274.0,281.0,4.773,-1.004,-2.336
274.0,282.0,4.762,-1.006,-2.338
274.0,283.0,4.752,-1.008,-2.339
274.0,284.0,4.741,-1.008,-2.34
274.0,285.0,4.73,-1.008,-2.341
274.0,286.0,4.72,-1.008,-2.341
275.0,276.0,4.567,-1.492,-4.023
275.0,277.0,4.551,-1.557,-3.932
275.0,278.0,4.534,-1.599,-3.846
275.0,279.0,4.516,-1.624,-3.764
275.0,280.0,4.498,-1.635,-3.686
275.0,281.0,4.479,-1.635,-3.611
275.0,282.0,4.459,-1.626,-3.54
275.0,283.0,4.44,-1.611,-3.472
275.0,284.0,4.42,-1.59,-3.406
275.0,285.0,4.401,-1.564,-3.344
275.0,286.0,4.381,-1.536,-3.283
275.0,287.0,4.362,-1.506,-3.225
276.0,277.0,4.743,-1.89,-4.043
276.0,278.0,4.723,-1.901,-3.951
276.0,279.0,4.702,-1.901,-3.863
276.0,280.0,4.681,-1.89,-3.778
276.0,281.0,4.66,-1.872,-3.698
276.0,282.0,4.638,-1.847,-3.621
276.0,283.0,4.617,-1.818,-3.547
276.0,284.0,4.596,-1.785,-3.476
276.0,285.0,4.575,-1.75,-3.408
276.0,286.0,4.554,-1.712,-3.343
276.0,287.0,4.533,-1.674,-3.28
276.0,288.0,4.512,-1.634,-3.22
277.0,278.0,4.393,-2.684,-5.373
277.0,279.0,4.369,-2.684,-5.223
277.0,280.0,4.345,-2.666,-5.079
277.0,281.0,4.32,-2.635,-4.942
277.0,282.0,4.296,-2.594,-4.812
277.0,283.0,4.271,-2.545,-4.686
277.0,284.0,4.247,-2.49,-4.566
277.0,285.0,4.222,-2.431,-4.451
277.0,286.0,4.198,-2.369,-4.34
277.0,287.0,4.174,-2.305,-4.234
277.0,288.0,4.151,-2.24,-4.132
277.0,289.0,4.128,-2.175,-4.034
278.0,279.0,4.616,-2.924,-7.779
278.0,280.0,4.59,-3.149,-7.531
278.0,281.0,4.561,-3.305,-7.297
278.0,282.0,4.532,-3.405,-7.076
278.0,283.0,4.503,-3.462,-6.867
278.0,284.0,4.473,-3.484,-6.668
278.0,285.0,4.443,-3.479,-6.479
278.0,286.0,4.413,-3.453,-6.299
278.0,287.0,4.384,-3.411,-6.126
278.0,288.0,4.354,-3.356,-5.961
278.0,289.0,4.325,-3.292,-5.803
278.0,290.0,4.297,-3.221,-5.651
279.0,280.0,4.467,-3.447,-6.699
279.0,281.0,4.473,-3.625,-6.524
279.0,282.0,4.478,-3.755,-6.36
279.0,283.0,4.482,-3.845,-6.205
279.0,284.0,4.486,-3.903,-6.058
279.0,285.0,4.49,-3.935,-5.919
279.0,286.0,4.492,-3.946,-5.788
279.0,287.0,4.495,-3.94,-5.663
279.0,288.0,4.497,-3.921,-5.544
279.0,289.0,4.499,-3.892,-5.43
279.0,290.0,4.501,-3.854,-5.323
279.0,291.0,4.503,-3.809,-5.22
280.0,281.0,4.537,-3.293,-5.476
280.0,282.0,4.509,-3.203,-5.33
280.0,283.0,4.481,-3.112,-5.189
280.0,284.0,4.454,-3.02,-5.053
280.0,285.0,4.427,-2.929,-4.923
280.0,286.0,4.4,-2.839,-4.798
280.0,287.0,4.374,-2.751,-4.678
280.0,288.0,4.348,-2.664,-4.562
280.0,289.0,4.323,-2.579,-4.451
280.0,290.0,4.298,-2.495,-4.343
280.0,291.0,4.274,-2.414,-4.24
280.0,292.0,4.25,-2.335,-4.14
281.0,282.0,4.885,-3.082,-5.371
281.0,283.0,4.864,-3.048,-5.236
281.0,284.0,4.842,-3.006,-5.108
281.0,285.0,4.821,-2.956,-4.985
281.0,286.0,4.8,-2.902,-4.867
281.0,287.0,4.779,-2.845,-4.754
281.0,288.0,4.758,-2.785,-4.646
281.0,289.0,4.738,-2.723,-4.542
281.0,290.0,4.718,-2.661,-4.443
281.0,291.0,4.698,-2.599,-4.348
281.0,292.0,4.678,-2.537,-4.256
281.0,293.0,4.659,-2.476,-4.168
282.0,283.0,4.649,-2.861,-4.367
282.0,284.0,4.629,-2.755,-4.265
282.0,285.0,4.61,-2.656,-4.167
282.0,286.0,4.591,-2.562,-4.073
282.0,287.0,4.572,-2.474,-3.983
282.0,288.0,4.554,-2.39,-3.896
282.0,289.0,4.536,-2.31,-3.813
282.0,290.0,4.519,-2.235,-3.734
282.0,291.0,4.501,-2.163,-3.658
282.0,292.0,4.484,-2.094,-3.585
282.0,293.0,4.468,-2.029,-3.515
282.0,294.0,4.451,-1.967,-3.448
283.0,284.0,4.722,-3.137,-5.17
283.0,285.0,4.688,-3.044,-4.996
283.0,286.0,4.654,-2.947,-4.831
283.0,287.0,4.621,-2.849,-4.674
283.0,288.0,4.59,-2.75,-4.524
283.0,289.0,4.558,-2.652,-4.382
283.0,290.0,4.528,-2.555,-4.246
283.0,291.0,4.499,-2.46,-4.117
283.0,292.0,4.47,-2.367,-3.995
283.0,293.0,4.442,-2.277,-3.879
283.0,294.0,4.414,-2.189,-3.768
283.0,295.0,4.387,-2.104,-3.663
284.0,285.0,4.616,-2.987,-4.967
284.0,286.0,4.599,-2.947,-4.848
284.0,287.0,4.583,-2.9,-4.734
284.0,288.0,4.566,-2.849,-4.625
284.0,289.0,4.55,-2.794,-4.52
284.0,290.0,4.533,-2.737,-4.419
284.0,291.0,4.517,-2.678,-4.323
284.0,292.0,4.5,-2.619,-4.23
284.0,293.0,4.484,-2.559,-4.142
284.0,294.0,4.468,-2.499,-4.056
284.0,295.0,4.453,-2.44,-3.975
284.0,296.0,4.437,-2.382,-3.896
285.0,286.0,4.825,-4.096,-6.501
285.0,287.0,4.801,-4.021,-6.339
285.0,288.0,4.776,-3.939,-6.183
285.0,289.0,4.751,-3.854,-6.033
285.0,290.0,4.726,-3.765,-5.889
285.0,291.0,4.702,-3.675,-5.75
285.0,292.0,4.677,-3.585,-5.616
285.0,293.0,4.653,-3.494,-5.486
285.0,294.0,4.629,-3.405,-5.362
285.0,295.0,4.605,-3.316,-5.241
285.0,296.0,4.582,-3.23,-5.125
285.0,297.0,4.559,-3.144,-5.012
286.0,287.0,5.578,-5.39,-9.637
286.0,288.0,5.55,-5.446,-9.371
286.0,289.0,5.522,-5.467,-9.118
286.0,290.0,5.493,-5.459,-8.877
286.0,291.0,5.464,-5.427,-8.646
286.0,292.0,5.435,-5.378,-8.426
286.0,293.0,5.406,-5.314,-8.214
286.0,294.0,5.377,-5.239,-8.012
286.0,295.0,5.349,-5.155,-7.817
286.0,296.0,5.321,-5.065,-7.631
286.0,297.0,5.293,-4.971,-7.451
286.0,298.0,5.265,-4.874,-7.278
287.0,288.0,4.283,-4.33,-8.276
287.0,289.0,4.236,-4.331,-8.046
287.0,290.0,4.19,-4.304,-7.826
287.0,291.0,4.144,-4.254,-7.616
287.0,292.0,4.099,-4.189,-7.414
287.0,293.0,4.055,-4.111,-7.22
287.0,294.0,4.011,-4.024,-7.032
287.0,295.0,3.968,-3.93,-6.852
287.0,296.0,3.925,-3.833,-6.677
287.0,297.0,3.884,-3.733,-6.508
287.0,298.0,3.844,-3.631,-6.345
287.0,299.0,3.804,-3.529,-6.186
288.0,289.0,3.309,-3.393,-6.687
288.0,290.0,3.259,-3.338,-6.481
288.0,291.0,3.209,-3.268,-6.282
288.0,292.0,3.16,-3.188,-6.091
288.0,293.0,3.113,-3.1,-5.907
288.0,294.0,3.067,-3.007,-5.73
288.0,295.0,3.021,-2.911,-5.558
288.0,296.0,2.977,-2.812,-5.392
288.0,297.0,2.934,-2.713,-5.232
288.0,298.0,2.893,-2.614,-5.077
288.0,299.0,2.852,-2.515,-4.927
288.0,300.0,2.812,-2.417,-4.782
289.0,290.0,4.17,-4.139,-7.977
289.0,291.0,4.118,-4.139,-7.741
289.0,292.0,4.068,-4.111,-7.516
289.0,293.0,4.019,-4.061,-7.3
289.0,294.0,3.971,-3.996,-7.093
289.0,295.0,3.924,-3.917,-6.895
289.0,296.0,3.879,-3.83,-6.704
289.0,297.0,3.834,-3.736,-6.52
289.0,298.0,3.79,-3.637,-6.343
289.0,299.0,3.748,-3.535,-6.172
289.0,300.0,3.706,-3.432,-6.006
289.0,301.0,3.666,-3.328,-5.847
290.0,291.0,4.205,-4.111,-7.456
290.0,292.0,4.168,-4.112,-7.249
290.0,293.0,4.132,-4.089,-7.052
290.0,294.0,4.095,-4.047,-6.864
290.0,295.0,4.059,-3.99,-6.683
290.0,296.0,4.024,-3.921,-6.511
290.0,297.0,3.989,-3.843,-6.345
290.0,298.0,3.954,-3.76,-6.185
290.0,299.0,3.92,-3.671,-6.031
290.0,300.0,3.886,-3.58,-5.882
290.0,301.0,3.853,-3.486,-5.738
290.0,302.0,3.821,-3.392,-5.599
291.0,292.0,3.647,-3.544,-6.881
291.0,293.0,3.596,-3.496,-6.668
291.0,294.0,3.545,-3.432,-6.463
291.0,295.0,3.496,-3.356,-6.267
291.0,296.0,3.449,-3.271,-6.078
291.0,297.0,3.403,-3.179,-5.897
291.0,298.0,3.358,-3.082,-5.722
291.0,299.0,3.314,-2.983,-5.553
291.0,300.0,3.272,-2.881,-5.391
291.0,301.0,3.23,-2.779,-5.234
291.0,302.0,3.19,-2.677,-5.083
291.0,303.0,3.151,-2.576,-4.936
292.0,293.0,4.274,-4.361,-8.013
292.0,294.0,4.224,-4.331,-7.789
292.0,295.0,4.175,-4.28,-7.573
292.0,296.0,4.127,-4.213,-7.367
292.0,297.0,4.08,-4.134,-7.168
292.0,298.0,4.034,-4.045,-6.977
292.0,299.0,3.989,-3.95,-6.793
292.0,300.0,3.945,-3.85,-6.615
292.0,301.0,3.902,-3.747,-6.443
292.0,302.0,3.86,-3.643,-6.277
292.0,303.0,3.819,-3.538,-6.116
292.0,304.0,3.779,-3.433,-5.961
293.0,294.0,4.718,-4.706,-8.796
293.0,295.0,4.675,-4.752,-8.559
293.0,296.0,4.632,-4.762,-8.333
293.0,297.0,4.589,-4.745,-8.119
293.0,298.0,4.547,-4.705,-7.914
293.0,299.0,4.505,-4.649,-7.717
293.0,300.0,4.464,-4.579,-7.528
293.0,301.0,4.424,-4.499,-7.347
293.0,302.0,4.385,-4.412,-7.172
293.0,303.0,4.346,-4.32,-7.003
293.0,304.0,4.308,-4.224,-6.84
293.0,305.0,4.271,-4.125,-6.683
294.0,295.0,4.646,-4.569,-8.033
294.0,296.0,4.603,-4.536,-7.824
294.0,297.0,4.559,-4.483,-7.623
294.0,298.0,4.516,-4.415,-7.431
294.0,299.0,4.474,-4.336,-7.245
294.0,300.0,4.432,-4.25,-7.067
294.0,301.0,4.39,-4.157,-6.894
294.0,302.0,4.35,-4.061,-6.727
294.0,303.0,4.31,-3.963,-6.566
294.0,304.0,4.271,-3.863,-6.41
294.0,305.0,4.233,-3.763,-6.259
294.0,306.0,4.195,-3.663,-6.112
295.0,296.0,4.55,-4.451,-7.655
295.0,297.0,4.511,-4.417,-7.457
295.0,298.0,4.472,-4.366,-7.266
295.0,299.0,4.433,-4.303,-7.083
295.0,300.0,4.395,-4.23,-6.907
295.0,301.0,4.357,-4.151,-6.737
295.0,302.0,4.32,-4.066,-6.573
295.0,303.0,4.284,-3.977,-6.415
295.0,304.0,4.249,-3.886,-6.262
295.0,305.0,4.214,-3.793,-6.114
295.0,306.0,4.179,-3.7,-5.97
295.0,307.0,4.146,-3.608,-5.831
296.0,297.0,4.45,-4.408,-7.671
296.0,298.0,4.414,-4.381,-7.482
296.0,299.0,4.377,-4.337,-7.301
296.0,300.0,4.341,-4.279,-7.128
296.0,301.0,4.306,-4.21,-6.962
296.0,302.0,4.271,-4.134,-6.801
296.0,303.0,4.237,-4.052,-6.647
296.0,304.0,4.204,-3.966,-6.497
296.0,305.0,4.171,-3.878,-6.353
296.0,306.0,4.139,-3.787,-6.213
296.0,307.0,4.107,-3.696,-6.078
296.0,308.0,4.076,-3.605,-5.947
297.0,298.0,4.232,-4.212,-7.196
297.0,299.0,4.198,-4.162,-7.019
297.0,300.0,4.164,-4.099,-6.85
297.0,301.0,4.13,-4.026,-6.686
297.0,302.0,4.096,-3.947,-6.529
297.0,303.0,4.063,-3.863,-6.377
297.0,304.0,4.031,-3.775,-6.23
297.0,305.0,3.998,-3.685,-6.088
297.0,306.0,3.967,-3.594,-5.95
297.0,307.0,3.935,-3.503,-5.817
297.0,308.0,3.905,-3.412,-5.687
297.0,309.0,3.874,-3.322,-5.561
298.0,299.0,4.398,-4.443,-7.858
298.0,300.0,4.36,-4.422,-7.659
298.0,301.0,4.322,-4.381,-7.469
298.0,302.0,4.284,-4.325,-7.287
298.0,303.0,4.246,-4.257,-7.112
298.0,304.0,4.209,-4.18,-6.944
298.0,305.0,4.172,-4.097,-6.781
298.0,306.0,4.136,-4.008,-6.625
298.0,307.0,4.101,-3.917,-6.473
298.0,308.0,4.066,-3.824,-6.326
298.0,309.0,4.031,-3.729,-6.184
298.0,310.0,3.997,-3.634,-6.046
299.0,300.0,4.221,-4.295,-8.089
299.0,301.0,4.178,-4.298,-7.886
299.0,302.0,4.136,-4.275,-7.694
299.0,303.0,4.094,-4.233,-7.509
299.0,304.0,4.053,-4.177,-7.331
299.0,305.0,4.012,-4.109,-7.161
299.0,306.0,3.972,-4.032,-6.996
299.0,307.0,3.933,-3.95,-6.836
299.0,308.0,3.894,-3.864,-6.682
299.0,309.0,3.856,-3.774,-6.533
299.0,310.0,3.819,-3.683,-6.387
299.0,311.0,3.783,-3.591,-6.247
300.0,301.0,4.846,-4.877,-8.378
300.0,302.0,4.808,-4.826,-8.186
300.0,303.0,4.77,-4.76,-8.001
300.0,304.0,4.732,-4.685,-7.823
300.0,305.0,4.695,-4.602,-7.652
300.0,306.0,4.658,-4.513,-7.486
300.0,307.0,4.621,-4.421,-7.325
300.0,308.0,4.585,-4.327,-7.169
300.0,309.0,4.55,-4.232,-7.018
300.0,310.0,4.514,-4.136,-6.871
300.0,311.0,4.48,-4.04,-6.728
300.0,312.0,4.446,-3.945,-6.589
301.0,302.0,4.561,-4.533,-7.111
301.0,303.0,4.531,-4.5,-6.95
301.0,304.0,4.501,-4.455,-6.796
301.0,305.0,4.471,-4.399,-6.647
301.0,306.0,4.442,-4.336,-6.504
301.0,307.0,4.414,-4.266,-6.366
301.0,308.0,4.386,-4.192,-6.233
301.0,309.0,4.359,-4.115,-6.105
301.0,310.0,4.332,-4.035,-5.981
301.0,311.0,4.306,-3.954,-5.861
301.0,312.0,4.28,-3.872,-5.745
301.0,313.0,4.255,-3.79,-5.633
302.0,303.0,4.656,-4.705,-8.681
302.0,304.0,4.621,-4.725,-8.486
302.0,305.0,4.585,-4.717,-8.301
302.0,306.0,4.549,-4.687,-8.123
302.0,307.0,4.513,-4.64,-7.953
302.0,308.0,4.477,-4.581,-7.79
302.0,309.0,4.441,-4.512,-7.632
302.0,310.0,4.405,-4.436,-7.479
302.0,311.0,4.37,-4.356,-7.33
302.0,312.0,4.335,-4.273,-7.186
302.0,313.0,4.3,-4.187,-7.046
302.0,314.0,4.266,-4.1,-6.91
303.0,304.0,4.78,-4.72,-8.151
303.0,305.0,4.739,-4.687,-7.942
303.0,306.0,4.698,-4.634,-7.741
303.0,307.0,4.658,-4.567,-7.548
303.0,308.0,4.618,-4.489,-7.363
303.0,309.0,4.578,-4.402,-7.185
303.0,310.0,4.539,-4.31,-7.012
303.0,311.0,4.501,-4.213,-6.846
303.0,312.0,4.463,-4.114,-6.685
303.0,313.0,4.426,-4.014,-6.53
303.0,314.0,4.39,-3.913,-6.379
303.0,315.0,4.354,-3.812,-6.233
304.0,305.0,4.573,-4.483,-7.845
304.0,306.0,4.535,-4.45,-7.675
304.0,307.0,4.498,-4.404,-7.51
304.0,308.0,4.461,-4.347,-7.352
304.0,309.0,4.424,-4.283,-7.199
304.0,310.0,4.387,-4.212,-7.051
304.0,311.0,4.351,-4.138,-6.907
304.0,312.0,4.316,-4.06,-6.768
304.0,313.0,4.281,-3.98,-6.632
304.0,314.0,4.247,-3.899,-6.501
304.0,315.0,4.213,-3.817,-6.373
304.0,316.0,4.179,-3.735,-6.248
305.0,306.0,4.19,-4.077,-7.46
305.0,307.0,4.153,-4.022,-7.301
305.0,308.0,4.115,-3.958,-7.147
305.0,309.0,4.078,-3.887,-6.997
305.0,310.0,4.041,-3.812,-6.852
305.0,311.0,4.004,-3.734,-6.71
305.0,312.0,3.968,-3.654,-6.572
305.0,313.0,3.932,-3.573,-6.438
305.0,314.0,3.896,-3.492,-6.307
305.0,315.0,3.861,-3.411,-6.179
305.0,316.0,3.827,-3.331,-6.054
305.0,317.0,3.793,-3.252,-5.932
306.0,307.0,3.849,-3.783,-7.211
306.0,308.0,3.814,-3.763,-7.058
306.0,309.0,3.779,-3.728,-6.911
306.0,310.0,3.744,-3.681,-6.771
306.0,311.0,3.71,-3.625,-6.635
306.0,312.0,3.677,-3.563,-6.503
306.0,313.0,3.643,-3.496,-6.376
306.0,314.0,3.611,-3.426,-6.252
306.0,315.0,3.578,-3.353,-6.132
306.0,316.0,3.547,-3.279,-6.015
306.0,317.0,3.515,-3.203,-5.901
306.0,318.0,3.485,-3.128,-5.79
307.0,308.0,3.831,-3.852,-7.973
307.0,309.0,3.792,-3.878,-7.776
307.0,310.0,3.753,-3.875,-7.59
307.0,311.0,3.714,-3.849,-7.412
307.0,312.0,3.675,-3.806,-7.241
307.0,313.0,3.636,-3.751,-7.076
307.0,314.0,3.597,-3.686,-6.918
307.0,315.0,3.559,-3.614,-6.764
307.0,316.0,3.522,-3.537,-6.616
307.0,317.0,3.484,-3.457,-6.471
307.0,318.0,3.448,-3.374,-6.331
307.0,319.0,3.412,-3.291,-6.194
308.0,309.0,3.259,-3.195,-6.243
308.0,310.0,3.228,-3.18,-6.095
308.0,311.0,3.196,-3.15,-5.953
308.0,312.0,3.165,-3.108,-5.817
308.0,313.0,3.134,-3.056,-5.687
308.0,314.0,3.104,-2.998,-5.56
308.0,315.0,3.074,-2.934,-5.439
308.0,316.0,3.044,-2.867,-5.32
308.0,317.0,3.015,-2.797,-5.206
308.0,318.0,2.986,-2.725,-5.095
308.0,319.0,2.958,-2.652,-4.986
308.0,320.0,2.93,-2.578,-4.881
309.0,310.0,3.39,-3.348,-6.785
309.0,311.0,3.352,-3.343,-6.625
309.0,312.0,3.315,-3.319,-6.473
309.0,313.0,3.278,-3.282,-6.327
309.0,314.0,3.242,-3.234,-6.187
309.0,315.0,3.206,-3.178,-6.052
309.0,316.0,3.171,-3.115,-5.921
309.0,317.0,3.137,-3.048,-5.794
309.0,318.0,3.104,-2.977,-5.672
309.0,319.0,3.071,-2.903,-5.553
309.0,320.0,3.038,-2.828,-5.437
309.0,321.0,3.007,-2.752,-5.324
310.0,311.0,3.618,-3.694,-7.799
310.0,312.0,3.576,-3.748,-7.605
310.0,313.0,3.535,-3.77,-7.421
310.0,314.0,3.494,-3.767,-7.247
310.0,315.0,3.454,-3.744,-7.08
310.0,316.0,3.415,-3.706,-6.921
310.0,317.0,3.376,-3.655,-6.768
310.0,318.0,3.338,-3.595,-6.62
310.0,319.0,3.301,-3.528,-6.477
310.0,320.0,3.264,-3.455,-6.339
310.0,321.0,3.228,-3.379,-6.206
310.0,322.0,3.193,-3.299,-6.076
311.0,312.0,3.74,-3.663,-7.596
311.0,313.0,3.702,-3.704,-7.423
311.0,314.0,3.664,-3.718,-7.259
311.0,315.0,3.626,-3.711,-7.104
311.0,316.0,3.59,-3.687,-6.955
311.0,317.0,3.553,-3.65,-6.813
311.0,318.0,3.518,-3.602,-6.676
311.0,319.0,3.482,-3.546,-6.543
311.0,320.0,3.448,-3.484,-6.416
311.0,321.0,3.414,-3.418,-6.292
311.0,322.0,3.381,-3.348,-6.171
311.0,323.0,3.348,-3.276,-6.054
312.0,313.0,4.27,-4.215,-7.789
312.0,314.0,4.239,-4.237,-7.635
312.0,315.0,4.207,-4.237,-7.488
312.0,316.0,4.176,-4.22,-7.349
312.0,317.0,4.145,-4.189,-7.215
312.0,318.0,4.115,-4.147,-7.087
312.0,319.0,4.085,-4.097,-6.963
312.0,320.0,4.054,-4.04,-6.844
312.0,321.0,4.025,-3.979,-6.728
312.0,322.0,3.995,-3.914,-6.616
312.0,323.0,3.966,-3.847,-6.507
312.0,324.0,3.938,-3.777,-6.4
313.0,314.0,4.441,-4.454,-8.492
313.0,315.0,4.402,-4.511,-8.288
313.0,316.0,4.363,-4.534,-8.095
313.0,317.0,4.325,-4.531,-7.911
313.0,318.0,4.286,-4.506,-7.736
313.0,319.0,4.249,-4.464,-7.568
313.0,320.0,4.212,-4.41,-7.407
313.0,321.0,4.175,-4.346,-7.251
313.0,322.0,4.139,-4.274,-7.101
313.0,323.0,4.103,-4.196,-6.956
313.0,324.0,4.068,-4.115,-6.816
313.0,325.0,4.033,-4.03,-6.68
314.0,315.0,4.358,-4.268,-8.376
314.0,316.0,4.33,-4.296,-8.223
314.0,317.0,4.301,-4.299,-8.077
314.0,318.0,4.273,-4.284,-7.939
314.0,319.0,4.244,-4.255,-7.806
314.0,320.0,4.215,-4.215,-7.678
314.0,321.0,4.185,-4.167,-7.555
314.0,322.0,4.156,-4.112,-7.435
314.0,323.0,4.128,-4.053,-7.319
314.0,324.0,4.099,-3.991,-7.205
314.0,325.0,4.071,-3.926,-7.095
314.0,326.0,4.042,-3.86,-6.987
315.0,316.0,4.383,-4.332,-8.519
315.0,317.0,4.353,-4.315,-8.37
315.0,318.0,4.322,-4.283,-8.227
315.0,319.0,4.291,-4.239,-8.089
315.0,320.0,4.26,-4.186,-7.955
315.0,321.0,4.229,-4.127,-7.824
315.0,322.0,4.198,-4.064,-7.697
315.0,323.0,4.167,-3.998,-7.574
315.0,324.0,4.137,-3.929,-7.453
315.0,325.0,4.107,-3.86,-7.335
315.0,326.0,4.077,-3.789,-7.219
315.0,327.0,4.047,-3.719,-7.105
316.0,317.0,4.303,-4.4,-8.685
316.0,318.0,4.27,-4.42,-8.51
316.0,319.0,4.237,-4.416,-8.344
316.0,320.0,4.204,-4.393,-8.185
316.0,321.0,4.171,-4.354,-8.033
316.0,322.0,4.137,-4.305,-7.886
316.0,323.0,4.104,-4.248,-7.744
316.0,324.0,4.071,-4.184,-7.607
316.0,325.0,4.039,-4.116,-7.474
316.0,326.0,4.006,-4.044,-7.344
316.0,327.0,3.974,-3.97,-7.217
316.0,328.0,3.943,-3.895,-7.094
317.0,318.0,4.03,-4.133,-8.78
317.0,319.0,3.977,-4.161,-8.517
317.0,320.0,3.924,-4.153,-8.264
317.0,321.0,3.871,-4.118,-8.021
317.0,322.0,3.819,-4.062,-7.787
317.0,323.0,3.768,-3.99,-7.561
317.0,324.0,3.718,-3.906,-7.343
317.0,325.0,3.669,-3.813,-7.132
317.0,326.0,3.621,-3.714,-6.928
317.0,327.0,3.574,-3.611,-6.731
317.0,328.0,3.528,-3.505,-6.541
317.0,329.0,3.483,-3.398,-6.357
318.0,319.0,4.172,-4.271,-8.52
318.0,320.0,4.14,-4.316,-8.337
318.0,321.0,4.106,-4.334,-8.164
318.0,322.0,4.073,-4.329,-8.001
318.0,323.0,4.039,-4.306,-7.844
318.0,324.0,4.005,-4.27,-7.695
318.0,325.0,3.971,-4.222,-7.552
318.0,326.0,3.937,-4.167,-7.413
318.0,327.0,3.903,-4.104,-7.28
318.0,328.0,3.87,-4.037,-7.15
318.0,329.0,3.837,-3.966,-7.024
318.0,330.0,3.805,-3.892,-6.902
319.0,320.0,3.851,-3.891,-7.945
319.0,321.0,3.816,-3.943,-7.781
319.0,322.0,3.782,-3.968,-7.628
319.0,323.0,3.748,-3.971,-7.482
319.0,324.0,3.715,-3.958,-7.343
319.0,325.0,3.681,-3.931,-7.211
319.0,326.0,3.649,-3.893,-7.084
319.0,327.0,3.616,-3.846,-6.961
319.0,328.0,3.584,-3.793,-6.842
319.0,329.0,3.553,-3.735,-6.727
319.0,330.0,3.522,-3.673,-6.616
319.0,331.0,3.491,-3.609,-6.507
320.0,321.0,3.111,-3.212,-7.41
320.0,322.0,3.074,-3.233,-7.24
320.0,323.0,3.036,-3.229,-7.078
320.0,324.0,2.998,-3.205,-6.923
320.0,325.0,2.959,-3.166,-6.773
320.0,326.0,2.922,-3.116,-6.628
320.0,327.0,2.884,-3.059,-6.488
320.0,328.0,2.847,-2.995,-6.352
320.0,329.0,2.81,-2.927,-6.219
320.0,330.0,2.774,-2.857,-6.09
320.0,331.0,2.738,-2.784,-5.963
320.0,332.0,2.703,-2.711,-5.84
321.0,322.0,2.632,-2.605,-5.948
321.0,323.0,2.595,-2.545,-5.812
321.0,324.0,2.559,-2.481,-5.68
321.0,325.0,2.524,-2.413,-5.551
321.0,326.0,2.489,-2.343,-5.426
321.0,327.0,2.455,-2.272,-5.304
321.0,328.0,2.421,-2.2,-5.185
321.0,329.0,2.388,-2.128,-5.069
321.0,330.0,2.356,-2.056,-4.955
321.0,331.0,2.325,-1.984,-4.845
321.0,332.0,2.294,-1.913,-4.736
321.0,333.0,2.264,-1.843,-4.631
322.0,323.0,2.915,-2.912,-6.394
322.0,324.0,2.883,-2.9,-6.256
322.0,325.0,2.851,-2.875,-6.124
322.0,326.0,2.82,-2.839,-5.997
322.0,327.0,2.79,-2.796,-5.875
322.0,328.0,2.76,-2.746,-5.757
322.0,329.0,2.73,-2.69,-5.642
322.0,330.0,2.701,-2.631,-5.531
322.0,331.0,2.673,-2.57,-5.424
322.0,332.0,2.645,-2.506,-5.319
322.0,333.0,2.618,-2.441,-5.217
322.0,334.0,2.591,-2.375,-5.117
323.0,324.0,2.799,-2.797,-5.911
323.0,325.0,2.762,-2.745,-5.777
323.0,326.0,2.725,-2.688,-5.647
323.0,327.0,2.689,-2.625,-5.522
323.0,328.0,2.654,-2.558,-5.4
323.0,329.0,2.62,-2.489,-5.282
323.0,330.0,2.586,-2.417,-5.167
323.0,331.0,2.553,-2.345,-5.055
323.0,332.0,2.52,-2.271,-4.945
323.0,333.0,2.488,-2.198,-4.839
323.0,334.0,2.457,-2.124,-4.735
323.0,335.0,2.427,-2.051,-4.634
324.0,325.0,2.57,-2.524,-5.863
324.0,326.0,2.534,-2.472,-5.721
324.0,327.0,2.499,-2.413,-5.585
324.0,328.0,2.464,-2.349,-5.452
324.0,329.0,2.43,-2.282,-5.324
324.0,330.0,2.396,-2.212,-5.199
324.0,331.0,2.364,-2.14,-5.078
324.0,332.0,2.331,-2.068,-4.96
324.0,333.0,2.3,-1.995,-4.844
324.0,334.0,2.269,-1.922,-4.732
324.0,335.0,2.239,-1.849,-4.623
324.0,336.0,2.209,-1.777,-4.516
325.0,326.0,2.541,-2.511,-5.861
325.0,327.0,2.496,-2.468,-5.685
325.0,328.0,2.453,-2.414,-5.516
325.0,329.0,2.411,-2.35,-5.354
325.0,330.0,2.37,-2.28,-5.197
325.0,331.0,2.33,-2.204,-5.047
325.0,332.0,2.292,-2.124,-4.901
325.0,333.0,2.255,-2.042,-4.76
325.0,334.0,2.219,-1.957,-4.624
325.0,335.0,2.184,-1.872,-4.492
325.0,336.0,2.15,-1.786,-4.364
325.0,337.0,2.117,-1.7,-4.24
326.0,327.0,2.692,-2.63,-6.237
326.0,328.0,2.656,-2.604,-6.089
326.0,329.0,2.619,-2.566,-5.946
326.0,330.0,2.583,-2.518,-5.807
326.0,331.0,2.548,-2.462,-5.674
326.0,332.0,2.512,-2.401,-5.544
326.0,333.0,2.478,-2.337,-5.418
326.0,334.0,2.444,-2.27,-5.295
326.0,335.0,2.411,-2.202,-5.175
326.0,336.0,2.378,-2.132,-5.059
326.0,337.0,2.346,-2.062,-4.945
326.0,338.0,2.315,-1.993,-4.834
327.0,328.0,3.068,-3.026,-6.634
327.0,329.0,3.038,-3.024,-6.494
327.0,330.0,3.008,-3.007,-6.361
327.0,331.0,2.978,-2.978,-6.234
327.0,332.0,2.949,-2.94,-6.111
327.0,333.0,2.92,-2.895,-5.993
327.0,334.0,2.891,-2.844,-5.879
327.0,335.0,2.863,-2.788,-5.768
327.0,336.0,2.835,-2.73,-5.661
327.0,337.0,2.807,-2.668,-5.556
327.0,338.0,2.78,-2.606,-5.454
327.0,339.0,2.754,-2.542,-5.355
328.0,329.0,2.747,-2.708,-6.093
328.0,330.0,2.713,-2.687,-5.947
328.0,331.0,2.678,-2.652,-5.808
328.0,332.0,2.645,-2.609,-5.674
328.0,333.0,2.612,-2.557,-5.545
328.0,334.0,2.58,-2.5,-5.42
328.0,335.0,2.549,-2.438,-5.299
328.0,336.0,2.518,-2.373,-5.182
328.0,337.0,2.488,-2.305,-5.069
328.0,338.0,2.458,-2.236,-4.958
328.0,339.0,2.429,-2.166,-4.85
328.0,340.0,2.401,-2.095,-4.745
329.0,330.0,2.139,-2.014,-4.913
329.0,331.0,2.109,-1.93,-4.8
329.0,332.0,2.079,-1.849,-4.689
329.0,333.0,2.051,-1.769,-4.581
329.0,334.0,2.022,-1.691,-4.475
329.0,335.0,1.995,-1.614,-4.372
329.0,336.0,1.968,-1.54,-4.27
329.0,337.0,1.941,-1.466,-4.171
329.0,338.0,1.916,-1.395,-4.074
329.0,339.0,1.891,-1.325,-3.98
329.0,340.0,1.866,-1.256,-3.887
329.0,341.0,1.842,-1.189,-3.796
330.0,331.0,2.257,-2.125,-4.991
330.0,332.0,2.217,-2.038,-4.836
330.0,333.0,2.179,-1.949,-4.686
330.0,334.0,2.142,-1.86,-4.541
330.0,335.0,2.106,-1.772,-4.401
330.0,336.0,2.071,-1.684,-4.265
330.0,337.0,2.037,-1.597,-4.133
330.0,338.0,2.004,-1.511,-4.005
330.0,339.0,1.972,-1.427,-3.881
330.0,340.0,1.941,-1.345,-3.761
330.0,341.0,1.91,-1.264,-3.644
330.0,342.0,1.881,-1.185,-3.531
331.0,332.0,2.141,-2.013,-4.96
331.0,333.0,2.11,-1.956,-4.847
331.0,334.0,2.081,-1.895,-4.737
331.0,335.0,2.052,-1.833,-4.63
331.0,336.0,2.023,-1.768,-4.526
331.0,337.0,1.995,-1.703,-4.425
331.0,338.0,1.968,-1.637,-4.327
331.0,339.0,1.942,-1.57,-4.231
331.0,340.0,1.916,-1.504,-4.138
331.0,341.0,1.89,-1.437,-4.046
331.0,342.0,1.866,-1.372,-3.957
331.0,343.0,1.841,-1.306,-3.87
332.0,333.0,2.23,-2.104,-5.129
332.0,334.0,2.198,-2.055,-5.007
332.0,335.0,2.166,-2.0,-4.889
332.0,336.0,2.135,-1.941,-4.775
332.0,337.0,2.104,-1.879,-4.664
332.0,338.0,2.074,-1.815,-4.556
332.0,339.0,2.045,-1.75,-4.451
332.0,340.0,2.016,-1.684,-4.349
332.0,341.0,1.988,-1.617,-4.249
332.0,342.0,1.961,-1.55,-4.152
332.0,343.0,1.934,-1.484,-4.057
332.0,344.0,1.908,-1.418,-3.964
333.0,334.0,2.419,-2.337,-5.233
333.0,335.0,2.389,-2.312,-5.12
333.0,336.0,2.36,-2.278,-5.011
333.0,337.0,2.332,-2.237,-4.907
333.0,338.0,2.304,-2.191,-4.805
333.0,339.0,2.276,-2.14,-4.708
333.0,340.0,2.249,-2.086,-4.613
333.0,341.0,2.223,-2.03,-4.52
333.0,342.0,2.197,-1.971,-4.431
333.0,343.0,2.171,-1.912,-4.343
333.0,344.0,2.146,-1.851,-4.258
333.0,345.0,2.122,-1.79,-4.174
334.0,335.0,2.374,-2.212,-5.237
334.0,336.0,2.343,-2.171,-5.116
334.0,337.0,2.312,-2.123,-4.998
334.0,338.0,2.281,-2.07,-4.885
334.0,339.0,2.252,-2.014,-4.775
334.0,340.0,2.222,-1.954,-4.668
334.0,341.0,2.194,-1.893,-4.564
334.0,342.0,2.165,-1.83,-4.463
334.0,343.0,2.138,-1.767,-4.364
334.0,344.0,2.111,-1.703,-4.268
334.0,345.0,2.084,-1.639,-4.174
334.0,346.0,2.058,-1.575,-4.082
335.0,336.0,2.33,-2.257,-5.37
335.0,337.0,2.3,-2.208,-5.262
335.0,338.0,2.272,-2.155,-5.158
335.0,339.0,2.243,-2.1,-5.056
335.0,340.0,2.216,-2.042,-4.957
335.0,341.0,2.188,-1.983,-4.86
335.0,342.0,2.161,-1.923,-4.766
335.0,343.0,2.135,-1.862,-4.673
335.0,344.0,2.109,-1.801,-4.583
335.0,345.0,2.083,-1.741,-4.494
335.0,346.0,2.058,-1.681,-4.407
335.0,347.0,2.034,-1.621,-4.322
336.0,337.0,2.41,-2.267,-5.414
336.0,338.0,2.381,-2.241,-5.293
336.0,339.0,2.351,-2.206,-5.176
336.0,340.0,2.322,-2.164,-5.063
336.0,341.0,2.294,-2.116,-4.955
336.0,342.0,2.265,-2.064,-4.849
336.0,343.0,2.238,-2.008,-4.747
336.0,344.0,2.211,-1.951,-4.647
336.0,345.0,2.184,-1.892,-4.55
336.0,346.0,2.158,-1.832,-4.456
336.0,347.0,2.132,-1.771,-4.363
336.0,348.0,2.107,-1.711,-4.273
337.0,338.0,2.789,-2.738,-6.287
337.0,339.0,2.755,-2.732,-6.153
337.0,340.0,2.722,-2.713,-6.025
337.0,341.0,2.69,-2.684,-5.902
337.0,342.0,2.659,-2.646,-5.785
337.0,343.0,2.628,-2.602,-5.671
337.0,344.0,2.598,-2.553,-5.562
337.0,345.0,2.568,-2.5,-5.455
337.0,346.0,2.539,-2.444,-5.352
337.0,347.0,2.511,-2.385,-5.252
337.0,348.0,2.483,-2.325,-5.154
337.0,349.0,2.456,-2.263,-5.059
338.0,339.0,2.663,-2.594,-6.234
338.0,340.0,2.629,-2.598,-6.09
338.0,341.0,2.595,-2.585,-5.953
338.0,342.0,2.562,-2.558,-5.821
338.0,343.0,2.529,-2.52,-5.694
338.0,344.0,2.497,-2.475,-5.572
338.0,345.0,2.464,-2.423,-5.453
338.0,346.0,2.433,-2.367,-5.338
338.0,347.0,2.402,-2.307,-5.226
338.0,348.0,2.371,-2.246,-5.117
338.0,349.0,2.341,-2.182,-5.011
338.0,350.0,2.311,-2.118,-4.907
339.0,340.0,2.634,-2.575,-6.196
339.0,341.0,2.599,-2.566,-6.048
339.0,342.0,2.564,-2.543,-5.907
339.0,343.0,2.53,-2.508,-5.771
339.0,344.0,2.496,-2.464,-5.641
339.0,345.0,2.462,-2.413,-5.515
339.0,346.0,2.429,-2.357,-5.393
339.0,347.0,2.396,-2.297,-5.274
339.0,348.0,2.364,-2.233,-5.159
339.0,349.0,2.333,-2.168,-5.048
339.0,350.0,2.302,-2.102,-4.939
339.0,351.0,2.272,-2.034,-4.832
340.0,341.0,2.417,-2.38,-5.522
340.0,342.0,2.38,-2.336,-5.375
340.0,343.0,2.344,-2.284,-5.233
340.0,344.0,2.308,-2.225,-5.096
340.0,345.0,2.274,-2.161,-4.964
340.0,346.0,2.241,-2.093,-4.837
340.0,347.0,2.208,-2.023,-4.713
340.0,348.0,2.176,-1.95,-4.594
340.0,349.0,2.145,-1.875,-4.478
340.0,350.0,2.115,-1.8,-4.365
340.0,351.0,2.086,-1.724,-4.256
340.0,352.0,2.057,-1.648,-4.15
341.0,342.0,2.913,-2.832,-5.791
341.0,343.0,2.885,-2.823,-5.678
341.0,344.0,2.859,-2.803,-5.571
341.0,345.0,2.832,-2.774,-5.469
341.0,346.0,2.806,-2.738,-5.37
341.0,347.0,2.781,-2.696,-5.275
341.0,348.0,2.756,-2.65,-5.183
341.0,349.0,2.731,-2.601,-5.093
341.0,350.0,2.707,-2.549,-5.007
341.0,351.0,2.683,-2.495,-4.922
341.0,352.0,2.659,-2.439,-4.84
341.0,353.0,2.636,-2.383,-4.759
342.0,343.0,3.214,-3.115,-6.005
342.0,344.0,3.191,-3.1,-5.899
342.0,345.0,3.168,-3.075,-5.797
342.0,346.0,3.145,-3.044,-5.7
342.0,347.0,3.123,-3.006,-5.606
342.0,348.0,3.101,-2.964,-5.516
342.0,349.0,3.079,-2.918,-5.428
342.0,350.0,3.057,-2.869,-5.343
342.0,351.0,3.036,-2.818,-5.26
342.0,352.0,3.015,-2.766,-5.18
342.0,353.0,2.994,-2.712,-5.101
342.0,354.0,2.974,-2.657,-5.024
343.0,344.0,3.487,-3.531,-7.578
343.0,345.0,3.454,-3.549,-7.424
343.0,346.0,3.419,-3.544,-7.277
343.0,347.0,3.385,-3.522,-7.136
343.0,348.0,3.35,-3.488,-7.001
343.0,349.0,3.316,-3.444,-6.869
343.0,350.0,3.281,-3.392,-6.742
343.0,351.0,3.247,-3.335,-6.618
343.0,352.0,3.213,-3.274,-6.498
343.0,353.0,3.18,-3.211,-6.38
343.0,354.0,3.147,-3.145,-6.266
343.0,355.0,3.114,-3.078,-6.153
344.0,345.0,3.553,-3.497,-6.177
344.0,346.0,3.526,-3.46,-6.077
344.0,347.0,3.5,-3.417,-5.981
344.0,348.0,3.474,-3.37,-5.887
344.0,349.0,3.448,-3.319,-5.797
344.0,350.0,3.422,-3.265,-5.709
344.0,351.0,3.397,-3.21,-5.623
344.0,352.0,3.372,-3.153,-5.539
344.0,353.0,3.348,-3.095,-5.457
344.0,354.0,3.323,-3.036,-5.377
344.0,355.0,3.299,-2.977,-5.299
344.0,356.0,3.276,-2.918,-5.222
345.0,346.0,3.396,-3.43,-6.886
345.0,347.0,3.364,-3.415,-6.75
345.0,348.0,3.333,-3.388,-6.621
345.0,349.0,3.302,-3.351,-6.497
345.0,350.0,3.271,-3.306,-6.377
345.0,351.0,3.241,-3.256,-6.261
345.0,352.0,3.212,-3.2,-6.149
345.0,353.0,3.183,-3.142,-6.04
345.0,354.0,3.154,-3.08,-5.934
345.0,355.0,3.126,-3.017,-5.831
345.0,356.0,3.098,-2.952,-5.73
345.0,357.0,3.071,-2.887,-5.632
346.0,347.0,3.345,-3.379,-7.054
346.0,348.0,3.312,-3.368,-6.911
346.0,349.0,3.279,-3.344,-6.775
346.0,350.0,3.247,-3.309,-6.644
346.0,351.0,3.215,-3.266,-6.518
346.0,352.0,3.184,-3.217,-6.397
346.0,353.0,3.153,-3.162,-6.279
346.0,354.0,3.122,-3.103,-6.165
346.0,355.0,3.092,-3.042,-6.054
346.0,356.0,3.062,-2.978,-5.946
346.0,357.0,3.033,-2.913,-5.84
346.0,358.0,3.004,-2.847,-5.738
347.0,348.0,3.635,-3.634,-6.925
347.0,349.0,3.607,-3.624,-6.816
347.0,350.0,3.579,-3.605,-6.711
347.0,351.0,3.551,-3.577,-6.611
347.0,352.0,3.524,-3.543,-6.514
347.0,353.0,3.498,-3.503,-6.42
347.0,354.0,3.472,-3.46,-6.33
347.0,355.0,3.446,-3.412,-6.242
347.0,356.0,3.42,-3.363,-6.156
347.0,357.0,3.395,-3.311,-6.072
347.0,358.0,3.371,-3.258,-5.991
347.0,359.0,3.346,-3.204,-5.911
348.0,349.0,3.821,-3.752,-6.591
348.0,350.0,3.8,-3.74,-6.495
348.0,351.0,3.779,-3.719,-6.404
348.0,352.0,3.757,-3.691,-6.316
348.0,353.0,3.737,-3.657,-6.232
348.0,354.0,3.716,-3.618,-6.15
348.0,355.0,3.695,-3.577,-6.071
348.0,356.0,3.675,-3.532,-5.993
348.0,357.0,3.654,-3.485,-5.918
348.0,358.0,3.634,-3.437,-5.845
348.0,359.0,3.614,-3.388,-5.773
348.0,360.0,3.594,-3.338,-5.703
349.0,350.0,3.34,-3.252,-5.62
349.0,351.0,3.316,-3.198,-5.535
349.0,352.0,3.292,-3.142,-5.453
349.0,353.0,3.268,-3.085,-5.372
349.0,354.0,3.244,-3.027,-5.293
349.0,355.0,3.221,-2.969,-5.216
349.0,356.0,3.198,-2.911,-5.141
349.0,357.0,3.176,-2.852,-5.067
349.0,358.0,3.153,-2.794,-4.994
349.0,359.0,3.131,-2.736,-4.923
349.0,360.0,3.109,-2.679,-4.853
349.0,361.0,3.088,-2.622,-4.785
350.0,351.0,3.311,-3.222,-5.546
350.0,352.0,3.287,-3.164,-5.464
350.0,353.0,3.264,-3.105,-5.383
350.0,354.0,3.242,-3.046,-5.304
350.0,355.0,3.219,-2.987,-5.227
350.0,356.0,3.197,-2.928,-5.151
350.0,357.0,3.175,-2.869,-5.077
350.0,358.0,3.154,-2.81,-5.004
350.0,359.0,3.132,-2.752,-4.932
350.0,360.0,3.111,-2.694,-4.862
350.0,361.0,3.091,-2.637,-4.793
350.0,362.0,3.07,-2.581,-4.725
351.0,352.0,3.341,-3.273,-5.891
351.0,353.0,3.317,-3.212,-5.808
351.0,354.0,3.294,-3.15,-5.726
351.0,355.0,3.272,-3.089,-5.646
351.0,356.0,3.249,-3.029,-5.567
351.0,357.0,3.227,-2.968,-5.49
351.0,358.0,3.205,-2.908,-5.414
351.0,359.0,3.183,-2.849,-5.34
351.0,360.0,3.162,-2.79,-5.267
351.0,361.0,3.141,-2.732,-5.195
351.0,362.0,3.12,-2.674,-5.124
351.0,363.0,3.1,-2.617,-5.055
352.0,353.0,3.256,-3.163,-5.271
352.0,354.0,3.234,-3.064,-5.213
352.0,355.0,3.213,-2.972,-5.154
352.0,356.0,3.192,-2.887,-5.094
352.0,357.0,3.172,-2.808,-5.034
352.0,358.0,3.152,-2.734,-4.974
352.0,359.0,3.132,-2.663,-4.914
352.0,360.0,3.112,-2.597,-4.854
352.0,361.0,3.093,-2.533,-4.794
352.0,362.0,3.074,-2.472,-4.735
352.0,363.0,3.055,-2.413,-4.676
352.0,364.0,3.037,-2.356,-4.618
353.0,354.0,3.075,-2.936,-5.03
353.0,355.0,3.052,-2.832,-4.968
353.0,356.0,3.03,-2.737,-4.905
353.0,357.0,3.007,-2.649,-4.841
353.0,358.0,2.986,-2.567,-4.778
353.0,359.0,2.964,-2.489,-4.714
353.0,360.0,2.943,-2.416,-4.651
353.0,361.0,2.922,-2.347,-4.587
353.0,362.0,2.901,-2.28,-4.525
353.0,363.0,2.88,-2.217,-4.463
353.0,364.0,2.86,-2.156,-4.401
353.0,365.0,2.84,-2.097,-4.341
354.0,355.0,3.114,-2.979,-5.102
354.0,356.0,3.091,-2.876,-5.036
354.0,357.0,3.068,-2.782,-4.969
354.0,358.0,3.046,-2.694,-4.902
354.0,359.0,3.024,-2.611,-4.835
354.0,360.0,3.002,-2.534,-4.768
354.0,361.0,2.981,-2.46,-4.702
354.0,362.0,2.96,-2.391,-4.636
354.0,363.0,2.94,-2.324,-4.57
354.0,364.0,2.92,-2.26,-4.506
354.0,365.0,2.9,-2.198,-4.442
354.0,366.0,2.88,-2.138,-4.379
355.0,356.0,3.089,-2.909,-4.403
355.0,357.0,3.069,-2.746,-4.375
355.0,358.0,3.05,-2.603,-4.342
355.0,359.0,3.03,-2.478,-4.306
355.0,360.0,3.011,-2.368,-4.267
355.0,361.0,2.992,-2.269,-4.225
355.0,362.0,2.973,-2.18,-4.182
355.0,363.0,2.955,-2.099,-4.137
355.0,364.0,2.936,-2.025,-4.092
355.0,365.0,2.918,-1.957,-4.046
355.0,366.0,2.9,-1.893,-4.0
355.0,367.0,2.883,-1.834,-3.953
356.0,357.0,2.847,-2.701,-4.781
356.0,358.0,2.82,-2.553,-4.717
356.0,359.0,2.793,-2.422,-4.652
356.0,360.0,2.768,-2.305,-4.584
356.0,361.0,2.742,-2.198,-4.515
356.0,362.0,2.718,-2.101,-4.446
356.0,363.0,2.693,-2.011,-4.377
356.0,364.0,2.67,-1.928,-4.307
356.0,365.0,2.646,-1.851,-4.238
356.0,366.0,2.624,-1.778,-4.169
356.0,367.0,2.601,-1.709,-4.1
356.0,368.0,2.579,-1.643,-4.033
357.0,358.0,3.004,-2.822,-4.226
357.0,359.0,2.981,-2.651,-4.192
357.0,360.0,2.958,-2.501,-4.153
357.0,361.0,2.936,-2.37,-4.112
357.0,362.0,2.914,-2.253,-4.067
357.0,363.0,2.893,-2.148,-4.021
357.0,364.0,2.871,-2.054,-3.973
357.0,365.0,2.851,-1.969,-3.924
357.0,366.0,2.83,-1.89,-3.874
357.0,367.0,2.81,-1.818,-3.824
357.0,368.0,2.79,-1.751,-3.773
357.0,369.0,2.771,-1.688,-3.723
358.0,359.0,2.8,-2.601,-4.12
358.0,360.0,2.781,-2.444,-4.093
358.0,361.0,2.762,-2.306,-4.062
358.0,362.0,2.743,-2.185,-4.027
358.0,363.0,2.724,-2.077,-3.989
358.0,364.0,2.706,-1.98,-3.948
358.0,365.0,2.688,-1.893,-3.906
358.0,366.0,2.67,-1.813,-3.862
358.0,367.0,2.653,-1.741,-3.818
358.0,368.0,2.635,-1.673,-3.773
358.0,369.0,2.618,-1.611,-3.727
358.0,370.0,2.602,-1.552,-3.681
359.0,360.0,2.575,-2.356,-3.598
359.0,361.0,2.555,-2.199,-3.575
359.0,362.0,2.536,-2.062,-3.547
359.0,363.0,2.517,-1.941,-3.515
359.0,364.0,2.499,-1.834,-3.48
359.0,365.0,2.482,-1.739,-3.444
359.0,366.0,2.464,-1.653,-3.405
359.0,367.0,2.448,-1.575,-3.365
359.0,368.0,2.431,-1.504,-3.324
359.0,369.0,2.416,-1.438,-3.283
359.0,370.0,2.4,-1.378,-3.241
359.0,371.0,2.385,-1.321,-3.199
360.0,361.0,2.444,-2.218,-3.729
360.0,362.0,2.415,-2.019,-3.661
360.0,363.0,2.387,-1.847,-3.59
360.0,364.0,2.36,-1.698,-3.518
360.0,365.0,2.335,-1.568,-3.446
360.0,366.0,2.31,-1.453,-3.374
360.0,367.0,2.286,-1.35,-3.302
360.0,368.0,2.262,-1.258,-3.23
360.0,369.0,2.24,-1.174,-3.159
360.0,370.0,2.218,-1.097,-3.09
360.0,371.0,2.196,-1.026,-3.021
360.0,372.0,2.175,-0.96,-2.953
361.0,362.0,1.94,-1.698,-3.083
361.0,363.0,1.914,-1.512,-3.04
361.0,364.0,1.89,-1.352,-2.993
361.0,365.0,1.868,-1.212,-2.944
361.0,366.0,1.846,-1.089,-2.892
361.0,367.0,1.825,-0.98,-2.838
361.0,368.0,1.805,-0.883,-2.784
361.0,369.0,1.786,-0.796,-2.728
361.0,370.0,1.768,-0.717,-2.673
361.0,371.0,1.75,-0.644,-2.618
361.0,372.0,1.733,-0.578,-2.563
361.0,373.0,1.716,-0.516,-2.508
362.0,363.0,2.338,-2.124,-2.88
362.0,364.0,2.314,-1.91,-2.881
362.0,365.0,2.291,-1.726,-2.874
362.0,366.0,2.27,-1.566,-2.86
362.0,367.0,2.249,-1.427,-2.841
362.0,368.0,2.229,-1.305,-2.818
362.0,369.0,2.21,-1.197,-2.791
362.0,370.0,2.192,-1.101,-2.762
362.0,371.0,2.175,-1.015,-2.73
362.0,372.0,2.158,-0.938,-2.697
362.0,373.0,2.141,-0.867,-2.663
362.0,374.0,2.125,-0.803,-2.628
363.0,364.0,2.262,-2.002,-3.027
363.0,365.0,2.242,-1.812,-3.031
363.0,366.0,2.223,-1.65,-3.026
363.0,367.0,2.205,-1.51,-3.015
363.0,368.0,2.187,-1.389,-2.998
363.0,369.0,2.171,-1.284,-2.977
363.0,370.0,2.155,-1.192,-2.952
363.0,371.0,2.14,-1.111,-2.925
363.0,372.0,2.125,-1.038,-2.896
363.0,373.0,2.11,-0.973,-2.865
363.0,374.0,2.096,-0.914,-2.833
363.0,375.0,2.083,-0.86,-2.8
364.0,365.0,2.415,-2.29,-3.824
364.0,366.0,2.386,-2.143,-3.772
364.0,367.0,2.359,-2.014,-3.717
364.0,368.0,2.333,-1.9,-3.659
364.0,369.0,2.307,-1.8,-3.601
364.0,370.0,2.283,-1.71,-3.541
364.0,371.0,2.26,-1.628,-3.48
364.0,372.0,2.238,-1.554,-3.42
364.0,373.0,2.216,-1.485,-3.359
364.0,374.0,2.195,-1.422,-3.298
364.0,375.0,2.175,-1.362,-3.238
364.0,376.0,2.155,-1.307,-3.179
365.0,366.0,2.538,-2.347,-3.488
365.0,367.0,2.515,-2.188,-3.474
365.0,368.0,2.494,-2.05,-3.454
365.0,369.0,2.473,-1.93,-3.429
365.0,370.0,2.454,-1.824,-3.401
365.0,371.0,2.436,-1.73,-3.37
365.0,372.0,2.418,-1.647,-3.337
365.0,373.0,2.401,-1.572,-3.302
365.0,374.0,2.385,-1.504,-3.265
365.0,375.0,2.369,-1.441,-3.228
365.0,376.0,2.353,-1.384,-3.19
365.0,377.0,2.338,-1.331,-3.152
366.0,367.0,2.799,-2.645,-4.036
366.0,368.0,2.773,-2.489,-4.005
366.0,369.0,2.748,-2.352,-3.969
366.0,370.0,2.724,-2.231,-3.929
366.0,371.0,2.701,-2.123,-3.886
366.0,372.0,2.679,-2.025,-3.842
366.0,373.0,2.658,-1.937,-3.795
366.0,374.0,2.637,-1.857,-3.748
366.0,375.0,2.616,-1.783,-3.699
366.0,376.0,2.597,-1.714,-3.65
366.0,377.0,2.577,-1.65,-3.601
366.0,378.0,2.558,-1.59,-3.552
367.0,368.0,2.547,-2.309,-3.31
367.0,369.0,2.523,-2.13,-3.304
367.0,370.0,2.501,-1.974,-3.291
367.0,371.0,2.479,-1.839,-3.272
367.0,372.0,2.459,-1.719,-3.249
367.0,373.0,2.439,-1.614,-3.222
367.0,374.0,2.42,-1.519,-3.192
367.0,375.0,2.402,-1.435,-3.16
367.0,376.0,2.384,-1.359,-3.127
367.0,377.0,2.367,-1.289,-3.091
367.0,378.0,2.35,-1.225,-3.055
367.0,379.0,2.334,-1.167,-3.018
368.0,369.0,2.598,-2.353,-3.408
368.0,370.0,2.572,-2.165,-3.395
368.0,371.0,2.547,-2.003,-3.375
368.0,372.0,2.524,-1.862,-3.35
368.0,373.0,2.502,-1.739,-3.32
368.0,374.0,2.481,-1.63,-3.288
368.0,375.0,2.461,-1.534,-3.252
368.0,376.0,2.442,-1.448,-3.215
368.0,377.0,2.423,-1.37,-3.176
368.0,378.0,2.405,-1.3,-3.136
368.0,379.0,2.388,-1.235,-3.095
368.0,380.0,2.371,-1.176,-3.053
369.0,370.0,2.375,-2.213,-3.311
369.0,371.0,2.349,-2.044,-3.295
369.0,372.0,2.325,-1.897,-3.273
369.0,373.0,2.302,-1.768,-3.246
369.0,374.0,2.28,-1.654,-3.215
369.0,375.0,2.259,-1.552,-3.181
369.0,376.0,2.239,-1.461,-3.145
369.0,377.0,2.22,-1.379,-3.107
369.0,378.0,2.201,-1.305,-3.068
369.0,379.0,2.183,-1.237,-3.028
369.0,380.0,2.166,-1.174,-2.986
369.0,381.0,2.149,-1.115,-2.945
370.0,371.0,2.518,-2.264,-3.105
370.0,372.0,2.493,-2.067,-3.098
370.0,373.0,2.47,-1.896,-3.084
370.0,374.0,2.447,-1.745,-3.064
370.0,375.0,2.425,-1.612,-3.04
370.0,376.0,2.404,-1.494,-3.012
370.0,377.0,2.384,-1.389,-2.982
370.0,378.0,2.365,-1.295,-2.948
370.0,379.0,2.346,-1.21,-2.914
370.0,380.0,2.328,-1.133,-2.877
370.0,381.0,2.31,-1.062,-2.84
370.0,382.0,2.293,-0.997,-2.802
371.0,372.0,2.567,-2.238,-3.194
371.0,373.0,2.543,-2.043,-3.177
371.0,374.0,2.521,-1.877,-3.153
371.0,375.0,2.499,-1.734,-3.126
371.0,376.0,2.478,-1.611,-3.094
371.0,377.0,2.458,-1.503,-3.059
371.0,378.0,2.439,-1.409,-3.022
371.0,379.0,2.421,-1.325,-2.984
371.0,380.0,2.403,-1.251,-2.944
371.0,381.0,2.385,-1.184,-2.903
371.0,382.0,2.368,-1.124,-2.862
371.0,383.0,2.351,-1.068,-2.821
372.0,373.0,2.651,-2.249,-2.616
372.0,374.0,2.644,-2.073,-2.617
372.0,375.0,2.637,-1.914,-2.613
372.0,376.0,2.63,-1.77,-2.605
372.0,377.0,2.621,-1.638,-2.594
372.0,378.0,2.613,-1.519,-2.581
372.0,379.0,2.604,-1.409,-2.565
372.0,380.0,2.594,-1.309,-2.547
372.0,381.0,2.585,-1.216,-2.527
372.0,382.0,2.575,-1.131,-2.507
372.0,383.0,2.565,-1.053,-2.485
372.0,384.0,2.555,-0.98,-2.462
373.0,374.0,2.305,-1.854,-3.064
373.0,375.0,2.285,-1.701,-3.059
373.0,376.0,2.267,-1.568,-3.047
373.0,377.0,2.25,-1.453,-3.031
373.0,378.0,2.233,-1.352,-3.01
373.0,379.0,2.217,-1.263,-2.986
373.0,380.0,2.201,-1.184,-2.959
373.0,381.0,2.186,-1.113,-2.93
373.0,382.0,2.171,-1.05,-2.9
373.0,383.0,2.157,-0.992,-2.868
373.0,384.0,2.143,-0.939,-2.836
373.0,385.0,2.13,-0.89,-2.803
374.0,375.0,2.085,-1.632,-2.635
374.0,376.0,2.064,-1.458,-2.639
374.0,377.0,2.045,-1.31,-2.636
374.0,378.0,2.026,-1.184,-2.626
374.0,379.0,2.009,-1.074,-2.612
374.0,380.0,1.993,-0.98,-2.594
374.0,381.0,1.978,-0.897,-2.572
374.0,382.0,1.963,-0.824,-2.548
374.0,383.0,1.949,-0.759,-2.522
374.0,384.0,1.935,-0.701,-2.494
374.0,385.0,1.922,-0.649,-2.465
374.0,386.0,1.909,-0.602,-2.436
375.0,376.0,2.112,-1.773,-2.939
375.0,377.0,2.09,-1.612,-2.927
375.0,378.0,2.07,-1.474,-2.91
375.0,379.0,2.051,-1.355,-2.887
375.0,380.0,2.033,-1.251,-2.86
375.0,381.0,2.016,-1.16,-2.83
375.0,382.0,1.999,-1.079,-2.798
375.0,383.0,1.984,-1.007,-2.764
375.0,384.0,1.968,-0.942,-2.729
375.0,385.0,1.954,-0.884,-2.692
375.0,386.0,1.939,-0.83,-2.655
375.0,387.0,1.925,-0.781,-2.617
376.0,377.0,2.17,-1.84,-2.858
376.0,378.0,2.15,-1.676,-2.861
376.0,379.0,2.132,-1.536,-2.857
376.0,380.0,2.114,-1.414,-2.848
376.0,381.0,2.098,-1.308,-2.833
376.0,382.0,2.082,-1.216,-2.814
376.0,383.0,2.067,-1.134,-2.792
376.0,384.0,2.052,-1.061,-2.768
376.0,385.0,2.038,-0.997,-2.741
376.0,386.0,2.025,-0.938,-2.713
376.0,387.0,2.011,-0.885,-2.684
376.0,388.0,1.998,-0.837,-2.654
377.0,378.0,2.126,-1.692,-2.382
377.0,379.0,2.105,-1.531,-2.387
377.0,380.0,2.085,-1.393,-2.385
377.0,381.0,2.067,-1.275,-2.378
377.0,382.0,2.05,-1.174,-2.366
377.0,383.0,2.034,-1.086,-2.351
377.0,384.0,2.019,-1.009,-2.333
377.0,385.0,2.005,-0.941,-2.313
377.0,386.0,1.992,-0.882,-2.291
377.0,387.0,1.979,-0.828,-2.268
377.0,388.0,1.966,-0.78,-2.244
377.0,389.0,1.954,-0.736,-2.219
378.0,379.0,1.74,-1.385,-2.445
378.0,380.0,1.719,-1.245,-2.431
378.0,381.0,1.699,-1.124,-2.412
378.0,382.0,1.681,-1.018,-2.389
378.0,383.0,1.663,-0.925,-2.363
378.0,384.0,1.647,-0.843,-2.334
378.0,385.0,1.632,-0.77,-2.302
378.0,386.0,1.617,-0.704,-2.27
378.0,387.0,1.602,-0.645,-2.236
378.0,388.0,1.589,-0.591,-2.201
378.0,389.0,1.575,-0.541,-2.166
378.0,390.0,1.562,-0.496,-2.13
379.0,380.0,1.691,-1.279,-2.172
379.0,381.0,1.671,-1.12,-2.177
379.0,382.0,1.652,-0.985,-2.174
379.0,383.0,1.635,-0.87,-2.166
379.0,384.0,1.62,-0.77,-2.152
379.0,385.0,1.605,-0.684,-2.135
379.0,386.0,1.591,-0.609,-2.115
379.0,387.0,1.578,-0.544,-2.093
379.0,388.0,1.566,-0.485,-2.068
379.0,389.0,1.554,-0.433,-2.043
379.0,390.0,1.543,-0.386,-2.016
379.0,391.0,1.532,-0.344,-1.988
380.0,381.0,1.817,-1.384,-2.05
380.0,382.0,1.799,-1.217,-2.055
380.0,383.0,1.782,-1.074,-2.053
380.0,384.0,1.766,-0.951,-2.046
380.0,385.0,1.752,-0.845,-2.034
380.0,386.0,1.738,-0.753,-2.018
380.0,387.0,1.724,-0.673,-1.999
380.0,388.0,1.711,-0.602,-1.978
380.0,389.0,1.699,-0.54,-1.955
380.0,390.0,1.687,-0.484,-1.93
380.0,391.0,1.675,-0.434,-1.905
380.0,392.0,1.664,-0.389,-1.878
381.0,382.0,1.847,-1.498,-2.088
381.0,383.0,1.829,-1.36,-2.09
381.0,384.0,1.813,-1.241,-2.086
381.0,385.0,1.797,-1.138,-2.077
381.0,386.0,1.783,-1.048,-2.065
381.0,387.0,1.769,-0.969,-2.05
381.0,388.0,1.755,-0.899,-2.032
381.0,389.0,1.743,-0.837,-2.012
381.0,390.0,1.73,-0.782,-1.991
381.0,391.0,1.719,-0.732,-1.968
381.0,392.0,1.707,-0.687,-1.945
381.0,393.0,1.696,-0.646,-1.92
382.0,383.0,2.1,-1.727,-2.246
382.0,384.0,2.082,-1.586,-2.246
382.0,385.0,2.065,-1.464,-2.241
382.0,386.0,2.048,-1.357,-2.232
382.0,387.0,2.033,-1.263,-2.22
382.0,388.0,2.018,-1.18,-2.204
382.0,389.0,2.004,-1.106,-2.186
382.0,390.0,1.99,-1.041,-2.166
382.0,391.0,1.977,-0.982,-2.144
382.0,392.0,1.964,-0.929,-2.121
382.0,393.0,1.951,-0.88,-2.097
382.0,394.0,1.939,-0.836,-2.073
383.0,384.0,2.72,-2.22,-2.796
383.0,385.0,2.702,-2.073,-2.791
383.0,386.0,2.684,-1.944,-2.782
383.0,387.0,2.667,-1.83,-2.769
383.0,388.0,2.651,-1.728,-2.753
383.0,389.0,2.635,-1.638,-2.734
383.0,390.0,2.619,-1.556,-2.713
383.0,391.0,2.603,-1.483,-2.69
383.0,392.0,2.588,-1.417,-2.666
383.0,393.0,2.573,-1.357,-2.641
383.0,394.0,2.559,-1.303,-2.615
383.0,395.0,2.544,-1.252,-2.588
384.0,385.0,2.769,-2.202,-2.808
384.0,386.0,2.752,-2.06,-2.797
384.0,387.0,2.736,-1.935,-2.783
384.0,388.0,2.72,-1.824,-2.766
384.0,389.0,2.704,-1.724,-2.747
384.0,390.0,2.688,-1.635,-2.725
384.0,391.0,2.673,-1.554,-2.702
384.0,392.0,2.658,-1.482,-2.677
384.0,393.0,2.643,-1.416,-2.651
384.0,394.0,2.629,-1.355,-2.625
384.0,395.0,2.614,-1.3,-2.597
384.0,396.0,2.6,-1.25,-2.569
385.0,386.0,2.714,-2.144,-2.995
385.0,387.0,2.697,-2.021,-2.974
385.0,388.0,2.681,-1.912,-2.95
385.0,389.0,2.664,-1.813,-2.924
385.0,390.0,2.648,-1.724,-2.896
385.0,391.0,2.632,-1.643,-2.866
385.0,392.0,2.616,-1.57,-2.836
385.0,393.0,2.6,-1.503,-2.804
385.0,394.0,2.585,-1.442,-2.772
385.0,395.0,2.57,-1.385,-2.739
385.0,396.0,2.555,-1.332,-2.706
385.0,397.0,2.54,-1.283,-2.672
386.0,387.0,2.676,-2.028,-2.321
386.0,388.0,2.661,-1.885,-2.327
386.0,389.0,2.646,-1.758,-2.328
386.0,390.0,2.632,-1.645,-2.326
386.0,391.0,2.618,-1.546,-2.32
386.0,392.0,2.604,-1.457,-2.311
386.0,393.0,2.59,-1.378,-2.3
386.0,394.0,2.577,-1.307,-2.288
386.0,395.0,2.563,-1.243,-2.273
386.0,396.0,2.55,-1.185,-2.258
386.0,397.0,2.537,-1.132,-2.241
386.0,398.0,2.525,-1.085,-2.223
387.0,388.0,2.636,-1.801,-2.195
387.0,389.0,2.624,-1.69,-2.194
387.0,390.0,2.611,-1.592,-2.191
387.0,391.0,2.598,-1.504,-2.185
387.0,392.0,2.586,-1.426,-2.177
387.0,393.0,2.574,-1.356,-2.167
387.0,394.0,2.562,-1.293,-2.155
387.0,395.0,2.55,-1.236,-2.142
387.0,396.0,2.538,-1.185,-2.129
387.0,397.0,2.526,-1.138,-2.114
387.0,398.0,2.515,-1.096,-2.098
387.0,399.0,2.503,-1.057,-2.082
388.0,389.0,2.555,-1.707,-2.303
388.0,390.0,2.542,-1.59,-2.305
388.0,391.0,2.529,-1.487,-2.302
388.0,392.0,2.517,-1.395,-2.297
388.0,393.0,2.504,-1.314,-2.288
388.0,394.0,2.492,-1.241,-2.278
388.0,395.0,2.48,-1.177,-2.265
388.0,396.0,2.468,-1.118,-2.251
388.0,397.0,2.456,-1.065,-2.235
388.0,398.0,2.444,-1.018,-2.219
388.0,399.0,2.433,-0.974,-2.201
388.0,400.0,2.421,-0.934,-2.183
389.0,390.0,2.462,-1.498,-2.158
389.0,391.0,2.447,-1.393,-2.152
389.0,392.0,2.432,-1.299,-2.144
389.0,393.0,2.418,-1.216,-2.133
389.0,394.0,2.404,-1.141,-2.12
389.0,395.0,2.39,-1.074,-2.105
389.0,396.0,2.377,-1.014,-2.088
389.0,397.0,2.364,-0.959,-2.071
389.0,398.0,2.351,-0.909,-2.052
389.0,399.0,2.339,-0.864,-2.033
389.0,400.0,2.326,-0.822,-2.013
389.0,401.0,2.314,-0.783,-1.992
390.0,391.0,2.527,-1.512,-2.088
390.0,392.0,2.515,-1.407,-2.086
390.0,393.0,2.503,-1.314,-2.082
390.0,394.0,2.49,-1.232,-2.074
390.0,395.0,2.478,-1.158,-2.065
390.0,396.0,2.467,-1.093,-2.054
390.0,397.0,2.455,-1.034,-2.041
390.0,398.0,2.443,-0.98,-2.027
390.0,399.0,2.432,-0.932,-2.012
390.0,400.0,2.421,-0.888,-1.996
390.0,401.0,2.41,-0.848,-1.98
390.0,402.0,2.399,-0.811,-1.963
391.0,392.0,2.552,-1.491,-2.302
391.0,393.0,2.54,-1.402,-2.292
391.0,394.0,2.527,-1.323,-2.281
391.0,395.0,2.515,-1.251,-2.267
391.0,396.0,2.502,-1.186,-2.252
391.0,397.0,2.49,-1.128,-2.235
391.0,398.0,2.478,-1.075,-2.218
391.0,399.0,2.466,-1.026,-2.199
391.0,400.0,2.455,-0.982,-2.18
391.0,401.0,2.443,-0.941,-2.16
391.0,402.0,2.432,-0.903,-2.14
391.0,403.0,2.42,-0.868,-2.119
392.0,393.0,2.337,-1.279,-1.965
392.0,394.0,2.325,-1.188,-1.961
392.0,395.0,2.313,-1.106,-1.955
392.0,396.0,2.302,-1.034,-1.946
392.0,397.0,2.291,-0.969,-1.935
392.0,398.0,2.279,-0.91,-1.923
392.0,399.0,2.268,-0.857,-1.909
392.0,400.0,2.258,-0.809,-1.895
392.0,401.0,2.247,-0.765,-1.879
392.0,402.0,2.236,-0.724,-1.863
392.0,403.0,2.226,-0.687,-1.846
392.0,404.0,2.215,-0.653,-1.828
393.0,394.0,2.538,-1.461,-1.842
393.0,395.0,2.528,-1.35,-1.855
393.0,396.0,2.518,-1.252,-1.864
393.0,397.0,2.508,-1.165,-1.869
393.0,398.0,2.498,-1.088,-1.872
393.0,399.0,2.488,-1.019,-1.872
393.0,400.0,2.478,-0.958,-1.87
393.0,401.0,2.468,-0.903,-1.866
393.0,402.0,2.458,-0.854,-1.861
393.0,403.0,2.448,-0.81,-1.854
393.0,404.0,2.438,-0.769,-1.846
393.0,405.0,2.428,-0.733,-1.837
394.0,395.0,2.53,-1.362,-1.378
394.0,396.0,2.518,-1.241,-1.398
394.0,397.0,2.506,-1.134,-1.414
394.0,398.0,2.494,-1.04,-1.427
394.0,399.0,2.483,-0.957,-1.437
394.0,400.0,2.472,-0.884,-1.444
394.0,401.0,2.462,-0.819,-1.448
394.0,402.0,2.451,-0.762,-1.451
394.0,403.0,2.441,-0.71,-1.452
394.0,404.0,2.431,-0.665,-1.452
394.0,405.0,2.421,-0.624,-1.45
394.0,406.0,2.411,-0.587,-1.447
395.0,396.0,2.537,-1.229,-0.99
395.0,397.0,2.531,-1.107,-1.023
395.0,398.0,2.526,-0.999,-1.051
395.0,399.0,2.52,-0.904,-1.076
395.0,400.0,2.514,-0.819,-1.098
395.0,401.0,2.508,-0.745,-1.117
395.0,402.0,2.502,-0.679,-1.134
395.0,403.0,2.496,-0.62,-1.148
395.0,404.0,2.489,-0.568,-1.16
395.0,405.0,2.483,-0.522,-1.171
395.0,406.0,2.477,-0.482,-1.18
395.0,407.0,2.47,-0.445,-1.188
396.0,397.0,2.511,-1.09,-0.939
396.0,398.0,2.504,-0.963,-0.972
396.0,399.0,2.498,-0.852,-1.001
396.0,400.0,2.491,-0.755,-1.026
396.0,401.0,2.484,-0.67,-1.048
396.0,402.0,2.478,-0.596,-1.067
396.0,403.0,2.471,-0.531,-1.083
396.0,404.0,2.464,-0.474,-1.098
396.0,405.0,2.456,-0.424,-1.11
396.0,406.0,2.449,-0.38,-1.12
396.0,407.0,2.442,-0.342,-1.129
396.0,408.0,2.435,-0.308,-1.136
397.0,398.0,2.804,-1.33,-0.929
397.0,399.0,2.809,-1.192,-0.978
397.0,400.0,2.812,-1.07,-1.022
397.0,401.0,2.814,-0.964,-1.063
397.0,402.0,2.815,-0.87,-1.1
397.0,403.0,2.814,-0.789,-1.134
397.0,404.0,2.814,-0.717,-1.165
397.0,405.0,2.812,-0.655,-1.193
397.0,406.0,2.809,-0.601,-1.219
397.0,407.0,2.806,-0.553,-1.242
397.0,408.0,2.803,-0.512,-1.264
397.0,409.0,2.799,-0.476,-1.284
398.0,399.0,2.987,-1.292,-0.955
398.0,400.0,2.989,-1.166,-1.003
398.0,401.0,2.989,-1.056,-1.047
398.0,402.0,2.988,-0.959,-1.087
398.0,403.0,2.987,-0.875,-1.124
398.0,404.0,2.985,-0.8,-1.157
398.0,405.0,2.982,-0.735,-1.188
398.0,406.0,2.979,-0.678,-1.217
398.0,407.0,2.975,-0.629,-1.243
398.0,408.0,2.971,-0.585,-1.267
398.0,409.0,2.966,-0.548,-1.289
398.0,410.0,2.961,-0.515,-1.309
399.0,400.0,2.81,-1.013,-0.636
399.0,401.0,2.809,-0.894,-0.687
399.0,402.0,2.807,-0.789,-0.734
399.0,403.0,2.805,-0.698,-0.778
399.0,404.0,2.802,-0.618,-0.817
399.0,405.0,2.799,-0.548,-0.853
399.0,406.0,2.795,-0.487,-0.887
399.0,407.0,2.792,-0.434,-0.917
399.0,408.0,2.787,-0.387,-0.946
399.0,409.0,2.783,-0.347,-0.972
399.0,410.0,2.778,-0.312,-0.995
399.0,411.0,2.774,-0.282,-1.018
400.0,401.0,2.997,-1.098,-0.539
400.0,402.0,2.995,-0.919,-0.619
400.0,403.0,2.992,-0.761,-0.69
400.0,404.0,2.989,-0.622,-0.755
400.0,405.0,2.985,-0.501,-0.814
400.0,406.0,2.981,-0.394,-0.866
400.0,407.0,2.977,-0.301,-0.914
400.0,408.0,2.972,-0.219,-0.958
400.0,409.0,2.967,-0.148,-0.997
400.0,410.0,2.961,-0.085,-1.033
400.0,411.0,2.955,-0.031,-1.065
400.0,412.0,2.949,0.017,-1.094
401.0,402.0,2.918,-0.957,-0.521
401.0,403.0,2.925,-0.839,-0.586
401.0,404.0,2.931,-0.736,-0.647
401.0,405.0,2.936,-0.646,-0.703
401.0,406.0,2.939,-0.568,-0.755
401.0,407.0,2.942,-0.5,-0.803
401.0,408.0,2.943,-0.441,-0.848
401.0,409.0,2.944,-0.39,-0.89
401.0,410.0,2.943,-0.346,-0.929
401.0,411.0,2.942,-0.308,-0.966
401.0,412.0,2.941,-0.276,-1.0
401.0,413.0,2.939,-0.249,-1.032
402.0,403.0,2.881,-0.849,-0.353
402.0,404.0,2.88,-0.679,-0.432
402.0,405.0,2.878,-0.53,-0.503
402.0,406.0,2.876,-0.399,-0.568
402.0,407.0,2.873,-0.285,-0.626
402.0,408.0,2.87,-0.184,-0.68
402.0,409.0,2.866,-0.097,-0.728
402.0,410.0,2.862,-0.02,-0.772
402.0,411.0,2.858,0.047,-0.813
402.0,412.0,2.853,0.105,-0.849
402.0,413.0,2.848,0.156,-0.883
402.0,414.0,2.843,0.2,-0.914
403.0,404.0,2.966,-0.868,-0.391
403.0,405.0,2.954,-0.71,-0.435
403.0,406.0,2.943,-0.578,-0.475
403.0,407.0,2.933,-0.468,-0.513
403.0,408.0,2.923,-0.377,-0.549
403.0,409.0,2.914,-0.302,-0.582
403.0,410.0,2.905,-0.24,-0.614
403.0,411.0,2.897,-0.189,-0.644
403.0,412.0,2.888,-0.148,-0.672
403.0,413.0,2.88,-0.115,-0.699
403.0,414.0,2.872,-0.088,-0.724
403.0,415.0,2.865,-0.067,-0.749
404.0,405.0,2.854,-0.699,-0.185
404.0,406.0,2.849,-0.564,-0.246
404.0,407.0,2.845,-0.451,-0.302
404.0,408.0,2.84,-0.354,-0.353
404.0,409.0,2.835,-0.274,-0.401
404.0,410.0,2.83,-0.206,-0.445
404.0,411.0,2.825,-0.15,-0.486
404.0,412.0,2.819,-0.103,-0.524
404.0,413.0,2.814,-0.065,-0.56
404.0,414.0,2.809,-0.034,-0.593
404.0,415.0,2.803,-0.009,-0.625
404.0,416.0,2.798,0.011,-0.654
405.0,406.0,3.081,-0.825,-0.328
405.0,407.0,3.087,-0.715,-0.396
405.0,408.0,3.093,-0.619,-0.461
405.0,409.0,3.097,-0.535,-0.521
405.0,410.0,3.099,-0.463,-0.578
405.0,411.0,3.101,-0.4,-0.632
405.0,412.0,3.102,-0.345,-0.682
405.0,413.0,3.102,-0.298,-0.73
405.0,414.0,3.101,-0.258,-0.775
405.0,415.0,3.099,-0.224,-0.818
405.0,416.0,3.097,-0.195,-0.858
405.0,417.0,3.094,-0.171,-0.896
406.0,407.0,3.184,-0.841,-0.476
406.0,408.0,3.19,-0.739,-0.542
406.0,409.0,3.195,-0.65,-0.604
406.0,410.0,3.198,-0.572,-0.662
406.0,411.0,3.201,-0.504,-0.717
406.0,412.0,3.202,-0.446,-0.77
406.0,413.0,3.202,-0.395,-0.819
406.0,414.0,3.201,-0.351,-0.865
406.0,415.0,3.2,-0.314,-0.909
406.0,416.0,3.198,-0.283,-0.95
406.0,417.0,3.195,-0.256,-0.99
406.0,418.0,3.191,-0.233,-1.026
407.0,408.0,3.072,-0.703,-0.715
407.0,409.0,3.073,-0.621,-0.769
407.0,410.0,3.074,-0.548,-0.819
407.0,411.0,3.073,-0.485,-0.866
407.0,412.0,3.072,-0.43,-0.91
407.0,413.0,3.07,-0.381,-0.951
407.0,414.0,3.068,-0.339,-0.989
407.0,415.0,3.065,-0.303,-1.024
407.0,416.0,3.061,-0.272,-1.058
407.0,417.0,3.057,-0.245,-1.089
407.0,418.0,3.053,-0.222,-1.118
407.0,419.0,3.048,-0.202,-1.146
408.0,409.0,2.815,-0.372,-0.832
408.0,410.0,2.814,-0.32,-0.87
408.0,411.0,2.813,-0.274,-0.905
408.0,412.0,2.811,-0.235,-0.937
408.0,413.0,2.809,-0.2,-0.967
408.0,414.0,2.806,-0.17,-0.995
408.0,415.0,2.803,-0.144,-1.021
408.0,416.0,2.799,-0.122,-1.046
408.0,417.0,2.795,-0.103,-1.068
408.0,418.0,2.791,-0.086,-1.089
408.0,419.0,2.787,-0.072,-1.109
408.0,420.0,2.782,-0.06,-1.127
409.0,410.0,2.724,-0.29,-0.748
409.0,411.0,2.723,-0.242,-0.782
409.0,412.0,2.722,-0.2,-0.814
409.0,413.0,2.72,-0.163,-0.844
409.0,414.0,2.717,-0.132,-0.872
409.0,415.0,2.714,-0.104,-0.898
409.0,416.0,2.711,-0.08,-0.922
409.0,417.0,2.707,-0.06,-0.945
409.0,418.0,2.703,-0.042,-0.966
409.0,419.0,2.698,-0.027,-0.986
409.0,420.0,2.694,-0.014,-1.004
409.0,421.0,2.689,-0.004,-1.021
410.0,411.0,2.792,-0.349,-0.72
410.0,412.0,2.791,-0.295,-0.758
410.0,413.0,2.79,-0.247,-0.794
410.0,414.0,2.789,-0.205,-0.827
410.0,415.0,2.787,-0.168,-0.858
410.0,416.0,2.784,-0.137,-0.888
410.0,417.0,2.781,-0.109,-0.915
410.0,418.0,2.777,-0.085,-0.94
410.0,419.0,2.773,-0.065,-0.964
410.0,420.0,2.769,-0.047,-0.987
410.0,421.0,2.765,-0.032,-1.008
410.0,422.0,2.76,-0.019,-1.027
411.0,412.0,2.525,-0.092,-0.895
411.0,413.0,2.519,-0.076,-0.909
411.0,414.0,2.513,-0.062,-0.921
411.0,415.0,2.507,-0.051,-0.933
411.0,416.0,2.501,-0.041,-0.944
411.0,417.0,2.495,-0.033,-0.954
411.0,418.0,2.489,-0.027,-0.963
411.0,419.0,2.483,-0.021,-0.972
411.0,420.0,2.476,-0.017,-0.979
411.0,421.0,2.47,-0.013,-0.987
411.0,422.0,2.464,-0.01,-0.994
411.0,423.0,2.457,-0.008,-1.0
412.0,413.0,2.624,-0.216,-1.032
412.0,414.0,2.62,-0.188,-1.05
412.0,415.0,2.615,-0.163,-1.066
412.0,416.0,2.61,-0.141,-1.082
412.0,417.0,2.605,-0.122,-1.096
412.0,418.0,2.599,-0.105,-1.108
412.0,419.0,2.594,-0.09,-1.12
412.0,420.0,2.588,-0.077,-1.131
412.0,421.0,2.582,-0.065,-1.141
412.0,422.0,2.576,-0.055,-1.15
412.0,423.0,2.57,-0.046,-1.158
412.0,424.0,2.564,-0.038,-1.166
413.0,414.0,2.276,0.074,-1.105
413.0,415.0,2.268,0.066,-1.1
413.0,416.0,2.261,0.059,-1.096
413.0,417.0,2.253,0.053,-1.092
413.0,418.0,2.246,0.049,-1.088
413.0,419.0,2.238,0.045,-1.084
413.0,420.0,2.231,0.042,-1.08
413.0,421.0,2.224,0.04,-1.076
413.0,422.0,2.217,0.038,-1.072
413.0,423.0,2.209,0.037,-1.068
413.0,424.0,2.202,0.037,-1.064
413.0,425.0,2.195,0.037,-1.059
414.0,415.0,2.136,-0.063,-1.123
414.0,416.0,2.128,-0.059,-1.113
414.0,417.0,2.12,-0.054,-1.103
414.0,418.0,2.113,-0.049,-1.094
414.0,419.0,2.105,-0.044,-1.084
414.0,420.0,2.098,-0.039,-1.075
414.0,421.0,2.091,-0.034,-1.066
414.0,422.0,2.083,-0.028,-1.056
414.0,423.0,2.076,-0.022,-1.047
414.0,424.0,2.069,-0.016,-1.039
414.0,425.0,2.062,-0.01,-1.03
414.0,426.0,2.055,-0.004,-1.021
415.0,416.0,2.107,-0.017,-0.79
415.0,417.0,2.102,0.002,-0.795
415.0,418.0,2.097,0.02,-0.799
415.0,419.0,2.092,0.035,-0.803
415.0,420.0,2.087,0.049,-0.806
415.0,421.0,2.082,0.062,-0.809
415.0,422.0,2.077,0.073,-0.812
415.0,423.0,2.072,0.083,-0.814
415.0,424.0,2.066,0.092,-0.815
415.0,425.0,2.061,0.1,-0.817
415.0,426.0,2.056,0.108,-0.817
415.0,427.0,2.05,0.115,-0.818
416.0,417.0,1.596,0.409,-0.587
416.0,418.0,1.592,0.408,-0.581
416.0,419.0,1.587,0.407,-0.574
416.0,420.0,1.582,0.407,-0.568
416.0,421.0,1.577,0.408,-0.562
416.0,422.0,1.572,0.409,-0.555
416.0,423.0,1.568,0.41,-0.549
416.0,424.0,1.563,0.412,-0.544
416.0,425.0,1.559,0.414,-0.538
416.0,426.0,1.554,0.416,-0.532
416.0,427.0,1.55,0.418,-0.527
416.0,428.0,1.545,0.421,-0.521
417.0,418.0,1.768,0.113,-0.582
417.0,419.0,1.764,0.137,-0.584
417.0,420.0,1.76,0.16,-0.584
417.0,421.0,1.756,0.18,-0.585
417.0,422.0,1.752,0.198,-0.585
417.0,423.0,1.748,0.215,-0.585
417.0,424.0,1.744,0.23,-0.584
417.0,425.0,1.74,0.243,-0.584
417.0,426.0,1.735,0.256,-0.583
417.0,427.0,1.731,0.268,-0.581
417.0,428.0,1.727,0.278,-0.58
417.0,429.0,1.722,0.288,-0.578
418.0,419.0,1.827,-0.249,-0.814
418.0,420.0,1.828,-0.197,-0.821
418.0,421.0,1.828,-0.15,-0.826
418.0,422.0,1.827,-0.107,-0.831
418.0,423.0,1.827,-0.068,-0.834
418.0,424.0,1.825,-0.032,-0.837
418.0,425.0,1.824,0.001,-0.839
418.0,426.0,1.822,0.03,-0.84
418.0,427.0,1.82,0.057,-0.841
418.0,428.0,1.818,0.082,-0.841
418.0,429.0,1.816,0.105,-0.84
418.0,430.0,1.813,0.126,-0.839
419.0,420.0,1.892,-0.26,-0.689
419.0,421.0,1.89,-0.209,-0.695
419.0,422.0,1.887,-0.163,-0.701
419.0,423.0,1.884,-0.122,-0.705
419.0,424.0,1.881,-0.084,-0.709
419.0,425.0,1.877,-0.051,-0.712
419.0,426.0,1.874,-0.02,-0.714
419.0,427.0,1.87,0.008,-0.716
419.0,428.0,1.866,0.034,-0.717
419.0,429.0,1.862,0.057,-0.717
419.0,430.0,1.858,0.078,-0.717
419.0,431.0,1.853,0.097,-0.717
420.0,421.0,2.078,-0.533,-1.126
420.0,422.0,2.074,-0.482,-1.122
420.0,423.0,2.07,-0.435,-1.116
420.0,424.0,2.065,-0.392,-1.111
420.0,425.0,2.06,-0.352,-1.105
420.0,426.0,2.055,-0.316,-1.098
420.0,427.0,2.05,-0.282,-1.091
420.0,428.0,2.044,-0.251,-1.084
420.0,429.0,2.039,-0.222,-1.077
420.0,430.0,2.033,-0.195,-1.069
420.0,431.0,2.028,-0.17,-1.062
420.0,432.0,2.022,-0.146,-1.054
421.0,422.0,1.66,-0.08,-1.012
421.0,423.0,1.655,-0.05,-0.995
421.0,424.0,1.651,-0.021,-0.98
421.0,425.0,1.646,0.006,-0.964
421.0,426.0,1.641,0.031,-0.948
421.0,427.0,1.637,0.055,-0.933
421.0,428.0,1.632,0.078,-0.918
421.0,429.0,1.627,0.1,-0.904
421.0,430.0,1.623,0.12,-0.889
421.0,431.0,1.618,0.14,-0.875
421.0,432.0,1.613,0.158,-0.861
421.0,433.0,1.609,0.176,-0.847
422.0,423.0,1.327,0.017,-1.271
422.0,424.0,1.321,0.01,-1.239
422.0,425.0,1.315,0.006,-1.207
422.0,426.0,1.309,0.006,-1.177
422.0,427.0,1.303,0.008,-1.147
422.0,428.0,1.297,0.013,-1.119
422.0,429.0,1.291,0.02,-1.091
422.0,430.0,1.285,0.028,-1.064
422.0,431.0,1.278,0.037,-1.037
422.0,432.0,1.272,0.047,-1.012
422.0,433.0,1.266,0.058,-0.987
422.0,434.0,1.26,0.069,-0.962
423.0,424.0,0.847,-0.719,-1.139
423.0,425.0,0.837,-0.637,-1.112
423.0,426.0,0.828,-0.563,-1.085
423.0,427.0,0.819,-0.498,-1.056
423.0,428.0,0.811,-0.439,-1.026
423.0,429.0,0.803,-0.385,-0.996
423.0,430.0,0.795,-0.336,-0.966
423.0,431.0,0.787,-0.292,-0.935
423.0,432.0,0.78,-0.25,-0.904
423.0,433.0,0.773,-0.212,-0.873
423.0,434.0,0.766,-0.177,-0.842
423.0,435.0,0.759,-0.143,-0.812
424.0,425.0,0.824,-0.677,-1.309
424.0,426.0,0.814,-0.599,-1.276
424.0,427.0,0.804,-0.529,-1.241
424.0,428.0,0.795,-0.467,-1.206
424.0,429.0,0.785,-0.411,-1.17
424.0,430.0,0.777,-0.361,-1.134
424.0,431.0,0.768,-0.315,-1.098
424.0,432.0,0.76,-0.273,-1.062
424.0,433.0,0.752,-0.234,-1.026
424.0,434.0,0.744,-0.197,-0.99
424.0,435.0,0.736,-0.164,-0.955
424.0,436.0,0.729,-0.132,-0.919
425.0,426.0,0.869,-0.687,-1.674
425.0,427.0,0.858,-0.657,-1.618
425.0,428.0,0.848,-0.627,-1.563
425.0,429.0,0.838,-0.596,-1.51
425.0,430.0,0.828,-0.566,-1.458
425.0,431.0,0.818,-0.535,-1.407
425.0,432.0,0.809,-0.504,-1.358
425.0,433.0,0.8,-0.474,-1.31
425.0,434.0,0.791,-0.444,-1.263
425.0,435.0,0.782,-0.414,-1.218
425.0,436.0,0.773,-0.384,-1.173
425.0,437.0,0.765,-0.355,-1.13
426.0,427.0,0.875,-0.709,-1.791
426.0,428.0,0.866,-0.664,-1.713
426.0,429.0,0.858,-0.62,-1.639
426.0,430.0,0.849,-0.576,-1.568
426.0,431.0,0.841,-0.533,-1.498
426.0,432.0,0.834,-0.49,-1.432
426.0,433.0,0.827,-0.448,-1.368
426.0,434.0,0.82,-0.406,-1.306
426.0,435.0,0.814,-0.365,-1.246
426.0,436.0,0.808,-0.325,-1.189
426.0,437.0,0.802,-0.286,-1.133
426.0,438.0,0.797,-0.247,-1.079
427.0,428.0,0.71,-0.565,-1.349
427.0,429.0,0.7,-0.501,-1.31
427.0,430.0,0.691,-0.443,-1.27
427.0,431.0,0.682,-0.389,-1.231
427.0,432.0,0.674,-0.339,-1.191
427.0,433.0,0.666,-0.293,-1.152
427.0,434.0,0.658,-0.25,-1.113
427.0,435.0,0.651,-0.209,-1.074
427.0,436.0,0.644,-0.171,-1.035
427.0,437.0,0.637,-0.134,-0.997
427.0,438.0,0.63,-0.1,-0.96
427.0,439.0,0.624,-0.067,-0.923
428.0,429.0,0.975,-0.856,-1.992
428.0,430.0,0.962,-0.816,-1.933
428.0,431.0,0.949,-0.777,-1.875
428.0,432.0,0.937,-0.738,-1.818
428.0,433.0,0.925,-0.7,-1.763
428.0,434.0,0.914,-0.662,-1.709
428.0,435.0,0.902,-0.625,-1.656
428.0,436.0,0.891,-0.589,-1.604
428.0,437.0,0.88,-0.553,-1.553
428.0,438.0,0.87,-0.518,-1.504
428.0,439.0,0.859,-0.484,-1.455
428.0,440.0,0.849,-0.45,-1.408
429.0,430.0,0.944,-0.824,-1.885
429.0,431.0,0.932,-0.773,-1.832
429.0,432.0,0.92,-0.725,-1.78
429.0,433.0,0.908,-0.679,-1.728
429.0,434.0,0.896,-0.634,-1.678
429.0,435.0,0.885,-0.592,-1.628
429.0,436.0,0.875,-0.551,-1.579
429.0,437.0,0.864,-0.511,-1.531
429.0,438.0,0.854,-0.472,-1.483
429.0,439.0,0.843,-0.435,-1.437
429.0,440.0,0.834,-0.399,-1.391
429.0,441.0,0.824,-0.364,-1.347
430.0,431.0,1.124,-0.985,-2.137
430.0,432.0,1.114,-0.954,-2.072
430.0,433.0,1.103,-0.923,-2.009
430.0,434.0,1.093,-0.892,-1.948
430.0,435.0,1.084,-0.86,-1.888
430.0,436.0,1.074,-0.828,-1.831
430.0,437.0,1.066,-0.796,-1.775
430.0,438.0,1.057,-0.764,-1.721
430.0,439.0,1.049,-0.732,-1.669
430.0,440.0,1.041,-0.7,-1.618
430.0,441.0,1.033,-0.668,-1.569
430.0,442.0,1.025,-0.636,-1.521
431.0,432.0,1.101,-0.997,-2.236
431.0,433.0,1.088,-0.959,-2.17
431.0,434.0,1.076,-0.92,-2.105
431.0,435.0,1.063,-0.882,-2.043
431.0,436.0,1.051,-0.844,-1.982
431.0,437.0,1.039,-0.805,-1.922
431.0,438.0,1.028,-0.768,-1.864
431.0,439.0,1.016,-0.73,-1.807
431.0,440.0,1.005,-0.693,-1.752
431.0,441.0,0.994,-0.657,-1.698
431.0,442.0,0.984,-0.621,-1.645
431.0,443.0,0.973,-0.586,-1.593
432.0,433.0,1.211,-1.142,-2.543
432.0,434.0,1.196,-1.105,-2.47
432.0,435.0,1.182,-1.067,-2.4
432.0,436.0,1.168,-1.028,-2.331
432.0,437.0,1.154,-0.989,-2.265
432.0,438.0,1.14,-0.95,-2.2
432.0,439.0,1.127,-0.912,-2.136
432.0,440.0,1.114,-0.873,-2.074
432.0,441.0,1.101,-0.835,-2.014
432.0,442.0,1.089,-0.797,-1.955
432.0,443.0,1.077,-0.759,-1.897
432.0,444.0,1.065,-0.722,-1.841
433.0,434.0,1.407,-1.344,-2.86
433.0,435.0,1.39,-1.316,-2.757
433.0,436.0,1.374,-1.285,-2.657
433.0,437.0,1.359,-1.252,-2.562
433.0,438.0,1.345,-1.217,-2.47
433.0,439.0,1.332,-1.18,-2.382
433.0,440.0,1.32,-1.142,-2.298
433.0,441.0,1.308,-1.103,-2.217
433.0,442.0,1.298,-1.064,-2.139
433.0,443.0,1.288,-1.023,-2.064
433.0,444.0,1.278,-0.982,-1.992
433.0,445.0,1.269,-0.941,-1.922
434.0,435.0,1.766,-1.682,-3.221
434.0,436.0,1.748,-1.668,-3.116
434.0,437.0,1.731,-1.65,-3.015
434.0,438.0,1.715,-1.63,-2.918
434.0,439.0,1.7,-1.606,-2.825
434.0,440.0,1.687,-1.58,-2.736
434.0,441.0,1.674,-1.552,-2.65
434.0,442.0,1.661,-1.522,-2.568
434.0,443.0,1.65,-1.49,-2.488
434.0,444.0,1.639,-1.458,-2.412
434.0,445.0,1.629,-1.424,-2.338
434.0,446.0,1.62,-1.39,-2.268
435.0,436.0,2.166,-2.177,-4.265
435.0,437.0,2.144,-2.149,-4.136
435.0,438.0,2.123,-2.118,-4.011
435.0,439.0,2.104,-2.084,-3.892
435.0,440.0,2.085,-2.047,-3.778
435.0,441.0,2.068,-2.008,-3.668
435.0,442.0,2.052,-1.968,-3.563
435.0,443.0,2.037,-1.926,-3.461
435.0,444.0,2.022,-1.882,-3.364
435.0,445.0,2.009,-1.838,-3.27
435.0,446.0,1.996,-1.793,-3.18
435.0,447.0,1.984,-1.747,-3.093
436.0,437.0,2.015,-2.015,-3.653
436.0,438.0,1.998,-1.987,-3.549
436.0,439.0,1.983,-1.956,-3.45
436.0,440.0,1.968,-1.924,-3.354
436.0,441.0,1.955,-1.889,-3.262
436.0,442.0,1.942,-1.853,-3.174
436.0,443.0,1.93,-1.816,-3.089
436.0,444.0,1.919,-1.777,-3.007
436.0,445.0,1.908,-1.738,-2.928
436.0,446.0,1.899,-1.698,-2.853
436.0,447.0,1.89,-1.658,-2.78
436.0,448.0,1.881,-1.617,-2.71
437.0,438.0,2.045,-2.081,-4.249
437.0,439.0,2.028,-2.052,-4.159
437.0,440.0,2.011,-2.02,-4.071
437.0,441.0,1.995,-1.986,-3.987
437.0,442.0,1.978,-1.95,-3.904
437.0,443.0,1.962,-1.913,-3.824
437.0,444.0,1.946,-1.874,-3.746
437.0,445.0,1.931,-1.835,-3.67
437.0,446.0,1.916,-1.796,-3.596
437.0,447.0,1.901,-1.756,-3.524
437.0,448.0,1.886,-1.716,-3.453
437.0,449.0,1.871,-1.676,-3.384
438.0,439.0,1.787,-1.692,-2.815
438.0,440.0,1.773,-1.626,-2.765
438.0,441.0,1.759,-1.565,-2.715
438.0,442.0,1.745,-1.509,-2.665
438.0,443.0,1.732,-1.456,-2.615
438.0,444.0,1.719,-1.406,-2.565
438.0,445.0,1.706,-1.359,-2.516
438.0,446.0,1.693,-1.314,-2.468
438.0,447.0,1.681,-1.271,-2.42
438.0,448.0,1.669,-1.231,-2.372
438.0,449.0,1.657,-1.192,-2.325
438.0,450.0,1.645,-1.154,-2.279
439.0,440.0,1.514,-1.427,-2.643
439.0,441.0,1.502,-1.384,-2.558
439.0,442.0,1.49,-1.341,-2.476
439.0,443.0,1.479,-1.297,-2.397
439.0,444.0,1.468,-1.253,-2.321
439.0,445.0,1.459,-1.209,-2.248
439.0,446.0,1.449,-1.165,-2.178
439.0,447.0,1.441,-1.12,-2.11
439.0,448.0,1.432,-1.076,-2.044
439.0,449.0,1.424,-1.033,-1.981
439.0,450.0,1.417,-0.989,-1.92
439.0,451.0,1.409,-0.946,-1.861
440.0,441.0,1.582,-1.484,-2.666
440.0,442.0,1.564,-1.424,-2.596
440.0,443.0,1.547,-1.366,-2.528
440.0,444.0,1.531,-1.309,-2.462
440.0,445.0,1.514,-1.254,-2.396
440.0,446.0,1.498,-1.2,-2.331
440.0,447.0,1.483,-1.148,-2.268
440.0,448.0,1.467,-1.097,-2.206
440.0,449.0,1.453,-1.047,-2.144
440.0,450.0,1.438,-0.998,-2.084
440.0,451.0,1.424,-0.95,-2.025
440.0,452.0,1.41,-0.904,-1.967
441.0,442.0,1.795,-1.696,-2.947
441.0,443.0,1.779,-1.629,-2.888
441.0,444.0,1.762,-1.566,-2.829
441.0,445.0,1.746,-1.507,-2.771
441.0,446.0,1.73,-1.451,-2.713
441.0,447.0,1.715,-1.399,-2.656
441.0,448.0,1.7,-1.349,-2.599
441.0,449.0,1.685,-1.301,-2.544
441.0,450.0,1.671,-1.256,-2.489
441.0,451.0,1.657,-1.212,-2.435
441.0,452.0,1.643,-1.17,-2.381
441.0,453.0,1.629,-1.129,-2.329
442.0,443.0,1.778,-1.645,-2.182
442.0,444.0,1.758,-1.531,-2.147
442.0,445.0,1.739,-1.428,-2.11
442.0,446.0,1.721,-1.336,-2.071
442.0,447.0,1.703,-1.253,-2.031
442.0,448.0,1.687,-1.177,-1.99
442.0,449.0,1.671,-1.108,-1.949
442.0,450.0,1.656,-1.045,-1.908
442.0,451.0,1.641,-0.987,-1.867
442.0,452.0,1.626,-0.933,-1.825
442.0,453.0,1.612,-0.883,-1.784
442.0,454.0,1.599,-0.836,-1.743
443.0,444.0,1.578,-1.417,-1.598
443.0,445.0,1.561,-1.281,-1.579
443.0,446.0,1.545,-1.162,-1.557
443.0,447.0,1.53,-1.058,-1.532
443.0,448.0,1.515,-0.967,-1.505
443.0,449.0,1.501,-0.886,-1.477
443.0,450.0,1.488,-0.815,-1.447
443.0,451.0,1.476,-0.751,-1.417
443.0,452.0,1.463,-0.693,-1.386
443.0,453.0,1.452,-0.642,-1.354
443.0,454.0,1.44,-0.595,-1.323
443.0,455.0,1.429,-0.552,-1.291
444.0,445.0,1.613,-1.397,-0.93
444.0,446.0,1.611,-1.269,-0.938
444.0,447.0,1.608,-1.154,-0.943
444.0,448.0,1.605,-1.049,-0.946
444.0,449.0,1.602,-0.954,-0.946
444.0,450.0,1.598,-0.867,-0.944
444.0,451.0,1.594,-0.788,-0.94
444.0,452.0,1.59,-0.715,-0.934
444.0,453.0,1.585,-0.649,-0.928
444.0,454.0,1.581,-0.588,-0.92
444.0,455.0,1.576,-0.532,-0.911
444.0,456.0,1.571,-0.481,-0.901
445.0,446.0,1.825,-1.488,-0.812
445.0,447.0,1.811,-1.28,-0.811
445.0,448.0,1.799,-1.1,-0.808
445.0,449.0,1.787,-0.944,-0.804
445.0,450.0,1.776,-0.808,-0.8
445.0,451.0,1.765,-0.69,-0.794
445.0,452.0,1.755,-0.588,-0.788
445.0,453.0,1.746,-0.498,-0.781
445.0,454.0,1.737,-0.42,-0.774
445.0,455.0,1.728,-0.351,-0.766
445.0,456.0,1.72,-0.291,-0.759
445.0,457.0,1.712,-0.239,-0.75
446.0,447.0,1.753,-1.243,0.466
446.0,448.0,1.739,-0.989,0.395
446.0,449.0,1.728,-0.773,0.334
446.0,450.0,1.717,-0.59,0.28
446.0,451.0,1.708,-0.436,0.234
446.0,452.0,1.699,-0.305,0.193
446.0,453.0,1.692,-0.195,0.158
446.0,454.0,1.685,-0.101,0.126
446.0,455.0,1.678,-0.023,0.099
446.0,456.0,1.672,0.044,0.074
446.0,457.0,1.667,0.099,0.052
446.0,458.0,1.661,0.146,0.033
447.0,448.0,2.289,-1.69,1.513
447.0,449.0,2.32,-1.377,1.445
447.0,450.0,2.347,-1.101,1.373
447.0,451.0,2.373,-0.858,1.3
447.0,452.0,2.396,-0.646,1.224
447.0,453.0,2.416,-0.461,1.148
447.0,454.0,2.435,-0.3,1.071
447.0,455.0,2.452,-0.161,0.993
447.0,456.0,2.467,-0.041,0.916
447.0,457.0,2.481,0.061,0.839
447.0,458.0,2.493,0.148,0.763
447.0,459.0,2.504,0.222,0.688
448.0,449.0,2.777,-1.881,2.183
448.0,450.0,2.848,-1.587,2.053
448.0,451.0,2.912,-1.326,1.922
448.0,452.0,2.97,-1.095,1.79
448.0,453.0,3.024,-0.891,1.658
448.0,454.0,3.072,-0.712,1.526
448.0,455.0,3.116,-0.555,1.395
448.0,456.0,3.156,-0.419,1.265
448.0,457.0,3.192,-0.302,1.136
448.0,458.0,3.224,-0.202,1.009
448.0,459.0,3.253,-0.117,0.884
448.0,460.0,3.279,-0.046,0.762
449.0,450.0,2.816,-1.656,0.49
449.0,451.0,2.838,-1.405,0.4
449.0,452.0,2.857,-1.192,0.315
449.0,453.0,2.873,-1.011,0.234
449.0,454.0,2.886,-0.858,0.156
449.0,455.0,2.897,-0.729,0.082
449.0,456.0,2.907,-0.621,0.011
449.0,457.0,2.914,-0.53,-0.056
449.0,458.0,2.919,-0.455,-0.12
449.0,459.0,2.924,-0.394,-0.181
449.0,460.0,2.927,-0.344,-0.24
449.0,461.0,2.929,-0.304,-0.296
450.0,451.0,3.022,-1.278,1.764
450.0,452.0,3.057,-0.984,1.649
450.0,453.0,3.089,-0.734,1.533
450.0,454.0,3.118,-0.522,1.416
450.0,455.0,3.143,-0.343,1.299
450.0,456.0,3.165,-0.194,1.184
450.0,457.0,3.185,-0.071,1.069
450.0,458.0,3.202,0.03,0.956
450.0,459.0,3.217,0.111,0.845
450.0,460.0,3.23,0.174,0.737
450.0,461.0,3.241,0.224,0.631
450.0,462.0,3.251,0.26,0.528
451.0,452.0,2.482,-0.066,1.77
451.0,453.0,2.499,0.102,1.647
451.0,454.0,2.513,0.239,1.53
451.0,455.0,2.526,0.349,1.418
451.0,456.0,2.537,0.436,1.311
451.0,457.0,2.546,0.504,1.209
451.0,458.0,2.555,0.555,1.111
451.0,459.0,2.562,0.593,1.018
451.0,460.0,2.568,0.619,0.93
451.0,461.0,2.573,0.636,0.845
451.0,462.0,2.577,0.644,0.763
451.0,463.0,2.581,0.646,0.685
452.0,453.0,3.251,-0.566,1.694
452.0,454.0,3.275,-0.352,1.564
452.0,455.0,3.297,-0.176,1.434
452.0,456.0,3.316,-0.032,1.305
452.0,457.0,3.333,0.084,1.178
452.0,458.0,3.348,0.175,1.054
452.0,459.0,3.36,0.245,0.932
452.0,460.0,3.371,0.298,0.813
452.0,461.0,3.38,0.335,0.697
452.0,462.0,3.388,0.359,0.584
452.0,463.0,3.395,0.372,0.475
452.0,464.0,3.4,0.376,0.37
453.0,454.0,3.848,-0.669,2.5
453.0,455.0,3.887,-0.381,2.325
453.0,456.0,3.922,-0.15,2.149
453.0,457.0,3.953,0.033,1.974
453.0,458.0,3.98,0.174,1.801
453.0,459.0,4.003,0.28,1.63
453.0,460.0,4.024,0.357,1.463
453.0,461.0,4.042,0.409,1.299
453.0,462.0,4.057,0.441,1.14
453.0,463.0,4.07,0.456,0.985
453.0,464.0,4.081,0.457,0.835
453.0,465.0,4.09,0.446,0.69
454.0,455.0,4.091,-0.216,2.086
454.0,456.0,4.122,-0.026,1.909
454.0,457.0,4.15,0.121,1.733
454.0,458.0,4.174,0.231,1.559
454.0,459.0,4.194,0.31,1.388
454.0,460.0,4.212,0.363,1.221
454.0,461.0,4.227,0.394,1.058
454.0,462.0,4.24,0.408,0.899
454.0,463.0,4.251,0.407,0.745
454.0,464.0,4.26,0.394,0.597
454.0,465.0,4.267,0.371,0.453
454.0,466.0,4.272,0.34,0.314
455.0,456.0,3.567,0.539,2.554
455.0,457.0,3.593,0.648,2.371
455.0,458.0,3.617,0.725,2.19
455.0,459.0,3.637,0.776,2.012
455.0,460.0,3.655,0.805,1.839
455.0,461.0,3.671,0.816,1.67
455.0,462.0,3.685,0.812,1.506
455.0,463.0,3.696,0.796,1.346
455.0,464.0,3.707,0.769,1.192
455.0,465.0,3.715,0.735,1.043
455.0,466.0,3.722,0.694,0.9
455.0,467.0,3.728,0.649,0.762
456.0,457.0,3.616,0.658,2.317
456.0,458.0,3.643,0.77,2.127
456.0,459.0,3.667,0.853,1.945
456.0,460.0,3.689,0.911,1.768
456.0,461.0,3.707,0.948,1.598
456.0,462.0,3.723,0.967,1.435
456.0,463.0,3.737,0.971,1.278
456.0,464.0,3.749,0.963,1.127
456.0,465.0,3.759,0.945,0.982
456.0,466.0,3.768,0.918,0.844
456.0,467.0,3.774,0.885,0.711
456.0,468.0,3.78,0.845,0.583
457.0,458.0,3.477,1.005,1.995
457.0,459.0,3.494,1.031,1.825
457.0,460.0,3.51,1.039,1.659
457.0,461.0,3.523,1.033,1.498
457.0,462.0,3.535,1.014,1.343
457.0,463.0,3.545,0.986,1.192
457.0,464.0,3.553,0.95,1.047
457.0,465.0,3.56,0.909,0.907
457.0,466.0,3.566,0.862,0.772
457.0,467.0,3.571,0.812,0.643
457.0,468.0,3.575,0.759,0.519
457.0,469.0,3.577,0.705,0.401
458.0,459.0,3.883,0.786,2.496
458.0,460.0,3.911,0.872,2.296
458.0,461.0,3.935,0.93,2.101
458.0,462.0,3.956,0.964,1.911
458.0,463.0,3.975,0.978,1.727
458.0,464.0,3.991,0.975,1.548
458.0,465.0,4.005,0.96,1.376
458.0,466.0,4.017,0.933,1.21
458.0,467.0,4.028,0.897,1.05
458.0,468.0,4.037,0.854,0.896
458.0,469.0,4.044,0.806,0.748
458.0,470.0,4.05,0.753,0.606
459.0,460.0,3.399,1.204,1.463
459.0,461.0,3.409,1.163,1.312
459.0,462.0,3.417,1.115,1.165
459.0,463.0,3.424,1.064,1.024
459.0,464.0,3.43,1.009,0.889
459.0,465.0,3.435,0.952,0.76
459.0,466.0,3.439,0.894,0.635
459.0,467.0,3.442,0.835,0.516
459.0,468.0,3.444,0.775,0.403
459.0,469.0,3.445,0.716,0.294
459.0,470.0,3.445,0.657,0.19
459.0,471.0,3.445,0.599,0.091
460.0,461.0,3.314,1.368,1.673
460.0,462.0,3.343,1.365,1.47
460.0,463.0,3.368,1.353,1.275
460.0,464.0,3.388,1.332,1.089
460.0,465.0,3.406,1.305,0.911
460.0,466.0,3.42,1.272,0.742
460.0,467.0,3.431,1.234,0.58
460.0,468.0,3.439,1.192,0.427
460.0,469.0,3.445,1.145,0.282
460.0,470.0,3.449,1.096,0.144
460.0,471.0,3.451,1.045,0.013
460.0,472.0,3.451,0.992,-0.11
461.0,462.0,3.599,1.478,1.8
461.0,463.0,3.612,1.429,1.625
461.0,464.0,3.624,1.375,1.457
461.0,465.0,3.633,1.315,1.296
461.0,466.0,3.641,1.253,1.141
461.0,467.0,3.648,1.187,0.993
461.0,468.0,3.653,1.12,0.852
461.0,469.0,3.657,1.051,0.717
461.0,470.0,3.66,0.981,0.588
461.0,471.0,3.661,0.912,0.464
461.0,472.0,3.662,0.842,0.346
461.0,473.0,3.662,0.774,0.234
462.0,463.0,3.725,1.406,2.737
462.0,464.0,3.752,1.445,2.523
462.0,465.0,3.777,1.464,2.319
462.0,466.0,3.799,1.465,2.122
462.0,467.0,3.818,1.452,1.933
462.0,468.0,3.835,1.427,1.751
462.0,469.0,3.85,1.393,1.577
462.0,470.0,3.863,1.35,1.41
462.0,471.0,3.874,1.301,1.25
462.0,472.0,3.884,1.247,1.096
462.0,473.0,3.892,1.188,0.949
462.0,474.0,3.899,1.127,0.808
463.0,464.0,3.863,1.399,1.767
463.0,465.0,3.884,1.379,1.566
463.0,466.0,3.902,1.349,1.372
463.0,467.0,3.917,1.309,1.184
463.0,468.0,3.93,1.262,1.004
463.0,469.0,3.941,1.209,0.83
463.0,470.0,3.949,1.15,0.663
463.0,471.0,3.956,1.087,0.504
463.0,472.0,3.961,1.021,0.351
463.0,473.0,3.964,0.953,0.204
463.0,474.0,3.966,0.883,0.064
463.0,475.0,3.967,0.812,-0.069
464.0,465.0,4.035,1.318,1.513
464.0,466.0,4.049,1.284,1.334
464.0,467.0,4.061,1.242,1.163
464.0,468.0,4.071,1.194,0.999
464.0,469.0,4.08,1.139,0.842
464.0,470.0,4.087,1.08,0.692
464.0,471.0,4.093,1.018,0.548
464.0,472.0,4.097,0.954,0.411
464.0,473.0,4.101,0.887,0.279
464.0,474.0,4.103,0.82,0.154
464.0,475.0,4.104,0.752,0.034
464.0,476.0,4.104,0.684,-0.081
465.0,466.0,4.481,0.873,0.931
465.0,467.0,4.492,0.838,0.758
465.0,468.0,4.501,0.796,0.591
465.0,469.0,4.508,0.747,0.43
465.0,470.0,4.514,0.693,0.277
465.0,471.0,4.518,0.636,0.13
465.0,472.0,4.52,0.574,-0.011
465.0,473.0,4.521,0.511,-0.145
465.0,474.0,4.521,0.446,-0.274
465.0,475.0,4.52,0.38,-0.396
465.0,476.0,4.517,0.313,-0.513
465.0,477.0,4.514,0.247,-0.624
466.0,467.0,4.862,0.504,0.344
466.0,468.0,4.87,0.458,0.179
466.0,469.0,4.875,0.408,0.02
466.0,470.0,4.879,0.352,-0.132
466.0,471.0,4.882,0.294,-0.278
466.0,472.0,4.882,0.233,-0.417
466.0,473.0,4.882,0.171,-0.55
466.0,474.0,4.88,0.107,-0.677
466.0,475.0,4.876,0.043,-0.798
466.0,476.0,4.872,-0.021,-0.913
466.0,477.0,4.867,-0.084,-1.022
466.0,478.0,4.86,-0.147,-1.126
467.0,468.0,4.278,1.009,0.561
467.0,469.0,4.284,0.937,0.404
467.0,470.0,4.287,0.864,0.254
467.0,471.0,4.289,0.79,0.111
467.0,472.0,4.29,0.715,-0.025
467.0,473.0,4.29,0.641,-0.155
467.0,474.0,4.288,0.567,-0.279
467.0,475.0,4.285,0.494,-0.396
467.0,476.0,4.282,0.423,-0.508
467.0,477.0,4.278,0.353,-0.614
467.0,478.0,4.272,0.284,-0.715
467.0,479.0,4.266,0.218,-0.81
468.0,469.0,3.807,1.397,0.175
468.0,470.0,3.803,1.266,0.048
468.0,471.0,3.798,1.142,-0.072
468.0,472.0,3.792,1.026,-0.186
468.0,473.0,3.787,0.916,-0.293
468.0,474.0,3.781,0.812,-0.395
468.0,475.0,3.774,0.715,-0.491
468.0,476.0,3.767,0.623,-0.581
468.0,477.0,3.76,0.536,-0.667
468.0,478.0,3.752,0.454,-0.748
468.0,479.0,3.744,0.378,-0.824
468.0,480.0,3.736,0.305,-0.896
469.0,470.0,3.826,1.413,-0.249
469.0,471.0,3.817,1.273,-0.368
469.0,472.0,3.808,1.141,-0.479
469.0,473.0,3.798,1.016,-0.584
469.0,474.0,3.787,0.898,-0.682
469.0,475.0,3.777,0.787,-0.774
469.0,476.0,3.766,0.682,-0.86
469.0,477.0,3.754,0.583,-0.94
469.0,478.0,3.743,0.49,-1.015
469.0,479.0,3.731,0.402,-1.085
469.0,480.0,3.719,0.32,-1.15
469.0,481.0,3.707,0.242,-1.211
470.0,471.0,4.182,1.154,0.143
470.0,472.0,4.185,1.089,-0.009
470.0,473.0,4.187,1.022,-0.154
470.0,474.0,4.186,0.954,-0.291
470.0,475.0,4.184,0.884,-0.42
470.0,476.0,4.18,0.814,-0.542
470.0,477.0,4.175,0.743,-0.657
470.0,478.0,4.169,0.673,-0.766
470.0,479.0,4.162,0.603,-0.868
470.0,480.0,4.153,0.534,-0.964
470.0,481.0,4.144,0.466,-1.054
470.0,482.0,4.134,0.4,-1.139
471.0,472.0,4.156,1.103,0.594
471.0,473.0,4.17,1.055,0.407
471.0,474.0,4.18,1.003,0.23
471.0,475.0,4.188,0.947,0.061
471.0,476.0,4.193,0.888,-0.099
471.0,477.0,4.196,0.826,-0.251
471.0,478.0,4.197,0.763,-0.395
471.0,479.0,4.196,0.699,-0.531
471.0,480.0,4.193,0.634,-0.66
471.0,481.0,4.189,0.569,-0.782
471.0,482.0,4.184,0.503,-0.897
471.0,483.0,4.177,0.439,-1.005
472.0,473.0,4.611,0.714,0.422
472.0,474.0,4.619,0.673,0.261
472.0,475.0,4.626,0.626,0.106
472.0,476.0,4.63,0.574,-0.043
472.0,477.0,4.633,0.519,-0.186
472.0,478.0,4.635,0.46,-0.322
472.0,479.0,4.635,0.4,-0.453
472.0,480.0,4.634,0.337,-0.577
472.0,481.0,4.632,0.274,-0.697
472.0,482.0,4.628,0.21,-0.81
472.0,483.0,4.624,0.146,-0.918
472.0,484.0,4.619,0.082,-1.022
473.0,474.0,4.405,0.884,0.368
473.0,475.0,4.408,0.829,0.231
473.0,476.0,4.409,0.771,0.099
473.0,477.0,4.409,0.71,-0.027
473.0,478.0,4.408,0.648,-0.147
473.0,479.0,4.407,0.585,-0.262
473.0,480.0,4.404,0.521,-0.372
473.0,481.0,4.4,0.458,-0.477
473.0,482.0,4.396,0.394,-0.577
473.0,483.0,4.391,0.331,-0.673
473.0,484.0,4.385,0.268,-0.764
473.0,485.0,4.378,0.207,-0.85
474.0,475.0,4.298,0.962,0.545
474.0,476.0,4.304,0.902,0.389
474.0,477.0,4.309,0.839,0.239
474.0,478.0,4.312,0.774,0.096
474.0,479.0,4.314,0.708,-0.041
474.0,480.0,4.315,0.641,-0.172
474.0,481.0,4.314,0.573,-0.297
474.0,482.0,4.312,0.505,-0.415
474.0,483.0,4.309,0.438,-0.528
474.0,484.0,4.305,0.372,-0.636
474.0,485.0,4.3,0.306,-0.738
474.0,486.0,4.294,0.242,-0.836
475.0,476.0,3.963,1.306,-0.579
475.0,477.0,3.947,1.195,-0.692
475.0,478.0,3.93,1.087,-0.797
475.0,479.0,3.913,0.984,-0.896
475.0,480.0,3.896,0.884,-0.988
475.0,481.0,3.879,0.789,-1.074
475.0,482.0,3.861,0.697,-1.155
475.0,483.0,3.843,0.609,-1.229
475.0,484.0,3.825,0.525,-1.299
475.0,485.0,3.807,0.445,-1.363
475.0,486.0,3.789,0.369,-1.423
475.0,487.0,3.771,0.296,-1.479
476.0,477.0,3.797,1.301,-0.999
476.0,478.0,3.775,1.183,-1.079
476.0,479.0,3.754,1.071,-1.154
476.0,480.0,3.733,0.964,-1.223
476.0,481.0,3.712,0.864,-1.287
476.0,482.0,3.691,0.769,-1.346
476.0,483.0,3.67,0.678,-1.4
476.0,484.0,3.65,0.593,-1.449
476.0,485.0,3.63,0.513,-1.494
476.0,486.0,3.61,0.437,-1.536
476.0,487.0,3.591,0.366,-1.574
476.0,488.0,3.572,0.299,-1.608
477.0,478.0,3.72,0.888,-1.273
477.0,479.0,3.698,0.788,-1.335
477.0,480.0,3.676,0.694,-1.392
477.0,481.0,3.655,0.605,-1.444
477.0,482.0,3.634,0.521,-1.492
477.0,483.0,3.613,0.442,-1.535
477.0,484.0,3.593,0.368,-1.575
477.0,485.0,3.573,0.298,-1.611
477.0,486.0,3.553,0.232,-1.643
477.0,487.0,3.534,0.171,-1.673
477.0,488.0,3.515,0.113,-1.699
477.0,489.0,3.496,0.059,-1.723
478.0,479.0,4.252,0.273,-0.751
478.0,480.0,4.25,0.229,-0.857
478.0,481.0,4.247,0.185,-0.957
478.0,482.0,4.243,0.139,-1.052
478.0,483.0,4.237,0.093,-1.141
478.0,484.0,4.231,0.047,-1.225
478.0,485.0,4.223,0.0,-1.304
478.0,486.0,4.215,-0.046,-1.378
478.0,487.0,4.205,-0.092,-1.448
478.0,488.0,4.195,-0.137,-1.514
478.0,489.0,4.184,-0.182,-1.575
478.0,490.0,4.173,-0.225,-1.632
479.0,480.0,4.159,0.236,-0.419
479.0,481.0,4.164,0.213,-0.537
479.0,482.0,4.166,0.185,-0.648
479.0,483.0,4.166,0.155,-0.754
479.0,484.0,4.166,0.123,-0.854
479.0,485.0,4.163,0.088,-0.949
479.0,486.0,4.16,0.052,-1.039
479.0,487.0,4.155,0.015,-1.124
479.0,488.0,4.149,-0.023,-1.204
479.0,489.0,4.143,-0.062,-1.28
479.0,490.0,4.135,-0.101,-1.351
479.0,491.0,4.127,-0.14,-1.418
480.0,481.0,4.562,-0.343,-0.913
480.0,482.0,4.567,-0.354,-1.021
480.0,483.0,4.57,-0.37,-1.124
480.0,484.0,4.571,-0.389,-1.222
480.0,485.0,4.571,-0.411,-1.314
480.0,486.0,4.569,-0.435,-1.402
480.0,487.0,4.566,-0.462,-1.485
480.0,488.0,4.562,-0.49,-1.564
480.0,489.0,4.556,-0.519,-1.638
480.0,490.0,4.55,-0.55,-1.708
480.0,491.0,4.542,-0.581,-1.773
480.0,492.0,4.534,-0.612,-1.835
