1.0,0.18826658234837565,0.04470467376340926,0.011256397708801356,0.0028490014756887435,0.0007183975207691925,0.0001805399472745086,4.5281048618053325e-5,1.1345453464944935e-5,2.841417891510109e-6,7.115199747727638e-7,1.7817444362177264e-7,4.4060326973655166e-11,1.0964869598664861e-14,2.7471651038093555e-18,6.930916098303905e-22,4.50874871531742e-29,0.0,0.0,0.0,0.0,0.0,0.0,0.0
1.0,0.26470955737079555,0.0831042249933884,0.026503432057682984,0.008354046199606942,0.002605343247383725,0.0008070998805479518,0.00024907999877745227,7.671106549402685e-5,2.3600339826255376e-5,7.2570917518352175e-6,2.2311379972934548e-6,1.887859816283394e-9,1.6085822295171985e-12,1.3813380850071832e-15,1.1957530546206007e-18,9.173534110630174e-25,0.0,0.0,0.0,0.0,0.0,0.0,0.0
1.0,0.30175445260761213,0.10642922033009636,0.0377916320700526,0.01321717212685775,0.004565456911242564,0.0015646588662611806,0.0005337703655199272,0.00018161905930393833,6.171062155584705e-5,2.0953417036598364e-5,7.112535012162367e-6,1.09053112437258e-8,1.688081822036861e-11,2.6416627135517882e-14,4.180466773286676e-17,1.0832606526147563e-22,2.999920229486319e-28,0.0,0.0,0.0,0.0,0.0,0.0
1.0,0.3424368619811871,0.13478625283571946,0.05304105636342583,0.02050925963879818,0.007821337463439947,0.002956099602999781,0.001111150410488365,0.0004163045300421535,0.00015568148689777952,5.8159625994872424e-5,2.1716639038089118e-5,5.8929225250204645e-8,1.615881656484859e-10,4.486910575884444e-13,1.262120690709431e-15,1.0384426701210103e-20,9.025943933446862e-26,5.044427640822261e-31,0.0,0.0,0.0,0.0,0.0
1.0,0.29919901232528756,0.10563208295186532,0.037668656613002297,0.0132423576304893,0.004599223491257731,0.0015850975435341666,0.0005438378606465331,0.00018611937910416478,6.361219391321398e-5,2.1728055912581378e-5,7.420138579686153e-6,1.1818308159527538e-8,1.9067320908736772e-11,3.120714266533587e-14,5.1831085178291973e-17,1.494149319594326e-22,4.187554768573662e-28,0.0,0.0,0.0,0.0,0.0,0.0
1.0,0.27577513056285047,0.08998333386780082,0.029758064542932696,0.009717329742641242,0.0031380349246177583,0.0010063383273371108,0.0003214490022951973,0.00010246077563735822,3.2624328920393965e-5,1.0383085597396211e-5,3.304158855823849e-6,3.4459031632392193e-9,3.635419754752547e-12,3.884084713164603e-15,4.20376108733017e-18,5.121234801345529e-24,5.480512867076072e-30,0.0,0.0,0.0,0.0,0.0,0.0
1.0,0.25589136136629076,0.07913624918315537,0.025040325223069485,0.007847852227312262,0.002435383644876141,0.0007509973197384576,0.00023075862077405175,7.077131271040879e-5,2.1684814566151897e-5,6.6418415535696135e-6,2.0341669473969107e-6,1.685474192837955e-9,1.4112350125559331e-12,1.1951319596560992e-15,1.0240020301997497e-18,7.787085222714313e-25,6.5183038890203835e-31,0.0,0.0,0.0,0.0,0.0,0.0
1.0,0.2872338853744233,0.09547833414246,0.031924273345609044,0.010516629980877983,0.0034232411329272955,0.001106070342380876,0.00035586454497771287,0.00011422784524072687,3.662049981991963e-5,1.1733168166219346e-5,3.758378103843154e-6,4.067332160267949e-9,4.434991383733867e-12,4.877317559686354e-15,5.411047490132992e-18,6.838362910040577e-24,9.160615609515091e-30,0.0,0.0,0.0,0.0,0.0,0.0
1.0,0.25995918255287714,0.08026802211830483,0.025214148984331008,0.007832948660787566,0.0024082789430187033,0.0007356331188941982,0.00022388224827155258,6.800247069512975e-5,2.0634738464210205e-5,6.25861199580005e-6,1.8979825899988985e-6,1.479962641716296e-9,1.1628552500275692e-12,9.214299898262097e-16,7.364922057798804e-19,4.824716331635829e-25,6.3305770173236145e-31,0.0,0.0,0.0,0.0,0.0,0.0
1.0,0.28772487262444796,0.09566681071917636,0.03198252950850414,0.010532209855048954,0.0034266758038151517,0.001106534851425584,0.0003557753889364638,0.00011411395603003905,3.6554106327204524e-5,1.1701549453826449e-5,3.7446957114820093e-6,4.0240880548445984e-9,4.346748193444026e-12,4.723924807034609e-15,5.1661546724190826e-18,6.299664833574116e-24,9.13351971089294e-30,0.0,0.0,0.0,0.0,0.0,0.0
1.0,0.21947466959370568,0.05914411163708134,0.01653669218251584,0.004606321408934042,0.0012737449040273023,0.0003504683609796024,9.616050791784046e-5,2.6345890858195568e-5,7.2131529337479115e-6,1.974284744880095e-6,5.403313847620492e-7,2.275431618742337e-10,9.63633961944523e-14,4.105945954194376e-17,1.760571965278344e-20,3.254752491384472e-27,0.0,0.0,0.0,0.0,0.0,0.0,0.0
1.0,0.20977463040894412,0.05396102831167693,0.014444404752045207,0.0038585869063865077,0.0010241078956138227,0.0002705774037797567,7.130521462194616e-5,1.8766038567340662e-5,4.9356474591925705e-6,1.297759942839895e-6,3.411975068595349e-7,1.128367702710462e-10,3.7464158367474174e-14,1.2492630226168787e-17,4.184303717862414e-21,5.013751536929309e-28,0.0,0.0,0.0,0.0,0.0,0.0,0.0
1.0,0.18497454194089738,0.04292102610548103,0.010555962701166556,0.0026104980904246974,0.0006433440418767332,0.00015803703754639815,3.874644689433546e-5,9.490041373650588e-6,2.3232737654421773e-6,5.686591180024166e-7,1.3918295091340993e-7,2.996692188856502e-11,6.476384337162203e-15,1.4053121059262635e-18,3.062023581339041e-22,1.6367010712969577e-29,0.0,0.0,0.0,0.0,0.0,0.0,0.0
1.0,0.1632373817317097,0.034034299481702585,0.0076767985250955776,0.001757386597831686,0.0004024050681324811,9.19858147075022e-5,2.1000513233514446e-5,4.791178341186524e-6,1.0927528628429168e-6,2.4920622586814753e-7,5.683286028572159e-8,8.010482159242774e-12,1.1336711855243899e-15,1.6113293467660592e-19,2.2998020059188106e-23,0.0,0.0,0.0,0.0,0.0,0.0,0.0,0.0
1.0,0.15050071867269166,0.02919197541898365,0.0062166355538358885,0.0013533884364698402,0.00029559087683315234,6.452698409090166e-5,1.407537625566726e-5,3.0688616981306736e-6,6.689697275508582e-7,1.458194153753046e-7,3.178630886442067e-8,3.417465454353912e-12,3.690104257437467e-16,4.0025922773782243e-20,4.3645551226815896e-24,0.0,0.0,0.0,0.0,0.0,0.0,0.0,0.0
1.0,0.15283206608064176,0.029874012500290523,0.006388216964339887,0.0013949258899110617,0.0003054730841306948,6.685326946563864e-5,1.4618941248426234e-5,3.1951613751962665e-6,6.9818435825142e-7,1.5255178269201015e-7,3.3332746373014003e-8,3.6334807535384783e-12,3.9748292576976783e-16,4.3645466766941505e-20,4.812195777232339e-24,0.0,0.0,0.0,0.0,0.0,0.0,0.0,0.0
1.0,0.1699378225091301,0.03610581774396232,0.008226003714923233,0.0018971033776962463,0.00043727446597361855,0.00010058837576902848,2.3106188393598816e-5,5.303600658899805e-6,1.216883005991106e-6,2.791623975732388e-7,6.403885803349009e-8,9.338524745914673e-12,1.3646259479907155e-15,1.9985467833559945e-19,2.933188758494343e-23,8.232596955309313e-31,0.0,0.0,0.0,0.0,0.0,0.0,0.0
1.0,0.17400416202212002,0.037730795049150015,0.008737664107419824,0.0020443439609708143,0.0004776744717191796,0.000111352168876956,2.591728341864874e-5,6.0271532305893745e-6,1.4010534714367242e-6,3.2562525934480466e-7,7.567528083950428e-8,1.192916437397478e-11,1.883919931138507e-15,2.9810996733057555e-19,4.727128769444221e-23,8.136910591721332e-31,0.0,0.0,0.0,0.0,0.0,0.0,0.0
1.0,0.17871221599587506,0.03965822884255485,0.009357432065364607,0.002226072797860054,0.0005284100392118533,0.00012509380633777143,2.956342883728274e-5,6.980259220595632e-6,1.6473644811590718e-6,3.887030401820639e-7,9.170894042327639e-8,1.5824393857260056e-11,2.734755363683929e-15,4.734248688462285e-19,8.210868134741392e-23,3.209456010062395e-30,0.0,0.0,0.0,0.0,0.0,0.0,0.0
1.0,0.16507629971041568,0.03445307462051591,0.007756402868983743,0.001771246042800331,0.000404542839189468,9.223465138741667e-5,2.1001848963100345e-5,4.778644740673892e-6,1.086922800439957e-6,2.4718900876858026e-7,5.6213713801445774e-8,7.781889711888366e-12,1.079684151217794e-15,1.5015635709468068e-19,2.093311443112657e-23,0.0,0.0,0.0,0.0,0.0,0.0,0.0,0.0
1.0,0.17421787121429225,0.03814092896629504,0.008927357351068397,0.0021104939914499267,0.0004981310881988925,0.00011728035793899134,2.7567465222753467e-5,6.474134924797031e-6,1.519760564847928e-6,3.5668255461709827e-7,8.370575419987156e-8,1.3987608761561231e-11,2.3408940853379394e-15,3.924024919512074e-19,6.588520386290149e-23,8.249058399271633e-31,0.0,0.0,0.0,0.0,0.0,0.0,0.0
1.0,0.17322244540454632,0.03790515311844973,0.008882884953182131,0.002103278438971518,0.0004972407706570594,0.00011726344136612905,2.760882675524429e-5,6.494497713186315e-6,1.5270409513823483e-6,3.589782621419416e-7,8.438233046143054e-8,1.4239112942102733e-11,2.406230586137505e-15,4.0726406843345246e-19,6.904020839316488e-23,1.8748357944481333e-30,0.0,0.0,0.0,0.0,0.0,0.0,0.0
1.0,0.16862904277226468,0.03613437784612358,0.008331827542334587,0.001944965018896478,0.000453674156647659,0.00010559343042341805,2.454021290980487e-5,5.698499859124949e-6,1.3227118573407745e-6,3.069664562119132e-7,7.123410134467051e-8,1.1129195466378668e-11,1.7415836194455658e-15,2.730180088558471e-19,4.287487048636475e-23,8.490874364140955e-31,0.0,0.0,0.0,0.0,0.0,0.0,0.0
1.0,0.15771358265590685,0.031954765171323944,0.0070515342298199295,0.001584069101278678,0.0003563513579850203,8.00624309163283e-5,1.7967763284350143e-5,4.029753244795528e-6,9.034961306758079e-7,2.025438310213279e-7,4.5404500234577286e-8,5.767349732901026e-12,7.342648993679379e-16,9.371148360796999e-20,1.1990030644583894e-23,0.0,0.0,0.0,0.0,0.0,0.0,0.0,0.0
1.0,0.1588984305528704,0.03229850258170852,0.007136528672716197,0.0016042824907301304,0.000361089892898926,8.116582125035263e-5,1.822375453187375e-5,4.089010985395703e-6,9.171921291291244e-7,2.0570560185037824e-7,4.613369517877398e-8,5.875375432681289e-12,7.49946299848922e-16,9.595447118128483e-20,1.230807411457725e-23,8.750074750431268e-31,0.0,0.0,0.0,0.0,0.0,0.0,0.0
1.0,0.1763461018685804,0.03891195572055224,0.00915704679644676,0.0021745162238863023,0.0005153804938853577,0.00012183201581554848,2.8751558336038268e-5,6.7789609617530495e-6,1.5975956527768163e-6,3.764260712940386e-7,8.868623650509805e-8,1.517111138138057e-11,2.5987146055938785e-15,4.45802200233513e-19,7.660763281160549e-23,3.2581244919142345e-30,0.0,0.0,0.0,0.0,0.0,0.0,0.0
1.0,0.22431872891466834,0.06003135222187843,0.01653067323495297,0.004526016495491121,0.0012294789136313622,0.00033224638574426565,8.951829488699933e-5,2.408080139603264e-5,6.4724217382604516e-6,1.738900818154651e-6,4.6707535726915104e-7,1.752298272797101e-10,6.574365060712476e-14,2.467372201406723e-17,9.26315526686835e-21,1.3183443149128787e-27,0.0,0.0,0.0,0.0,0.0,0.0,0.0
1.0,0.3747228486549736,0.15383425611048598,0.062361555616170405,0.0247477436287186,0.009667504905966105,0.003737760879492896,0.0014357231124435307,0.0005492319113865011,0.000209574492984169,7.984326358594379e-5,3.038897284527459e-5,9.173505190436057e-8,2.762979638326234e-10,8.320838444540286e-13,2.5058452617065005e-15,2.2726333886476942e-20,2.0629806204942128e-25,1.6697232308551345e-30,0.0,0.0,0.0,0.0,0.0
1.0,0.42753626603505784,0.204441679820303,0.09704986037697502,0.04517065480907233,0.02069250591188954,0.009372992584664295,0.004213005831279394,0.0018838220715903466,0.0008393958836480058,0.00037314544982481555,0.00016562045632359746,1.2502715823393912e-6,9.396107352784441e-9,7.063411679035884e-11,5.313585643188622e-13,3.0138606162999637e-17,1.714806885943114e-21,9.799766964353519e-26,6.347795887180479e-30,0.0,0.0,0.0,0.0
1.0,0.49652577394583713,0.27083683995940155,0.1463078204865316,0.07754496273473818,0.040456729253637254,0.020858792457546283,0.010661813886341517,0.0054157720379349825,0.002738712220867285,0.0013805393356050913,0.0006943380793208674,1.1006529873172895e-5,1.72937157389608e-7,2.7178965491606826e-9,4.2774954433855354e-11,1.064601240308468e-14,2.6673121710187075e-18,6.728942487395429e-22,1.713560913103509e-25,4.0785506292776425e-29,0.0,0.0,0.0
1.0,0.3325988107752522,0.1349210931085665,0.05577255425221931,0.022755139878512326,0.009163780139064074,0.003656736754287545,0.0014505397957044932,0.0005732315630875824,0.0002259996444278153,8.89717167590975e-5,3.499519014559824e-5,1.2883146602237474e-7,4.741977983437246e-10,1.7490856143067788e-12,6.4663779254751605e-15,8.901554976199685e-20,1.2378089725426535e-24,1.6217264372812437e-29,0.0,0.0,0.0,0.0,0.0
1.0,0.44696866660645507,0.21928593447395442,0.10635067104578559,0.05053565543591897,0.023629984196480453,0.010923538418984116,0.005009977890338686,0.002285451928367719,0.0010387917044826192,0.0004710022079542427,0.00021321008445155973,1.8102332522775828e-6,1.530583324911862e-8,1.2956316824694387e-10,1.0985834059796724e-12,7.940241820116498e-17,5.780763104693649e-21,4.236422246521881e-25,2.925683521358563e-29,0.0,0.0,0.0,0.0
1.0,0.3798135076103194,0.16994460322475838,0.07656910913698106,0.03395191870009866,0.014843905286533583,0.006425911796839247,0.002763593091884724,0.0011835118866374266,0.0005054800557897066,0.00021553272597901705,9.181047869946302e-5,5.461172737772561e-7,3.2691417201056636e-9,1.9769621016807355e-11,1.208428710841016e-13,4.66591151364984e-18,1.8817674539007092e-22,7.848890274728842e-27,0.0,0.0,0.0,0.0,0.0
1.0,0.41992114301118527,0.1998986944179043,0.09481605822431878,0.0441630595975848,0.020268015407966914,0.009206181913491759,0.00415293070303242,0.0018650178514910737,0.0008351792022996896,0.0003733602668490373,0.00016674512427669258,1.3213068726866906e-6,1.062346364402149e-8,8.709935004975263e-11,7.285732512855811e-13,5.4064198290867656e-17,4.313019338421018e-21,3.6613722888416596e-25,3.2861069849991624e-29,0.0,0.0,0.0,0.0
1.0,0.5684640032229518,0.34599602780561023,0.20827397810390402,0.12327516863892084,0.07195112239718529,0.04154648884866516,0.02379856614215934,0.013552766686978239,0.007685942147339963,0.004346293554431805,0.0024531267894021915,7.861076351490151e-5,2.5711639636257772e-6,8.703212015576522e-8,3.0510135038224646e-9,4.119937806491035e-12,6.150410093153982e-15,9.84743541293186e-18,1.6498274574789685e-20,2.8340977778379146e-23,4.5694710909848173e-26,0.0,0.0
1.0,0.4104223286493729,0.1977392095152359,0.09605916029402868,0.046049010204980916,0.021822945072477475,0.010264767820800193,0.0048075051872110445,0.002247052358235186,0.0010498035680172955,0.0004907551247451071,0.00022971738617327505,2.528818514078586e-6,3.043799634427593e-8,3.9737149908852106e-10,5.536163588762209e-12,1.2252602450576711e-15,2.9880817752367957e-19,7.607092943995203e-23,1.9724664312020086e-26,6.764288172846396e-30,0.0,0.0,0.0
1.0,0.3090141503313141,0.11439427761572213,0.04308356675984849,0.016051235541110338,0.00592132311540846,0.002171723066044547,0.0007943562184256213,0.0002903488300538619,0.00010618244450660346,3.8880932589771094e-5,1.4261548565613178e-5,3.634203336073977e-8,1.0039881747206994e-10,2.983380940280226e-13,9.41583870738696e-16,1.0664964385910446e-20,1.3420000099559767e-25,2.1732001829179934e-30,0.0,0.0,0.0,0.0,0.0
1.0,0.24925380736979164,0.07542927727181256,0.02348409466324763,0.007264815901816219,0.0022300205835174424,0.0006813989862226394,0.0002077867665542692,6.333573682171664e-5,1.9314879703327888e-5,5.896188349307657e-6,1.8022388871426776e-6,1.5185847052106663e-9,1.3566359917762237e-12,1.2813865582491782e-15,1.272137024411654e-18,1.4137861989932446e-24,2.5817863385559617e-30,0.0,0.0,0.0,0.0,0.0,0.0
1.0,0.23341888808152308,0.06522468515366676,0.018715697724079088,0.005337155523426516,0.0015107139468957713,0.00042571643940911096,0.00011971726537567306,3.364448213356435e-5,9.456679168170256e-6,2.6596217336193377e-6,7.486168865600101e-7,3.8046230329060803e-10,2.0119792310327304e-13,1.106818610095414e-16,6.320908934081054e-20,2.2698638319669865e-26,0.0,0.0,0.0,0.0,0.0,0.0,0.0
1.0,0.21963133516201166,0.057833558443522844,0.01569227318716772,0.00423829375841905,0.0011369384939587876,0.0003036921373061404,8.094974524875046e-5,2.1559907047995803e-5,5.741663860544574e-6,1.5295126867180432e-6,4.0764293307929294e-7,1.481271398567069e-10,5.524035293457072e-14,2.1154192078185907e-17,8.315969704069362e-21,1.4231405782265194e-27,0.0,0.0,0.0,0.0,0.0,0.0,0.0
1.0,0.23004035457983998,0.062047514441163173,0.017074562302608575,0.004661182810528088,0.0012621014777842569,0.0003400433118562932,9.137993894128131e-5,2.4527293468242214e-5,6.580510232870895e-6,1.7654473609069962e-6,4.737253180347636e-7,1.781391509094039e-10,6.798913257977803e-14,2.6354887321224654e-17,1.0377947241628338e-20,1.6716864187233622e-27,0.0,0.0,0.0,0.0,0.0,0.0,0.0
1.0,0.19461168572807985,0.04636309533596,0.011552708124709609,0.0028820068211357,0.0007155558055152989,0.00017703015889571557,4.371185709900154e-5,1.0783242994426708e-5,2.6591748645466985e-6,6.557254262920928e-7,1.617116438543686e-7,3.654953330212313e-11,8.339026735690084e-15,1.9215475713346256e-18,4.472528285067981e-22,1.9368411686721945e-29,0.0,0.0,0.0,0.0,0.0,0.0,0.0
1.0,0.18333455109861319,0.041469432458878915,0.009891027074757325,0.002370192648304874,0.000566051478781474,0.00013477547229266183,3.203279602950319e-5,7.606649553744028e-6,1.8056129194234424e-6,4.2855110168029407e-7,1.0171498406760758e-7,1.8225954483341195e-11,3.2824799609095673e-15,5.943573304747914e-19,1.082165447920017e-22,3.218565415828328e-30,0.0,0.0,0.0,0.0,0.0,0.0,0.0
1.0,0.16825216644033983,0.035478942643472205,0.008005171289394297,0.0018261798898964678,0.0004162064887863669,9.466171984771232e-5,2.1500030259069214e-5,4.8796379302035725e-6,1.1071174992910295e-6,2.5115999564519867e-7,5.6977712645235556e-8,7.779028286981882e-12,1.0658500683082917e-15,1.4659034648878257e-19,2.023738791930696e-23,0.0,0.0,0.0,0.0,0.0,0.0,0.0,0.0
1.0,0.15720974200655768,0.031313980823340894,0.006759303568936141,0.0014837932551845863,0.00032616704742032264,7.16142665729694e-5,1.5707812929181382e-5,3.443344231647143e-6,7.546208712436568e-7,1.6536242346113376e-7,3.6236288431111044e-8,4.017690413860857e-12,4.468070744704463e-16,4.984801591878407e-20,5.579159130193306e-24,0.0,0.0,0.0,0.0,0.0,0.0,0.0,0.0
1.0,0.14740622748069337,0.02780925292767011,0.005760903894281014,0.0012213277065923995,0.0002599363211467768,5.531274571835647e-5,1.1762865280121375e-5,2.5004738473624527e-6,5.314319890266875e-7,1.1294016165709904e-7,2.4002489940658516e-8,2.214958047682047e-12,2.0505121562143716e-16,1.9046588483418514e-20,1.774124878568948e-24,0.0,0.0,0.0,0.0,0.0,0.0,0.0,0.0
1.0,0.14011451800093166,0.025308536366816233,0.005075452712662446,0.0010473995664801831,0.00021748123294812672,4.5189833514602964e-5,9.387372011093937e-6,1.9495468887202715e-6,4.0482687898333686e-7,8.4061253529501e-8,1.7455773855786455e-8,1.402112368511244e-12,1.1303096113858566e-16,9.146459690804695e-21,7.430666681155992e-25,0.0,0.0,0.0,0.0,0.0,0.0,0.0,0.0
1.0,0.1360593089354608,0.023943692117442416,0.0047092928809493746,0.0009564486411947033,0.00019573737594183382,4.010958352500787e-5,8.218791362684972e-6,1.6838220040100923e-6,3.449446089105203e-7,7.066480487468964e-8,1.4477037065947484e-8,1.0725123758511676e-12,7.976590913022555e-17,5.95661303316347e-21,4.4617178170106105e-25,0.0,0.0,0.0,0.0,0.0,0.0,0.0,0.0
1.0,0.13080531136771534,0.02225729392955447,0.004271763729147376,0.0008506079011393566,0.00017100503537170663,3.4450017500897626e-5,6.942124679772664e-6,1.3988876291845735e-6,2.8188177312042453e-7,5.680265848406259e-8,1.144735520965572e-8,7.68751759052609e-13,5.1866808752321846e-17,3.51648841989282e-21,2.394909211295028e-25,0.0,0.0,0.0,0.0,0.0,0.0,0.0,0.0
1.0,0.12778072647503977,0.02130421455800975,0.00402880353836849,0.0007927864173141783,0.00015770116127000836,3.1450790003688374e-5,6.275357660924359e-6,1.2521911492054208e-6,2.498704425099643e-7,4.9864036230667474e-8,9.951821807222362e-9,6.306454006513032e-13,4.017054410452014e-17,2.5726093897893808e-21,1.6577402604575328e-25,0.0,0.0,0.0,0.0,0.0,0.0,0.0,0.0
1.0,0.12513099613735976,0.020490609928383634,0.003825182524766108,0.0007450291859494408,0.00014685157021652085,2.903328917865731e-5,5.7438494805951295e-6,1.1364997614662422e-6,2.248872296455698e-7,4.450398185270913e-8,8.808121199048338e-9,5.310247098735161e-13,3.219677025837066e-17,1.963762163659054e-21,1.205955548357215e-25,0.0,0.0,0.0,0.0,0.0,0.0,0.0,0.0
1.0,0.12429042532556221,0.020229435159798078,0.0037597077215948847,0.0007297054939958866,0.00014338312401873118,2.8263819043049576e-5,5.575467332508658e-6,1.1000270758768942e-6,2.1705034629448115e-7,4.283113925944193e-8,8.453013297195792e-9,5.010590986962709e-13,2.987454558856574e-17,1.7921156557371066e-21,1.0815695699420697e-25,0.0,0.0,0.0,0.0,0.0,0.0,0.0,0.0
1.0,0.12328442955823854,0.019926947669243616,0.0036851838186543924,0.0007124495792515474,0.00013950726584776327,2.740932079699861e-5,5.3894987252389134e-6,1.05994579926458e-6,2.084782380990902e-7,4.100945538950871e-8,8.067950260019045e-9,4.693098574352942e-13,2.7465377521598256e-17,1.617512297746909e-21,9.588091412127227e-26,0.0,0.0,0.0,0.0,0.0,0.0,0.0,0.0
1.0,0.12292425814668746,0.019817468908317704,0.003658114069915588,0.0007061772515848237,0.00013809919135541495,2.7099225349199004e-5,5.32210330873609e-6,1.0454423895018364e-6,2.0538146595418277e-7,4.035247032192353e-8,7.929322325535844e-9,4.580073403442186e-13,2.661774941288139e-17,1.5568708871181526e-21,9.173575328411237e-26,0.0,0.0,0.0,0.0,0.0,0.0,0.0,0.0
1.0,0.12263068198309476,0.019729386490826693,0.0036364809573406825,0.000701184740273163,0.0001369815736705121,2.6853649810637728e-5,5.26883490866486e-6,1.0339995296789414e-6,2.0294225509928694e-7,3.983580660316559e-8,7.82046845080808e-9,4.4920553258921006e-13,2.5962626854024502e-17,1.5103264264719884e-21,8.855233389678008e-26,0.0,0.0,0.0,0.0,0.0,0.0,0.0,0.0
1.0,0.12255616375405061,0.019706301937729667,0.003630730193823842,0.0006998483555436441,0.00013668127954576207,2.678751163980519e-5,5.254465822535277e-6,1.030909242633839e-6,2.0228293812772224e-7,3.969605917970531e-8,7.791010536746955e-9,4.468209692329212e-13,2.5785241496724386e-17,1.4977483157428394e-21,8.768460439166899e-26,0.0,0.0,0.0,0.0,0.0,0.0,0.0,0.0
1.0,0.12245050508062014,0.019674719119113435,0.0036229910280881367,0.0006980651630954439,0.00013628261707887023,2.6700015383338387e-5,5.235507658446368e-6,1.0268410581463077e-6,2.014166427225921e-7,3.951275040273293e-8,7.752428603447713e-9,4.4371939783355123e-13,2.555568792961687e-17,1.4815396502821226e-21,8.654591260229506e-26,0.0,0.0,0.0,0.0,0.0,0.0,0.0,0.0
1.0,0.1222439429347366,0.019614098407691908,0.003608270445667813,0.0006946902087352078,0.00013553046224435748,2.6535314225811094e-5,5.199886927269221e-6,1.0192093552247118e-6,1.9979379510490052e-7,3.916979179067536e-8,7.680329124651813e-9,4.3795690017534155e-13,2.5131191772489472e-17,1.4516243393232709e-21,8.458635603729182e-26,0.0,0.0,0.0,0.0,0.0,0.0,0.0,0.0
1.0,0.12211629861425226,0.019576848232696394,0.003599252439930729,0.0006926265022155898,0.0001350711398335329,2.6434840991945684e-5,5.178176933811916e-6,1.014561877344702e-6,1.9880629578396435e-7,3.8961255472349656e-8,7.636519776541925e-9,4.3446878630684187e-13,2.48751233521553e-17,1.433664448052124e-21,8.348057724802524e-26,0.0,0.0,0.0,0.0,0.0,0.0,0.0,0.0
1.0,0.12249655926332312,0.019686982463884242,0.003625820714906412,0.0006986959593294076,0.00013642081292529996,2.672992283686033e-5,5.2419186654707004e-6,1.028204820641528e-6,2.017049129107522e-7,3.9573360492689375e-8,7.765114146611436e-9,4.4471518240493987e-13,2.5628276892759504e-17,1.4865760859130595e-21,8.710369723290538e-26,0.0,0.0,0.0,0.0,0.0,0.0,0.0,0.0
1.0,0.1241821424796053,0.020181945057781252,0.0037462844700240196,0.0007263916081002256,0.0001426114750685627,2.808958584470089e-5,5.536864864924542e-6,1.0915863343394269e-6,2.1522300255299655e-7,4.243866919691227e-8,8.369271673971802e-9,4.938620794831322e-13,2.931239485598779e-17,1.7504214007628525e-21,1.05115105780181e-25,0.0,0.0,0.0,0.0,0.0,0.0,0.0,0.0
1.0,0.1256687621210785,0.020624895943432132,0.0038551913692806625,0.0007516280676113646,0.00014829058624884263,2.9344593452350476e-5,5.810696938717476e-6,1.1507612968050411e-6,2.2791294954152639e-7,4.514285399580951e-8,8.942459848963104e-9,5.419257971101849e-13,3.3021725303075314e-17,2.023671116693612e-21,1.244515966607775e-25,0.0,0.0,0.0,0.0,0.0,0.0,0.0,0.0
1.0,0.12789679791361153,0.021292705911963545,0.004020410806645169,0.0007901465997355912,0.0001570101292095602,3.128274850574872e-5,6.236027295649427e-6,1.2432013548314878e-6,2.4784940902642066e-7,4.941533196057517e-8,9.853184706554137e-9,6.208935535530318e-13,3.9320836742917605e-17,2.5031787318473535e-21,1.6050857469471654e-25,0.0,0.0,0.0,0.0,0.0,0.0,0.0,0.0
1.0,0.14097215900499183,0.025360246547304028,0.005060108595094379,0.0010397296276500332,0.00021507367045040673,4.4531877390949856e-5,9.218878898708432e-6,1.9080098370854718e-6,3.948444429594503e-7,8.170610817239612e-8,1.690791726847171e-8,1.329418660339347e-12,1.0480857591960805e-16,8.286168610511853e-21,6.571489623447274e-25,0.0,0.0,0.0,0.0,0.0,0.0,0.0,0.0
1.0,0.1370794119493157,0.02415254175093648,0.004749492926571352,0.0009644512522186653,0.00019737009512831578,4.044618185660135e-5,8.28837687459303e-6,1.6982021795301237e-6,3.4791191001573934e-7,7.12759710351793e-8,1.4602673878993552e-8,1.0816049520805386e-12,8.03724240696621e-17,5.9924726819827994e-21,4.481801133346616e-25,0.0,0.0,0.0,0.0,0.0,0.0,0.0,0.0
1.0,0.13443384054140273,0.023327817232155146,0.004537807587616301,0.0009134028166009717,0.00018544028722028874,3.7712133030325485e-5,7.670277668107287e-6,1.5598922577891938e-6,3.172133385290008e-7,6.45075688484274e-8,1.311872942898227e-8,9.298042257018597e-13,6.614278971950016e-17,4.723241678898372e-21,3.3829305167708177e-25,0.0,0.0,0.0,0.0,0.0,0.0,0.0,0.0
1.0,0.1359790469619963,0.023809612985485763,0.004661141140947189,0.0009430449924816959,0.00019234448000890578,3.928950804238366e-5,8.025859060454217e-6,1.6392472159530615e-6,3.3478242601776365e-7,6.837197982016819e-8,1.3964057618859068e-8,1.0152146683269613e-12,7.405957655609148e-17,5.421786291388857e-21,3.985879637872253e-25,0.0,0.0,0.0,0.0,0.0,0.0,0.0,0.0
1.0,0.15886867100491114,0.03139505190414506,0.006709653068984623,0.0014595947858646694,0.00031815848412097885,6.928933287302338e-5,1.5075749516413319e-5,3.2782095753173467e-6,7.126245230187298e-7,1.5488938522767417e-7,3.366328389718303e-8,3.548143664687073e-12,3.74255692131088e-16,3.950882943582832e-20,4.176184896487334e-24,0.0,0.0,0.0,0.0,0.0,0.0,0.0,0.0
1.0,0.1483427854029051,0.027971077286472364,0.005788147845761105,0.0012263451269220837,0.0002609180747259067,5.5508969756383815e-5,1.1802019089967149e-5,2.50818406749323e-6,5.329194749403733e-7,1.1321918990721608e-7,2.405281484216575e-8,2.2124640256462615e-12,2.0380728541767552e-16,1.8803454210113318e-20,1.738173750145319e-24,0.0,0.0,0.0,0.0,0.0,0.0,0.0,0.0
1.0,0.1342934177616627,0.023383735714569528,0.0045676107173340955,0.0009230111765917183,0.00018808337393068372,3.838613939450492e-5,7.834749384755367e-6,1.5988824945607776e-6,3.262679744869747e-7,6.657793745658882e-8,1.358640918045377e-8,9.828874637620276e-13,7.13497040235336e-17,5.198049776891622e-21,3.803755415221277e-25,0.0,0.0,0.0,0.0,0.0,0.0,0.0,0.0
1.0,0.1472621974876706,0.027561889445980856,0.005668711449853696,0.0011946703789137837,0.00025292242522599855,5.355022310000378e-5,1.1331790257778795e-5,2.3969517162716844e-6,5.069046715672685e-7,1.0718994024181072e-7,2.26658744829429e-8,2.0275533711927664e-12,1.8167421188380394e-16,1.6307104593971266e-20,1.4668023279732012e-24,0.0,0.0,0.0,0.0,0.0,0.0,0.0,0.0
1.0,0.1870822730748346,0.042230209499593954,0.010008108761014014,0.0023818335656679438,0.0005649032912842023,0.00013355984279582288,3.151728058210199e-5,7.429753534316765e-6,1.7505366189911737e-6,4.123385316917342e-7,9.71137384434441e-8,1.6564545323692378e-11,2.8251942272069907e-15,4.81876716673271e-19,8.219207287833255e-23,3.0198700852369827e-30,0.0,0.0,0.0,0.0,0.0,0.0,0.0
1.0,0.2635137297391415,0.07834305618997757,0.02338406424103273,0.006881642018950407,0.002002745633390198,0.0005789581995921806,0.00016674768049715146,4.7931848317186495e-5,1.376456998440092e-5,3.950982153144455e-6,1.1339015426206377e-6,6.34546751966067e-10,3.5692044962477097e-13,2.0177917606603906e-16,1.1460013369486444e-19,3.7599310808361626e-26,0.0,0.0,0.0,0.0,0.0,0.0,0.0
1.0,0.23365366756846315,0.06525479890390111,0.01870288021386058,0.005321156592198693,0.0015007893128833863,0.00042091079310602327,0.00011767915232739416,3.284779334370297e-5,9.161737204176552e-6,2.5545433465636943e-6,7.122268785609021e-7,3.354392373577224e-10,1.5899785359941663e-13,7.582235282654935e-17,3.6354128995206306e-20,8.63098661339665e-27,0.0,0.0,0.0,0.0,0.0,0.0,0.0
1.0,0.25358967457244785,0.07576375437328373,0.022994689677705498,0.006901005137638784,0.0020499830313777502,0.000605130189010738,0.00017801241113543184,5.2275462150329944e-5,1.5339451311250595e-5,4.500030981736633e-6,1.3201971384126358e-6,8.465562624355154e-10,5.490528818321285e-13,3.596774875973902e-16,2.375981739948268e-19,1.0612270721135424e-25,0.0,0.0,0.0,0.0,0.0,0.0,0.0
1.0,0.29993850855667786,0.10448114990533348,0.03658583404928964,0.012616616643846732,0.004298185292300557,0.0014534400009998906,0.0004894732982933135,0.0001645038421173598,5.5241672606020374e-5,1.8548379403332176e-5,6.229668619575491e-6,9.05365605521336e-9,1.34435035029857e-11,2.028634022947047e-14,3.0962064156997956e-17,7.366952728038345e-23,1.663822269952933e-28,0.0,0.0,0.0,0.0,0.0,0.0
1.0,0.38702409597802406,0.17047439974081374,0.07491423147343178,0.03236490008100132,0.013796226249046287,0.00582931614362961,0.0024498249267160266,0.0010264124030236652,0.00042937579218070473,0.00017951542337171263,7.50540598393384e-5,4.057128955175465e-7,2.2418381763115615e-9,1.2557121443392745e-11,7.084594413217302e-14,2.2764470551058838e-18,7.347377859300952e-23,2.372723084280266e-27,1.193462644877152e-31,0.0,0.0,0.0,0.0
1.0,0.4755579944727066,0.26154403934510195,0.1445103326650069,0.07882320332465803,0.04248045520382306,0.02268209762893098,0.01202775910387524,0.006346290412595167,0.0033366899662678885,0.0017499984308828127,0.0009162720723650882,1.8624983590915712e-5,3.775494950556712e-7,7.666212290126467e-9,1.5580457458846232e-10,6.440563647286302e-14,2.6629032093313594e-17,1.101026226693927e-20,4.552569493654471e-24,1.8996366458022553e-27,4.360965669885802e-31,0.0,0.0
1.0,0.6088469357719929,0.4122347025963854,0.27958466167892293,0.18774524596373496,0.12479039619199689,0.08218684395266222,0.05369819347875144,0.0348472789484719,0.022485611324612277,0.014440713627480539,0.00923815655348757,0.0006029068726704235,3.796410675130401e-5,2.3683734118570257e-6,1.474007540722415e-7,5.70185948298171e-10,2.2051148212967775e-12,8.527625961472176e-15,3.296407445827147e-17,1.2655874106804549e-19,4.33801618512059e-22,0.0,0.0
1.0,0.6616069381849056,0.5009604253919916,0.3834120994747923,0.29197711359277073,0.22081598653179807,0.1658450412291596,0.12374799743822877,0.09178614197266577,0.06771458524206,0.04971839636030283,0.03635242240097483,0.005223224698536719,0.0007092157908031801,9.425398252363166e-5,1.2427660995538628e-5,2.1459061541371148e-7,3.6979722503438827e-9,6.368119993278899e-11,1.092847855342326e-12,1.8267797702442666e-14,2.459333364122969e-16,0.0,0.0
1.0,0.5960095142785016,0.43987249504915804,0.33402308082795124,0.2533763659188519,0.1911297918239613,0.14327429351206672,0.10674782160587157,0.07908538925411504,0.058293482888515644,0.04277394154867024,0.03126182067129537,0.0044956678846842105,0.0006129490324408956,8.18994386112622e-5,1.0861769652614903e-5,1.8981947849397103e-7,3.310959992159114e-9,5.7711483831183976e-11,1.0024147865719865e-12,1.6954731701843643e-14,2.3071511093924695e-16,0.0,0.0
1.0,0.5487881979516859,0.37951521540122896,0.2703514364310258,0.19197165515995737,0.13525068238330276,0.09452063555393718,0.06556597385204356,0.04518289606687798,0.030960231509776844,0.02111236168870668,0.014338459999622397,0.0013326651781126045,0.0001186181211183545,1.0420087667488671e-5,9.11781069495219e-7,6.962603466650864e-9,5.313722339035412e-11,4.0547310727148507e-13,3.0905860770220697e-15,2.3258051988949112e-17,1.5011873244642198e-19,0.0,0.0
1.0,0.45391270434200387,0.26822569477784974,0.16395808014948202,0.0995832989405495,0.05981480904903097,0.03555940879712687,0.020957869198213144,0.012266085762786724,0.0071393983145745825,0.004137501920536816,0.0023897857434167016,8.54868660246396e-5,2.990143641186456e-6,1.0414527140850451e-7,3.6244487669500357e-9,4.388397516218693e-12,5.313161292918662e-15,6.4327725912427605e-18,7.787696958559612e-21,9.405999443073683e-24,1.0623853194813683e-26,0.0,0.0
1.0,0.2608727524074693,0.09869446212799635,0.04060971152641657,0.016805718856969715,0.006909858606304697,0.0028234558360636032,0.0011486446216171721,0.0004659541633559977,0.00018867218167874377,7.630891797981609e-5,3.08413499509296e-5,1.3373809064663714e-7,5.790091311594281e-10,2.506600535632815e-12,1.085135952045771e-14,2.0336826797118888e-19,3.811383617018401e-24,7.960051043120263e-29,0.0,0.0,0.0,0.0,0.0
1.0,0.30832975477245655,0.10795646449920193,0.037552720351678066,0.012816989252311315,0.004316892111988247,0.001442832002101819,0.00048026619666901666,0.00015954484805026967,5.295724558055481e-5,1.7574339700875307e-5,5.832805145082986e-6,7.837881363872937e-9,1.0594823458804182e-11,1.4348389989738525e-14,1.9441775430700788e-17,3.5708071694264443e-23,6.145490315537718e-29,0.0,0.0,0.0,0.0,0.0,0.0
1.0,0.2412566125341542,0.06917321427595313,0.020083385335438506,0.005757634894725622,0.001633871611687056,0.0004610028744405501,0.00012971884889226087,3.646287445144458e-5,1.024787030728715e-5,2.8810009524928657e-6,8.103410592404172e-7,4.0589506979960694e-10,2.062757145269094e-13,1.0565890521459932e-16,5.434570732522234e-20,1.4568219699148166e-26,0.0,0.0,0.0,0.0,0.0,0.0,0.0
1.0,0.2905892211030693,0.09156997068286943,0.028367652140169477,0.008613162632762673,0.0025845018666758503,0.0007712584419140029,0.00022975837809352802,6.847424223915291e-5,2.044107504819043e-5,6.1167061376025106e-6,1.835550328679066e-6,1.4410614274447708e-9,1.3026207051307709e-12,1.3619770418601974e-15,1.6219802268373297e-18,3.0383186043686445e-24,8.578095199834772e-30,0.0,0.0,0.0,0.0,0.0,0.0
1.0,0.2656259046600527,0.08304644818583386,0.02672787889880472,0.008711541807111553,0.0028887031834859797,0.0009789983289829247,0.0003398663008932506,0.00012090447535708001,4.403514758432173e-5,1.6392658409604664e-5,6.223929129468763e-6,2.486198562386567e-8,1.2582230643111721e-10,6.80186262586149e-13,3.738699635375922e-15,1.1399431508063862e-19,3.481465694419541e-24,1.0495979904498653e-28,0.0,0.0,0.0,0.0,0.0
1.0,0.3854752555097832,0.1736329485774725,0.08404746285490043,0.043260596880309275,0.023487124838753773,0.013300347063039262,0.007767266396392837,0.0046336961408222285,0.0028037872999582803,0.0017121366082665573,0.0010515546617170513,5.867933015862078e-5,3.296223025435802e-6,1.846875344002383e-7,1.0338237186804273e-8,3.237555271834361e-11,1.0137849902661268e-13,3.1744213921001334e-16,9.936823058005164e-19,3.0931659188762538e-21,8.686935932396297e-24,0.0,0.0
1.0,0.32229769133782465,0.13860170497470253,0.06744826275428306,0.03543487240756118,0.019636490893423,0.011278706021153021,0.006627378959619414,0.003948292210598081,0.0023710638190923903,0.001430174861738674,0.0008646095555312346,4.2489470882578385e-5,2.074238402496747e-6,1.0092767183343324e-7,4.906841276225087e-9,1.1593200249074986e-11,2.7389069876353595e-14,6.47061464825323e-17,1.5283538684751762e-19,3.5945209557771123e-22,7.723441351210442e-25,0.0,0.0
1.0,0.47427141229783143,0.2882608669309022,0.19366001954229817,0.13770684689067667,0.10122639095236756,0.07577050969648225,0.05722487119225892,0.04337718065335625,0.03290679537028174,0.02494698867586781,0.018886809458468184,0.0034419240712414596,0.0006038190608836005,0.00010413075385357611,1.7828913728829767e-5,5.188834080010914e-7,1.5061083899140225e-8,4.364716370030793e-10,1.2562013538864536e-11,3.4710122755516203e-13,7.353537840982972e-15,0.0,0.0
1.0,0.250068893122251,0.08679098783634563,0.03433917896140718,0.014578274629635794,0.006496552564546487,0.0029974486580674723,0.0014170958237282878,0.0006811891330172276,0.0003311060912537576,0.00016212647095665503,7.976704675724425e-5,1.1750216983045394e-6,1.754240687551576e-8,2.621151780587113e-10,3.9166123551648765e-12,8.744728960763134e-16,1.952457129509996e-19,4.359128280174191e-23,9.741628638182424e-27,1.8791721910074116e-30,0.0,0.0,0.0
1.0,0.32378151970846153,0.13273304657685076,0.05924655696680801,0.027812765597715932,0.013538189605806474,0.0067622156735368715,0.00343811232322577,0.0017688462126651536,0.0009171044132918699,0.00047787046321543197,0.00024979159449715536,5.215844834875878e-6,1.0967263085298306e-7,2.306142585480913e-9,4.848864245736205e-11,2.1435336793830655e-14,9.475862396051123e-18,4.18898731005102e-21,1.851764151645188e-24,8.12154996472767e-28,1.982800284357341e-31,0.0,0.0
1.0,0.2519917175646131,0.08638762632268228,0.032926447155082014,0.01321505191420778,0.00549578515783799,0.0023472276001806503,0.001022549116224145,0.000451948659596822,0.00020183597272432736,9.080387023657486e-5,4.1063924977472854e-5,3.682958161959043e-7,3.374503420890367e-9,3.099177459169663e-11,2.84704911213813e-13,2.4028005811426294e-17,2.0278775970813526e-21,1.713343959877491e-25,1.5430122807765777e-29,0.0,0.0,0.0,0.0
1.0,0.3124348982935678,0.12332098207820738,0.05240484558309001,0.023189187027642992,0.010570955526681608,0.004927874956770314,0.002335218183426638,0.0011196846257046076,0.0005413274899155756,0.00026322974720189635,0.00012851432138623044,1.8038423686448584e-6,2.5716948702425856e-8,3.6723429589708077e-10,5.244924215244526e-12,1.0699084293781058e-15,2.182504351934415e-19,4.451878361457096e-23,9.060977796622302e-27,2.01848469517093e-30,0.0,0.0,0.0
1.0,0.23014303635352548,0.06921653253797931,0.02251546914052899,0.007571206914601622,0.0026096868329748162,0.0009193841606393461,0.00033017334502057327,0.00012052955226709638,4.46007356968574e-5,1.6687160698077273e-5,6.298758070710797e-6,2.0189169784157017e-8,6.902268847348031e-11,2.3897227743478967e-13,8.293531096284952e-16,9.998804532565076e-21,1.2061166905656445e-25,1.0433535385515955e-30,0.0,0.0,0.0,0.0,0.0
1.0,0.19664779420470296,0.049860752798165875,0.013569583021524508,0.003774707161673142,0.0010652728909960674,0.00030496862583502586,8.858969501293657e-5,2.6103530392844828e-5,7.795426225028003e-6,2.3567555251086154e-6,7.204021737667712e-7,6.924398304289112e-10,7.705776760680122e-13,9.012299301546819e-16,1.0707632961120736e-18,1.5277221212901073e-24,2.340031187644146e-30,0.0,0.0,0.0,0.0,0.0,0.0
1.0,0.15235073616431263,0.030669951849527397,0.006811729247752792,0.0015528554676128739,0.00035706675704225095,8.257047123873982e-5,1.9203315178878482e-5,4.49336781067987e-6,1.058076411599718e-6,2.5075127842801117e-7,5.980384323316133e-8,1.2445972398882377e-11,3.064475227517035e-15,8.403678454945402e-19,2.451304167092559e-22,2.1492054190424026e-29,0.0,0.0,0.0,0.0,0.0,0.0,0.0
1.0,0.16954469712057407,0.036047955312768165,0.00818725070313723,0.0018808564945621627,0.00043233598183948195,9.936019650134202e-5,2.285003398230919e-5,5.262042337309996e-6,1.2139591046891746e-6,2.8063476922017857e-7,6.501663233880495e-8,1.0550428857593856e-11,1.8600373623030347e-15,3.542226583537711e-19,7.208783161333181e-23,3.6440239740204626e-30,0.0,0.0,0.0,0.0,0.0,0.0,0.0
1.0,0.1773936534011425,0.03867787806821696,0.008903726733367956,0.0020617107850051087,0.00047614184229298684,0.00010968345515847649,2.5231021833076067e-5,5.8006415567130505e-6,1.333425636123794e-6,3.065631873702597e-7,7.049915134997667e-8,1.0506174919745756e-11,1.5883995000123224e-15,2.4383636138259703e-19,3.8026982739616154e-23,8.334997147561153e-31,0.0,0.0,0.0,0.0,0.0,0.0,0.0
1.0,0.16871193780821434,0.03533367740803857,0.007885995489943036,0.00177703560857685,0.0003998620140667821,8.977026258592085e-5,2.0123637759804813e-5,4.507475622169975e-6,1.0092369990968056e-6,2.2593375828387853e-7,5.0576077438066015e-8,6.367427755308624e-12,8.030178380636974e-16,1.0145843090333564e-19,1.2841497632333951e-23,2.099380235560258e-31,0.0,0.0,0.0,0.0,0.0,0.0,0.0
1.0,0.1697421151707953,0.035609998386867674,0.007951323467459703,0.001791862491378721,0.00040314103411794933,9.04818065820653e-5,2.027575880652767e-5,4.53957729651877e-6,1.0159249907564624e-6,2.273076778940503e-7,5.085366032540811e-8,6.3738002472200175e-12,7.989382533044767e-16,1.0016203464605376e-19,1.2561313419528808e-23,8.159954516601788e-31,0.0,0.0,0.0,0.0,0.0,0.0,0.0
1.0,0.16061148271264175,0.03228067106050508,0.006984482543640844,0.0015328251484046699,0.0003365001144030969,7.375021407647308e-5,1.6143243960368506e-5,3.5310326796457214e-6,7.720576863476238e-7,1.6877932913423866e-7,3.689379108273312e-8,4.024151931800718e-12,4.3907643768094534e-16,4.792680093426399e-20,5.2316878855229216e-24,2.1069782496381424e-31,0.0,0.0,0.0,0.0,0.0,0.0,0.0
1.0,0.1580148537336159,0.031359288714963636,0.006725066613628597,0.0014653099370372743,0.00031958353922579744,6.960460130820532e-5,1.5142198444363547e-5,3.2919004923883755e-6,7.154105132060737e-7,1.5545161807435615e-7,3.377596755468995e-8,3.554219602187528e-12,3.743304341506417e-16,3.945991209832689e-20,4.162688253697927e-24,0.0,0.0,0.0,0.0,0.0,0.0,0.0,0.0
1.0,0.1548651295685108,0.030211690633544352,0.0063961411678661465,0.0013787074636330582,0.0002977278890258916,6.422630871974297e-5,1.3840865066538232e-5,2.980883049368153e-6,6.417827213076003e-7,1.3815511296805402e-7,2.9738594307604775e-8,2.958726572944078e-12,2.946127116066098e-16,2.9361386615333365e-20,2.9268893902041668e-24,0.0,0.0,0.0,0.0,0.0,0.0,0.0,0.0
1.0,0.1482365417031979,0.02794643602429591,0.005772753262353924,0.0012194368419839662,0.0002585143917516084,5.4783344316902654e-5,1.1600647099519123e-5,2.4552175581569283e-6,5.194852674519768e-7,1.0989916702242012e-7,2.324806779399191e-8,2.0828804578454644e-12,1.8665410654500419e-16,1.6731293889344744e-20,1.5000415761812153e-24,0.0,0.0,0.0,0.0,0.0,0.0,0.0,0.0
1.0,0.14023257242136172,0.02526757836224301,0.00505064769471686,0.0010386143520374458,0.00021486706350598534,4.447754052797333e-5,9.203364361823294e-6,1.9036749116913254e-6,3.936778864041015e-7,8.140242127389113e-8,1.683092734256344e-8,1.3146958119567845e-12,1.0269486258141924e-16,8.0224026788907e-21,6.268640487070511e-25,0.0,0.0,0.0,0.0,0.0,0.0,0.0,0.0
1.0,0.18014389606215828,0.039344211966932635,0.009067977978189366,0.002103084557750654,0.000486448879206642,0.00011220596432452452,2.58391418706442e-5,5.945572448591701e-6,1.3676585359765037e-6,3.145886795536961e-7,7.236794682423803e-8,1.0763815750390424e-11,1.6116325771415213e-15,2.4273311924256587e-19,3.6745349886360364e-23,7.524828294731512e-31,0.0,0.0,0.0,0.0,0.0,0.0,0.0
1.0,0.17634810022316486,0.03825630353549006,0.008804789993929746,0.0020422128345566654,0.00047262850957512776,0.00010909976538706982,2.5145751789645217e-5,5.791631646187406e-6,1.3336526711980386e-6,3.071144942737562e-7,7.073399452724545e-8,1.0612304133590519e-11,1.6060522129028686e-15,2.4488680453652714e-19,3.7581859197537854e-23,3.1234334727926926e-30,0.0,0.0,0.0,0.0,0.0,0.0,0.0
1.0,0.21493789449678616,0.05472464548997848,0.014337446194905163,0.0037370369797969554,0.0009670957007344475,0.00024917797984926813,6.407073311690952e-5,1.646354853275525e-5,4.230802182840709e-6,1.0877206881118628e-6,2.798211347538359e-7,8.225688447662855e-11,2.466750234805312e-14,7.499610299577744e-18,2.301190502908661e-21,2.1849494136070244e-28,0.0,0.0,0.0,0.0,0.0,0.0,0.0
1.0,0.2518343979877877,0.07349446914216379,0.021710735843635413,0.00633862370277534,0.001832645471213953,0.0005270152747094968,0.0001511992315982454,4.335260332067284e-5,1.2434207512796141e-5,3.5690358367488377e-6,1.025401348246115e-6,5.87917032201792e-10,3.4499880849760004e-13,2.0495935698974882e-16,1.2253587404641704e-19,4.3966140860246505e-26,0.0,0.0,0.0,0.0,0.0,0.0,0.0
1.0,0.26373594559691793,0.08105645839937098,0.02520627826966501,0.007744346913263934,0.002355989623339284,0.0007128812686433883,0.00021521060225215192,6.493624863661618e-5,1.960168228790745e-5,5.9220784416021215e-6,1.7910345331518303e-6,1.3980841649153305e-9,1.1154952977831995e-12,8.989170401332538e-16,7.27539757453662e-19,4.786260987716265e-25,0.0,0.0,0.0,0.0,0.0,0.0,0.0
1.0,0.2905092563831892,0.09831198250493356,0.03356631544195415,0.011311012968511624,0.0037719838596804384,0.0012505500784412264,0.00041350313563957614,0.00013661971763356495,4.5148059569497164e-5,1.4930231386001745e-5,4.941738499173684e-6,6.609002715124675e-9,8.989363252166291e-12,1.2302780688269506e-14,1.6873220871094786e-17,3.1788333174374376e-23,5.699793709072721e-29,0.0,0.0,0.0,0.0,0.0,0.0
1.0,0.3873753761584853,0.16840658570779377,0.07295583397462416,0.031086679032778602,0.013074516267049677,0.005451537763279481,0.002260851250995902,0.0009346170369816496,0.0003856654549252333,0.00015899291038350182,6.551765677848386e-5,3.2097537310110106e-7,1.5782373657393568e-9,7.770995862058548e-12,3.8276016911684036e-14,9.287470499868075e-19,2.2535100119307227e-23,5.568354703216553e-28,0.0,0.0,0.0,0.0,0.0
1.0,0.29496266656727227,0.10412508254413001,0.037409469223816834,0.01330577086336138,0.004689239346576878,0.0016437310615718696,0.000574720765825253,0.00020077996998405762,7.014925073210715e-5,2.4522297583625354e-5,8.578536652993648e-6,1.5938604550626517e-8,2.998765697401834e-11,5.6638379150086076e-14,1.0709018408966092e-16,3.8310437297292026e-22,1.3765569623730329e-27,0.0,0.0,0.0,0.0,0.0,0.0
1.0,0.27547722336992925,0.09114038392587417,0.03075369985411935,0.010282051730053853,0.003408300400495247,0.0011243926883919779,0.00037019040083495345,0.00012183245728196306,4.0114240382424824e-5,1.3219020236241183e-5,4.360348291671308e-6,5.713579189579178e-9,7.608613129777433e-12,1.0188237236898512e-14,1.3666740948943554e-17,2.462167093591007e-23,4.192131183503256e-29,0.0,0.0,0.0,0.0,0.0,0.0
1.0,0.2551831005724417,0.07913322681135758,0.025176495675459414,0.007952666039478347,0.0024929913319874336,0.0007782554327640598,0.00024257827414141868,7.560778497954896e-5,2.358302680781173e-5,7.3636903123082504e-6,2.301947348270118e-6,2.1922159999981716e-9,2.129738299080007e-12,2.084984456502082e-15,2.0469684110784324e-18,1.97693295924401e-24,7.0211464043692765e-31,0.0,0.0,0.0,0.0,0.0,0.0
1.0,0.22307753783660947,0.06150814323112679,0.017600747388197058,0.005021014004242801,0.0014237183301289585,0.0004023166344797033,0.00011355537780994275,3.205708133441808e-5,9.057564115813264e-6,2.5621096720864646e-6,7.256384880541294e-7,3.8303535708414787e-10,2.073510924548281e-13,1.136425190664063e-16,6.265156673133164e-20,1.916171741713405e-26,0.0,0.0,0.0,0.0,0.0,0.0,0.0
1.0,0.23806571855312775,0.06832453435427115,0.020109534499897542,0.005876762623968957,0.001704376456226679,0.0004922239650331919,0.00014192125310574314,4.091363727566982e-5,1.1802145692170725e-5,3.4078616803767534e-6,9.851184999927976e-7,5.872893790588307e-10,3.590199805860797e-13,2.2234139300423015e-16,1.3859394966113557e-19,5.420236371836711e-26,0.0,0.0,0.0,0.0,0.0,0.0,0.0
1.0,0.24069093612328332,0.06953694051055823,0.02055811346796851,0.0060297171513684624,0.001754354760932081,0.0005081421575951242,0.00014690862121950486,4.2459157247282023e-5,1.2277468063478583e-5,3.553268396662888e-6,1.0294303403097206e-6,6.214349384303294e-10,3.8471602631094766e-13,2.414745886998727e-16,1.5267662176809368e-19,6.189384580027735e-26,0.0,0.0,0.0,0.0,0.0,0.0,0.0
1.0,0.19488315429703554,0.04748200774067779,0.012157740735831538,0.0031184778950302753,0.0007962145940575726,0.0002026249152093184,5.1486267582999976e-5,1.3077252671994303e-5,3.3222722718222304e-6,8.444624815173643e-7,2.147888805892359e-7,5.900905524130388e-11,1.655262322457462e-14,4.712292519943921e-18,1.3553420842704174e-21,1.1145277336858309e-28,0.0,0.0,0.0,0.0,0.0,0.0,0.0
1.0,0.17053229572372294,0.037127511543701384,0.008671293521944764,0.002046240174604541,0.00048212304297868793,0.00011333207972731674,2.66039096499477e-5,6.241337702981791e-6,1.4640377466711751e-6,3.4345980185239223e-7,8.059370417689743e-8,1.3541276646924086e-11,2.29962075135311e-15,3.940872722292406e-19,6.804891329166482e-23,3.591647824316628e-30,0.0,0.0,0.0,0.0,0.0,0.0,0.0
1.0,0.1606105306474317,0.033095734278607625,0.0073873726860896926,0.0016738903413828258,0.0003793807075866966,8.583741491422543e-5,1.9396543352746577e-5,4.379988393298488e-6,9.887526212901818e-7,2.2318183011215318e-7,5.037703482494848e-8,6.6746328095806015e-12,8.87468991797384e-16,1.1839450278061704e-19,1.584208135201154e-23,0.0,0.0,0.0,0.0,0.0,0.0,0.0,0.0
1.0,0.15369215045470713,0.03039832065784716,0.006564302488853869,0.0014447650401527734,0.0003185896224858621,7.01760013121561e-5,1.5441219804547542e-5,3.3954048901189347e-6,7.463668481493736e-7,1.6403648375811945e-7,3.604920375571357e-8,4.060287155895506e-12,4.574766060363895e-16,5.1565285574038676e-20,5.813298404270337e-24,0.0,0.0,0.0,0.0,0.0,0.0,0.0,0.0
1.0,0.1399865864750263,0.0254980675859443,0.005167792670095336,0.001077723433638975,0.00022606715583093303,4.7442465212471516e-5,9.951906250634966e-6,2.0867783888625197e-6,4.3746839943569763e-7,9.169943098975094e-8,1.922046898050761e-8,1.6297595603686602e-12,1.3824243037298782e-16,1.1731130193589028e-20,9.956382826552535e-25,0.0,0.0,0.0,0.0,0.0,0.0,0.0,0.0
1.0,0.13410597983959896,0.02346634068696567,0.004611303145671393,0.0009371744936051501,0.00019200126846349242,3.938982103514742e-5,8.080574645319885e-6,1.6573362215745196e-6,3.398776916995947e-7,6.969685561632155e-8,1.429236165668861e-8,1.0637300835911443e-12,7.93231288135346e-17,5.927274317891243e-21,4.441533049498112e-25,0.0,0.0,0.0,0.0,0.0,0.0,0.0,0.0
1.0,0.13468611281384157,0.023596449518321846,0.004638734830364194,0.0009431073157592761,0.00019330667548013856,3.967885285314655e-5,8.14462698767838e-6,1.6715150925273342e-6,3.4301094397659297e-7,7.038795209798122e-8,1.444451489340809e-8,1.0804642200667569e-12,8.107457269226364e-17,6.103661184370329e-21,4.606384290134714e-25,0.0,0.0,0.0,0.0,0.0,0.0,0.0,0.0
1.0,0.13512957647431875,0.02370590980245893,0.004663678473959246,0.0009488065749362585,0.00019460926213778386,3.9975228974740504e-5,8.211657710105674e-6,1.6865865481267595e-6,3.4638189193078136e-7,7.11384447774587e-8,1.4610927152263694e-8,1.099033934665337e-12,8.300241521870854e-17,6.295054662094109e-21,4.796741952500884e-25,0.0,0.0,0.0,0.0,0.0,0.0,0.0,0.0
1.0,0.134197743455491,0.0233858173169115,0.004577191559010513,0.0009272931182219192,0.00018947376102557267,3.877923417954133e-5,7.937736439505295e-6,1.6246145875090267e-6,3.324945666748348e-7,6.805038584454974e-8,1.3928650342955618e-8,1.0266792653733544e-12,7.603096703510362e-17,5.658182540114443e-21,4.230397293686257e-25,0.0,0.0,0.0,0.0,0.0,0.0,0.0,0.0
1.0,0.1310999586519755,0.02238272022259101,0.00431391106816549,0.0008628989720639627,0.0001742821578515342,3.527463086929616e-5,7.14169631994883e-6,1.4458825336223565e-6,2.9272766951691664e-7,5.926766778246489e-8,1.2000874044108029e-8,8.294387039553153e-13,5.762770033868e-17,4.025916529734229e-21,2.830504488853111e-25,0.0,0.0,0.0,0.0,0.0,0.0,0.0,0.0
1.0,0.1276827318605692,0.021297305048313155,0.0040335511085185915,0.0007952815629269491,0.00015853566943163367,3.168682736926041e-5,6.336552310895822e-6,1.2672430655540254e-6,2.534457278585242e-7,5.0692541021837686e-8,1.014031675339534e-8,6.516484591088302e-13,4.211541225275386e-17,2.7380727727737496e-21,1.7870356198641228e-25,0.0,0.0,0.0,0.0,0.0,0.0,0.0,0.0
1.0,0.1283856480227624,0.021505127683900414,0.004085489387830702,0.0008076028639590799,0.00016137687887715507,3.2329576823784546e-5,6.4799301196135586e-6,1.298882006238424e-6,2.603673531438354e-7,5.2196074429325535e-8,1.0464981620866761e-8,6.818456843628958e-13,4.4683783632632587e-17,2.946087033836227e-21,1.9519842669387028e-25,0.0,0.0,0.0,0.0,0.0,0.0,0.0,0.0
1.0,0.12827115906342995,0.02146337976029655,0.004074190739209057,0.0008048355003214995,0.00016072996091636755,3.218228229246366e-5,6.446961911062382e-6,1.291593059213978e-6,2.587710324569284e-7,5.184913113820775e-8,1.039005397014879e-8,6.749047929184193e-13,4.409846269530096e-17,2.899188990968274e-21,1.916909036455389e-25,0.0,0.0,0.0,0.0,0.0,0.0,0.0,0.0
1.0,0.13831596076132946,0.02466338230782347,0.0049099337820476124,0.0010091496901854292,0.000208992812220613,4.333833183903139e-5,8.986813934658232e-6,1.8632811896439704e-6,3.863040805596032e-7,8.009325368428392e-8,1.6607398929231465e-8,1.3236450556646927e-12,1.0607429303893855e-16,8.549329272439455e-21,6.93642374526965e-25,0.0,0.0,0.0,0.0,0.0,0.0,0.0,0.0
1.0,0.14994704109510917,0.028628993214601446,0.006002985758897386,0.0012890174528414854,0.0002779679875655914,5.9940018716708134e-5,1.2918035606321293e-5,2.7830114880237928e-6,5.994675601783938e-7,1.2912441411006116e-7,2.7814794151790814e-8,2.7857668632643193e-12,2.8037109281369844e-16,2.8363041891301694e-20,2.8832418143229025e-24,0.0,0.0,0.0,0.0,0.0,0.0,0.0,0.0
1.0,0.16901435201530204,0.035675354444922557,0.008084041105613778,0.0018558526067100284,0.0004259920997060531,9.760661099022728e-5,2.2335360986101866e-5,5.107419571067333e-6,1.1675397108080568e-6,2.66867134176187e-7,6.099849624014681e-8,8.714275396283797e-12,1.2498022714721262e-15,1.7999169845865527e-19,2.6033740554666177e-23,8.626573258244831e-31,0.0,0.0,0.0,0.0,0.0,0.0,0.0
1.0,0.19154328398632733,0.04491043844675412,0.011065311071031278,0.0027354246359117054,0.0006734801895030131,0.00016524776460820543,4.046366519174231e-5,9.897709272575268e-6,2.4198185257904866e-6,5.914736636332819e-7,1.4456288298009766e-7,3.0843605531859524e-11,6.598387446659251e-15,1.415714531834967e-18,3.046458593175509e-22,1.6447337418590502e-29,0.0,0.0,0.0,0.0,0.0,0.0,0.0
1.0,0.20192789074125808,0.04980945941336381,0.012817734955131803,0.003297370484994203,0.0008434867257104623,0.00021487791934688452,5.4610054745340315e-5,1.3861529763366342e-5,3.516251588677723e-6,8.917073195428093e-7,2.261059652530269e-7,6.011047943163529e-11,1.6008855714290197e-14,4.2721054589219444e-18,1.1423903399795807e-21,8.808214466052164e-29,0.0,0.0,0.0,0.0,0.0,0.0,0.0
1.0,0.1940423851888456,0.04669068383127329,0.011802035437310707,0.0029890854701468635,0.0007533960731260115,0.0001891701322198548,4.739297404908847e-5,1.1859470275672704e-5,2.965945431252803e-6,7.415537121426508e-7,1.853842500855975e-7,4.5263026635510964e-11,1.1069278984594281e-14,2.711999192383512e-18,6.65710700532027e-22,4.0505877884135645e-29,0.0,0.0,0.0,0.0,0.0,0.0,0.0
1.0,0.2042165651922611,0.051343286748705814,0.013458188919067044,0.00352312468659991,0.0009166445444233029,0.00023744657907586182,6.135332898749218e-5,1.5831865029603067e-5,4.082559904695243e-6,1.0524214912457207e-6,2.7125702466059884e-7,7.951061218412203e-11,2.3330765298033327e-14,6.854685413815445e-18,2.016567703673324e-21,1.6939678662136673e-28,0.0,0.0,0.0,0.0,0.0,0.0,0.0
1.0,0.24488917188411838,0.07108446854566908,0.021007315807973184,0.006144215319042247,0.0017794751981297261,0.0005121995671882853,0.0001469166487919118,4.206065562931103e-5,1.2029207826509745e-5,3.438442436230731e-6,9.82566525615877e-7,5.342305093279573e-10,2.9045706648422536e-13,1.5797253616900587e-16,8.594758999247454e-20,2.5541865656036226e-26,0.0,0.0,0.0,0.0,0.0,0.0,0.0
1.0,0.19284484888651715,0.04663741336740515,0.011881764057431184,0.0030343290327752583,0.0007711604394587122,0.00019523013133326865,4.931288680888452e-5,1.2440795412970738e-5,3.1366792406625835e-6,7.906123230338451e-7,1.9925033940523186e-7,5.104391494713994e-11,1.308984683752377e-14,3.3608837672460634e-18,8.639822844756874e-22,5.34014710064905e-29,0.0,0.0,0.0,0.0,0.0,0.0,0.0
1.0,0.16117648275598684,0.03354071314471399,0.007576772158359613,0.0017382730654294915,0.000398930362444499,9.139577111442508e-5,2.0911675515899887e-5,4.781200726227103e-6,1.0927852099145167e-6,2.497311415976635e-7,5.7068584220627465e-8,8.135682234463867e-12,1.162831408140736e-15,1.666639501250955e-19,2.3957472202467625e-23,9.092817287492509e-31,0.0,0.0,0.0,0.0,0.0,0.0,0.0
1.0,0.16076224813661746,0.0331640637643274,0.007420306913164746,0.0016865836631485749,0.0003835710941261025,8.709542953943167e-5,1.9752065737810093e-5,4.476465850680285e-6,1.0141946245322837e-6,2.29751205503798e-7,5.204627315528723e-8,7.0435777167067264e-12,9.563050480331103e-16,1.3028184264179622e-19,1.7814647624697566e-23,2.258673706771844e-31,0.0,0.0,0.0,0.0,0.0,0.0,0.0
1.0,0.18768750454346217,0.043713443234995444,0.010741191166647651,0.0026503867206436526,0.0006514721701292384,0.00015959705048206892,3.902011966274873e-5,9.53019342756084e-6,2.3264818865509757e-6,5.678145405908689e-7,1.385751851633679e-7,2.9308402499202726e-11,6.2165113746309475e-15,1.3226707511792104e-18,2.823262991252681e-22,1.3199313279766653e-29,0.0,0.0,0.0,0.0,0.0,0.0,0.0
1.0,0.18905219916941707,0.04448209249354809,0.011036441544547292,0.0027482676213513436,0.0006815548144752666,0.00016843439831645002,4.154038638295391e-5,1.0234062299740977e-5,2.520028067086262e-6,6.20397354782058e-7,1.52723839209595e-7,3.402518483436109e-11,7.603822483434076e-15,1.7049479365925321e-18,3.836008148642509e-22,2.0684774344832563e-29,0.0,0.0,0.0,0.0,0.0,0.0,0.0
1.0,0.22699774843594514,0.06184713877308787,0.01731205721503968,0.004813418046398949,0.0013273130425600676,0.00036406191824548474,9.955869670128306e-5,2.718301456661588e-5,7.415971337223725e-6,2.0224166722476977e-6,5.514426129530284e-7,2.2666137878295696e-10,9.338789609168848e-14,3.8582787201217786e-17,1.5985461465862462e-20,2.778584770489243e-27,0.0,0.0,0.0,0.0,0.0,0.0,0.0
1.0,0.24425919534206278,0.07120429456824448,0.021184825722721498,0.006242159265892508,0.0018216293469302833,0.0005283731635598807,0.0001527311140509444,4.406634386704851e-5,1.2701722611107196e-5,3.6593436930252867e-6,1.0540020906909489e-6,6.016377609749623e-10,3.4412176191633417e-13,1.9731863318088167e-16,1.1343266230085875e-19,3.778011998446771e-26,0.0,0.0,0.0,0.0,0.0,0.0,0.0
1.0,0.2942063287615314,0.10003184077313365,0.0341309359312338,0.011461079812341348,0.0038004527197175496,0.0012503420787111617,0.0004094657792104838,0.00013373885281078613,4.361625120568496e-5,1.4212725719089561e-5,4.629235928968705e-6,5.515541517368978e-9,6.578144875006471e-12,7.860017236648568e-15,9.409846826341653e-18,1.3566225511903518e-23,1.5204185149583695e-29,0.0,0.0,0.0,0.0,0.0,0.0
1.0,0.24660343229382234,0.07372775589358863,0.022584903839258555,0.00685575411874642,0.002060987536491198,0.0006157076398434012,0.000183278635781572,5.44492114908659e-5,1.615894261889524e-5,4.792879392405137e-6,1.4212257755309019e-6,9.656289327829165e-10,6.573250111676694e-13,4.485330634802546e-16,3.068236802683647e-19,1.4428683884379444e-25,0.0,0.0,0.0,0.0,0.0,0.0,0.0
1.0,0.20327864426635817,0.051752187487169754,0.013812993646019182,0.003686531037387343,0.000978081162701783,0.0002583643486183501,6.807640230179332e-5,1.791376084194327e-5,4.710797522253538e-6,1.2384392384853477e-6,3.2554306391748786e-7,1.0749657075932545e-10,3.560829762962702e-14,1.1836398317747143e-17,3.948620186703102e-21,4.619245889461983e-28,0.0,0.0,0.0,0.0,0.0,0.0,0.0
1.0,0.19887656495926623,0.04938153956576107,0.012867406254028341,0.0033555449363115637,0.000870310944189349,0.00022480537880296825,5.7931764762789423e-5,1.4910677615911937e-5,3.835519014587301e-6,9.863768159173658e-7,2.5364654390299737e-7,7.343677239946367e-11,2.13415352406667e-14,6.227394655111687e-18,1.8247722424157184e-21,1.470625513385035e-28,0.0,0.0,0.0,0.0,0.0,0.0,0.0
1.0,0.2026084237864406,0.05084063864271802,0.01333533582251523,0.0034961716245338467,0.0009112670805056714,0.00023651552603510547,6.12393125534846e-5,1.5836723311365493e-5,4.093049201845401e-6,1.0576071067886804e-6,2.732591522267306e-7,8.143237427993089e-11,2.4374511345946086e-14,7.330751837827208e-18,2.2156947221109517e-21,2.1594269879728998e-28,0.0,0.0,0.0,0.0,0.0,0.0,0.0
1.0,0.17696341326991955,0.039733652213470146,0.009523101300135155,0.0023014061121389763,0.0005548406360174799,0.00013339593962154777,3.2016745423657296e-5,7.677759529419174e-6,1.8404622968843712e-6,4.411307935026034e-7,1.0573373261659765e-7,2.0097597692670084e-11,3.840360967142237e-15,7.37973683769135e-19,1.4263175863211488e-22,3.4297712477487475e-30,0.0,0.0,0.0,0.0,0.0,0.0,0.0
1.0,0.16104858233664693,0.033329888987557704,0.007482822629980014,0.001706532681726655,0.0003894157750930392,8.872320264070959e-5,2.0190636068535317e-5,4.591913866492766e-6,1.0440660754375615e-6,2.373782831622658e-7,5.397321247631161e-8,7.4790184058843e-12,1.0424039881946902e-15,1.4618103786177836e-19,2.0633086283282588e-23,8.95906514319164e-31,0.0,0.0,0.0,0.0,0.0,0.0,0.0
1.0,0.14813633004815788,0.028456445984521874,0.006023274839722671,0.0013051078480327152,0.0002838413309017759,6.171283738743655e-5,1.34087958273533e-5,2.9122808827071492e-6,6.324309897756716e-7,1.3733932147829977e-7,2.9827281616213875e-8,3.1396491220162216e-12,3.325037976982752e-16,3.5440072648244485e-20,3.804385309550568e-24,0.0,0.0,0.0,0.0,0.0,0.0,0.0,0.0
1.0,0.13834914295590567,0.02496229250128135,0.0050307622034144114,0.0010453310181310477,0.00021867181582973846,4.5784993265952574e-5,9.584669994812494e-6,2.0060748097940906e-6,4.198470667224524e-7,8.787276962571496e-8,1.83934467088298e-8,1.5521410942820947e-12,1.3179576366657945e-16,1.1264387678149353e-20,9.692018300366105e-25,0.0,0.0,0.0,0.0,0.0,0.0,0.0,0.0
1.0,0.13412398893739558,0.023484672266088646,0.004622608166425941,0.0009415729953271377,0.0001933897894742081,3.978192164747544e-5,8.184165031428847e-6,1.683545326264515e-6,3.463128381131324e-7,7.124266157419556e-8,1.4657551104103941e-8,1.1154076495305153e-12,8.541539665260451e-17,6.584203287083364e-21,5.106504451503249e-25,0.0,0.0,0.0,0.0,0.0,0.0,0.0,0.0
1.0,0.13393566001704754,0.023377008585676828,0.004588453261979302,0.0009324247182482802,0.00019111020538433018,3.923515321196916e-5,8.056074547877654e-6,1.6540238692368734e-6,3.3959166157197406e-7,6.972712665293486e-8,1.431849141443456e-8,1.0772773057552146e-12,8.156570543654489e-17,6.2168474381361956e-21,4.767784244020312e-25,0.0,0.0,0.0,0.0,0.0,0.0,0.0,0.0
1.0,0.14500290987557096,0.02705277523816863,0.005586724610443193,0.0011853081319438288,0.0002528537117165991,5.3962780835406725e-5,1.1512344886452665e-5,2.4553719128959216e-6,5.236389669940969e-7,1.1167634131027703e-7,2.3819634245179808e-8,2.2502469942993086e-12,2.1395239875232134e-16,2.0480230578259247e-20,1.9750810497101054e-24,0.0,0.0,0.0,0.0,0.0,0.0,0.0,0.0
1.0,0.1459856495691398,0.027417354354476415,0.005692010966540374,0.0012131066491096324,0.00025986684740020354,5.5684137101469206e-5,1.1927081578959201e-5,2.553952512279229e-6,5.468274451234727e-7,1.1708530622884286e-7,2.507265164656943e-8,2.4259212202671958e-12,2.362751686525088e-16,2.3172181715306716e-20,2.2887683817620828e-24,0.0,0.0,0.0,0.0,0.0,0.0,0.0,0.0
1.0,0.1399368677361526,0.02535369333663413,0.005120381278447231,0.0010659382934148738,0.00022341170331298656,4.687006037655107e-5,9.831551762515119e-6,2.061920122328783e-6,4.324147978899268e-7,9.068858659012721e-8,1.902192098356584e-8,1.6254282670016452e-12,1.3981089862802123e-16,1.2109166970682122e-20,1.055618754789199e-24,0.0,0.0,0.0,0.0,0.0,0.0,0.0,0.0
1.0,0.13942671365754003,0.025177062494890583,0.005071556142200008,0.0010534667980888234,0.0002203529550424941,4.6138398760252416e-5,9.659509608055657e-6,2.021974714069179e-6,4.23230882060927e-7,8.859378242762512e-8,1.8547235981764926e-8,1.566895388014301e-12,1.332482744088486e-16,1.1409912848992265e-20,9.837419666809156e-25,0.0,0.0,0.0,0.0,0.0,0.0,0.0,0.0
1.0,0.13120866535604347,0.022457213254019382,0.004341349038668411,0.0008710556752520499,0.0001764669153989317,3.5825735499916996e-5,7.275477104792046e-6,1.4775089259587476e-6,3.0006106499948347e-7,6.094321492971275e-8,1.2379283938394494e-8,8.725992511941703e-13,6.190736034848875e-17,4.421922498296284e-21,3.1842372807658737e-25,0.0,0.0,0.0,0.0,0.0,0.0,0.0,0.0
1.0,0.1295581052357825,0.021910027265043135,0.004196194121494391,0.0008353833852013921,0.00016803645653815037,3.388080904176067e-5,6.834163690730342e-6,1.378597961686936e-6,2.781044165169882e-7,5.610698084710496e-8,1.1320903620028604e-8,7.665783717155714e-13,5.224164934702907e-17,3.584211347555053e-21,2.4767955208877673e-25,0.0,0.0,0.0,0.0,0.0,0.0,0.0,0.0
1.0,0.12902043804852684,0.021731774623066618,0.004149144498144318,0.0008238913455058336,0.00016533716170575636,3.326173771347544e-5,6.694483019307012e-6,1.347460727420922e-6,2.712286354394848e-7,5.4600232788695406e-8,1.0992810981372121e-8,7.346481271897127e-13,4.9410852329723423e-17,3.345530845439379e-21,2.2782120062442304e-25,0.0,0.0,0.0,0.0,0.0,0.0,0.0,0.0
1.0,0.12853447261141607,0.021574750794701798,0.004108244307955622,0.0008139815849448643,0.000163022843926005,3.273339413650905e-5,6.575744929978171e-6,1.3210862968996326e-6,2.6542377639411087e-7,5.3332106435852904e-8,1.0717492128312328e-8,7.082761262812379e-13,4.7106183625985414e-17,3.1539243284644033e-21,2.1242030004287924e-25,0.0,0.0,0.0,0.0,0.0,0.0,0.0,0.0
1.0,0.12978900831882645,0.021971136460427143,0.004211014419224982,0.0008389131454481357,0.0001688623085823848,3.407071893040393e-5,6.877191879389881e-6,1.38822934326186e-6,2.8023911538699193e-7,5.657629201687606e-8,1.142338539459057e-8,7.766686841455511e-13,5.314244634012543e-17,3.6604946067260205e-21,2.539783944596553e-25,0.0,0.0,0.0,0.0,0.0,0.0,0.0,0.0
1.0,0.13009116247215535,0.02206828770716484,0.0042364585083101165,0.0008451277520712325,0.00017032556673017685,3.440734288939891e-5,6.953382704556275e-6,1.405265370444261e-6,2.840120679431171e-7,5.740542655525064e-8,1.1604422552950577e-8,7.945582925344116e-13,5.4751244457608744e-17,3.798034230850751e-21,2.6520268931544106e-25,0.0,0.0,0.0,0.0,0.0,0.0,0.0,0.0
1.0,0.15319371603083234,0.02988613530277324,0.006390000819163298,0.0013973155242180233,0.0003066672915907521,6.728466768872778e-5,1.4753058811415401e-5,3.233538963156679e-6,7.086172092277832e-7,1.5529211398127838e-7,3.403512347553266e-8,3.784780265282195e-12,4.236197574635339e-16,4.7739410715391003e-20,5.416800518546922e-24,0.0,0.0,0.0,0.0,0.0,0.0,0.0,0.0
1.0,0.17204573132498535,0.03717003367195937,0.008619775159032663,0.0020235802850359862,0.0004747828348476851,0.0001111752811180318,2.599777655896151e-5,6.075293843087006e-6,1.4193289620907032e-6,3.3157592329164264e-7,7.746732126630682e-8,1.264510371693198e-11,2.0793379055496585e-15,3.445889528235586e-19,5.756468460712807e-23,8.347980934381517e-31,0.0,0.0,0.0,0.0,0.0,0.0,0.0
1.0,0.2196245998497622,0.05807818499863029,0.015882841853946297,0.004327305914526625,0.0011707841898585445,0.00031528116117214604,8.46830176007003e-5,2.2716386782351018e-5,6.090353857897217e-6,1.6325814181188268e-6,4.3764807989901803e-7,1.6313234584034851e-10,6.13954718379209e-14,2.334488565806474e-17,8.970949265210548e-21,1.3240063387970804e-27,0.0,0.0,0.0,0.0,0.0,0.0,0.0
1.0,0.29765537658031427,0.10191134214389598,0.03502957213468204,0.011856634618058762,0.003964717073779511,0.0013158833499060496,0.00043489439449041805,0.00014340616343216478,4.7235758455876694e-5,1.5551882574407265e-5,5.120013739921267e-6,6.562211302872201e-9,8.550564718672948e-12,1.1343290072020378e-14,1.53264751404457e-17,2.9546720767277945e-23,5.712285829746781e-29,0.0,0.0,0.0,0.0,0.0,0.0
1.0,0.46888284220883225,0.23749796105579954,0.1185668686970723,0.05799030193986108,0.027919106634549953,0.013293924771907252,0.006282900612404977,0.0029548059603203432,0.0013852669638611786,0.0006482004776532074,0.00030298775126489324,3.161130446180485e-6,3.36980720549319e-8,3.694462243305474e-10,4.167101350270861e-12,5.746402959117447e-16,8.702822105203111e-20,1.4184857316124272e-23,2.4127971679848096e-27,3.502391011735824e-31,0.0,0.0,0.0
1.0,0.4453021804058038,0.2316801975897228,0.12128534335308144,0.0626137322895364,0.031926401004451266,0.01613732825930551,0.008110217310142187,0.004061886494276101,0.0020305675244337504,0.0010143737036278492,0.0005067802337992189,8.074111372245821e-6,1.369209180178831e-7,2.4779690564867867e-9,4.751925165612762e-11,1.9984384387781286e-14,9.44849111170466e-18,4.757997186646711e-21,2.472489349583962e-24,1.2928046731176856e-27,4.122463881115069e-31,0.0,0.0
1.0,0.40853373398801396,0.20003049108007812,0.09930167599390456,0.04876148104571986,0.023708667288709864,0.011456229799994447,0.0055181516895037655,0.002655226602509133,0.0012782414622854626,0.0006162646422834342,0.0002977553908435888,4.0281871143046205e-6,6.08808159338451e-8,1.009910710663289e-9,1.7939247638422488e-11,6.4046671068129086e-15,2.4770524033414127e-18,9.874375445389368e-22,3.973121931057123e-25,1.633653371715427e-28,0.0,0.0,0.0
1.0,0.5707604138201909,0.3550131412610869,0.21985766206028964,0.13458026448941646,0.08163631243547338,0.049222993536011374,0.029574537981472335,0.01774059226861396,0.010640113372893074,0.006387277097912572,0.0038407177855093863,0.0001919883960643546,1.0674015712309275e-5,6.478637796921111e-7,4.1790927259997796e-8,1.924199998539649e-10,9.403257210385794e-13,4.6882137833460946e-15,2.351397065916302e-17,1.17161947997241e-19,5.141165999806023e-22,0.0,0.0
1.0,0.45641833533002474,0.2484460699305095,0.1378093292939082,0.07621369110533369,0.0420619994785714,0.02323500719015698,0.012876325161557914,0.007169464535393653,0.0040142768069936306,0.0022612202288860806,0.001281594171551513,4.7791639839240236e-5,2.063572490226112e-6,9.634790987580442e-8,4.668530336801987e-9,1.1416289427765396e-11,2.833972382246328e-14,7.054664642354826e-17,1.7566475972589181e-19,4.355049807978126e-22,9.846297631893727e-25,0.0,0.0
1.0,0.3266004085456328,0.1343466317509534,0.05744265630469963,0.02461767696378726,0.010557734281814847,0.004543593957688777,0.001966494086413354,0.0008570520581393326,0.00037635795625465745,0.00016654621138171134,7.425782302580726e-5,6.67282950813716e-7,6.991310695634492e-9,7.885028907088657e-11,9.181952512075136e-13,1.285658429239308e-16,1.8196936632454588e-20,2.5807149887628817e-24,3.8272865696706676e-28,5.661666523181461e-31,0.0,0.0,0.0
1.0,0.3233924100497881,0.12425730623704137,0.048659292171790706,0.018981068587151543,0.007388716944237841,0.002880961064224797,0.0011281212507609367,0.00044429965835972974,0.00017612687794488208,7.029530656614734e-5,2.8246850893123173e-5,1.3474860496360872e-7,7.474653345296157e-10,4.486182366969472e-12,2.794784132048501e-14,1.1302656936346735e-18,4.642325029142327e-23,1.89835293035484e-27,0.0,0.0,0.0,0.0,0.0
1.0,0.3035916770582502,0.1076131731748903,0.03862541917036225,0.013757438176843937,0.004875570874002897,0.0017264466364043456,0.0006125855020888809,0.00021817514889113077,7.806865989105055e-5,2.807921272437909e-5,1.0153335276225673e-5,2.5238806199848774e-8,7.248311605599587e-11,2.2786851193606337e-13,7.539395844308787e-16,8.841823130287698e-21,1.068022520697626e-25,5.91292745022907e-31,0.0,0.0,0.0,0.0,0.0
1.0,0.2332470597740685,0.0663481814679192,0.01949654323723326,0.005710381372920292,0.00166387813628629,0.00048366133725589485,0.00014058153850590046,4.091621380139221e-5,1.1934034559169379e-5,3.489720141995293e-6,1.023300755480294e-6,6.916133549538382e-10,5.160842814626434e-13,4.1819981244130077e-16,3.6092915033723585e-19,3.0330229070568615e-25,1.8282852869396803e-31,0.0,0.0,0.0,0.0,0.0,0.0
1.0,0.17937870892289126,0.040940764770662885,0.009979273318637337,0.0024543068937276312,0.0006027076898302388,0.00014774403660305823,3.619212858849558e-5,8.867270562803192e-6,2.173984838823223e-6,5.334980525556959e-7,1.310636212920776e-7,2.9556789878078774e-11,6.974306114809355e-15,1.7206573100872483e-18,4.426433309776812e-22,3.6207322871185464e-29,0.0,0.0,0.0,0.0,0.0,0.0,0.0
1.0,0.1738501545319151,0.037975967020664254,0.008849203328341392,0.0020809467175101665,0.0004885116570284908,0.00011441463983091605,2.6759558123280342e-5,6.254545464307273e-6,1.4615937623905598e-6,3.415666173191687e-7,7.983530024490742e-8,1.3087881318745356e-11,2.168226202133147e-15,3.631810286555325e-19,6.1526702394228e-23,3.395129457724564e-30,0.0,0.0,0.0,0.0,0.0,0.0,0.0
1.0,0.18848807949953164,0.043287203940804604,0.010416481941259206,0.00251231218060409,0.0006032891077019037,0.00014435944000960605,3.447180551901927e-5,8.222512893164865e-6,1.9602083773030524e-6,4.6717489583954337e-7,1.1132636652786101e-7,2.0372639606158694e-11,3.72816436216884e-15,6.823292008592494e-19,1.2490494727798451e-22,7.03714860387344e-30,0.0,0.0,0.0,0.0,0.0,0.0,0.0
1.0,0.16079753298519847,0.03263054637045373,0.007143353126582101,0.0015867968664969498,0.00035262403241323464,7.823458843413692e-5,1.733557952020696e-5,3.838494049824041e-6,8.496068828971392e-7,1.880153133725839e-7,4.160342280143425e-8,4.881750118204401e-12,5.728258166761856e-16,6.722037326074149e-20,7.887003176753388e-24,0.0,0.0,0.0,0.0,0.0,0.0,0.0,0.0
1.0,0.14137494436794865,0.025815354361071984,0.005224877462752899,0.0010867608244819226,0.0002272866171890201,4.755377753298382e-5,9.945112420982251e-6,2.079113702775663e-6,4.3457221530676325e-7,9.082606539060212e-8,1.8982424357091336e-8,1.5830528549372765e-12,1.3223873246217396e-16,1.1065823375438611e-20,9.264941925144159e-25,0.0,0.0,0.0,0.0,0.0,0.0,0.0,0.0
1.0,0.13671512793848423,0.02419987929270246,0.004782474347468065,0.0009751450880668515,0.00020026255693057445,4.117134880145827e-5,8.462937138404658e-6,1.7391573031450747e-6,3.573487678919946e-7,7.342095552032392e-8,1.508500082888127e-8,1.1356348727476832e-12,8.564589971520176e-17,6.471345920578456e-21,4.900889124153172e-25,0.0,0.0,0.0,0.0,0.0,0.0,0.0,0.0
1.0,0.1318475263279377,0.0226048353982458,0.004363065591536159,0.0008727100825164972,0.00017614486602579734,3.5617282860734714e-5,7.2030468671252645e-6,1.4565404386335812e-6,2.9450615719973835e-7,5.954684733723765e-8,1.2040216143680544e-8,8.238684611280372e-13,5.652461726149972e-17,3.888992075617759e-21,2.683262185478718e-25,0.0,0.0,0.0,0.0,0.0,0.0,0.0,0.0
1.0,0.13481885237993413,0.02347828911998415,0.004578545786032962,0.0009231746036166026,0.00018766494778675396,3.820541268207339e-5,7.777975422536623e-6,1.5831615737828206e-6,3.222013385431537e-7,6.556989945849977e-8,1.3343727889683969e-8,9.483634764269754e-13,6.749829610163677e-17,4.811296051610817e-21,3.4297971916576754e-25,0.0,0.0,0.0,0.0,0.0,0.0,0.0,0.0
1.0,0.14326886546043202,0.02614972839800407,0.005271463206634864,0.0010917138701875423,0.00022736245412673147,4.737314592254153e-5,9.866520683071207e-6,2.05414034886385e-6,4.275587270138728e-7,8.898328042787599e-8,1.8518039201000396e-8,1.5038601452891368e-12,1.2213245843461681e-16,9.919531617051104e-21,8.052220023346122e-25,0.0,0.0,0.0,0.0,0.0,0.0,0.0,0.0
1.0,0.14660695703295845,0.027264198693310263,0.005571856658925744,0.001166998018904591,0.0002455521225375708,5.167143265632017e-5,1.0866933597756604e-5,2.2843845591656895e-6,4.800854339827099e-7,1.0088092209197434e-7,2.119681495097799e-8,1.8235229819899912e-12,1.56870791376177e-16,1.3495417613883725e-20,1.1622646466427771e-24,0.0,0.0,0.0,0.0,0.0,0.0,0.0,0.0
1.0,0.13495702509176324,0.023500238031064255,0.004581260247657488,0.0009233987030507966,0.00018764721248543174,3.81889783282512e-5,7.771966081690134e-6,1.581379337092657e-6,3.21720911303461e-7,6.544733941085094e-8,1.331356886701469e-8,9.437334679188564e-13,6.695922582306648e-17,4.7555305439976244e-21,3.376843947426321e-25,0.0,0.0,0.0,0.0,0.0,0.0,0.0,0.0
1.0,0.12827398655565544,0.02142730221564589,0.004055484874961058,0.0007983817479331644,0.00015885621894841387,3.168662375398064e-5,6.32307853102234e-6,1.2617709174953722e-6,2.517792164063201e-7,5.0241572569788545e-8,1.0025935970944274e-8,6.341157128146266e-13,4.022829018826642e-17,2.5601863286249438e-21,1.629973521342557e-25,0.0,0.0,0.0,0.0,0.0,0.0,0.0,0.0
1.0,0.14555289464338703,0.0268739319664432,0.0054626227932379956,0.001139204460560913,0.00023878789704846385,5.006573773031945e-5,1.0491855905544173e-5,2.1977743020994934e-6,4.6026321587696893e-7,9.637683708758434e-8,2.0179518414339224e-8,1.6998383453382296e-12,1.4318000785821448e-16,1.2060243063714957e-20,1.0151475998409016e-24,0.0,0.0,0.0,0.0,0.0,0.0,0.0,0.0
1.0,0.17777638092676734,0.038693479413437315,0.008921800360661286,0.0020729770299889962,0.00048064378966302887,0.0001111658067745661,2.567248247196768e-5,5.924584062545247e-6,1.3669228561837467e-6,3.153793777232951e-7,7.277447150606324e-8,1.1035477439251206e-11,1.6865335971796224e-15,2.595424301036822e-19,4.018360988096808e-23,7.858060945378276e-31,0.0,0.0,0.0,0.0,0.0,0.0,0.0
1.0,0.3561134630131193,0.13796694490681516,0.05292376874854365,0.019941671163689223,0.007421054975413623,0.002741840344406939,0.0010093438138202983,0.0003710343587237833,0.00013637328345368556,5.0152985559755806e-5,1.846185679827838e-5,4.6975864161163754e-8,1.228262935548062e-10,3.253158815890523e-13,8.665012716057985e-16,6.1839867434553616e-21,4.409141817949668e-26,0.0,0.0,0.0,0.0,0.0,0.0
1.0,0.22524084828976904,0.06369645681991452,0.018975455219698914,0.0056697284177186814,0.0016877672035888278,0.0005012291013065908,0.0001487798407010825,4.419371801961883e-5,1.3144934963324076e-5,3.916083217209912e-6,1.16859898003832e-6,8.499637201821944e-10,6.388603918755739e-13,4.879075362091129e-16,3.754245377888385e-19,2.238427176003754e-25,0.0,0.0,0.0,0.0,0.0,0.0,0.0
1.0,0.232348378012827,0.06667221752871796,0.019892874233694978,0.005922344042340986,0.0017529721007125106,0.0005171260547200172,0.00015238240789872934,4.4914457059738775e-5,1.3251416957800413e-5,3.914751447402718e-6,1.1581299355037636e-6,7.970243134868421e-10,5.654189217576365e-13,4.074103085024546e-16,2.958356629890753e-19,1.5770519673809464e-25,0.0,0.0,0.0,0.0,0.0,0.0,0.0
1.0,0.20047801058574147,0.050552093766392185,0.013439309282605488,0.003583164167184967,0.0009513983683321899,0.00025187462124221996,6.660296356584522e-5,1.7611186316703098e-5,4.659507915239224e-6,1.2338946009193218e-6,3.270809651047974e-7,1.158315288288516e-10,4.2152067790143356e-14,1.5609138358713744e-17,5.843218540041855e-21,8.069842931461036e-28,0.0,0.0,0.0,0.0,0.0,0.0,0.0
1.0,0.22741714958917644,0.06475570030647772,0.019185202325714867,0.005668197573625392,0.0016643816572606749,0.00048697216355301706,0.00014229649526173026,4.158392458071405e-5,1.2162283149905833e-5,3.561315119042005e-6,1.0441534093005819e-6,6.798125644158759e-10,4.558375358716469e-13,3.105445091609496e-16,2.1332028986452794e-19,1.020128376238979e-25,1.8781049291085812e-31,0.0,0.0,0.0,0.0,0.0,0.0
1.0,0.45991158415937067,0.23006609936607697,0.11414370325645401,0.05576225915532983,0.026917864835810348,0.012887815958887383,0.006137669868209733,0.0029134461608513918,0.0013804144505592756,0.0006534744400911469,0.00030926935518766767,3.5030031054328003e-6,4.035213613224517e-8,4.69127333666636e-10,5.475075239904738e-12,7.484557139900495e-16,1.024315916830504e-19,1.4018339233338245e-23,1.8991251834253723e-27,3.7673580309965725e-31,0.0,0.0,0.0
1.0,0.6415648493041465,0.4542264594045828,0.3218682024156951,0.22598533905105506,0.157209191550589,0.10847069982615716,0.07431040784088856,0.050597357910321474,0.034272537693719254,0.023113243580767433,0.015530437086199157,0.0013621788191519554,0.00011514302274346865,9.633785064446173e-6,8.039224786725673e-7,5.590636229422594e-9,3.887281410366775e-11,2.7027379935982864e-13,1.8773335957049113e-15,1.2887965405821547e-17,7.635160832173742e-20,0.0,0.0
1.0,0.682871506690601,0.5558300388073268,0.4622271307740752,0.3844903789910485,0.3189822448982387,0.26377296234403447,0.21736602344565048,0.1784998133579026,0.14608292195314887,0.11916146965303537,0.0968999788675349,0.026553100452950285,0.006832645341193933,0.001699800086218878,0.000415624796715291,2.4314632765540148e-5,1.4076572689962101e-6,8.099335023659457e-8,4.58272577526245e-9,2.417873941333426e-10,9.081619701691128e-12,0.0,0.0
1.0,0.4132866714792715,0.19540433891077144,0.09208808329977068,0.042621992196350836,0.019439314257665194,0.008775444190049995,0.003934452727144059,0.001756195870946275,0.0007817117546642136,0.00034735937862759455,0.0001541982668979516,1.1747411740491976e-6,8.973738722193232e-9,6.871105748491396e-11,5.265879860385253e-13,3.0950622154768196e-17,1.8194759145814165e-21,1.0697369342546119e-25,6.66232525410584e-30,0.0,0.0,0.0,0.0
1.0,0.28919722311700463,0.10150476928069647,0.036136482450484855,0.012686072696738188,0.004400037347436544,0.0015147071604597075,0.000519278277753172,0.00017765331125941148,6.0726246450083636e-5,2.0754271904202084e-5,7.094591467814947e-6,1.1427304852045508e-8,1.865734229489439e-11,3.0683895341577114e-14,5.064341358479186e-17,1.385588877269329e-22,3.8057152816912226e-28,0.0,0.0,0.0,0.0,0.0,0.0
1.0,0.3094436329327657,0.10490955437061687,0.03495468630957831,0.011387345539822147,0.003654862886036229,0.0011627950092463052,0.00036809542000554,0.0001161975386323972,3.662314337479357e-5,1.1533015290128866e-5,3.6302034906690037e-6,3.5234393101348094e-9,3.4233901636520208e-12,3.3325253812435633e-15,3.250719757417327e-18,3.1148334573972934e-24,2.7539740422055108e-30,0.0,0.0,0.0,0.0,0.0,0.0
1.0,0.2943286015365961,0.09603231994513935,0.031140337106216495,0.009976202231803614,0.0031814722806479297,0.001016213694176589,0.0003263701247442598,0.00010563476042336517,3.450431860830422e-5,1.1383215448799959e-5,3.794715245535347e-6,6.479497255712321e-9,1.5136590946726957e-11,4.288908111590558e-14,1.3392290639455887e-16,1.4526343444238296e-21,1.6361718161509952e-26,1.758851723892497e-31,0.0,0.0,0.0,0.0,0.0
1.0,0.40159064831086627,0.17461567766158953,0.07768841216865398,0.0355821521967545,0.016887714951545153,0.00831445035267335,0.0042345145590511465,0.0022204704980742286,0.0011926091953524322,0.0006528656755889057,0.0003627142570830503,1.2497129497149992e-5,4.6950461205596957e-7,1.787048450700207e-8,6.81476248295696e-10,9.915737994842977e-13,1.442843184777686e-15,2.0994796316327013e-18,3.0546145605464133e-21,4.431568099832366e-24,5.948551220319834e-27,0.0,0.0
1.0,0.3606395086981865,0.16829546634944317,0.08749746084800736,0.048861695288648296,0.028759129853730643,0.017559451878696907,0.010981773818738577,0.006971171999392172,0.004464455851672876,0.0028732969044792454,0.0018540107496385705,0.00013471480136585857,9.688460387708413e-6,6.929472675023167e-7,4.9479981579098414e-8,2.520246121852921e-10,1.2834243495015509e-12,6.535399158129635e-15,3.325839544398778e-17,1.677663670015112e-19,7.44308358891658e-22,0.0,0.0
1.0,0.2515107245760658,0.0946810259845328,0.04252329013887439,0.020935144191935887,0.010923343387374669,0.005919607708262673,0.003286018392022517,0.0018511479786427355,0.0010519690305105375,0.0006008143480671724,0.00034409583418751804,1.2303982756721603e-5,4.3934406201261823e-7,1.5660608153555054e-8,5.579994238815723e-10,7.082809221127354e-13,8.990163067601856e-16,1.1411111568523344e-18,1.4482711831269729e-21,1.8341723991495888e-24,2.176845904372716e-27,0.0,0.0
1.0,0.3123374917239271,0.12933369616113918,0.05961107935277345,0.029105442155933147,0.014749230314454439,0.007656687827325457,0.004035424233712703,0.0021464951282794105,0.0011479432707240612,0.0006158141208092117,0.00033091086122259017,8.028033382553518e-6,1.9452662433853193e-7,4.708468488482418e-9,1.1394142295558914e-10,6.671887123881176e-14,3.906717193633064e-17,2.2875632556798493e-20,1.3394850284900594e-23,7.774027745855131e-27,4.243835567437729e-30,0.0,0.0
1.0,0.16672223561070376,0.03733312863630679,0.009384811413823824,0.0024642200620313055,0.0006638395376108725,0.0001827385700624272,5.132716248426572e-5,1.4689280035426442e-5,4.276077480863654e-6,1.2637246034808581e-6,3.784174756847467e-7,3.2733603347590447e-10,3.2736903751203986e-13,3.4108791931522517e-16,3.592628305167054e-19,4.008819576162958e-25,2.2560889150436286e-31,0.0,0.0,0.0,0.0,0.0,0.0
1.0,0.18918646459513905,0.0446860042149327,0.01131907503769444,0.002936076764497947,0.0007736177390729084,0.00020698262494794434,5.6250555338802876e-5,1.5524385178250354e-5,4.347922145062917e-6,1.2344321374271428e-6,3.548377723453257e-7,2.418653347246073e-10,1.9625325198415386e-13,1.69281086158655e-16,1.4893114038635176e-19,1.1692855617145685e-25,2.129532002955062e-31,0.0,0.0,0.0,0.0,0.0,0.0
1.0,0.17303377286513474,0.03789309150709867,0.008944359644999691,0.002156058966994257,0.0005251079995168295,0.00012911011864733953,3.206811901020105e-5,8.049611617582188e-6,2.042146244793742e-6,5.234866525015416e-7,1.3553249870074846e-7,4.858273433869444e-11,2.1247357330492128e-14,1.022717212437364e-17,5.1309157139592864e-21,1.3438522869916342e-27,0.0,0.0,0.0,0.0,0.0,0.0,0.0
1.0,0.20054707841742933,0.048171046678203044,0.012076513475128095,0.0030559504157833886,0.0007781314787971814,0.00019971581399848642,5.174755975277166e-5,1.3546493175782131e-5,3.5836118616857986e-6,9.578840280450565e-7,2.5860983361484146e-7,1.1955117947795096e-10,6.786097355771735e-14,4.259418427343195e-17,2.793599705110503e-20,1.2575455181554868e-26,0.0,0.0,0.0,0.0,0.0,0.0,0.0
1.0,0.1697871557391563,0.03612322816181279,0.008222918764329788,0.0018996806341250111,0.0004408267126546297,0.00010268808482794803,2.4032824570978625e-5,5.654935246692839e-6,1.33833024365414e-6,3.186334458361612e-7,7.631870389134972e-8,1.625197023427099e-11,4.114813743261242e-15,1.1730831925045154e-18,3.594201969205987e-22,3.270495664661827e-29,0.0,0.0,0.0,0.0,0.0,0.0,0.0
1.0,0.1895541040812493,0.0432471859926591,0.010302505213867214,0.002467792454380215,0.0005916555409868823,0.00014216997559721297,3.429209066653123e-5,8.310947834688232e-6,2.0249196413101727e-6,4.961102073233324e-7,1.2223776577488467e-7,3.069727810945839e-11,9.14693522855827e-15,3.079802711592957e-18,1.1201127923504362e-21,1.6373906587724164e-28,0.0,0.0,0.0,0.0,0.0,0.0,0.0
1.0,0.16274557749083982,0.03326289834537224,0.007295425886159374,0.0016229971885491706,0.00036185540800684913,8.07502227188751e-5,1.8046795881876055e-5,4.041756421107016e-6,9.074524098216484e-7,2.0429518762401887e-7,4.612394725967954e-8,6.497295684295968e-12,1.0149382520551442e-15,1.737907286658925e-19,3.2061205563863925e-23,9.143582366313037e-31,0.0,0.0,0.0,0.0,0.0,0.0,0.0
1.0,0.171108209942387,0.03621805589996005,0.00813017134917152,0.0018419334597213767,0.00041734286197670314,9.454934237797614e-5,2.1438321244145377e-5,4.868731366967456e-6,1.1079676900767616e-6,2.527154196866964e-7,5.778150440429452e-8,8.709009099723841e-12,1.4387327730908222e-15,2.5865977936427905e-19,4.996453919814215e-23,1.989287396178806e-30,0.0,0.0,0.0,0.0,0.0,0.0,0.0
1.0,0.13518315317882104,0.023831555799192952,0.004697005288771003,0.0009554921303321844,0.00019586300897122042,4.02167165393511e-5,8.26198024245515e-6,1.698079918662878e-6,3.492033155482301e-7,7.186006931549097e-8,1.4798339704426484e-8,1.147624641117371e-12,9.171471066710183e-17,7.559941598045826e-21,6.42515222350124e-25,0.0,0.0,0.0,0.0,0.0,0.0,0.0,0.0
1.0,0.14152289659399603,0.025776603683407034,0.005186337061728289,0.00107138567237615,0.00022257001108539755,4.627703575878322e-5,9.62342899448006e-6,2.001716294608641e-6,4.165422355898149e-7,8.6726478757828e-8,1.806804177402698e-8,1.4986249134900037e-12,1.27583177525151e-16,1.115980034225153e-20,1.0038393632509034e-24,0.0,0.0,0.0,0.0,0.0,0.0,0.0,0.0
1.0,0.21074325690603796,0.05127960552623352,0.012758122394858115,0.0031595882364047916,0.0007782490695858231,0.0001911669916692971,4.692540377373278e-5,1.1524616820821731e-5,2.833678371349503e-6,6.97798820783542e-7,1.721261061148099e-7,4.033497905458642e-11,1.0143881193895629e-14,2.734663553843765e-18,7.856853786531732e-22,7.131945183704052e-29,0.0,0.0,0.0,0.0,0.0,0.0,0.0
1.0,0.17742678843747028,0.03862966000140974,0.008879173705368247,0.002054420526054352,0.0004745071627667287,0.00010941347744550366,2.5214733207199344e-5,5.812270601944828e-6,1.3407522877273182e-6,3.0957933249230853e-7,7.156068754383785e-8,1.1202569657650447e-11,1.8378165690176045e-15,3.162009773751672e-19,5.697100002454027e-23,5.2333996697161125e-30,0.0,0.0,0.0,0.0,0.0,0.0,0.0
1.0,0.14687360977700475,0.027837928636529785,0.005798256061865488,0.0012356772418294813,0.00026438929228491667,5.657881213613916e-5,1.21058063562405e-5,2.5904657526749246e-6,5.545127239960902e-7,1.1875713823397957e-7,2.5448287953048454e-8,2.4981211227759497e-12,2.5145377543866157e-16,2.5980230385670188e-20,2.757452095230291e-24,2.3369772974329166e-31,0.0,0.0,0.0,0.0,0.0,0.0,0.0
1.0,0.1657260954745503,0.034452522407925325,0.007656831301407857,0.0017205889162168664,0.000386506012850146,8.67097408815878e-5,1.9441358136217357e-5,4.35931169974101e-6,9.77946389120174e-7,2.1953920698676238e-7,4.9324066855729706e-8,6.466130009107946e-12,8.777704887418869e-16,1.2352563550771546e-19,1.801268445807119e-23,0.0,0.0,0.0,0.0,0.0,0.0,0.0,0.0
1.0,0.18357148939523918,0.041395596221521926,0.009785972304894721,0.002320267737494785,0.0005483744643167537,0.0001293156354435326,3.0471222359546327e-5,7.18131750050547e-6,1.6936401978947279e-6,3.998168735171549e-7,9.449039497963279e-8,1.6905171266050314e-11,3.172898314331745e-15,6.251804458504261e-19,1.2909921622793072e-22,5.256492667708909e-30,0.0,0.0,0.0,0.0,0.0,0.0,0.0
1.0,0.19199888064195444,0.04502214011122131,0.010992037890424302,0.002683947883211728,0.0006526038599836744,0.00015828694682891775,3.836291080492169e-5,9.300603309292992e-6,2.2568158757985283e-6,5.482770810422369e-7,1.3338111814069638e-7,2.8541644046311033e-11,6.467627847562323e-15,1.5518978225679022e-18,3.930157783768821e-22,2.9742758411808177e-29,0.0,0.0,0.0,0.0,0.0,0.0,0.0
1.0,0.26963081341566775,0.0811974597931977,0.02436812969276806,0.007207110136042928,0.002112251784875749,0.0006165961286432719,0.0001798464065129663,5.2508082110733034e-5,1.5360473391544587e-5,4.504808081066022e-6,1.324877420498243e-6,9.151918399186815e-10,7.07225315798167e-13,6.041969548608346e-16,5.597524394268116e-19,5.663682775606086e-25,6.107259112183054e-31,0.0,0.0,0.0,0.0,0.0,0.0
1.0,0.23130513473748285,0.06319713166026486,0.01759530394363234,0.004861593603173967,0.0013343430703387858,0.00036513112628128267,9.986955779551891e-5,2.7344008507957655e-5,7.500474701043182e-6,2.062079428808949e-6,5.683533623729005e-7,2.639553630337695e-10,1.3539680109496456e-13,7.604376887941349e-17,4.605643134722017e-20,1.9846519898369966e-26,0.0,0.0,0.0,0.0,0.0,0.0,0.0
1.0,0.295882962880769,0.09784410741433094,0.032213808781413465,0.010452655696504656,0.0033624270642843603,0.001078102702354334,0.00034571928871524353,0.00011109714755217927,3.581693362931199e-5,1.1591972489217367e-5,3.767590648500082e-6,4.877514216364409e-9,7.336513264469556e-12,1.242237639423338e-14,2.2847370136455073e-17,8.875452237504377e-23,3.5547294927352516e-28,0.0,0.0,0.0,0.0,0.0,0.0
