5.188742591032136,7.8065124607094525,3.2850959618285165,0.34926465487502056,1.0357514840497348,0.33918427616226654,0.501464720203911,0.0639561700018499,0.7356447941795259,0.865229777758673,0.646743541732193,0.47892716876357255,0.11528566072534313,0.5382031991868101,0.09448470904203177,0.2552973480808849,-0.2802626155453516,0.41271616847564896,1.1945933819941248,0.3483263934020307,-0.2710647683967413
-2.3059343898044125,6.526641295935098,-6.892620871469904,0.29838272612298816,1.0914658881741066,0.28763598101616533,0.4529058581573982,0.11252735567260955,0.6866007497958793,0.9113419051686462,0.5979910594636174,0.5249527983358073,0.6409534623628319,0.9592906718326616,-0.3325501482505204,0.733903499830483,-0.707323472624028,-0.008747768398235739,0.6687608543226898,0.7670589039199956,-0.6804800541307492
4.404626379871089,7.888340422406697,1.903760486299989,0.2744214151799551,1.1130383794096792,0.2618409422626778,0.4382161843868618,0.12366665714197364,0.6711290976365245,0.9183342998909696,0.5852813806546905,0.5324165777218233,0.6076229183861928,0.2864246964426312,-0.3557012544078365,0.6497769302706123,-1.1476097505474039,0.5482433750213114,0.2531343544068986,0.8756820605300383,-0.54509118848962
8.45278176128789,8.775758216056985,6.326685657365623,0.25111247085214167,1.130607107633605,0.23764392836008064,0.42165676151607995,0.13707497700718096,0.6529808918410716,0.9291527394839438,0.5710753876971221,0.5462615727481682,0.5809034390007735,0.9086552883970849,-0.13274001374846212,0.6085331848909813,-0.8014682408832977,1.1101367923139553,-0.2568845656642412,0.9605208413608236,-0.5876266812221355
9.304375936688746,8.288046555454594,8.371864312754544,0.27362839623261004,1.1054966343569235,0.25930547929593323,0.44269893420730866,0.11594919493835153,0.6730293419017821,0.9082892868407997,0.5917874076632044,0.5265149937243832,0.5673642258861448,0.7266633148774438,0.39369834585764946,0.6406352873323143,-1.1565403484449768,1.1692112097557632,-0.41538121191851474,0.8182164637111509,-0.040110349231923526
-3.885708386053996,5.016680620083096,-8.54279801946471,0.2908739054630386,1.096770635777159,0.27740079243276533,0.44912478716115123,0.1137866686825286,0.6789976857959276,0.9078642349914885,0.5946031393405883,0.5261331549115068,0.5415403064524578,1.0257314521586565,0.3970913382073291,0.616968186112189,-0.4346965323465796,1.1070341452808667,0.32514798179216065,1.2233491604132407,0.7002181456583744
-2.621318560974177,5.381482817367061,-7.157038409088032,0.3001408274606916,1.0827914511056016,0.28730726123731215,0.46395962757353637,0.09826581499385575,0.6938812473652751,0.8933140413202056,0.6111574207018147,0.5126259240161274,0.5169490029391524,0.7094768540680166,0.36222822185274106,0.5116458088542608,-0.9076655844411481,0.8610810974756059,0.31223054499964276,1.2227369044242142,0.4274048785048655
-3.428411709109878,5.220888228028543,-7.74935246083476,0.28838022150364045,1.106362849375136,0.27719034554375205,0.43587163193010037,0.13144317929224286,0.6669409379976006,0.9293044327770437,0.5788879697907254,0.5459093904435794,0.5119669994030245,0.8080662032725866,0.40500761255945905,0.5036866912160368,-0.7286734350696807,0.8349342590624864,0.33001309205456403,1.1180207346555902,0.27755100278563205
3.723526046667947,6.829026327642103,1.4905401514101821,0.3019517886441852,1.086771251019068,0.29080032202185296,0.4534825990470125,0.11084819497307022,0.6863378252386594,0.9082649560979135,0.5984591130351029,0.5226694646006252,0.4958660622516846,0.5967280061801088,0.4001581212899417,0.4221396875575213,-1.037594212951898,0.7367661514324112,0.19114684235785714,1.165512712582357,-0.06042961248983755
-3.0420943772586826,5.270089602285452,-6.999749722609216,0.28798225874093786,1.1053324190030562,0.27842045462924775,0.43310084899232776,0.1323920933520772,0.6680124918633301,0.9310889242669977,0.5770414190891338,0.5429126880423806,0.4959655726064597,0.8841468814062555,0.3997749827222637,0.45662313081768474,-0.6509977386887985,0.7345253047820077,0.3780651864247644,0.981801702351569,0.06980601587135651
2.1795050733237558,6.211366904368837,-0.1735906346545384,0.3269361146689579,1.0598198859890835,0.31732092396075307,0.47837534458550496,0.08560023683792196,0.7136356166804514,0.8849118053212546,0.6240617819899708,0.4969939538522611,0.4749642012397273,0.6392754569669198,0.3994782984612184,0.3416243490280947,-0.9188014155755826,0.7069330040975269,0.25930238239533043,0.988039951920219,-0.19696448984716322
-1.8390417896335611,5.11527494792255,-5.207985675598284,0.33645982594443546,1.0534116274578864,0.3282933957235126,0.480738267333208,0.0858336378627459,0.7173092627159825,0.8879896706767698,0.6248811223270121,0.4985658707110803,0.4868157577708837,0.7965389475181917,0.3785237763812583,0.42577878719319173,-0.5488355379511682,0.6710609352985453,0.524747280990239,0.8343342424540519,0.07711287010970959
0.5642225256765993,5.655579005181042,-1.9840418885587743,0.35422463138113625,1.0344998259557874,0.3462965045807792,0.499571789475057,0.06712634588055223,0.7363350222240417,0.8698632552856609,0.6439154658162696,0.480376526249747,0.4677502535933882,0.6255302022327859,0.3838325984314893,0.29102638461285185,-0.701820385394593,0.6530268178213976,0.4474932292811318,0.8710292397833469,-0.10170981028109775
2.1044744436122356,5.870587801990395,0.48860792948840914,0.37194554959858495,1.0153470712198291,0.36374819550924087,0.5175321117788444,0.04930560562679119,0.7539291996143794,0.852532874211863,0.6618897103122305,0.463547660896502,0.47464260211478354,0.6166104694227813,0.38694445615788414,0.3506585542446298,-0.5499451327544856,0.6631612934956067,0.5188350918020704,0.7377459405067228,-0.058624611806616725
1.7007847839176424,5.32039721274009,0.10685579927226407,0.38328412673065165,1.0023507381218801,0.37487853875644317,0.5293006260198387,0.037563929783298776,0.7653507911178565,0.8412543919189954,0.6737535020616472,0.4528018763362368,0.47616184567006414,0.5769253235762358,0.3929412827736427,0.37132986574985966,-0.4702416958841014,0.6782527724781668,0.5493148613567689,0.6493640641432472,-0.0667085095592472
0.6103471139780315,4.912299528936888,-1.5660052554863888,0.38246417564783564,0.9998059859330177,0.37478426785932595,0.5252842347179119,0.04240027132624771,0.7619303209829296,0.8485436285284795,0.6694556789202973,0.45969857917293033,0.47776300995711096,0.5564700178901432,0.3970226410666846,0.3396465225622583,-0.43586218692185147,0.6979122063100683,0.541743863442695,0.6166960882362865,-0.12852787424177237
0.35027291096718216,5.094874191352213,-2.1482680234005453,0.3697935857199731,1.0077734513006351,0.3638027074252406,0.5060617026629861,0.06302406104573537,0.7443742821108614,0.8728287224885989,0.6495743077151954,0.48230992431481545,0.48369014731849497,0.5812346798385053,0.39327629087167265,0.22976442703111097,-0.45083546508428046,0.741919695748069,0.47537014793850896,0.6354762058313901,-0.28558362953144123
-0.44242519424214766,4.648519517169637,-3.0236868861942625,0.3664448241351458,1.0117864201824962,0.360769211162127,0.5020917334087521,0.06675221231463088,0.7411513801118076,0.875892881354202,0.6455158549149829,0.48413759559816816,0.5088404331395959,0.6395042758123103,0.36005125555903406,0.27030591284784933,-0.3520559706297863,0.7437945811368659,0.4952608306264825,0.5452634190640181,-0.2973662015297153
6.652859316139987,6.39085991676322,6.279150907739213,0.3625527510468066,1.0165833797019272,0.35726812993731594,0.49788410106177305,0.07074225191712344,0.7376704703691912,0.879381196246029,0.6413018417173931,0.4866614457823534,0.5056832636677322,0.585880837282451,0.3342297672032808,0.12875620819700864,-0.43961198595284257,0.8369671584921258,0.3665436974709748,0.49369237478679406,-0.5444663539095912
-1.3131196590749354,3.92054176555168,-4.073740467150549,0.37201388702577404,1.0093809110086516,0.3658098105814471,0.5124809974912444,0.055166215572497464,0.7512214506175647,0.8616560287272509,0.65654712927423,0.4701754055617161,0.8036062662596546,1.1584331685156548,-0.2840499869225673,1.1087664258467402,0.5198475790518073,-0.12291877423642693,1.4418845603796364,1.4320902950762693,0.5588751000102916
-2.443812251991573,3.8537643550741043,-5.867084106905217,0.36385288028406365,1.0185396198074708,0.3586615724024157,0.505436883301914,0.06262681062722786,0.744767062713022,0.8698004778723745,0.6497815508213333,0.4781320685885868,0.7385768085817637,0.9921019635352031,-0.08074045187498773,0.9845150771323319,0.4135906651458217,-0.18558290593571303,1.365819803292695,1.2462370055054646,0.44708654935523134
-3.5059604020422164,3.483603059771496,-7.274460757021269,0.3634122529055783,1.020749465647505,0.3583152696772687,0.5081335473105386,0.05951785672551231,0.7474808467313028,0.8658442385468084,0.6530265442580969,0.47425132011170246,0.6717925473482314,0.8281594953858047,0.8430078322159509,0.8429534919368186,0.2910707100189281,0.0343386471533607,1.2858832151480757,1.0702403438394221,0.4060482754422362
-3.1853148179153568,3.5925084827074865,-6.613789968065292,0.36670662610035554,1.0184125453844446,0.36132737069736853,0.5128547374630203,0.05456019097754239,0.7518958869475694,0.8603277591647486,0.6579803141827354,0.46910063601184004,0.6145042939480204,0.687082194697621,0.7439053501105105,0.7196136535141341,0.18361884938906348,0.01994603794365163,1.2163408560519255,0.9228046223938303,0.36973613730649174
-2.5503462955641414,3.9220782867885053,-5.599455281870198,0.3756161789688694,1.0098722040632642,0.3693242088760607,0.5234283836968037,0.04361758638228048,0.7614427809839142,0.8484718939716193,0.6686694911937008,0.4583619174491973,0.561101634309172,0.5618746360968508,0.661554308352483,0.5987274169280902,0.08255597223720934,0.013586004685591804,1.155046482107293,0.8018848524513309,0.33739339498501947
-2.862687945074528,3.7393183195154447,-6.1113756100603185,0.3754897172986854,1.0088439555405342,0.36926633844950646,0.5211967106934676,0.04630975458436697,0.7591651010425612,0.8521219620316276,0.6661759845142478,0.4622063106739476,0.5044675167154702,0.4488306745867284,0.5880086315080656,0.4488440106810154,-0.027944095353318935,-0.009268602305776474,1.0985978529439793,0.7086641761539844,0.30968837532375904
-2.329305020408195,3.8270675958753464,-5.539653072373498,0.36280075702002756,1.0189719473108543,0.3578686810611387,0.5027863952199443,0.06582412497203081,0.7420194243245948,0.8740890567305393,0.6471935495631633,0.48297424599257854,0.4623000282920714,0.400631942967606,0.5381054572693251,0.2939805812385232,-0.10791941689500548,-0.0188641719719934,1.0502247851606676,0.6323803539251213,0.2839880404191232
-2.3010011573026974,3.9418484527343325,-5.814096754263604,0.3293196371428798,1.0525407795869892,0.3269911015280206,0.46254169179784377,0.10671877709279076,0.7049742585124361,0.9162575836809086,0.6063927044840575,0.5213811013988243,0.45548321855380197,0.4424283528530118,0.5146521450348773,0.13139550208511136,-0.14796652746324235,-0.020177095783829382,1.0120125481903866,0.5608399580647693,0.2614784466266593
-0.2201438401611967,4.957874116861001,-3.576732487335125,0.24193303150083512,1.1428462079914727,0.24176381444356804,0.3801704495517614,0.1845253802932462,0.6285936102574228,0.9902424506838885,0.5262273743753993,0.5869211002629665,0.5431149347364659,0.5448602104905123,0.5272355496516055,-0.06514481101558836,-0.18280699334087466,-0.035836109981536066,0.9811081540697566,0.4971636140451435,0.24104534295300423
4.580897425697445,6.596314785460839,2.552808902182961,0.20479947027955514,1.1464994786850482,0.20127422221817307,0.3778640094779149,0.1642863335914406,0.6357489526489448,0.9650583387559002,0.5402077970424981,0.5480111408584173,0.4631732629671057,0.46318435191256496,0.49067826486529414,-0.38216527356583335,-0.2763029435687791,-0.08379532726944448,0.9582071572364036,0.44439101988019203,0.21169632498433327
5.426145116675307,6.902266583299121,3.7525100567495366,0.17460980579898724,1.1787562549518964,0.16959219279316148,0.35457502787909034,0.18461820082989833,0.6117667043876105,0.9819615917042579,0.5176213019331728,0.563855066291959,0.7818067878226445,0.5587734690871493,0.5381949059120082,-0.0978681464741718,-0.2012333424254165,0.039819603518344376,0.9399679748788946,0.38339621613253805,0.19934592817723185
1.5593077118309209,5.489929574784118,-1.2466500670311589,0.2353414440295397,1.0806249204862557,0.22928179673810178,0.4421559937886516,0.0930540116138873,0.6936803994860552,0.8934841667171429,0.6140481745714007,0.48737262882386023,0.47858886794090616,0.343844600443846,0.41711356493763946,-0.576634926580023,-0.3884033265875147,-0.12443467560809292,0.9009258943934231,0.42999950470423887,0.18252255367563838
4.437350799177984,6.942758948041633,2.417068081832669,0.2005289053886852,1.169569381248574,0.1953486286280847,0.3715877913253035,0.18495144673100464,0.6141192361204236,0.9875781724408021,0.5269903643443805,0.5927463140083657,1.0412798586387932,0.8115734975931115,0.5777100783379412,-0.013034261874946038,-0.11915196056143552,0.10031970233759627,0.9084214135069812,0.2893717104469009,0.2025334561928976
2.248827102737242,6.583732945246353,-0.4137724038016042,0.2178650961479879,1.106971553284274,0.20549985564348694,0.4207541233197015,0.1190913873773324,0.6630052735668006,0.9197042033925362,0.5908922139490014,0.5241321954165188,0.7828108504403972,0.6172884705558731,0.4374711470706576,-0.3419708337719964,-0.2567923191858089,-0.12114672913662757,0.8702233108358933,0.33370912991109736,0.23022589006529473
5.081457189600244,6.807376897502198,2.5443100053259657,0.20827993527422758,1.1416791348455113,0.19155615418745997,0.39893755579405477,0.15126933046071883,0.6256629959242318,0.945718000742791,0.5592661486695284,0.5694225939791102,0.4506981286288264,0.45190312672160826,0.4298981685508355,-0.8674555495709976,-0.44792024544109943,-0.3616432346892144,0.8637155339688507,0.3084012631957298,0.20226881603697427
2.039554301845498,5.987044442302656,-1.035458508051536,0.15472379931674274,1.2102912897912876,0.1317195840813055,0.33348666669706817,0.22199205010705136,0.5476468339374465,1.0071976945970325,0.48589541685929427,0.6476811795043337,1.2484271233649498,0.6618950952589994,0.7106169342255042,-0.17812655147403772,-0.3000700533167522,-0.07353613089197007,0.8270270885039722,0.35977301090404035,0.22970502690112132
7.788022996514965,7.843580247528958,7.713456890649529,0.20930338565549045,1.1064426700201386,0.17177200822078115,0.42216022751873045,0.12194481821258317,0.6226343746573733,0.9036496486808807,0.5873312408157948,0.5656366483119482,1.0423134574492614,0.4115684047750001,0.5183778040589054,-0.30046311735568965,-0.5144140570953913,-0.28866527193040675,0.758064609708849,0.5292651103408074,0.23815578723513883
-0.662104008191358,4.8269828190935185,-3.7064397030740697,0.2678484988228922,1.0855281327300457,0.23326781379313372,0.4563071003233079,0.1051390993197216,0.6487078958801898,0.8849560526234521,0.6054849905892008,0.5580726448950029,0.900350611566024,0.5736084798314374,0.5092521506460637,-0.33252850186949034,-0.48061279750233465,-0.285255484552524,0.7419500880660809,0.5029377702476618,0.2332091757318101
-1.1004901596295964,4.483366909237491,-4.449970614520001,0.30931969473988397,1.0690980365743512,0.2805312295321606,0.47671954716322507,0.09480452186974861,0.6724518104519446,0.8790895647220394,0.6170983090720505,0.5440741770638459,0.7637177528188067,0.5413037218216177,0.5238772177626033,-0.4206779735247337,-0.5422936037245198,-0.2920814466103051,0.7321200141483956,0.4872368569877034,0.21249313020081712
-2.9366229835916897,4.284190311292439,-6.774319427933819,0.32679575310368636,1.0695341836598615,0.3031660126303921,0.47444424773420396,0.10508307492454602,0.6748872969574755,0.8953035598379762,0.6082124839512963,0.5497208746559038,0.7313062076992052,0.7570804826286365,0.6469455551772171,-0.4145496408636241,-0.4195298484486508,-0.15807281198413997,0.7696019887661448,0.3863610300102393,0.1723924547390807
0.20166474352331776,5.040921687410998,-3.0252659854237027,0.3379630362492796,1.0639396865694155,0.31874764596409466,0.47685256507195706,0.10348621584743067,0.6852604801264504,0.8978274731539262,0.6096980622676237,0.5399312706225583,0.6099552215104298,0.5969873583281743,0.5743544853834324,-0.6556166658193806,-0.5742283008667498,-0.2436992406859752,0.7906416651035975,0.34203634532671223,0.1107608342889123
-2.4108292542285916,4.872423039053955,-6.438513705938431,0.33416142988489195,1.07348524997937,0.3193631404311671,0.46088271846209117,0.12084214872775934,0.6774425843989029,0.9200181960142058,0.5923899268556811,0.5499798097480008,0.9803118680401729,0.8137213062275341,0.6584877848873023,-0.17784476812708166,-0.344974461105517,-0.03690316146801424,0.7911558493382629,0.29710325410532673,0.1451482332110796
-0.4129205971566402,5.222822027994593,-3.462792858602934,0.35392474128103724,1.046262726647695,0.34191672216029123,0.48919213501723746,0.08608965640852358,0.7139559934430972,0.8863105317804303,0.6260742986067594,0.5081202554459494,0.7648705576109857,0.604365808267518,0.5430216891534532,-0.40501883792472704,-0.5012679147532892,-0.1476373056288855,0.7641675735804692,0.3879564253549725,0.14783166356995983
0.2391639028123339,5.651709391996012,-2.563044102782122,0.362332519194108,1.0358859439886814,0.3532921531246547,0.49529392847257236,0.07871110154657704,0.7270509711820362,0.8829648966948189,0.6337610066345303,0.49665692957736196,0.7154495575342338,0.6359082431499617,0.568027663543691,-0.3958005847456148,-0.45498184222150545,-0.06295098197795403,0.7819614015204849,0.3349918880364409,0.1105153357260692
1.6715067203271259,6.257406416512566,-0.49406125625202146,0.3731190776826906,1.0215734543820156,0.36543088811527963,0.5078821539600817,0.0641240330294261,0.7435811132702819,0.8700513128784777,0.6482632178410855,0.47963844616504503,0.6834809219023573,0.6056507275146681,0.5602528332717718,-0.35251408340331125,-0.41813424942005645,0.022823070683415714,0.7940762971478821,0.29295984886472576,0.08195334182108945
1.9834147260439545,6.196297248587107,0.03184788694446472,0.3815646965461623,1.0098010426917994,0.3744477438326935,0.5181535009006668,0.052459396458753874,0.7558822156003149,0.8594608657051015,0.6598861299649057,0.46711074799475727,0.6746879724138192,0.5855644278163754,0.5519303606617633,-0.26425197542400625,-0.3582898855830713,0.11714914502916983,0.8044926623183607,0.24857747882435852,0.06598896189564563
2.4046105325348357,6.226275626103634,0.765251010727056,0.3892603563921766,0.9992748892799448,0.38194885514757687,0.5287451904185252,0.04057465901530442,0.7667859491963906,0.8474515651343533,0.6715603125931231,0.45519850173448495,0.647631654194492,0.5478162459076017,0.5383026496139516,-0.19912418999238585,-0.3126429569145723,0.19825981639626317,0.811711391400996,0.216600660850005,0.052262237201007505
3.769174848943495,6.969713307675689,2.6053871142249125,0.3951793406150279,0.9913299083175873,0.38742875635482926,0.5374399885367641,0.030870517753022627,0.7750795900812131,0.8371790759831934,0.6810289226733186,0.445785000954393,0.6256395569945584,0.5121976148770861,0.5257084105095134,-0.12238837900117303,-0.26543062392262967,0.2731976386961083,0.817706864798413,0.18663385976359978,0.04551626418566959
5.166460786435189,7.46514799065823,4.355591191820104,0.39863711917519157,0.986362659698738,0.39060962281902356,0.5424711941909015,0.025266416328404356,0.7798171756726857,0.8313789241569738,0.6865097575508616,0.4405683214491803,0.6079755629955879,0.47687215154152734,0.5145448412499387,-0.032417096052996835,-0.21836080029597357,0.3411065975522236,0.8227989976468447,0.15776701385897732,0.045967198381919996
6.25776263412231,7.763151462073946,5.996830898593386,0.4029649329391136,0.981689539689758,0.3942362880676563,0.5497073061550303,0.017196279890342916,0.785994061072602,0.8217752579129862,0.6942179379613558,0.432501997506758,0.5869941764686081,0.43624799998892233,0.5039151085398901,0.058181002861879876,-0.17774955687935023,0.40079893677165085,0.8265365998635475,0.13553901636614638,0.05006437622101653
6.882076694600298,8.190294278071715,6.789644044983024,0.4055301766787076,0.9789137889985728,0.39637208704160626,0.5540178419205979,0.01239104440655699,0.7896452552574232,0.8160488650768265,0.6988053527967935,0.42772802745113725,0.5659998253102553,0.39836928299926416,0.49431054131703916,0.13423152091800838,-0.14440372523510753,0.4516884110613436,0.8293763709881994,0.1201035036995841,0.05328699475796747
8.303957462320769,8.653772865436151,8.695877331969493,0.40775539581192116,0.9769530993945788,0.3981732143435811,0.5579501799613229,0.008004473669165593,0.7929120370797078,0.8105653780373141,0.7029634975107206,0.42317253360794815,0.5214189673082563,0.3493651692334324,0.4818760281987995,0.1569008637936417,-0.130672538167108,0.48897817116653425,0.8285573719478859,0.149084440966766,0.04759975394493529
6.815397377664396,8.009897121479058,6.809716353834627,0.40850489161048265,0.9760633060338206,0.39879784999944495,0.5591870383135906,0.006625195334990027,0.793956024019524,0.8089573890703464,0.7042817569317003,0.4218463888689981,0.5073350753088257,0.321170066355633,0.4752373678356602,0.21465732392834586,-0.10620002455108377,0.5268285662854546,0.8305878861321221,0.13661444636995046,0.049891685705252486
7.07494571326994,7.9340253322117045,7.408465872615547,0.40934931197623015,0.9754343308770512,0.3994735632645333,0.5607272826377712,0.004908201053759019,0.7952279089808227,0.8067575263996698,0.705906353201142,0.42001570211962624,0.4918004596459298,0.3015212133938968,0.46905671654329334,0.2480753444369527,-0.08762317166977308,0.5571599159628841,0.8319498752317406,0.13253259963725092,0.04865019115696989
6.0268054147896875,7.288251902064517,6.236683861982386,0.40966358548818954,0.9751295053920392,0.3997294897939945,0.5612735845165828,0.004298729694915128,0.7956826211490333,0.806009218598754,0.7064851531589655,0.419396656244037,0.4872778128045099,0.2873133766013973,0.46490531112031575,0.2964280330743817,-0.06577967125753574,0.5856792951910695,0.8344097622311519,0.11385910759567744,0.05199777297632724
4.696242658867501,6.704024404905787,4.615285930291231,0.40991388987231103,0.9749333147639572,0.3999297722314083,0.5617243010355218,0.0037955007088273096,0.7960550241840854,0.8053664423027755,0.706960332714264,0.41886129644954695,0.47937934431887597,0.2631008404675326,0.46083464707732436,0.3434035064226395,-0.04998219694239636,0.610878605282879,0.8354682457247292,0.10946159966954438,0.05515841384447072
5.80919198430185,7.272441972065027,5.737691668683514,0.4099825726473185,0.9748449304831339,0.39998680310895196,0.5618351336565823,0.0036715058400526674,0.796148144633007,0.8052241041531722,0.707078455596563,0.418744891165444,0.47694151481778624,0.25322177221726855,0.45790855677005476,0.38046483534312897,-0.03334161345496703,0.6320125472401741,0.8374277381176197,0.09366371197409303,0.0580055911086981
6.103641814371033,7.409589259452823,6.119944492205798,0.4100725048365081,0.9747784668106505,0.40005829021334305,0.5619976378532872,0.003489819276055195,0.7962821359199785,0.8049892445984113,0.707249425474556,0.41854866123439416,0.47311614316787753,0.24344635586910712,0.45513205130882484,0.40981082421744314,-0.020103798239700855,0.6497582848020507,0.8388049019042383,0.08486742255340228,0.059872803532242905
5.30320714221514,6.937110166146532,5.2288445915904855,0.4102411867087419,0.9747039893273124,0.4001893330223928,0.5623210837558906,0.0031285479348751436,0.7965466140838428,0.8044991137908437,0.7075878726854696,0.4181360949935634,0.47107001112171215,0.23494232860270603,0.45294344848940193,0.4376832778639659,-0.008176412851008001,0.665386658535327,0.8401371136921324,0.0748014667572809,0.061980067422419266
4.626807124569845,6.675503085513979,4.326708635996808,0.4103442120504244,0.97466723688367,0.4002692522219775,0.5625226346129646,0.0029040198714447678,0.7967112222541,0.8041925123121562,0.7077988636527182,0.41787822846478173,0.46649759722376954,0.22728378005201358,0.4505759014390413,0.4550419411021051,0.0007603521740970984,0.6776839950856492,0.8409262692233215,0.07429661080995922,0.06264669535668647
4.748851194270576,6.757417692532353,4.358073015025724,0.4100440859324148,0.9747309894752842,0.4000388475672444,0.5619176948915914,0.0035776290145554408,0.7962187173735331,0.8051306044281177,0.7071669858494005,0.4186697271256977,0.4649091526971635,0.22415830703585887,0.4489403853403319,0.4702630633914696,0.009804289409176613,0.6882582484208193,0.8420803661711115,0.06500122308424057,0.06360748904643083
4.2043460811962285,6.834282824526281,3.489523440476188,0.4086883557547343,0.9752214892345898,0.39899517502708803,0.5592918344094915,0.00651397403672978,0.7940765986782838,0.8091753966986881,0.7044263854668416,0.4220875968923782,0.4566293965292149,0.23485775721793098,0.4462878055281542,0.44862328303753907,0.01671473542028343,0.6912459684222224,0.8432221041650066,0.062311444514345414,0.060026136122348
3.8738594018671106,6.787539324313617,3.036268571233216,0.4074819150608189,0.9758003710684908,0.398064967428848,0.5570171793124541,0.009060071748029867,0.7922252761863564,0.8126286142568988,0.7020514029544589,0.42498723006839634,0.43934870112750146,0.24969675130124913,0.4423617883871375,0.3927082063790811,0.019314483593021136,0.6884971137940525,0.8437149611731946,0.08147846858484607,0.05057386078025247
4.46345459964995,7.027200493307561,3.717822474677841,0.4057140013775197,0.9765732831173652,0.39670235623075784,0.5536138600277931,0.012853847784581946,0.7894662689265006,0.8177552396468626,0.6984922582992344,0.4292601718062864,0.4456055245259033,0.26857091973277236,0.4419249072016913,0.37824927114457896,0.027428791848317386,0.6927623622139601,0.8458642282853955,0.055716277154588476,0.047228529295615176
3.7616912170472134,6.945183286560022,2.3847266525975863,0.3957277036846266,0.9811405777510287,0.3889979002408986,0.5345269285106511,0.03406571229064088,0.7739823886154885,0.8460442935920669,0.6785380367225551,0.45287811625788443,0.46788402565419324,0.3026894707130298,0.4427677289144134,0.3023352866448773,0.03616056397802565,0.6892267400987041,0.8494378177629929,0.0036949322692259017,0.03311096898671721
3.8342476174921067,6.790558983605444,2.895830612512092,0.3984150200244388,0.9811009178938455,0.3910664673800551,0.5401781624096424,0.027699200443941325,0.7786953658525231,0.8369355346423152,0.6844481400050884,0.4449407574772649,0.44048986045184624,0.2877616326536663,0.44026634408093246,0.2113682314101689,0.03971740254589093,0.6891714123470853,0.8505722687284901,0.046261574634962624,0.01125639538966534
3.8341917694730734,6.68358634374652,2.9608682760057237,0.4003996673017485,0.9803940161281128,0.3926002858387858,0.5439840220647654,0.023451918871937188,0.7818140677724763,0.8311326314665977,0.6884203268331874,0.4400235105704561,0.42863350110889714,0.2848624295167995,0.43965267775332817,0.13995287205785634,0.03709231276580695,0.6960999535754722,0.8504177829734901,0.053297592461202435,-0.013750157796641894
3.431521913184778,6.406168417511162,2.444218756502206,0.3992504370990755,0.980974998528473,0.3917190686090041,0.5416787585867149,0.02598907955110738,0.7799798618041404,0.8344087418176623,0.6859978921435621,0.44268354682303523,0.4084314871799639,0.29134285735249654,0.4412748557630041,-0.05059478738755932,0.02575640980624899,0.7120802832325506,0.8482580834027644,0.05299759343811468,-0.08421070794732204
1.069018115257462,5.98777351397544,-0.8722508935753399,0.3825944986302239,0.9902424266285379,0.3788519811956351,0.5104101140570325,0.060268346207296236,0.7547519578904469,0.8779122187759694,0.6533231999364264,0.4787866887071771,0.8815250748242766,0.3863493109030719,0.42364282603261305,-0.06489459959861818,0.047165986189729184,0.7669720341821257,0.8478864604385666,-0.20757908439566494,-0.15131267910183613
4.341968528930228,6.636310676195884,3.6019713854231945,0.3886618188522601,0.9911101667802307,0.3835827303231879,0.5258928126383795,0.042952742056899494,0.7675935703455189,0.8544669569443366,0.6698738330240919,0.4588366375746118,0.16980806372286422,0.6312931748897079,0.6444398471713212,-0.922611063737086,0.7083064918772785,1.301471485853562,0.9712570520803304,0.6388117926850776,-0.45064318118812846
0.5572099194379608,5.625992364773948,-1.5987720917812414,0.39946264630699635,0.9836810733916701,0.3918980016964021,0.5451977443820315,0.021874710899496618,0.7829134205536412,0.8279280144264709,0.6899566841054032,0.4373134307023721,0.3593260091744626,0.8000413657628742,0.512208343306325,-0.36565371654836415,0.9133327612578924,1.0286978149586563,0.7054155040619984,1.4571078065379015,0.47927497919347406
1.065208131252465,5.613594166165478,-0.8546213063466508,0.38992321801525254,0.9893036151461703,0.38453345767998715,0.5269644108116487,0.042077525280560114,0.7680556969127863,0.8538059174611894,0.6709083328817886,0.45918503425052515,0.46817008242126107,0.6425771341607144,0.45579945448659265,-0.32045845012042434,0.6922729778067311,0.871979080624162,0.9255824615156366,1.2058385075443432,0.38761809164837036
0.30229773134083804,5.086082202574736,-2.1534915131359194,0.36129251019603525,1.0148382993926968,0.36221488044010774,0.479979279054628,0.09238761172210903,0.7301431315730738,0.9119683588313954,0.6223367615417352,0.5074147091630637,0.4817193415504954,0.37838671093385745,0.3708653650745817,-0.5037312129331043,0.2924807551026111,0.5925852493082103,1.214014906612326,0.9306581159347145,0.24877559386450177
-1.0530595520887225,4.724263933221491,-3.736174105600443,0.30984519591089854,1.0765355209702836,0.3212305056475585,0.41530558461359757,0.15473897875775508,0.6807004978486387,0.9730086857888205,0.5583313481057013,0.5523999499981268,1.0376154326220386,0.7294854484895104,0.49208400257861046,-0.37606800940707924,0.06434565200586197,0.4926589279845268,1.2613757554633587,0.7421927507759902,0.15097750315629527
4.82467186780653,6.037718878877977,3.8718364544942947,0.3169104122193124,1.0608248248955634,0.32993567791219947,0.45237702112045763,0.10676456978870111,0.7201698462175989,0.9192799832096341,0.6042108867947604,0.4976280842245593,0.42143570411819264,0.05436839694639052,0.28830870662431635,-0.9504740871065952,-0.6665609762911281,0.13015292486173954,1.2789424012518011,0.5899544442946122,0.004526657761207481
5.024419694396337,6.04115848866355,3.8862804747894515,0.3035698465341021,1.0851294285359538,0.32236886525827635,0.4379279988441748,0.11930623758811891,0.7166808313762696,0.9326881433898675,0.5916878029772069,0.4979693492680093,0.4110365801185391,0.06566932592135315,0.30998148995693114,-0.7280615535189436,-0.5600454382181302,0.22022506793134444,1.2133038729869312,0.5112880534112455,0.019122035095287905
-1.324427561859153,4.436673288995218,-4.519751825515086,0.2691646399450949,1.1168146909913765,0.3016826745281432,0.4151733246334083,0.13316803995307344,0.716827742193004,0.949152366375646,0.577681058209131,0.4879753281705198,1.311688778563191,1.1724763422986484,0.4470737685052982,0.3633447248464897,0.5757677665380202,0.4662466129535967,2.0694325446961934,-0.5580440087545502,0.9999422747917087
0.7791678428351797,5.180935279897038,-1.7558393626690563,0.21540937067501736,1.1544636425582173,0.27112651770599605,0.3750366276321789,0.1572715804051838,0.729943822774892,0.9813595908936494,0.5526147516181543,0.44946384292057706,1.061833615331091,1.0432551276741726,-0.446360139559845,0.23036683364034446,0.544774099402791,-0.5377390239554195,1.794600845758515,-0.5278301201845985,0.9294841099266813
6.667687987326339,6.889965795459598,4.780193102119798,0.16231106035087914,1.1626524787260921,0.2580859287815133,0.3454346195813611,0.15390210866833495,0.8112049578750125,0.9960072269274587,0.5541503550469606,0.3249036935289219,0.19066223171663374,0.9928590497360333,-1.3780280033476349,-0.5920841388633075,0.7399483948588655,-1.416038120238076,2.4323780770702705,-0.15305543257422927,0.1985730120606424
5.7324773488146965,6.177909793356475,3.97657778771499,0.11573326604020254,1.2164244713892391,0.26670831150558894,0.2928162254656317,0.21187992542218315,0.9109076179259459,1.0543113878559007,0.49478774313612284,0.20479509503464388,0.22558111846717352,0.8783664595330875,-1.1179429663693945,-0.4209438329194084,0.6434310413329707,-1.1049969768360344,2.206211167185646,-0.12942372702725355,0.17964536740614007
-0.35712913071896846,4.48930485495589,-3.0015659459863198,0.08460777536809302,1.1887661142914916,0.3212580963012499,0.28190848114095507,0.179231105543177,0.9838303805691162,1.0261996980392434,0.522990002273473,0.13485719627749404,1.3430455353859285,0.7583369474291219,-0.8642753164842217,0.7964866640995766,0.4825157960890885,-0.8140747343905823,2.7831230718180056,0.9528471864540891,-0.8891986356089575
-0.6328181521662842,4.235468437459546,-3.1955466914919075,0.0843551321336704,1.1195910188528155,0.3714567089486941,0.31573150729612814,0.1099013992349337,0.9537965532626345,0.9498769066487669,0.5963815022018125,0.16857122426380608,1.2146554605767865,0.6595641873730349,-0.6486615580960684,0.7648079755791001,0.36139734233196186,-0.5668570173133364,2.4985683850543596,0.8212284963525673,-0.7515970436410111
-1.6349589252564112,3.8872766326233488,-4.465542767501019,0.10157243601519886,1.1240234812455538,0.4072673520895701,0.32803079220021436,0.09519581645298873,0.9607223133105959,0.9375372031567923,0.6170639725798669,0.18176393488790318,1.1017460946499469,0.5510636751482269,-0.3839537639818273,0.7328596816315751,0.17760243293524547,-0.2952123570432018,2.2355119544839215,0.7154694414717028,-0.6386011717904482
-1.1807068602743565,3.970529686424328,-3.8999445601618143,0.13992778562550848,1.115789173809002,0.4276476049099621,0.35038994765946024,0.06767906185300818,0.9563379991553849,0.9120564604420971,0.6480306767901195,0.20894379740906463,0.9979975920169469,0.3906238120956862,0.10504111061706595,0.69383895190495,-0.19263106222275964,0.1567741548320585,1.9232209361390527,0.6478915970022512,-0.575429306153805
0.06475804868769786,3.5375367837449736,-3.440637513075517,0.22676634112738892,1.0478307345425677,0.42991949868595236,0.4283246068945797,-0.009474464782675772,0.9129176781286781,0.8278616415029459,0.7203665175845699,0.27644142165967256,0.8928131190531003,0.09499986642588491,-0.9035032169220364,0.6333083509594756,-0.9102025083841588,0.5381572050699808,1.5298943385377142,0.7681186757739729,-0.4064652169572153
-6.206193592024409,2.2858614489420446,-10.925840138857563,0.2751574878407984,1.1784007497320872,0.38476066971348266,0.3674981687533065,0.16982110949608947,0.9263623762402916,0.9940278393905051,0.5478119307267482,0.2822829650394738,0.8206396095195597,1.1226755158785047,-0.6627078507136668,0.609710469016192,-0.1309433058102137,0.739301577626861,1.7952052528194562,0.432995336941784,-0.4770633860729229
-5.4759469331675765,2.223365584323058,-10.65109645662369,0.3153367362782047,1.1283032209791422,0.36979629737414016,0.4151510073654173,0.12855849220284205,0.9056318594555506,0.9391800245840347,0.5800645204692578,0.3112156830852943,0.7089882244836553,0.9450930975400583,-0.26646716089713246,0.5046378547336698,-0.34794212425480664,1.4287607991342963,1.2543428399326522,0.3453900532227171,-0.737442196418203
-7.02455056619534,2.2066207587041498,-12.194021925751889,0.31348814766832966,1.1874689131910223,0.26810350276920547,0.36804813662937685,0.2045880577321713,0.8490091815035561,0.9957697413832292,0.496630834466369,0.3470721812870873,0.6443877115132925,0.8058099525686762,-1.2148758008951852,0.4566661467265232,-0.4840432770510847,0.44876897823929257,1.694849219341362,0.509830983921372,-0.3383770995157821
-8.029928231623757,1.6317162649281136,-14.15246849658546,0.33441750197549897,1.1275987311909634,0.21659304990959327,0.42496059473100045,0.1432464999873823,0.7472237768778158,0.925120450625686,0.5562211713298097,0.41958054856900295,0.47530548613945134,0.5585818647304509,-0.9257207908661499,0.22569880489476052,-1.1046472963650613,0.7562390761667982,1.2411903402380042,0.696259937743742,-0.30641993325347705
-1.0082428834125405,4.017085868879989,-2.8036460298445895,0.32613516181225094,1.183202599029069,0.12013130352260229,0.4103127475053261,0.2088552623937725,0.5826543616488524,0.9268024732369,0.48908420504424915,0.5913673565353851,0.5102485066186491,0.8641136808817538,-0.7187230128237649,0.20711920372512987,-0.6041249532907259,0.8881981275842893,1.0381128980977652,0.610318091150979,-0.365182669250389
-0.33594822432996174,3.7836387678390606,-2.2495861090907177,0.36268152985360025,1.0968016780165437,0.12600068094048453,0.4985191933101527,0.12089520498040766,0.5992829693196122,0.8336264225475578,0.5818994474949699,0.5687447296134697,0.37864878971353083,0.6092036254879055,-0.47880756311516615,0.04991703463578011,-1.0850468255946413,1.2276618638437107,0.5078404294940969,0.5864572023544076,-0.5773189565824206
-7.155067629009139,1.6596130786579057,-11.531784147157094,0.3556836786194578,1.1811237132215666,0.07374655540497099,0.5656347500314041,0.2047314115436057,0.5061117635023373,0.7066385688635478,0.5009993393330137,0.6782246993027101,0.4714500652143598,0.7533897901287077,-0.7031198292356181,0.16680409187699427,-0.7225674182180621,0.7245968040849418,0.8985787885004732,0.5580566481181951,-0.3520341885789628
6.726638035192141,6.372641349779015,5.4166453369000545,0.3848707506264283,1.0678511017364094,0.17514827327097343,0.5542380234176756,0.09623104270271536,0.658255517558628,0.7771378636974365,0.6138144921321278,0.5376553877482377,0.3546269759838657,0.5410878973323107,-0.47420698174384124,0.06630884873420044,-1.0142145430311693,0.9830550074813503,0.5200514650246408,0.5848684637841504,-0.41055555589773735
0.1575645153076063,3.79734899075963,-2.1149769366390885,0.36585486613296636,1.1434184360989161,0.16091767891371958,0.5516704922010964,0.18038267556653337,0.5927640591643306,0.7504292258629335,0.5322354193565058,0.6112622884785293,0.5378032168850848,0.9485690863312248,-0.6616921267645213,0.22514597798920014,-0.38380353284670066,0.5359525304519889,1.0130412716436459,0.4684715291845055,-0.2075734170136614
-1.572985262325135,2.886771303095439,-5.757269961322041,0.38139594116787323,1.0910369632236032,0.19541634689736792,0.5915449549565321,0.11703220778449691,0.6402058576889676,0.7110027243111332,0.5933269009462974,0.5598881457807556,0.2802453383441227,0.644510468131202,-0.4190346800034404,-0.1376720815178652,-0.8934837982113982,0.9376283205621045,0.6250788884747632,0.44899435087741635,-0.6157530804456295
7.664197937985381,6.711600087275481,6.02608051185224,0.36229934624694815,1.1503491368302754,0.17703001902796595,0.5787960158796491,0.17897115371418576,0.595525042921841,0.7042572516919317,0.5312877956425964,0.6063759056135851,0.7087184272229143,0.701266065850594,-0.8187593625256542,0.09650471090222565,-0.7285297974321784,0.41965629694354933,0.5135235158818156,0.6205063140053132,-0.4180451859076968
5.576280112601286,4.633173053041097,3.4147090971672833,0.375673953415428,1.0987416125690093,0.23595443267573515,0.5848787923111229,0.12469726928550573,0.6520120314543323,0.713521822475194,0.5833940110891629,0.5508129574067557,0.6012375706277374,0.46925682541066643,-0.553847585648613,0.03671839827218973,-1.1528904617265268,0.8316711569666035,-0.09098091825357471,0.798160426829777,-0.3104107293542301
-3.42851263255117,2.1699831979358892,-6.92264509943008,0.37876662687182483,1.0754193838209363,0.2803474161926841,0.5623271063606843,0.10429510320219686,0.6873410439305386,0.7572124952461883,0.6044172131343061,0.519211858380275,0.6148107557682503,0.24975033942789,-0.31317612104648235,0.17961371255828784,-1.6165808487989302,1.3086995104483288,-1.0148464352159328,0.6516036644428587,0.11534892628220465
-2.6420209283846123,2.0546124405007036,-6.003916195992104,0.3945240815472538,1.0267476893224583,0.3363449594279879,0.566898330730248,0.05369107738898421,0.7395107543155728,0.774041189783734,0.6559760756702071,0.47069875931996985,0.462912694162868,-0.6927556932593395,-0.2851634584336886,0.028400312819578187,-1.7425514379029081,1.2209182218589785,-0.9403731856830371,-0.045066842464686264,0.7943607037245676
-10.30426890677019,0.2997280632962381,-16.35737154677616,0.3803371440606599,1.0316668434206238,0.34615485915546984,0.5085994210366203,0.07610261920345678,0.7452867261299162,0.8480521980779352,0.6361537615940537,0.4685529389673463,0.439620625773638,-0.5662360593147079,-0.9931438750345148,-0.019616392752538306,-1.4843925967384712,0.5676482367516327,-0.7801715150348961,-0.04439817646654716,0.5645846260292757
6.32910462225535,4.621330741460408,5.5650640640411675,0.37191849169454205,1.0315435487134632,0.35691115652525995,0.47586657176439273,0.08100254086174545,0.7556522981822333,0.8827512454877104,0.6314809236739725,0.4590567650590156,0.4009954532664518,-0.4582624276501634,-0.6832288011149522,-0.23567704955854973,-1.265529127794783,1.0723747496858957,-0.5002092872736476,-0.5149537864015334,0.5356552266041574
-9.266988810251867,0.687490931307829,-14.854447873436337,0.3756070603428986,1.020378956473502,0.36990823375109205,0.4786533850014826,0.06732538295766088,0.7686030362542489,0.8805871509568677,0.6447260573351459,0.4461736089724797,0.7148299294489795,-0.3556858374487546,-0.7742671931841573,0.025780188700289627,-1.0746978390995587,0.6813714130165267,-0.41308448144247323,-0.13757381901823162,0.6106833765919938
4.214883655949026,3.982281531023808,3.27975478218839,0.37396437016193473,1.016525393627366,0.37591639557283263,0.46888847567279307,0.06655769505673778,0.7746555258114192,0.8912124604821581,0.6456084444832293,0.44037730671542274,0.6598284077580853,-0.2753535585944708,-0.6080679554120355,0.04368335224942235,-0.9189329697652975,0.8640780998499111,-0.12191535733527537,-0.3717726919979906,0.5670336680793341
-8.140455892093499,0.8937133549783849,-13.266122238783655,0.37955314318908007,1.0077753432791656,0.38254790223889285,0.4820189003291052,0.05464173136782762,0.781119747237183,0.8791813027076338,0.6573032448018536,0.43386726042456486,0.6491479015553047,-0.15231809680409464,-0.7859274992442489,0.12417397865043767,-0.7180189242615832,0.411825984884925,-0.32882242437223663,0.03670946815183106,0.6256852053934616
4.474424019672537,3.9751063574116734,3.6906043837315465,0.38076217317798833,1.004458177783188,0.38538410660296624,0.4855757946560757,0.05063587868865242,0.7840729482205759,0.8768715639040132,0.6614912510050583,0.43103141195895395,0.5553338291907068,-0.1110719087138863,-0.4920426926362813,0.06450745001245223,-0.5956184846316968,0.9266865130376897,-0.03340775034157259,-0.2853215344097669,0.6431590972512228
4.232003967539332,3.8581423304213565,3.522212249363297,0.3831105847849885,1.0001820967327557,0.3876384697763964,0.4903078591045656,0.046978064696876744,0.786009590148703,0.8733857364754616,0.6651433094108674,0.42919099503536856,0.5447626762786757,0.05472283389406321,-0.7094920963732042,0.13639069729195202,-0.4172430740262907,0.5768083731717163,0.07368519668288792,-0.4738363942206534,0.46036609931230565
5.014221848381525,4.062917673801779,4.552538064100124,0.38784169414575925,0.9952946862821217,0.39027600824657693,0.5037298226963521,0.03856998339496484,0.7884196165916632,0.8609262967769123,0.6734154809386972,0.4267242209353791,0.5323379337155508,-0.07761155928017278,-0.547669244102631,0.20203870039384,-0.4029990213106886,0.5933054381907976,0.21525212424672258,-0.44486098633997573,0.35976724575230745
-5.054882953294342,1.6031378534591192,-9.103514175973077,0.3943112617543024,0.9888503357620497,0.39322341255516313,0.5204326750901929,0.02848804517642119,0.7908229983779698,0.845252819388407,0.6831914131035444,0.4242267298590393,0.5277965861891578,0.676406891114799,-0.4449109204592524,0.2964872314667285,0.049388543393490386,0.6801849459764104,-0.34428409579951635,0.04727772721976183,1.1052014569066435
-7.291177655211034,1.1489993381748707,-12.162913372962793,0.36522935959925606,1.0058537323726882,0.37971937485090346,0.44815716784587184,0.07855147876938964,0.7777752828764857,0.9210948886578161,0.6352515385474938,0.43934760068505696,0.5477409632741365,0.6061355626378578,-0.8102483689412348,0.33935492533726336,0.05417197916583469,0.23036992367033743,-0.2848730570121001,-0.1304438042860992,0.9281333508246524
-3.2045023227199314,1.9105415367614587,-6.661402742040528,0.36463695879466207,1.0118485573861202,0.3816400777874408,0.45807617209331497,0.06931294811289812,0.7819369846396698,0.9046746492195319,0.643469359342282,0.4338634769596613,0.4772963621859409,0.5274875940499798,-0.4660308617706159,0.2627542379430752,-0.05627977133349689,0.8497063020715329,-0.017972613936676984,-0.09170043685354412,0.8408787486427642
-7.17451633705737,1.4231533811009514,-12.10787546529711,0.33630795658479096,1.0428443217488483,0.371978263161551,0.40926647251603504,0.10344534090109168,0.7764234489583491,0.9488672061326631,0.6096788150760979,0.43884975536930154,0.47645231568611496,0.484346681668228,-0.7391341007756849,0.3108414663139941,-0.04308164893875492,0.5826465550710361,0.038973399098984715,-0.18466822331310245,0.7210403412030993
6.228430838707019,5.1952207053498185,5.01462848862202,0.3089852465195329,1.073376413224328,0.3658665914506343,0.3769238043578493,0.12505893445878785,0.7772790721781839,0.9728354261893477,0.5863750668002449,0.43548161975133937,0.46959429819318604,0.47202942200927706,-0.6027017290960279,0.3598731198486765,-0.08671455317638509,0.850982689417072,0.37311938136807565,0.056311047040298004,0.6585375027424997
-5.926417004492045,2.321792114461116,-11.019767871704882,0.2964982206033465,1.0851656829871519,0.3664412833296922,0.37608850834427143,0.12341975566548932,0.7839494616061506,0.9684752086704067,0.5861912361805235,0.42603214464444716,0.33182855457877014,0.4069771173700052,-0.9010389162516195,0.34937937257199264,-0.09710656207046799,0.3685998627735682,-0.1216922599849059,-0.5886098280267725,0.9824102706516199
-2.1238849599563876,3.342397288750894,-5.975049798060305,0.2746150223905411,1.1030488074761682,0.3646165601674181,0.36821025001856705,0.12876106097233153,0.7908556873653315,0.9745492453974685,0.5802396481979132,0.4158065892400556,0.36402196432524536,0.41835577484147324,-0.6025455270635816,0.35579570739255856,-0.37978664110953175,0.7825435644329886,0.11270856562470515,-0.5097121424366147,0.8629651327062421
-0.4512536733160645,4.233827018122083,-3.78848653428067,0.2213848710668358,1.157504520087579,0.35158389963253617,0.3208704336705529,0.17532496765472175,0.8009639291321151,1.0240842353166975,0.5326417708560345,0.39650867222662656,0.33132994436442337,0.6642119807363212,-0.7308177197924127,0.3712721048529328,0.04192200056495683,0.5374447662415621,0.14110601320457083,-0.39118755094888064,0.7850975266066367
4.182236107733229,4.94333718348585,2.175440652282573,0.26126485246915776,1.100766249173549,0.36853956959229917,0.39267610287527865,0.11753961383551079,0.8079636045048071,0.9532240907272407,0.5899658940332295,0.3909060547006154,0.3478990620388224,0.5553015515387196,-0.4700525944393533,0.446688895005445,-0.17095099720414075,0.8964616186339531,0.4110382907922807,-0.1585949773738733,0.7269426968708581
-1.3867369587902436,3.717745936541391,-4.347471655359895,0.2755495142226829,1.0980870657877884,0.37072522411413666,0.4080305510125095,0.11584568030944359,0.8080894449493854,0.9477301215349905,0.5930426088603409,0.39105944768238177,0.2748480679208082,0.5185203682199784,-0.6730857748909851,0.49063505705174076,-0.17460851117528012,0.6374738009806564,0.48227432290888517,-0.2414787640319848,0.6073785148365912
7.311540560265482,6.074745413046724,6.282526090818329,0.28852131430265715,1.089333249311173,0.37219402091395937,0.4261323255204515,0.10731288349351051,0.8067895034348952,0.9344381242612254,0.6025929787625067,0.39366336827618975,0.32877014799061965,0.46264833807323075,-0.4943769902166487,0.543832006947345,-0.17918566930139967,0.7089326760615284,0.6349210090236158,-0.11099507373305426,0.47379386460000206
-2.214131819133887,3.846977450083328,-5.912801812441859,0.31241517677698316,1.0712182495968852,0.37534396295272543,0.45118991349142046,0.09269058537897161,0.8026876072854698,0.9137481062809909,0.6180090062954606,0.4009823648877533,0.19088756263424525,0.44601925738976506,-0.5197325541181074,0.5501249298460136,-0.14516247642353877,0.6300451781457904,0.27806574621814695,-0.6171388541602191,0.8813454862305828
-0.7823824975995793,4.565014444709773,-4.118904910718587,0.30725137388549706,1.08518906000048,0.36614781180994393,0.4387256919847812,0.11347228143005292,0.7938868092916584,0.9325976934866951,0.598663852974324,0.41152459641223993,0.04857857988904088,0.5493318580943363,-0.6087295293446471,0.48582466608285446,0.011430742762572,0.48237236090728347,0.41149257703757747,-0.5314706625833281,0.7458280815456287
0.940720794338744,5.021957605361712,-2.014148284663775,0.30659096994398594,1.0880396904830412,0.3610467519446995,0.4381800531725554,0.11709132656399351,0.7899724793915235,0.9326318992527289,0.5944425116436034,0.41570481675160464,0.457075379082464,0.558072399933726,-0.5752261900983422,0.32168157401290254,0.07046810384903088,0.43372339685890593,0.7139350314915222,-0.37131381560867366,0.5544158385100223
0.5973657454864388,4.936379129521757,-1.8296729861219132,0.3388430330957194,1.0526711443715875,0.3722125561804528,0.477656344338268,0.08124472255598358,0.7913449197902118,0.8915458702535299,0.6298451254439981,0.417155438469867,0.5088737836257939,0.4815504789854828,-0.43069212869838613,0.6098696679527917,-0.16563892272104247,0.6731066614092547,1.2867409660906497,0.28669172194940334,0.03763809932589109
-0.003487568253087825,4.581755444340041,-2.3712947589375055,0.35962735163948767,1.0306412693485516,0.37830323985067904,0.5024670004000862,0.06018431821754517,0.7903165289931304,0.8671520681674494,0.6512452670067507,0.42068673037964405,0.45620182970858014,0.43513730439745263,-0.30301131695599287,0.4944100384253213,-0.21385218292389596,0.6827636314145918,1.2147090040830684,0.3116099334677147,-0.07528769403949431
0.2967301700481252,4.664714688779971,-1.952999727026225,0.37036433349269976,1.0190402945056396,0.3797894190581915,0.5137271257054941,0.052534541918828025,0.7869463150619405,0.8575042844548892,0.6594320403010653,0.42606890184414614,0.4371604325172858,0.4127603674608463,-0.21825687418172307,0.3995581337355735,-0.23380941540581532,0.6862440904890075,1.152193485209061,0.31293051303981756,-0.06064040631709468
0.13048164126606576,4.54339082290132,-2.0672837716961245,0.3781773777282277,1.0098543425820712,0.3811264571082418,0.5220197428791873,0.04647550445599874,0.7847620394112944,0.8500113324572338,0.6657180283021962,0.4295394241280167,0.4370456691922694,0.4018482193712288,-0.1510863434373778,0.3229288618282544,-0.23630795181947156,0.6847770717331395,1.103798481345609,0.30709449404896927,0.04511995532129623
1.188499302187843,4.511435366286497,-0.21397035695123967,0.3913318997104267,0.9952638011666357,0.3885820675118937,0.5383634748986732,0.029212512337707053,0.7890425861816381,0.8317289025322003,0.6824253400371824,0.42550597877371443,0.42449229129978716,0.3719244887473229,-0.062484564227242426,0.31496714048829516,-0.21865046855664427,0.6959843146240668,1.0636539466248423,0.27939040278182276,0.04835013552586745
0.9887464761537209,4.382764757582209,-0.49423976972128325,0.39766792984006993,0.9876365777452871,0.39183506567422455,0.5460019964583828,0.02144351887785967,0.7904829865836207,0.8234796522111827,0.689992360381112,0.4243666529172505,0.4234858480831136,0.3530558656364699,0.014227303057728125,0.30541231292410065,-0.19727372800792642,0.707099810395397,1.027645773210588,0.25147343653444354,0.12288309188640047
0.1895379329527388,4.203672175373867,-1.7167969991007872,0.3979406854065475,0.9852627372485945,0.3906308867466702,0.5455285534160434,0.023089490016901155,0.788190513344335,0.8250418678266702,0.6885597930651242,0.42731652515319885,0.4092298344323129,0.3479755530288689,-0.009071680054266007,0.218171289447865,-0.204404249137688,0.7204069866593941,1.0016644291882817,0.2590470600211374,0.03166401438565196
0.48648521246235277,4.222236821251696,-1.2910261885257241,0.3980109158829833,0.9838405266348518,0.38982126959878727,0.5451221804178426,0.02419376722215316,0.786728269753375,0.8260399656020672,0.6875429811954583,0.4291282081600618,0.4421464755487135,0.3521716080811746,-0.07588971481631858,0.1914093013442704,-0.18092323145293232,0.7211104276347325,0.9777519497722038,0.23386375409449242,0.020994112632447708
0.9902747327601841,4.34017053183564,-0.5824259421386777,0.39906637399506384,0.9824140473999721,0.3902870317289303,0.5464042800024229,0.02290808691444718,0.7868590033767425,0.824619764396034,0.6887656350749798,0.4290316082093779,0.4637794361532422,0.3487393762148691,-0.0005586632721292645,0.19498134922384724,-0.1511544682645534,0.7286268328732037,0.95618201177214,0.2009773755259174,0.19782201169044641
1.3059361345110099,4.346406884291365,-0.03781854638824167,0.4019219928158343,0.9802239044803289,0.39267078057907756,0.5504332308342275,0.018001519751533423,0.789121650793255,0.8195779367348701,0.6934355766347121,0.42648549655056,0.4501540428522077,0.33191161725095214,0.09748252623186054,0.1923730417239612,-0.1367263783920222,0.7291868082202362,0.9413268929733571,0.18708127113650025,0.16287914905117953
1.4770282956204008,4.2973133688100384,0.3686077124513101,0.40508480611820263,0.9779815705467783,0.3954880153619286,0.554923142671383,0.012417280222942065,0.7918905759619854,0.8138939662807736,0.6987456477930241,0.42335415948517474,0.4380332632753295,0.3115682722189244,0.14754225042079308,0.2157197914638682,-0.11942763368325528,0.731085486430595,0.9277225336699326,0.1708085348999292,0.14136614222396196
1.0822811417083957,4.0037096383525155,-0.3057068525244995,0.4045444679603737,0.9776601408457575,0.3948567805629274,0.553988341492134,0.013672426326753558,0.7910785555851523,0.8152647061935343,0.6975647389528821,0.42436306377550614,0.44817233761998276,0.3043574516615387,0.19363570050127438,0.2293825649944793,-0.09676928631004836,0.7349572200165443,0.9181330189911084,0.15054099944980426,0.11433369565783916
0.2896450724069949,3.7352170690830726,-1.2888868549094752,0.40469815182014646,0.977275766209166,0.39493968504152954,0.5541314363218419,0.013522758422521881,0.7910819809582503,0.81513913596222,0.6977032182515592,0.4243837523271413,0.4040133380362503,0.29006883693805213,0.22962305188471527,0.1610163226134136,-0.10572916385335224,0.7322756369171519,0.9066724863793907,0.1639915948154237,0.07824264035752057
-0.4891772607847481,3.698827444093666,-2.6056914903401864,0.39604813042150544,0.9808063793589807,0.3866153736310046,0.5412848048462147,0.029816325027953425,0.7821870690858417,0.8319833914239232,0.6822172865626903,0.4347280100650879,0.4589615895251472,0.32743478752776417,0.265519233230187,-0.009756044024402485,-0.10916917133618967,0.7304396234904763,0.9028008436485657,0.152784366529124,-0.0062375931480382965
-0.48141844967111325,3.8668089208106418,-2.7051714292618048,0.38635863419313654,0.9879481774440524,0.37738096607967897,0.5277007640476296,0.046795735780852735,0.7729822318337911,0.8485841129675445,0.6658189001994543,0.44476207463441453,0.5885304023083543,0.36705353003203817,0.2899476996423226,-0.13850296341147925,-0.0917176168758069,0.7347502266594867,0.8998270452082827,0.09364189997107986,-0.10363113525148421
5.404771119996921,5.504180060266693,4.753114621668752,0.3712557383314373,1.0029440298867993,0.36311624576879054,0.507951735702556,0.07085746113242006,0.759788042762302,0.8711350635713788,0.6422425661759974,0.4583628383742111,0.5448186346945244,0.3851785647066795,0.2992788309452905,-0.4865593254876399,-0.09813543024990788,0.7490864450111868,0.8758614520961456,-0.027881344042494607,-0.3356479893752569
-1.53623202382194,3.7962315286707082,-4.482882498728563,0.35412321103986377,1.0260588635701402,0.3472104253327937,0.488259624581732,0.09341886044389668,0.7471224610973177,0.8907341033274339,0.6194504687849358,0.46990393310777157,1.6035195807939768,0.25977012051420034,-0.025179033559566938,0.7475848183520569,-0.4010987854865683,0.0716119367394206,1.861088910196295,1.0286323031695117,0.8012454198247748
0.3389815355845417,4.244046967723266,-1.8587597557776412,0.34460512564450585,1.0433445857146877,0.3387957449063541,0.48290861100109483,0.09740206396585163,0.7446427655654166,0.8922950622205552,0.614668428801239,0.47008742255368163,1.4368518667601338,0.7351049706920345,-0.741507536524776,0.7228281126446547,-0.11898897709144925,0.2600528106797548,1.6858319548684566,0.8700773279920324,0.7370836525318898
-0.3899418942908922,4.116719343702955,-2.8697099252098734,0.3480766289000322,1.0433643871374196,0.34251789863389814,0.4919035104947612,0.08519117337904054,0.7513343499348792,0.88001433699467,0.6264814002460366,0.462190282515744,1.2922831550812734,0.5908081456833203,-0.6069061617454407,0.6995961987158587,-0.4329392763699415,0.18935666988493594,1.5670928235109614,0.7802137382089362,0.617819711904088
-0.07485416168668368,4.179453909715561,-2.654308384531909,0.3402020246400022,1.0557446376887993,0.33550796705628794,0.4852629775649019,0.09220593440669327,0.7472077379472477,0.8865516596669558,0.6199401539942955,0.4660281701050769,1.1603822166190416,0.4438890340650902,-0.5059940982786719,0.6702644681622042,-0.9817123050938311,0.03459886320277597,1.4335058495863051,0.7658634676174833,0.5028302939719017
0.03159407934684488,4.156962505644455,-2.2799202841303483,0.3138510816743967,1.0892192192561803,0.3113439975521409,0.4562353211092748,0.12346742982384644,0.7281652308288501,0.9158631889055382,0.5888664647331691,0.48378271373388426,1.049007894301142,0.9640211662651715,-0.3613164682332027,0.6464011114788314,-0.44683443958801156,0.04658706417508092,1.343601392859518,0.6899799758904992,0.41976310920733584
-0.41693959171717576,3.913087375914164,-2.575141427729191,0.3457843951469464,1.0482855039007093,0.34120400516610205,0.49619322336155325,0.07651862957073598,0.7546771977739022,0.8721198555399665,0.635019584820258,0.4573699335562378,0.9528663813329455,0.7750590515764022,-0.25321898934344506,0.6259502815567837,-0.6725501078075969,0.05062601534116892,1.2648866442036533,0.6336355827564487,0.3411629531934828
0.09900223760533511,3.946716253301896,-1.7607065391209165,0.3708788658396691,1.0198757732965227,0.36414588503411727,0.5224969954940185,0.04735094230290654,0.7712745662559443,0.8452553940726542,0.6639951442842007,0.4418438800259019,0.8715166464598534,0.6262551349284086,-0.13482499147481153,0.6095441394500098,-0.8273369337974238,0.10064871126047997,1.181814041924721,0.5917108634068495,0.28867428631347447
0.3732420285105872,4.116894984703254,-1.6613076469566301,0.3732819397822117,1.0160367893871165,0.36585203862027604,0.5209051716523199,0.050634854915283134,0.7687989583694234,0.8498525164002475,0.6614624892049346,0.44609527299951024,0.7925557737465282,0.5489995364372465,0.12367528295225562,0.5832772808904709,-0.985737060255522,0.21243244243906656,1.065000175972533,0.5910673764762187,0.28146452896011387
-0.8857566911467413,3.839876119556314,-3.3689986866669415,0.3545743247984177,1.0342785759128308,0.34746872636813836,0.4947969749942581,0.08171541250395024,0.7487390549684914,0.8810494291012814,0.6316612228863632,0.46813047871230706,0.7323801489784946,0.712196285682931,0.32212920190602756,0.5668518048198203,-0.7436246223641382,0.3602438280092116,1.020286893891014,0.5547879020979929,0.21567402335479444
-0.31963385818695833,4.03901316355759,-2.6415212962450996,0.35248481721056446,1.0388015624164513,0.34514360770376995,0.4952934441878766,0.08006007571751936,0.7489799466942887,0.8779317401598412,0.6326137109011465,0.4661874128273994,0.6709729313392534,0.5939606174194042,0.34539806162662157,0.541607775832639,-0.9432709938730892,0.3772819502656835,0.9425640212379914,0.5556751072776818,0.18480697640647617
-0.6114134242225323,4.178720748484623,-3.1818574135983724,0.32675961842871704,1.0699395114147996,0.32005528356465424,0.46683514472695176,0.11111409971604322,0.7274706509865496,0.9067226018378731,0.6015849366381667,0.4865677050764323,0.6225361643087248,0.730496632024446,0.3728849447784295,0.5182547936617472,-0.8095434008992803,0.407624188718537,0.8805728962894355,0.5471915312526039,0.15244274144008968
0.06953609863971277,4.21949759802753,-2.387030267506444,0.3129814375516341,1.0854432955205346,0.3065676328249958,0.4592535498060859,0.1155803883845691,0.722539325546315,0.9087096998004336,0.5955575235119176,0.48742637382910214,0.5771421336160548,0.6375569443740374,0.38609239507694454,0.4932441306311068,-0.9902700376597172,0.428624677980269,0.8120731443779855,0.555727015457162,0.12001946017752396
-0.18556971895119279,4.143935749301896,-2.6306796602440805,0.28208562044696933,1.1197520941467325,0.2764637985245426,0.43198820521743164,0.14103945889208394,0.7021290649091498,0.9315062975622752,0.5688146563663552,0.5032560191781896,0.553876609603558,0.8011714918122558,0.40191572325075214,0.48048414670428663,-0.7842743146245966,0.4633181010735147,0.7734322001834728,0.5314784609885289,0.09359561316613799
0.6196980352389617,4.265320263460359,-1.447553507771383,0.30569402817534863,1.0849517765598142,0.29937112198152455,0.464798181699029,0.10237272749495631,0.7270455349036099,0.8951498705249257,0.6068643504555051,0.47790826661226593,0.5124766597502997,0.6197286038273857,0.4048134649466568,0.4555134834488117,-1.0546165377401044,0.48307463009856816,0.713044101340862,0.5404755801749078,0.0643635313244528
1.2104539488062844,4.298755561423433,-0.24668105388575534,0.3361419660262057,1.0554457306137988,0.328646632942002,0.491233588347154,0.0763260883586154,0.745338043226021,0.8717374841670569,0.6336142435874916,0.4629363593818403,0.5087042527379556,0.6490065194691862,0.41112335759356855,0.47216557008591437,-0.82800810412439,0.5217069853448646,0.7291165708075087,0.46731454062912603,0.0633997059254351
0.49771706950354055,4.221009979707843,-1.421826441135052,0.3418230461615489,1.0521892950077325,0.3337715655453236,0.4921435045255309,0.07798114404531202,0.7438819721823657,0.8749165691168441,0.6332148538674729,0.4672937726146946,0.49475694678917914,0.638863501387732,0.41591071560150816,0.46358885960514173,-0.8145218114218874,0.5474057013006872,0.6983686621320352,0.461257471641831,0.04277815032193524
0.4915001057542653,4.081503334082769,-1.4623725121139353,0.3408460049873861,1.05455453849094,0.3321848180795497,0.48792175234188595,0.08403836582507085,0.7386952896263826,0.8814327934092583,0.6278437349825694,0.4738090040356606,0.4930192683985197,0.667795428351367,0.4204652557443672,0.46427483891854004,-0.7278538021035323,0.5740210709701764,0.685585848772939,0.4368469826755528,0.029922410607006462
1.4216288315153052,4.283306933080831,0.01086523181842547,0.3598261211433273,1.0328995336291877,0.35048635901063113,0.507948860849408,0.06246955673277263,0.7537217238760548,0.8608397946868562,0.6491382556482157,0.45938712773216683,0.4873160991697217,0.6150355080922778,0.4234365048600614,0.4728691870821809,-0.6730639034803249,0.5988689184325588,0.6892129125945242,0.39881562494451067,0.026366887417169655
2.1468021885485387,4.539579736859717,1.0045439323478116,0.3731391660530331,1.0170846690379753,0.36341402654760435,0.5213600635821075,0.04832026984934307,0.7636834545261039,0.8477995659208615,0.6633015822708044,0.45044520915213426,0.4857647715952588,0.5802182030873754,0.42606455381480596,0.4852851563692107,-0.5831559583700916,0.621029718823631,0.7027091296807987,0.3546695284825812,0.02817920486463547
2.376111091391162,4.543144842967186,1.4098869706951154,0.38466773345917893,1.003158571440674,0.37474310421155993,0.5333743201767112,0.03535937012892314,0.7729755417153643,0.8357438248157838,0.67614763107179,0.441804984607413,0.4829510413435141,0.5388371603648574,0.42819690354189477,0.49704579465726123,-0.5047199782803388,0.6401016610195716,0.7175183795467579,0.3137196122111557,0.03141973630665128
2.0732953380546486,4.332193345001585,1.1266356479044155,0.39390656578394534,0.9921828133915871,0.3838967365149599,0.5434000088598894,0.02432071020272847,0.7809854838600812,0.8252752193221131,0.6869744940650057,0.4340302959646112,0.4794700441523276,0.49607456944655925,0.42993190902413625,0.5082465917907303,-0.4338985152141468,0.6565254096471544,0.7325892009033265,0.27588218706287027,0.03547031837571882
2.212328540305338,4.466902677244428,1.2742946944665807,0.3982300997628969,0.9863372303206073,0.3881759096027461,0.5478861939783795,0.019427265675430107,0.7844912814814928,0.8208614658364876,0.6918139115203173,0.43085944971609824,0.4762052084711174,0.4629652592331661,0.4314247474172028,0.5158746323645456,-0.37625334658491194,0.6702548676125248,0.744696031473199,0.2462972852727071,0.03831920174257773
2.031180014107961,4.418897656003259,0.9947810370043311,0.39871864775085697,0.9840608268096136,0.388633995869726,0.5478416720989596,0.019613754867837088,0.7842310563462054,0.8215874612637537,0.6917301554773487,0.43168538141013,0.4716621500878933,0.44081597909299775,0.43264201230206495,0.5167892540791097,-0.33874995499656624,0.681070384465907,0.7520761597540174,0.2295430697237864,0.03871116182525376
1.6622251708736835,4.257967643091054,0.2780407786415158,0.38927638333404946,0.9880384301914424,0.37912389491157195,0.5346564879458264,0.034748517049588076,0.7726297851061682,0.83821803131164,0.6772459399833284,0.4453323601524959,0.47402240795495026,0.45257796486634994,0.4340938908343077,0.5146390027807899,-0.28954131327349997,0.689964127879429,0.7598479734673995,0.213219608245845,0.03893117173015788
2.2483848850279378,4.4039183187912405,1.1478819494193238,0.38832777486751524,0.9896537145150881,0.3780520660596323,0.5337587921363343,0.03576115852957553,0.7717377671069785,0.8388639522812871,0.6761805761791635,0.44590076055950945,0.4753855239625319,0.4385757528041721,0.4352358507747652,0.5192299152943625,-0.24448928291028765,0.6986046490205078,0.7696479602761809,0.19164864375662527,0.04142119552571137
2.7802895258386138,4.525685048443174,1.9953369873125208,0.3934941378076151,0.986553912282438,0.3832269185278198,0.540683547202798,0.027855862125515624,0.7777101186703383,0.8303817055994351,0.6837728177734572,0.43907199835218946,0.47466917824403343,0.41349847899564773,0.43607005205342275,0.5269683498586046,-0.20315288370806586,0.7065457840642497,0.7797692981839074,0.16865705189371819,0.04497076278316049
2.4026332529727377,4.421619762119657,1.440963385965395,0.39396967139526606,0.986027778649039,0.3837012496397155,0.5412567726722266,0.027216760043237444,0.7781664740230497,0.8297724577528487,0.6844066765873187,0.4386373302427143,0.4734397652549397,0.3968073263235153,0.43678496930569954,0.5293196304664152,-0.17205478957595127,0.71257160093634,0.7875038692858165,0.15327921402534536,0.046978207895696844
2.256225172103843,4.142307453843876,1.5432724899154124,0.40147040217636365,0.9808191627608547,0.39128873351523463,0.5509918566441097,0.016087387355202144,0.7866555808119283,0.8180585183726325,0.6951138871097442,0.42912929206623684,0.47113150670492054,0.3664264131693575,0.43723253170928505,0.5391481075937303,-0.13941022976142423,0.7190483777050867,0.7960659787344156,0.1326379735995563,0.05079076801443294
1.2263973740106922,3.50147036222425,0.13187029854853738,0.40312716186548636,0.9790490389371818,0.3929849449815485,0.5529023008899887,0.013890750045719033,0.7883250336576877,0.8159023479268863,0.6972274486619617,0.42738874475472466,0.4837454129802989,0.35409522465866267,0.438603206034942,0.5608945350034544,-0.0788111595605989,0.7272325306858137,0.8089100720890582,0.08809984870094453,0.05801976523141207
0.1453373353662376,3.234814776053913,-1.345776633569751,0.4036660205322524,0.978375613394856,0.3935451237512026,0.5535461569782459,0.013155959245851289,0.7888844117432499,0.8152321841462089,0.6979553705376336,0.4268638952875484,0.4647787591853959,0.3272204114950294,0.43765694848136955,0.5437782332509504,-0.08502227362496682,0.7265251034278608,0.8099926681212861,0.11238377827050187,0.055856235573456245
1.3593010889404389,3.671180933250485,0.30382709642252714,0.40412771871929143,0.9779287878197855,0.39401779422245153,0.5541643482752547,0.012450214641222805,0.7894199791135842,0.8145366331651418,0.6986469376675692,0.4263127997386962,0.4596377864076766,0.31326939901095974,0.43771941777406126,0.5409988480388431,-0.07403714896663623,0.7288233097562412,0.8136417520240152,0.10886221627200789,0.05618452961937717
0.8737064823642379,3.5552265884852163,-0.37160707747590416,0.40294590490793436,0.9783818461249907,0.39283859912047114,0.5525900784586693,0.014249010775268285,0.7880428446314687,0.8165520364086806,0.6969397830389343,0.4279742330203413,0.45551302859757375,0.30839130031466766,0.4377982589743127,0.534914543202208,-0.06380132883248156,0.7300596101758224,0.8168812066020438,0.10616642668811635,0.05589946547118799
0.9775154607623283,3.569622129082215,-0.22062270972134113,0.40265344197847147,0.9785477771713267,0.39254421042409265,0.552225146952857,0.014666595245676848,0.7877209484253189,0.8170058484691209,0.6965435949226219,0.4283500018502222,0.4557748797062173,0.3044639512999486,0.43811315276538026,0.5346955648351017,-0.04792847920292945,0.7321794250276371,0.8209243809396637,0.09593681288025084,0.05684769787575887
0.3942316902337334,3.691015656183199,-1.3207682445296742,0.382515666692708,0.9888207471160946,0.37231559906815126,0.5255729567412499,0.0449571269939722,0.7643521824762998,0.8498761591734716,0.6675027264932583,0.4554480593295679,0.43309805967218207,0.3513821294620696,0.4368641279867621,0.4670888324801656,-0.07423270042733053,0.7203354081791483,0.8179341471836583,0.14144702347894025,0.0446113045617588
-0.25565268287319654,3.471684749878451,-2.1319699661032967,0.3667787785653687,1.0068030904584988,0.3559558098855581,0.5085273870070683,0.06400766651246584,0.7491614086573845,0.8675726666563492,0.6487494350634899,0.4700257798286199,0.3799519078669137,0.37657000712436206,0.43404630867433847,0.34410363694399493,-0.23362633039454941,0.7047600297429333,0.796351389496044,0.25264711678985563,0.009402226558416469
-0.3670145845092624,3.4684083602492266,-2.3558823840407275,0.3330121935842551,1.0458388141278256,0.32070689646952577,0.4715216992827883,0.10430297995503611,0.7156319201516109,0.9049474621800473,0.6085534099303146,0.5017846017637102,0.47494253701396894,0.5744147615658268,0.43501145873001507,0.3041568706704669,-0.25533203272784977,0.709810043629613,0.7836746385216997,0.2653999783213583,-0.01151947087490069
1.2084380128947765,3.9645558415900006,-0.61749857376562,0.28326083901662835,1.1054652822479252,0.26727413692813434,0.4314600288947822,0.14310815585841316,0.6773650628769265,0.9362711299115207,0.567846062208007,0.5309291195879318,0.39967824169188504,0.4430380154178744,0.43654477955572685,0.13583928828347747,-0.7441251744907019,0.7239891810450396,0.7107312384926733,0.3971033700801662,-0.0981996106972167
2.879576129442564,4.535304637700873,2.6657385143722134,0.19843219091555098,1.1899713348166003,0.17842581131077206,0.36031421405376995,0.2076827870884572,0.6032948030247157,0.9912114166283374,0.49938077755961663,0.5898346438665828,0.7645235532915566,1.2435324886504306,0.42023207112489674,0.2877452193384699,0.11398181177815842,0.7228682015916635,0.8785985466361658,0.1882818586804422,0.024992973819304133
3.1174437288086985,4.87453883685212,1.9712576525215348,0.18844575567185254,1.1198622408256702,0.156932542146646,0.412941273471363,0.12977743922976032,0.6369489855577004,0.9102101419660118,0.5771091226735087,0.5408374891282831,0.5249069215586981,1.0598423759550781,0.41751641306133497,0.10422696852736375,0.0020789388842501564,0.7055434131449009,0.8946597048971284,0.09538507224224524,0.021435224450779486
4.155892354926559,5.297401306430083,3.5488713058454415,0.20570907822771928,1.1087923199168845,0.16271363319855192,0.44153064186486535,0.10851851021050883,0.6348571955690958,0.8776693588893643,0.6004298558442079,0.5509032290362779,0.22455352458509648,0.9080251937283729,0.41619239657458085,-0.20192006759777825,-0.07642754410818722,0.6936765330311371,0.9189639131423859,-0.08247142841207296,-0.0877055229094926
1.9959060753304252,4.5073711524621665,0.45109294647022025,0.15729762129434877,1.2054508239082335,0.11023731910949787,0.37043596555152275,0.20617861753866312,0.541788120975284,0.9558309657566657,0.5054219278691683,0.6570799289524463,1.242564919557751,0.8161246780645076,0.4161605755763373,0.255975447870171,-0.02173560130898583,0.7220926548604443,0.9932556612037339,0.2648703656837428,0.11935951786907613
2.7261253321704952,4.80351747187615,1.744143675465364,0.19535444138055355,1.1134320848195363,0.1248979220194599,0.4496842508822661,0.1206557431440596,0.5835550958651293,0.8446851876602153,0.5896999264366474,0.6047430055997214,1.1078888530320241,0.6632072956563475,0.4029060483739705,0.24954807904868453,-0.1998111170997718,0.6672785826501761,0.9374852637464438,0.3094496975495891,0.1239784093681385
1.3493155744016598,4.5455793036739545,-0.32625206640565074,0.2600182454869374,1.075231441342786,0.18460072850703027,0.5006276524601664,0.08380828998882839,0.6216224700030355,0.7985081514491839,0.6270702836239226,0.57588923210229,0.9875896461898966,0.4953466423051086,0.3925116643354016,0.23189173150942766,-0.4677278117367683,0.6147607627544184,0.8575028866501807,0.40827605363274055,0.10971838474215427
2.0546161381032926,4.8138011713337265,0.36974483899966226,0.2794277285819303,1.1127905474823645,0.21034349574030842,0.48416324256301135,0.12841473745269946,0.5988250832013305,0.8372080335730621,0.5852388132658697,0.6111052840534531,0.8702451299773726,0.5201947773659803,0.3960998691157953,0.17466486997427266,-0.7758120170036289,0.566866503175426,0.7043524336110338,0.5875227044087451,0.04577414296526042
2.378752129293655,5.0325284524474005,0.8733521048658999,0.2930004606083517,1.1178654012554359,0.23562795263018266,0.4747408382916113,0.139711670860564,0.6051757821361923,0.8548437692404418,0.5713427364608978,0.6026865741558408,0.7951040761059073,0.8797830627852291,0.40735744934055623,0.18247826516856133,-0.5228831856074284,0.5860783925572015,0.6774030890968518,0.5463219540236643,0.013535506073310647
2.8032049374460173,5.110050997388978,1.6295807520504562,0.32755948159121107,1.0765758410489097,0.28840577382967586,0.4962697041992933,0.10096419864386402,0.6646947037942019,0.8453693746458912,0.6090186296278117,0.5440642143174351,0.7298539516024537,0.7029614902696333,0.4119497387538329,0.19248974780456662,-0.7153807102109088,0.6072923823295333,0.6411758264921438,0.5202559417341186,-0.013206891730633562
4.39990891532965,5.4725947528915775,4.002697154348396,0.36138245521558965,1.0356337584608153,0.33621785986375086,0.5203362772438919,0.06269875669502388,0.7201538556899081,0.8338737891989931,0.6476346160349549,0.49151123620311743,0.6912360299010214,0.6270137372332538,0.41602814262006427,0.2509076752259126,-0.6062387630492868,0.6289433562214956,0.6704667740116161,0.44656361278948237,-0.0005775409184892739
4.157151391827914,5.414307358681648,3.3141250314440294,0.3674712551825164,1.02828744961515,0.35479910440131485,0.5082277215441324,0.06607046358574155,0.7375462561588257,0.8625549496385687,0.6454246079792105,0.4788580539120243,0.6588194190120255,0.5802639663209417,0.41947565867358527,0.29966671067314765,-0.5017749692545144,0.6474603748591055,0.6963762390323057,0.38267171670317324,0.008919324712786794
4.1101809814433885,5.3933831777157115,3.038922190196147,0.3582347092962157,1.0359893724302072,0.35977593600608193,0.47760264390557144,0.08717640902851889,0.7400713229248297,0.9063287704338432,0.6251477335933724,0.48028442647051717,0.6320852846214201,0.54322682684516,0.4225866978428287,0.3433719047401633,-0.40363661400449585,0.6634674243154479,0.7219620982209519,0.32370540925361885,0.01883311147977993
4.599973919344754,5.516513014466682,4.222444952133479,0.37739598535547025,1.0129051281253398,0.37620797847247334,0.507778498048779,0.05562959195990845,0.7632535927179822,0.8697560470869041,0.6559752700507497,0.4547757638540354,0.6050488541046845,0.4778755644408288,0.4247929852159907,0.3764505370379355,-0.35818247814574666,0.6765261429197856,0.7339676696346829,0.28716312381678927,0.024406240279976406
5.4814210035715565,5.820457147474954,5.696814579755925,0.39281261881400464,0.9950842311250154,0.3873911147505101,0.5335303686972587,0.030890967981846276,0.7788371525379562,0.8388503005499821,0.6802865990576885,0.4375513275840975,0.5720886926890008,0.40240402364470496,0.42580615000651667,0.3792233478930762,-0.3917720951442775,0.684432983632798,0.7179811675830041,0.3041222226357328,0.013741511729221795
5.807023210252616,5.866630714819395,6.324187954721139,0.3971282276253478,0.9884775146389071,0.3915198395867585,0.5387956717512141,0.025088902659157915,0.7840133972857652,0.834040340006375,0.6861423491006933,0.4326074798842223,0.5348612524968892,0.39767793160415343,0.4270900883085263,0.34325305220967184,-0.46803119735313037,0.690643005806649,0.6699132059448087,0.36898871854071225,-0.021253246119704163
5.033505998095648,5.619149914502041,5.235131596028776,0.40147172983030416,0.9832810123708884,0.3947191713782451,0.5459697861020618,0.01815535851117731,0.7884476383190504,0.8255274386182703,0.6929643873073423,0.4277591895253058,0.5138682735590632,0.3998232314261302,0.4295520240521487,0.345062524382722,-0.4693277527082543,0.7037472614910998,0.6518732869999349,0.36676563560379977,-0.03707790230826877
5.6106465867425666,5.782246947959694,6.117987053571457,0.3993506958852701,0.9826000286188978,0.39428885819225046,0.539799573479373,0.023251732913791113,0.7869305988964389,0.835272454315102,0.6881573434255981,0.43065306564671546,0.489358051926803,0.5064256147590569,0.4325063330849111,0.30511279030802185,-0.5097511048237711,0.7242481344688283,0.5951719690306977,0.40538576712819974,-0.08471897113306402
5.241202899141988,5.571418274589122,5.712850195454272,0.3927228395858503,0.9853348208574035,0.39153932893822374,0.524582410824062,0.03623888150810421,0.781796010715111,0.8564995650582605,0.6756244755070175,0.43806834770707836,0.46274121567418863,0.5577276458139863,0.4387661895444814,0.2142986279446544,-0.7814937313010363,0.7799242921369187,0.41808441617005454,0.5093040929798395,-0.21672393273373922
3.2656092235802805,4.729000129334214,3.1976348934292567,0.38986174607688134,0.9875810656769155,0.3906318358194314,0.5186415799639437,0.040838632754552226,0.7805124795432758,0.8633826566385272,0.6710278704958971,0.4396285199388148,0.46459690301864254,0.7274192917148633,0.44110213570202905,0.21052258775093963,-0.7953974465951913,0.8465472716796953,0.2215408785237468,0.47465813527378764,-0.3424286334703818
0.8183725387306336,3.7192247045845033,-0.35404499522361,0.3991912679877211,0.9816880302246591,0.3950278755175394,0.5385960638244226,0.023578366646832778,0.7878952756478338,0.8364585961499033,0.6877550284390761,0.4297126526262103,0.2899952681574711,-0.2536703212678304,0.7954324470820687,-0.12886554531663066,-1.7341471874244607,1.6525235352238323,-0.7658353262284164,-0.5342867355450632,-1.3271596993065014
0.9499478157686331,3.6600120951296806,-0.09299773181569049,0.4048881526028983,0.9780889586437616,0.39770662970050885,0.5507187134941887,0.013091391320558962,0.7923754509390326,0.8200890546730835,0.6979118684551218,0.4236828991674889,0.2053927088495825,-0.196978042545937,0.7346815226784869,-0.18026916750951494,-1.482940584458558,1.501803988315361,-0.5643078250905008,-0.5103921686945888,-1.1051862646449633
-1.0593141662567138,3.000374082623784,-2.8220654045283133,0.3909165264057667,0.9846492388912773,0.3909067011672958,0.5208132827208101,0.039744064525815304,0.7802489833081593,0.8619203132551756,0.6724100314141378,0.4409455226111576,0.8836020044651892,-0.09678261646268867,0.6253660272671204,-0.08625798933416862,-1.2921641570746034,1.2199292256185665,-0.4254526067711296,-0.5412790637838294,-0.8925966877369971
0.374440977850402,3.1610962932086966,-1.439078630005947,0.36412350349197947,1.0109217294846742,0.37917216435991996,0.4764580473397885,0.07775543374167893,0.7649002989067414,0.9137113174740348,0.6356534401858295,0.46005111841398805,0.42509259617686557,0.7715154518093124,0.0840071498905502,-0.811230364606955,-1.275687906945944,0.28030562869675996,-0.4726911384412734,-1.0082148982040624,-0.5254794852111871
-2.407681086857953,2.5908779985110604,-5.083845647551173,0.24682578143116835,1.1281987776372262,0.3173482545572029,0.34471219862519215,0.2047387085686962,0.6924076431660242,1.0385166636702237,0.5073899450698327,0.5370279079260687,1.1728824339736605,1.3788144855516942,1.2029845951438363,-0.15134978568970747,-0.7458982482541479,1.3358286227202159,-0.188637729942193,-1.213467305249695,-0.2059729245629306
3.3178391843484665,3.880560907924298,2.173677738701554,0.2984722082657837,1.0245240177414756,0.36285184846049157,0.4721200253523592,0.07870457794223105,0.762147211990868,0.9014287644265164,0.638628649463592,0.4641930113681486,0.9984410301901208,0.41291082097171816,1.0885341690730508,-0.21749597868465453,-1.6310272985375693,1.2365816436866768,0.12676553123040718,-1.2150166034949406,0.16595466191985217
4.4000318822577436,4.06903233527621,3.914929966438888,0.30084726968661574,1.0541168224072326,0.3607112372518151,0.4581849926638991,0.09166768195319404,0.7670361741667837,0.9153570361025942,0.6238401151295063,0.4495902101010121,0.9285151623999088,0.9065875642702964,0.996536046446311,-0.08097905250006149,-1.2209790304567585,1.1707170521659278,0.1745544906546645,-1.0519557202713445,0.1493505058318714
-2.2592221311321317,2.232679914153528,-4.745390958819254,0.32805135141669184,1.0428053910143564,0.36996995793117216,0.4794823069675066,0.07373083384199525,0.775351442353468,0.8915014923547593,0.6398332816033299,0.4383971586332528,0.9431335123884519,0.4010662538734359,0.9249763684128408,0.22733988654862994,-1.7500861828478578,1.1384108433314857,1.213754945103968,-0.13175540877791156,1.0530127825959426
-2.7860289555772053,1.3893161635918112,-5.8731941637152865,0.3031045033808291,1.0756948869425147,0.35899506338254733,0.4672554467595159,0.08254126818377928,0.7766882949871413,0.901056045003001,0.6320173818701567,0.4327768707026824,0.46372134592899594,-0.04335073245246164,0.7715185801511267,-0.48475118985470966,-1.5611311703505724,0.8226046841369684,1.2702027928114836,0.8739908442907885,0.9070435202685148
3.111631968277661,3.7530919212317104,1.7221280121966787,0.18534112189395446,1.2036146910076417,0.2648469414443091,0.3356513310214896,0.21781090298550085,0.6937137632566455,1.0334503330040758,0.4958991712047468,0.5068607525489076,1.4985822333380767,0.09763094746099786,0.8018489091046439,0.6693425299474118,-1.1681293383233928,0.9209676073739288,1.158708969035076,0.36065231671006365,1.135952501715058
-5.6406493671342925,0.8935422824418087,-9.648185508120333,0.1035107954345978,1.2211735851245362,0.18063356703934616,0.2791371986916707,0.20871502483796728,0.905755533529954,1.0564029787777838,0.49117377377881954,0.2824353494870834,1.3286446455360892,1.1876041794353995,0.5703183988318772,0.6092401487778467,-0.3555082956991983,0.3921114189425892,1.318689646151029,-0.5503770065266956,1.1646557568166314
-9.92491284155199,-0.1971229489003518,-15.53109033954408,0.059394993957723824,1.1403259243375612,0.2252266179709896,0.2573739853426484,0.11478175517560127,1.010546622935113,1.0087917660428865,0.5913027407998674,0.17001597875426527,1.1393224391940509,1.1293514593352507,-0.30155501203987006,0.45928642484018584,0.14447174285297473,-0.598854790116088,1.1672541096154134,-0.28123853988912156,1.1936170471074201
-1.5236285195347943,2.475797411521878,-5.085629428312649,0.20294960132798082,1.1749339783094068,0.2960716274071056,0.36283162272852354,0.16937640983133778,0.9146806174300968,1.001396350806048,0.5395843104005471,0.27631031936702,1.053971247768677,0.9934062974002641,-0.40740605230750465,0.5283241559944896,0.11216559442781383,-0.5839105057134599,0.8397439974771186,-0.4264405863402457,1.193540271388507
-6.697289856786858,0.5929123437294064,-11.30591848032672,0.26680431806935806,1.1240412156459851,0.3271475206045399,0.41550426901765314,0.11249655897651081,0.8952695681923691,0.9401136456177801,0.5968827700467476,0.30150878207551773,1.3055677081788684,0.6968195347048783,0.7242134664224491,1.191276441653042,-0.626600598967628,0.6635862436039839,1.7795523739979469,0.2251967270183539,0.45051309838606673
-10.048915376307844,0.009091476984059585,-16.227160494566927,0.2900729462254658,1.2024843930800022,0.2828293601969709,0.3832062077226065,0.20008359421784147,0.8640548525307647,1.0087644222853538,0.511341923307276,0.3294299666535413,1.1462780097763168,0.5609740822471017,0.615510788071045,1.0312417172270085,-0.8313070477740404,0.6119015932497204,1.54991081047622,0.8260806879067518,0.399682179578842
-4.4043846284041885,0.8564680900802819,-9.05364308033016,0.31091330763307684,1.1826548680368234,0.2372040931003542,0.3979293676860026,0.18997723999718283,0.7999651997706327,0.9779516119970213,0.5128608978411568,0.3856717422412448,0.9781540499127276,0.4460315396020572,0.5065546558459031,0.8319103103941858,-1.4237295050670207,0.5486104996501691,1.0897943567695396,1.2943476219270782,0.05327582237364829
2.866160026495498,3.646296219075282,2.329017251484749,0.29274744349783655,1.2353350024534158,0.13609743713990102,0.3608198710461601,0.2532336259679767,0.6282121087198662,0.999902517589593,0.4473232405867097,0.5493488633237559,0.8733304341230353,1.3609548849054953,0.49749789627574664,0.7317918726477441,-0.37278952165237894,0.5750105432630646,1.210877326791534,1.0054044966185487,0.30405661718976823
-3.304933059570667,1.6940796564629892,-5.763534740533164,0.3384465101863658,1.1194424281639812,0.11000013633726931,0.48100841289679963,0.13718450394005371,0.5829137246794234,0.8418216532610813,0.5684481205719417,0.5808099063510824,0.6613254410666314,1.111188717508343,0.4053040715834836,0.4279954266900405,-0.6125973248097729,0.5217264789691007,1.0822718041029231,0.920414333721111,0.33420496421860313
-2.1432379762055573,1.7606659613766311,-3.839806006846091,0.3775722535539212,1.0291427769343913,0.1389436591713598,0.5466475778673302,0.04056384215221831,0.6586616448571522,0.7751656529068288,0.666440770318796,0.5104754449202233,0.25313021815880243,0.8169985167965862,0.2666569481201556,-0.15290337370413049,-1.03278576204752,0.4267744972165272,0.899599656768775,0.939853515072451,0.20681909292724684
-1.9836697095975255,1.823145527458084,-3.9045458718557455,0.3802007475598971,1.0988495324258687,0.15506168101456153,0.5490260289317647,0.1360739711707991,0.5613211754274736,0.7690664092417037,0.583858284601154,0.623815618738509,1.1142340893092526,0.8666459779818688,0.41605225434951487,0.6176971627227554,-0.6673413274467179,0.5198386844844205,0.758004969191185,0.8773352081065563,0.386332709621477
-5.159069418404193,0.15345317529445396,-8.53016405263325,0.3979688078328203,1.0140107829411171,0.28550054426549387,0.5560777996576611,0.04421145534337958,0.7136819848120792,0.7946187982028734,0.6711033560176239,0.4936483992299836,0.981769074065586,0.6164638391960657,0.28565070640055046,0.5373767239885718,-0.9891532048608924,0.441613766084553,0.4859092735616788,0.9786945787980461,0.19238135434329712
-10.76841624836015,-1.0663900675295443,-16.064051633215843,0.39013808970397645,1.0383516558140222,0.292782864328564,0.5234839697900133,0.10086736190253626,0.6848671851287109,0.8558264311138252,0.6177640795965611,0.5209868697779891,0.9131821521868169,0.8791058686874849,0.41583327200780873,0.5479998346816831,-0.439746568774828,0.5291143584441592,0.8180231981341732,0.7098384349185962,0.34963706239120346
-5.896058065922337,-0.025013832031505825,-10.035720014176842,0.3922766744087587,1.0343199855807879,0.315377664860171,0.5310606681250812,0.0810108824545649,0.708870685596021,0.8429737146888425,0.6350113443488856,0.49661745512443123,0.6844659773868588,0.5744570464375838,0.24563751682160595,0.22532152138811468,-0.9221971313456998,0.35400684749459754,0.463024687638089,0.977139734721177,0.14921921565572607
-10.793964434255887,-1.199194454335745,-16.228142892807412,0.3805147897239016,1.0639660649325806,0.3041237170856663,0.49487439446082676,0.1263506123273509,0.6856293728352322,0.8973869972301407,0.5899593717401848,0.5175277843958405,0.720661272519414,0.931580221981328,0.42859708496131205,0.33503049969738075,-0.3458643717255162,0.4732684088135653,0.872744203683378,0.6838265758615995,0.32858106158518346
-6.637926137309585,-0.31409933970190357,-10.866229919184946,0.38925573469498354,1.036721398073032,0.3335188681523319,0.5203361010880989,0.08022974642267328,0.7245872541186905,0.8590444185857073,0.6336431911105047,0.4816715259211496,0.3574656465048759,0.6621037141985677,0.2398177055823238,-0.2133539280703563,-0.6877907034922448,0.30437918314290996,0.7028966133694456,0.7895617616179016,0.17870304617530774
-10.717782657353196,-1.2172899139224662,-16.013596740113037,0.3797960272846157,1.0565681529965703,0.3258631315416962,0.4901515174911664,0.11183163153119972,0.7123313284655671,0.9029231748449023,0.6024657885695425,0.49380521095198826,0.9675177080981731,0.7694507482498324,0.4570697946490941,0.33767616093989417,-0.41730777540365127,0.4389789885584463,0.6339687320959432,0.7379517766249505,0.1988773276696617
2.3835155004873685,2.0252455460609053,1.2346049863562405,0.38953788822854135,1.0297681448840854,0.3510079393063065,0.5166137644036815,0.07091742206208819,0.743692228719413,0.8649762351101259,0.6418871100684069,0.46524393854253865,0.7328128676124238,0.4422887075299669,0.30735814588292554,0.07126773423331854,-0.8938722819946835,0.3293695952149429,0.20260403846056585,1.0170407671846478,-0.15728337227602715
-5.120285749491562,0.1478900156441308,-8.532154527853066,0.3843220825788476,1.0405806096317751,0.34833887773703287,0.5026271825381703,0.08306836482728445,0.7421933761125914,0.8854081947818113,0.6305979753329634,0.46752805288319577,0.8761871157198964,1.1294156298791374,-0.040926250760166094,0.4870767395092148,0.08434531698285934,0.09265165395741076,1.3256399010270437,0.7143636012412178,0.9355188906041849
-8.990468046926026,-0.9416079888385931,-13.63302217822762,0.4023156400837712,0.9968219602311956,0.38152565684461254,0.54741182733886,0.02592454569363615,0.7782591518484717,0.8246414669462212,0.6860069891265631,0.43453928206760906,0.6835109381347373,0.968546090780089,1.1165531901591124,0.27707555512608933,0.033706110942863944,0.34823197553317037,1.2638328470620097,0.6515283893141379,0.7882717066258665
-10.223427124324193,-1.3615250317250909,-15.565835611056512,0.3986945499275587,1.000643233008899,0.3791830758635084,0.5352119515687386,0.03795394208411062,0.7753637363734048,0.8449483917302375,0.6750544626682586,0.43839726201221985,0.347952068515899,0.8090142590638475,1.0055446429521568,-0.199574315648884,-0.052367295472737024,0.25921296083273937,1.22143871533037,0.58907732546446,0.6433785794523602
-13.509521357971959,-1.8296351509797595,-20.132752233612624,0.3618753709701459,1.0541105724045212,0.3303936206732231,0.44298532890592757,0.13667630371380426,0.7203080429506115,0.9610241780185806,0.5792205897177028,0.49375090694421797,1.124326988354607,0.6447583518306793,0.9004851922998871,-0.6474138043272069,-0.205035973196999,0.06792036353019575,1.2375504011391198,0.4805732290989886,0.42172304242226744
-0.006837392139447673,1.4922867162015843,-1.9033879961800153,0.375420758407218,1.0335889188660263,0.34964319101678343,0.4878912266705028,0.08475650050230306,0.7478519953714686,0.8967368912162905,0.6285041280635031,0.4648286369018837,0.36720914904886987,0.4486833915381621,0.8001183582863003,-1.3734221210536206,-0.4149483560253103,-0.16377403686569858,1.2218555494946217,0.5505522226996735,0.16926104620789328
-9.695080096550814,-1.067345381314118,-14.945024363696218,0.39148613689361234,1.0082740054088513,0.3723091878885738,0.5296685389209922,0.03915931352720987,0.7739576688103734,0.844555625243227,0.673405949753215,0.43969160307554084,1.3879151578065851,1.0332971972030092,0.8278836304622065,-0.13685953098425846,0.48680129518131515,0.5795500368402484,0.4558879025346383,1.5047137717806869,1.182985729517288
-10.836533459310164,-1.1890052207317026,-16.651641237885585,0.3809958148173599,1.0315303580460031,0.35857573626524436,0.5039795776269441,0.0673161413229862,0.758539014858078,0.8769348598931983,0.6465630327228502,0.4552248590620681,1.2323073122422428,0.8604173304505878,0.7412361045830427,-0.07092435156742696,0.3516927964512384,0.3561788456523194,0.5291135059522083,1.2830411569209614,1.0252000214772867
-12.299186828853081,-1.4964398154862342,-18.694497261162283,0.3700305599324345,1.057984377058984,0.34397474053519794,0.48491841926337664,0.08698035472299097,0.7461271329446524,0.8954028559047535,0.6269068871948507,0.4659651829535688,1.0839251602970266,0.6726939011598977,0.6435103669730551,-0.04046112946043928,0.1778568381489871,0.0007284878942230982,0.5758111818857402,1.0917079118932111,0.8937976737905088
-10.12506568843333,-1.1699026243104407,-15.89837251701676,0.36401526606105483,1.0721005542545154,0.33562881139466055,0.47862439089425046,0.09240354544400368,0.7407453580907382,0.8973581872559857,0.6206732415440845,0.46945687567152417,0.9308020442655071,0.4392433749676238,0.5060314809777798,-0.059255349624225795,-0.08215866684498407,-0.5658628562553992,0.5523694173503951,0.9207901129038824,0.8057582128319623
-11.099084072543985,-1.2697264232588572,-16.904570984189327,0.3235233672787322,1.1437473011182702,0.2834540976720216,0.40887963795636356,0.1636170097996551,0.6864990571173698,0.9671854302857783,0.5484943730468217,0.5184833266095413,0.8369186281456675,0.5178965607164077,0.620388619330133,-0.024375912958851803,-0.1102786975633604,-0.38711635311363085,0.5718764534757188,0.7741831230613384,0.7173590502613784
-6.725078681477758,-0.44328369775816817,-11.224806004753086,0.3384579687126071,1.1030222459715233,0.30088896380202607,0.4492949282908397,0.11698392186551956,0.7103200875389127,0.9134745618508677,0.5922041724635474,0.49254600113901614,0.7205204579300392,0.36484963509309276,0.518583835039468,-0.04695007595135439,-0.2764492097127598,-0.7047167986149083,0.5072602922381618,0.6694995876928636,0.6648915722309586
-10.014910682635644,-0.9931778822464188,-14.999913766789483,0.30539413556026657,1.1539272208797313,0.2570477981103487,0.40596783970305583,0.16207913363566917,0.6658189499627929,0.9537423983339486,0.5459096612230737,0.5319356881502768,0.7052536948320509,0.6437321483515308,0.7012310940548205,0.04596344483402713,-0.09279148064578838,-0.18003641634064277,0.6667103435533379,0.5205716296294809,0.5626190197050996
