11.312688921533114,-3.501248813228598,-2.9737431875892266,0.025667539707416823,1.9692762498855305,0.11280164113678852,-1.0675485994946758,-0.00590830166823095,-0.4369572693022887,-0.9281336401298776,1.4247007969298087,-0.754461002113668,-0.00406338907016704,-0.11672930681388906,-0.00030648983095415326,0.0880656581742189,-0.988694806555032,-0.10556968799339941,-0.05479019755095605,-0.042467379696919015,-0.06858676827162664
11.951822072489337,-3.5612608817455054,-2.6273741321460697,0.02667123917839688,1.9695214434108912,0.11181970200555476,-1.0668760698200885,-0.005624574443624717,-0.43737326728232734,-0.9292674861126478,1.4244179927330949,-0.7533833420054988,-0.003993081121906666,-0.11685059924284817,-0.00026747447819739755,0.08814950295624055,-0.9886277577535358,-0.10554731571881404,-0.05472775365669269,-0.042529454701537406,-0.06856031998229475
11.703736753037624,-3.5446145540015226,-2.453507622168413,0.027507986426981684,1.9709249806306275,0.11097473798976912,-1.0662765058211843,-0.004161010010053285,-0.43762235512968767,-0.9301793804673036,1.4229556081679082,-0.7525601681346051,-0.003964707101467549,-0.1169447274720124,-0.0002599303405280407,0.08819887644991864,-0.9886080653071952,-0.10555141354476309,-0.05470907747000027,-0.04254793593659062,-0.06856012837562156
11.625312285732027,-3.9424901054213524,-3.3137878470916893,0.02812609627157741,1.9730563759896176,0.11020646945945631,-1.065693765268784,-0.0019875119441831865,-0.4377952541731002,-0.9308918085428795,1.4207825130150067,-0.7519741226868275,-0.003924537213838474,-0.11703805680251234,-0.0002456659571688492,0.0882523319408072,-0.9885711523859907,-0.10555105844739189,-0.054677363506791976,-0.042579288439974994,-0.06855610377373603
10.754057071286898,-3.7104122388274,-4.268751579501172,0.029975164666191906,1.9710318199532284,0.10821425513466909,-1.0631809858360262,-0.003996329430633887,-0.4407194718521984,-0.9320077740574121,1.4227948006013478,-0.7507527945971996,-0.0039628223038160855,-0.11732787731807852,-0.00024248976474397396,0.08834550867922733,-0.9887418461266403,-0.10555145720474264,-0.05475041921823787,-0.04250741377366733,-0.06855827935437234
10.740017060652088,-3.950538073549898,-4.58688250383749,0.030842000116866514,1.970166374006016,0.10663379270903878,-1.0635668824130808,-0.004835481244951643,-0.4417822813046061,-0.9337575070065351,1.4236347215159717,-0.7489943762016269,-0.003762519835658399,-0.11751473633034422,-0.00011829931563058611,0.08854836909898106,-0.9885599862213785,-0.10547421131732655,-0.054562131287608465,-0.042694692607456626,-0.06848612235700906
11.013626685016717,-3.922408666420997,-4.335909166660803,0.031087078186956524,1.972158715401902,0.10649639083569133,-1.063852399871604,-0.002812808748726677,-0.44107890600786387,-0.9342031771151349,1.4216141874816144,-0.7486848929926235,-0.003835402212678223,-0.11748568828329699,-0.00016845768119949097,0.08852592436539042,-0.9886324609371628,-0.10551866892100091,-0.05464866289514346,-0.04260911217125073,-0.06852366221213951
10.80291523218317,-3.769288707023651,-4.534910753159486,0.03217516696875282,1.971612056496443,0.10553107847070739,-1.0625686109170744,-0.003344341729866888,-0.4423295566544001,-0.9347833711050392,1.4221474095476418,-0.7480779468361873,-0.003998336425038918,-0.11759009693582734,-0.00023333560492245776,0.08849275667273825,-0.9888701359413383,-0.10556450088040642,-0.05483587268703573,-0.04242418810182428,-0.06856414287246698
10.98965442581134,-4.020138253073047,-5.136513395674332,0.03239156999436443,1.9723338817160438,0.10568978593984225,-1.0614551261095944,-0.0026072019056020456,-0.44295739433049514,-0.9340884074418925,1.4214113517289744,-0.7488090411764742,-0.004338080709753989,-0.11754805977694435,-0.00043216277424337827,0.08828053803129447,-0.9892499931631354,-0.10569528340082317,-0.05519427858131542,-0.042067187766167954,-0.06868556577161304
10.689240470983906,-3.632528664776791,-5.000434366997867,0.03220252860972958,1.972762065174934,0.10556926119227426,-1.06215394261542,-0.002164594215411859,-0.44306625502961455,-0.9342319858684521,1.4209698078376343,-0.7486952321334966,-0.004422374175775383,-0.11753618939452229,-0.0005078138453813056,0.08826465388291069,-0.989365311449432,-0.10573945674362623,-0.05530509432991317,-0.04195569344153579,-0.06874804278658897
10.137257805521422,-3.090234158519872,-4.171417622394939,0.031567515569330615,1.9737120674145803,0.10571158576089422,-1.0639378641902082,-0.0012024875621892922,-0.4421479564607465,-0.9346468220993606,1.4200082322235845,-0.7483476040856648,-0.004297875077979455,-0.11746455061970212,-0.00033942671272475355,0.08832732356405289,-0.989184641100176,-0.10555170154977843,-0.05515756428253095,-0.04210735423921125,-0.06853242487781007
9.560414186683591,-2.6587919783461795,-3.9166972086894667,0.03123537170607848,1.9760353210896882,0.10709757855840821,-1.0631748252185667,0.0011182091117766428,-0.4409183011331149,-0.9331586755909917,1.41768623668059,-0.7499626481715098,-0.004660978298538629,-0.11722771584098153,-0.0006698199352064872,0.08800877148296125,-0.9895488560176096,-0.10584352440708153,-0.0555377196364029,-0.04172486831773271,-0.06881732544040227
9.732859947718318,-2.8034716212369766,-4.344259495008385,0.030578637394546578,1.9766544913650086,0.10767069500854741,-1.064105427661121,0.0017355121320252575,-0.440249996818239,-0.9327753396478603,1.4170692675330936,-0.7503780170700879,-0.00467077577037068,-0.11712132619583808,-0.0007179439549282351,0.087943653535737,-0.9895276039077948,-0.10593124883297092,-0.055536458013095466,-0.04172599958127812,-0.06889219312914338
8.404900058234468,-1.4298459875502634,-1.8974801923140765,0.03092697853222448,1.9772292270314504,0.10767741074577108,-1.0633908421590312,0.002309025245359712,-0.4403324891632778,-0.9325619123944929,1.4164960364392676,-0.7506244831578291,-0.004748371787727198,-0.11711948663775672,-0.0008733930302900825,0.08789735750688371,-0.9896270070410897,-0.10609913125337529,-0.05563096403231189,-0.04162853948195188,-0.06913045855099498
7.672013289913511,-1.3109155924633673,-1.6208588785661808,0.03122167367449215,1.9772261530002178,0.10752277872395902,-1.0631050943637372,0.0023037853006986366,-0.44056583133059696,-0.9326139418558989,1.4165034520174316,-0.7505727931993373,-0.0047639850486198235,-0.11713806409061545,-0.0009132098878810316,0.08789251674812253,-0.9896505626997223,-0.10611056794456132,-0.05565094049207211,-0.04160790556562801,-0.06919434162705801
7.756661974214797,-1.7275678795290115,-1.85166872767498,0.03155560164249138,1.9774445889358327,0.10714402667838255,-1.0631397087372316,0.0025265268946895194,-0.4406119250908318,-0.9330776673518627,1.4162819433327074,-0.7501350888028044,-0.004716489128558906,-0.11716870218578716,-0.0007778994139134832,0.08793799434003591,-0.9895899834423902,-0.10586916792731843,-0.05559589413409992,-0.04166624585562969,-0.06892318060912439
8.560858860019652,-2.337502369500454,-2.6214616511689117,0.032446381201710325,1.9761587273661612,0.10549889365070218,-1.0642660479900996,0.001255194323958142,-0.4412391520727761,-0.9351960013352658,1.4175594698661593,-0.7479898034443722,-0.004503531946703202,-0.11733405657168625,-0.00035411941957547193,0.08817651207023292,-0.9893576304324276,-0.10534505081411905,-0.055365629088809085,-0.04190620931278423,-0.06837000494189431
7.9743837397883,-2.0362192546669533,-2.408480287731181,0.033044329209043065,1.9759498587096072,0.10481615387596617,-1.0643873846782617,0.0010532613648626364,-0.44152980892509014,-0.9359715574899795,1.4177636918622751,-0.7472171516090937,-0.004484194793522973,-0.11739439844368876,-0.00035479532104387473,0.08823213346063913,-0.9893534714367079,-0.10537035738198237,-0.05535512263941812,-0.04191660345119671,-0.06839535615692109
8.227567697168011,-2.529789862340184,-3.819868416010778,0.03304806776476298,1.9766892445772792,0.10515831335328044,-1.0642495518190866,0.0017928320934154835,-0.4410863399697484,-0.9356589117216216,1.4170241082915176,-0.7475706543892872,-0.004621916951281181,-0.11732030554565455,-0.00047156460562348365,0.08813601690213795,-0.989509174931356,-0.105476048089219,-0.05551245943741973,-0.04175761266563002,-0.06849121964643366
7.83929016339884,-2.7631136134928393,-4.611433621838852,0.03276823214954748,1.9760452339156243,0.10477223136971713,-1.0655512133676797,0.0011493096724727694,-0.4411787363243843,-0.9362552086211582,1.4176713911249474,-0.7469445641571465,-0.004463520668583007,-0.11736349427638558,-0.00033917031129161214,0.0882556001508152,-0.9893232433588154,-0.1053819485003783,-0.055334467866490614,-0.04193843573050805,-0.06839816448982203
8.411620560423806,-3.227306051589222,-4.857766276018614,0.03310192513935159,1.9756750069035325,0.10420580819579517,-1.0657052855887175,0.0007886702235618615,-0.4417357086423133,-0.9367427365859473,1.4180345418665397,-0.7464425855003067,-0.004499127715085304,-0.11743810227556568,-0.00037294846485503636,0.08829197288159193,-0.9893981862149286,-0.1054235051826274,-0.05539257429133934,-0.04187968185162772,-0.06844034087607703
8.225978956922324,-3.1393552933406252,-4.8587464758053756,0.03226186673475277,1.9777282794587194,0.1054645938733169,-1.065865512254994,0.002848775579018393,-0.4405512918595355,-0.9355667752277947,1.4159716898355468,-0.7477295740106126,-0.004697284496058627,-0.11722097729529594,-0.0005593373163598687,0.08807601490914095,-0.9895863881386557,-0.10558606704450232,-0.05559954624753445,-0.04167029634844704,-0.06858419105473057
8.05729462123776,-2.7755034687079445,-4.799407049557134,0.03140123880416886,1.9786008680116631,0.10616636763711046,-1.0667098899913996,0.0037195121386752114,-0.4398126870625888,-0.9349885923580943,1.4150999582815798,-0.7483510981122476,-0.004708492191394281,-0.11708459731383354,-0.0006198642161308671,0.08799018732120117,-0.9895630415690331,-0.10567387500393502,-0.05559843218988482,-0.041670560244348245,-0.06865653320276663
8.084844257223548,-2.4592994664234307,-4.520934716223369,0.03142779548104836,1.9776665966502192,0.1060307920946488,-1.0661703929281179,0.002776747947678612,-0.4408988870974478,-0.9345861381195324,1.4160484472249868,-0.7486796564459129,-0.004799938622552644,-0.11713282384170588,-0.0007648234131300297,0.0879130643409385,-0.9896958879602111,-0.10581993250652233,-0.05570385698932437,-0.041562062713913134,-0.06881622559943014
7.970061279773416,-2.4895364810611142,-4.414368342372687,0.031069499705263445,1.978239519936464,0.10644814890214158,-1.0662072129220197,0.0033479665862780465,-0.4406925343941404,-0.934058446762892,1.4154772570475693,-0.7492315348944574,-0.004838139048184286,-0.11705824331215947,-0.0008716502222220325,0.08782784923804564,-0.9897200102430714,-0.10596899311693461,-0.055736095112763576,-0.041527573266874514,-0.0689630687283121
7.839668908224143,-2.4543287646284573,-3.7742912373340203,0.030558296751079145,1.9795169299057311,0.10738600140968439,-1.0657225908685481,0.004623937310775402,-0.4402987963436285,-0.9328335920026964,1.4141987136283578,-0.750507137653035,-0.004993626291831606,-0.11693401768976139,-0.0012212180476184593,0.08764305130113738,-0.9898878650214347,-0.10639903119859172,-0.05590399030810604,-0.04135117073568065,-0.06943251022358811
8.067470164893697,-2.6483743512225577,-3.440084661455641,0.029035349899754006,1.9831129150215803,0.1093559742120544,-1.0664091401935256,0.008226476015460426,-0.4379507424308169,-0.9311152470613915,1.410585648015833,-0.7524251544035939,-0.0050675251596716845,-0.11670697548011268,-0.0015193883518711158,0.08745451344699731,-0.9899107718637865,-0.10689337424450254,-0.0559597139286952,-0.04128609213389754,-0.06991999427209622
8.575587827963059,-3.141751007204748,-2.1587143773702024,0.02865527809212133,1.9882856601682326,0.1126181807359197,-1.0619432840006053,0.013402646380879735,-0.43644674986400145,-0.9266406860806234,1.4053947789419328,-0.75705049258279,-0.005369822734042405,-0.11658798389551621,-0.002195067599816066,0.08721973736332796,-0.9903135807032473,-0.10757356708117155,-0.05632487633145984,-0.04088739105850864,-0.07064862281239827
8.791614331181822,-3.059119047714606,-2.0494907358988086,0.028707443685976893,1.9904962105886985,0.11337459887363965,-1.059763923443878,0.015624410696702453,-0.43690222350754976,-0.9249406721615835,1.403161471052298,-0.7588110965186219,-0.005411688593658602,-0.11659711741951807,-0.0023976382470300667,0.08716986849956843,-0.9903890898628419,-0.10781455400376339,-0.05637574382012295,-0.04081528005464638,-0.07096368609702466
8.746128960640295,-3.052443883799066,-2.437443713553644,0.026563651774534323,1.991444364276411,0.1127478564606532,-1.064310730686172,0.016599673030106107,-0.43402559751284303,-0.9275497904101274,1.402180600002723,-0.7564422600073604,-0.004953113377299683,-0.1166374343166481,-0.0014821080641122212,0.0873740256275619,-0.9897031702821072,-0.10693278096741951,-0.0557813147633342,-0.041484973958764604,-0.06995421225941394
9.081599065448327,-3.1418051747387286,-3.3473538049767395,0.027344050026882033,1.9908654605369327,0.11087822164887644,-1.0651474059817623,0.0160436997161384,-0.43449625086012045,-0.9297270618146405,1.4027425881842879,-0.754344558307614,-0.004577675708123647,-0.11685161839778259,-0.0010455189566155266,0.08768385803588355,-0.9893059723659696,-0.1064318630102376,-0.05537759687236865,-0.0418850318708386,-0.06959913237298694
9.296652610142843,-3.1196599330754755,-2.9726221011229845,0.02785104120519243,1.9917754196763158,0.11018368431954725,-1.0641821550769575,0.016971841685683893,-0.4355335966540061,-0.9298050988323232,1.4018091756375142,-0.7543401600049435,-0.0045320089051424355,-0.11693600160514034,-0.000983154175410198,0.08771747488235777,-0.9892652067070723,-0.10635840346130844,-0.05532876233512248,-0.04193038418092116,-0.06952044258765328
9.831939613674885,-3.206969946048894,-2.4737018962033797,0.02811892686940277,1.9931993579853706,0.11030568913280112,-1.0626870061825069,0.01840775220364747,-0.436265092737286,-0.9289554929557591,1.4003637908746058,-0.7552555532281283,-0.004602938615709131,-0.11694081239452546,-0.0010034300105762643,0.08765052701737627,-0.9893270870650125,-0.10636886908725939,-0.055391709440484334,-0.04187136512101108,-0.06948702462121766
9.075593088028318,-3.632275811652981,-1.8435506111403184,0.02589214130560229,1.9980309309717643,0.11328591367089541,-1.0627723046425597,0.023241456391376855,-0.4323956721343812,-0.9266054557338924,1.3955044959193352,-0.7578845458902989,-0.004703251769545894,-0.11677621146782649,-0.001051829768779743,0.08751903597139031,-0.9893923041219493,-0.10641925189393531,-0.05547896107059043,-0.04178891474497352,-0.0694723609219393
9.206612098444827,-3.765508896772538,-1.9479344360410429,0.022838863142874016,2.002849989501405,0.1166571869912638,-1.0627841983747746,0.028058008836028006,-0.4288446560422196,-0.9233259150065233,1.3906621409989335,-0.7613779941122687,-0.004876881361500634,-0.11658889281923637,-0.001155138924158809,0.087320827269468,-0.98952822203379,-0.10653111457763574,-0.055639859506021745,-0.04163654707334179,-0.0694916565014844
9.046724265621961,-3.340334961918119,-1.8638852629624125,0.02157314330931023,2.00454672700349,0.1174414175345629,-1.0621183224819792,0.029758037129638606,-0.42913550204427015,-0.9216916003270001,1.388949230937758,-0.7630383975197773,-0.004975680270620364,-0.1165840745137464,-0.0012100147660704785,0.08724281104652203,-0.9896298140777562,-0.10658207089945679,-0.05574166977908506,-0.041539174271473696,-0.06949230849623453
8.595208176002657,-2.8294415447374353,-2.70803429179074,0.021855278049969472,2.0043801838084754,0.11658561501895476,-1.0626374052098577,0.029597437605158296,-0.429463450568219,-0.9226860493795078,1.3891128049774901,-0.762122136782335,-0.004776611399842659,-0.11670456488058222,-0.0010357123644678201,0.08739959599329108,-0.9894265905133672,-0.10639398041395437,-0.05552625081143254,-0.04174538765502988,-0.06936175267931591
8.567415255047376,-2.953132060182079,-2.9695767891073217,0.021618772101959813,2.004751954149431,0.116234285471454,-1.0622585514881167,0.029972712156516892,-0.43037165390227594,-0.9224464790458758,1.388735426716605,-0.7623804702006045,-0.004791164825281633,-0.11677315745561863,-0.0010278211662950515,0.08739873102469091,-0.989449353016493,-0.10637627038225751,-0.05554129070156894,-0.041730961658348074,-0.06933149927835881
8.99013368322859,-3.1052777670387357,-3.4425385721780173,0.023966697485443483,2.002509094536962,0.11354212891493234,-1.0616726447983142,0.027740349230249286,-0.4332695709384807,-0.9247149914758117,1.3909895576712257,-0.7601016646956575,-0.004427055940460177,-0.11713359654321016,-0.00076100360393769,0.08776394531179918,-0.9891301461807148,-0.10608543576293451,-0.05518094555845102,-0.042072859069927235,-0.06916665980940535
9.194974929168803,-3.218342424305286,-2.9753237883764956,0.02334141718102318,2.0035145701879875,0.11391893451306792,-1.0604476190658174,0.028746397941796367,-0.43417207792459045,-0.9233458714244147,1.3899775697978114,-0.7614559252473205,-0.0046272151455688994,-0.11708956888454372,-0.0008515995023434978,0.08759251259055514,-0.9893095650191507,-0.1061587992817835,-0.05536685876620886,-0.04190042362552092,-0.06918188677040848
9.393960627566589,-2.9345919821022832,-2.2419474696103334,0.022394284170466214,2.004860025627121,0.11453166080933663,-1.0596789723371225,0.030091715714883283,-0.4344341432667979,-0.9220027836276496,1.3886231238918427,-0.7628147666335168,-0.004761452349509334,-0.11703499013595225,-0.0009178670461317669,0.08747161529436742,-0.9894332873394882,-0.10621649134247825,-0.055497393620823135,-0.04177770173759463,-0.06919255129151336
9.04217186835863,-2.509552204684266,-2.220020038481349,0.022284029618368468,2.004865559646554,0.11412766636565504,-1.0588391996778481,0.030096685049954122,-0.4359697777883922,-0.9214854357514226,1.3886196090575234,-0.7632889350948472,-0.004826686035012958,-0.11708044132492795,-0.0009474557004937985,0.08743538915258807,-0.9895100061124115,-0.10623683397520196,-0.05556767817787214,-0.04171096644597127,-0.06918955062964485
9.292276055594382,-2.334018697706209,-2.0334420260812465,0.021894358955769147,2.0048625703693865,0.11383201514131067,-1.0581448378084364,0.030091127656799586,-0.4374891705937041,-0.9208226826674729,1.3886267321539407,-0.7638938170224738,-0.0048987292755213446,-0.11711080375666053,-0.0009835048024411741,0.08738524170964462,-0.9895917766270665,-0.10626629169710536,-0.05564437492046384,-0.041637837246132785,-0.06919197964557838
9.277019581921344,-1.826642371033379,-1.3909200594329958,0.021979838860477982,2.00462737836244,0.11343845067479463,-1.0575730829546717,0.02985274217569832,-0.4386732238277462,-0.9205823394204898,1.388868741789553,-0.7640920439331974,-0.004911740179384243,-0.11713963418187345,-0.0009855815895440006,0.08739011030655129,-0.9896146606313715,-0.10626176935113633,-0.055662710408141525,-0.04161982234574128,-0.06917928752777774
8.923145905113628,-1.5679323466514725,-1.2485134961671474,0.021368324162310066,2.0050211630595065,0.11387717186592579,-1.0571077732373397,0.030239154029321817,-0.4391002323067778,-0.9196144735880157,1.388480564547243,-0.7650104335141777,-0.00500479165775332,-0.11710095901640369,-0.0010400026985135447,0.08731987971966147,-0.9897136452609925,-0.10631141010028214,-0.05576435940444832,-0.04152249919893363,-0.06919474319762446
8.703799838546963,-1.3682498203787776,-1.3158339820245908,0.020727246433571763,2.0052469209071297,0.11417604340884592,-1.0569259340243864,0.03045692129298587,-0.4394664387267506,-0.9188954220540583,1.3882624116896094,-0.7656854425102775,-0.005075823005156636,-0.11706808597820025,-0.0010844486988678998,0.0872611040275704,-0.9897908059480197,-0.10635479602878227,-0.05584318173644397,-0.041446155423357875,-0.06920809275884864
8.937475398415192,-0.9644762943458359,-0.447732422591819,0.020381444553140428,2.005210581258693,0.11427447984104368,-1.0566389655011752,0.030412661450024227,-0.4400641452734834,-0.9183553756666545,1.3883085978835465,-0.7661725552078078,-0.0050744357052527065,-0.11706606499371237,-0.0010818225620987665,0.08727189378899873,-0.9897951019822392,-0.10634839656866256,-0.055846744514987855,-0.0414418720759018,-0.06919736512234971
8.757407730197494,-0.5133876785676272,1.0047839515325085,0.02003772659755765,2.0054524834789307,0.11458070527482198,-1.056374990052071,0.030646405755214084,-0.4401635715947318,-0.9177960262262862,1.388074266246381,-0.7667029716727854,-0.004863353391048591,-0.11714076355710064,-0.0009324643641819099,0.08745294008912102,-0.9895729621574518,-0.10619190601431114,-0.05561944736609789,-0.041660226884025965,-0.06910508704492285
8.576709425648033,-0.1583600064764453,1.133409196647766,0.02011963698924106,2.00546500953697,0.11459215276286035,-1.0561776211554192,0.030651897700097706,-0.44024636624292895,-0.9176878067077969,1.3880701953068286,-0.7668038365895943,-0.004684086781072395,-0.11721538453551852,-0.0008221975794383119,0.08761161754695661,-0.9893988651152877,-0.10608106919557214,-0.055437011772071505,-0.04183281695404748,-0.06904245312009683
8.868983506864586,-0.07154010896421342,1.4439489445817766,0.020268759768379874,2.0054108290545813,0.11454559762365875,-1.0559876118636553,0.03059086081540246,-0.44036825665493673,-0.917648088860453,1.388133246353458,-0.7668365167866407,-0.004457647752506403,-0.11729379786218085,-0.0006991245120657637,0.08781062288723598,-0.9891872059346801,-0.105964724961138,-0.05521619022249155,-0.04203978361313325,-0.06898055390082315
8.743479799996068,0.2781652080398659,2.3034281286172553,0.020791979679958248,2.00506890650222,0.11421774105395475,-1.0558841763805065,0.030242873372185772,-0.4405412844910556,-0.9180166096296508,1.3884858410512602,-0.7664736035499259,-0.004023290594339636,-0.117503596138977,-0.00048413835206199176,0.08820491624935449,-0.9888050794980606,-0.10577795746671378,-0.05481216138683706,-0.04241813828550034,-0.06889085190029147
8.663147743310533,-0.056464850130598786,1.1326503208037526,0.020951737706968537,2.0050004412279465,0.11416330357090787,-1.0557262849411044,0.030167704837237987,-0.4406391809639482,-0.9180092771860093,1.3885631313101874,-0.7664756933153938,-0.003967239725081034,-0.11756723803104493,-0.00047057283459210077,0.08828224378652774,-0.9887789872095523,-0.1057693318586112,-0.05477876106990002,-0.04244699315829528,-0.06888411521300838
8.386537924371279,0.18654617266339446,0.5851970837081871,0.021385710572894352,2.0046871882049873,0.11386358336026339,-1.05548697130845,0.02984839607444981,-0.4409844573657425,-0.9182134080722802,1.3888866953130075,-0.7662636108440226,-0.003971967991355356,-0.11759287341037841,-0.0004786952186635087,0.08829208370996929,-0.9887976643679277,-0.1057767260023566,-0.0547937403569382,-0.04243159620423645,-0.06888382774903692
8.016079303031773,0.02170974347848336,-0.31693799765157904,0.02172765330600336,2.004555105412487,0.1136913613276715,-1.0551949930900937,0.02971017897116458,-0.44119804058111767,-0.918285595457385,1.389027547266552,-0.7661878296518752,-0.004042232841151603,-0.11753473043180745,-0.000509970158355532,0.08822804683507823,-0.9888573207172702,-0.1058006808860161,-0.05485926619814019,-0.04237006817074064,-0.06889005144860667
7.898128832348982,-0.17908695193031676,-1.5440192910455468,0.02203078553705234,2.0044401307533564,0.11355011671635915,-1.0549640125211044,0.029589124462243103,-0.44135267564310865,-0.9183602354977107,1.3891510718690243,-0.7661114295733191,-0.004197710352678703,-0.11737524177711231,-0.000575642777332993,0.08805657673060253,-0.9889736715460625,-0.10585162761225883,-0.05499084319833069,-0.04224778091734179,-0.06890669913615678
8.080891266867182,-0.10988451646058026,0.34476127088402986,0.022204882664230974,2.004358924927917,0.11348166445652351,-1.0547961222677906,0.029501509061241386,-0.44147240253914466,-0.9183605843299846,1.3892408647106758,-0.76610531341658,-0.004211011635958111,-0.11736123673210366,-0.0005828685985025952,0.08805270498364967,-0.9889889135697457,-0.10585675462605756,-0.055007859567379414,-0.042231274213877276,-0.0689059908411727
8.118581903085879,-0.038091450633451256,0.48343373491987696,0.022415878910527626,2.0042641034365642,0.11339060341054481,-1.0546283040176148,0.029400434391766674,-0.4415866031307378,-0.9183962733491047,1.389344213968282,-0.7660659535555752,-0.00420941563266231,-0.11737194535830515,-0.000583057234569028,0.0880651527804075,-0.9889934211230536,-0.10585603187754465,-0.055011672366906135,-0.042227123207019136,-0.06890317609015117
7.895241142437489,-0.1475358633812164,-0.4979499176653228,0.022608358950706856,2.0041773553534594,0.11331317227322305,-1.0544657244306672,0.029307439279124638,-0.44169381642124683,-0.918417755494016,1.3894394023850782,-0.7660401758358564,-0.004264532361015828,-0.11732958523737569,-0.000607955629284719,0.08801647618108396,-0.9890407334176278,-0.10587547978215357,-0.055063490269771344,-0.04217846359227689,-0.0689087767077058
7.892492569100891,-0.32326766771527193,-0.8337889942909825,0.02274814343099246,2.004108135030288,0.11327757114379011,-1.0543159830203745,0.029231766977147623,-0.4417837806461372,-0.9183935703362726,1.3895171149627703,-0.7660572975353025,-0.004330753104314119,-0.11728756239547664,-0.0006377891089659987,0.08795761606119125,-0.9890981628499653,-0.10589903917091627,-0.05512507140054867,-0.042120733610159916,-0.06891638802168093
7.954431377024771,-0.3455112734873131,-0.49582228186250754,0.022794963379619372,2.004122807622239,0.11330811305280591,-1.0541924358192858,0.029240001463839472,-0.4418159726718297,-0.9183021620650469,1.3895102199843719,-0.7661431300152901,-0.00438754679238318,-0.11724849334031644,-0.0006640040717998807,0.08790610062224523,-0.9891472041331677,-0.1059201433455153,-0.055178229908554546,-0.04207079765328196,-0.06892318555851316
8.428007473274851,-0.645002755508645,-0.6970554245625906,0.022980693725012012,2.0040692848091486,0.1132291792208629,-1.0538344045072214,0.02918062627634229,-0.44212244809562457,-0.9181791988009885,1.3895714659988518,-0.7662510034191466,-0.004441519154823376,-0.11723763828814551,-0.0006884375659409767,0.08786497925929351,-0.9891980174145726,-0.10593913998185786,-0.0552301979769529,-0.04202197913660473,-0.06892967213265837
8.563407530046137,-0.784948987564226,-0.8745148808749312,0.023676307812600345,2.0037537877951532,0.11272336427371107,-1.053170178835209,0.028861266744245162,-0.4428806554390595,-0.9183555464109217,1.3898947732533777,-0.7660637014345953,-0.004458092516631574,-0.11728517413101702,-0.0006935156696796624,0.08787286418572743,-0.9892221900610914,-0.10593985705998786,-0.055249996513162924,-0.04200342268496688,-0.06892901223209465
8.548839518863948,-0.6461495276121427,-0.13751710282454763,0.02421676152979465,2.003603640070031,0.11241565822838996,-1.052447855634131,0.02870666968949938,-0.443514213269036,-0.9183181496332286,1.3900519560196507,-0.7660851582770231,-0.004480339032076194,-0.1172700322690368,-0.0007036683368792902,0.08785510730030258,-0.9892424084509068,-0.10594764205542025,-0.055271829921340505,-0.04198281749363532,-0.06893070343300306
8.837915402324853,-0.9556214129704675,0.25459306335794657,0.02446509184856915,2.004194899066892,0.11264537839954385,-1.0513858108353622,0.02929352574275109,-0.44372634052185783,-0.9176692748682246,1.389461874782135,-0.7667297208190464,-0.004461601849531393,-0.11726434209475589,-0.0006939760696944978,0.08786922501095815,-0.9892243202598975,-0.10593901659795422,-0.055254054055687334,-0.04199947192527415,-0.06892490564741431
8.596387755020622,-0.8283248463170961,-0.7135946275086497,0.025095009775565363,2.0039656619954713,0.11219571500795912,-1.050896946818177,0.029060635612652524,-0.4442443811778252,-0.9179134658604954,1.389697967447263,-0.7664895097024956,-0.004470083515174074,-0.11728646864115512,-0.0006962753214212932,0.08787518829723451,-0.9892365574903002,-0.10593868594278778,-0.05526467044963166,-0.04198950814243246,-0.06892384398878246
8.457161124451414,-0.7991364185882445,-0.9160531203771434,0.025450117860141907,2.0038415287706464,0.1119340373042577,-1.0507238331749384,0.028932400523470982,-0.4444705472291337,-0.9181093015571484,1.3898285366043932,-0.7663027592463856,-0.004470093949755704,-0.11729648857992873,-0.0006951138359463655,0.08788325750502515,-0.9892388255386707,-0.10593612555475282,-0.0552664515536188,-0.041987827435796175,-0.06892165139147703
8.498345214006479,-1.106926688477821,-1.8260709347160984,0.025497515560819875,2.003743881655534,0.11180716430251429,-1.050826731259843,0.028830317352916305,-0.44457452316801555,-0.9182264877827969,1.3899327352645738,-0.7661894441488135,-0.004453104065715876,-0.1172904521507907,-0.000687153064978654,0.08788793192436445,-0.9892206880759761,-0.1059302932067813,-0.05524870953427763,-0.04200439739942691,-0.06891717294526455
9.121072875310103,-1.734040018336727,-2.7491891316414003,0.025677785970546124,2.0031683926362143,0.11127612534509775,-1.051263422396656,0.02825273484776266,-0.4450934125907096,-0.9187558418817335,1.390516118582443,-0.7656584594365523,-0.004359049380427134,-0.11736573006034696,-0.0006407436104014078,0.08797587373915354,-0.9891423339620505,-0.10588988167183078,-0.05516137913434206,-0.042086493623272526,-0.06889806597221101
9.042473040100315,-1.8410085602410844,-2.6362787075957996,0.025239700976536595,2.0028786539903813,0.11125630106068082,-1.052150595239473,0.02795935359450602,-0.4450666778105554,-0.9189568460532395,1.3908129970199237,-0.7654509302380547,-0.004326611271066461,-0.11733442087935428,-0.000629480825008927,0.08798441033107791,-0.9891103406349122,-0.1058830439970438,-0.055130163939300314,-0.04211536639531426,-0.06889332517888791
8.919253355826509,-1.8565265995978526,-3.0504390524994225,0.024997428792939452,2.002401822234592,0.11090965793740175,-1.0530601986091948,0.027479951415686762,-0.4452469669319348,-0.9194660318818687,1.3912971736758972,-0.7649466300864889,-0.0042018178866497806,-0.1173683672081055,-0.0005760514703467498,0.08807446540857676,-0.9889999488947674,-0.10584231909336536,-0.055014390110124635,-0.0422233015735567,-0.06887393363503447
8.474518017588792,-1.5051832612241607,-2.3712042714721173,0.024155569157805968,2.002686094144116,0.11146254112616938,-1.05398603985122,0.027757074128971788,-0.44440894237657813,-0.9192771786960624,1.3910195051825938,-0.7651463814558201,-0.004235658015210423,-0.11721169581962917,-0.0005978721850340666,0.08799952917118574,-0.9890108043535241,-0.10586430078475542,-0.055040464383795895,-0.042198397260167865,-0.06888124378503643
8.371434220666352,-2.018265803617733,-2.592235146075402,0.022999043894544657,2.0032631667947918,0.11217022703554089,-1.0552503143246132,0.028330424169437336,-0.4432863865076848,-0.9190712629275232,1.3904433839887107,-0.7653897660603707,-0.004261545221006459,-0.11707273650557701,-0.000615620619875936,0.08793542517119282,-0.9890162760111222,-0.10588305371200685,-0.055059766091261744,-0.0421798636052799,-0.06888723409465336
8.353963591366197,-2.233581800262352,-3.0685394732501443,0.02437663039250878,2.0018600607547006,0.11046896550474013,-1.0550957697878438,0.026932440298631097,-0.4451170636942195,-0.9204451989399467,1.3918527526291011,-0.7640148948252146,-0.0040586141748109395,-0.11734665775692922,-0.0005174468683769407,0.08816376339442918,-0.9888708227244866,-0.10579957102509713,-0.05488545723997165,-0.04234288955099796,-0.06885232076375955
8.35938736196826,-2.4057654285883068,-3.157043340663596,0.025988870847638578,2.0006402637952347,0.1086127465956504,-1.0544181147696416,0.025719412057325718,-0.4472327916852718,-0.9217084121736393,1.393074614165249,-0.7627539410840192,-0.0039255089759270235,-0.11761106494188928,-0.000462312529927808,0.08834289936050016,-0.9887974496878944,-0.10575674362681742,-0.05478476864069226,-0.04243579793946627,-0.06883647554051466
8.392142669086605,-2.6055981726587003,-3.1767342883642873,0.028788829784135956,1.998455291791271,0.1053286693866003,-1.053234274085379,0.023549727174924345,-0.45097122719397403,-0.9239583891578194,1.3952568452061231,-0.7604995180382196,-0.003729360298123316,-0.11802346742873869,-0.0003845333905371584,0.0886212276936035,-0.9887020501124546,-0.10569995260268542,-0.05464371207991289,-0.042565632802796,-0.06881670113249896
8.343924958471575,-2.834993265032737,-3.280669229014044,0.028788823953387364,1.9974114771573266,0.10409204941660544,-1.0541949635375913,0.022512102011470615,-0.4525053512458092,-0.9248563341653712,1.3962996863036696,-0.7595798746687914,-0.003670645869773554,-0.11811648669766434,-0.00037499129354979615,0.0886885720348597,-0.9886808320517653,-0.1056993457499109,-0.05460980484586338,-0.04259553508589353,-0.06881754533933944
8.403566087521554,-2.8680577892058143,-3.438548297809726,0.02791492549080958,1.9971023051288204,0.10376855581902038,-1.0559723011679796,0.022207291541698208,-0.45271763061079734,-0.9253786478853633,1.3966067238605417,-0.7590730694522025,-0.0036312532819974554,-0.11807845979923874,-0.0003742806665291321,0.0887114903217594,-0.9886570244275349,-0.10570522030000425,-0.054588438019240904,-0.04261388903360097,-0.0688204151274051
8.533287399907955,-3.0105482296103614,-3.049779593294717,0.027078241542840144,1.9977072882165663,0.10407169949987477,-1.0581048456306108,0.02281958298760018,-0.4512672069201155,-0.9260577746330992,1.3959938315285403,-0.7585086541678072,-0.003611895088694147,-0.11794576147691292,-0.00037801785696144443,0.08871969967748386,-0.9886350338965846,-0.10571314542724208,-0.05458300832850891,-0.042617759936739455,-0.06882400495657182
8.473515254918343,-2.959459751338314,-3.476253690375841,0.027131278475553834,1.9972605758013993,0.10327171943674107,-1.0595839790876909,0.02237951966526088,-0.4512286095306448,-0.9272964492214922,1.3964365579032112,-0.7573264659159534,-0.0035024603887931793,-0.117967277307229,-0.0003473775429181266,0.08883208515728992,-0.9885645249326872,-0.10569872750706086,-0.054511685958249276,-0.042682292029507074,-0.06881950667648379
8.21153439736462,-2.9071014529480057,-4.02255141703568,0.02575290000771878,1.9975384158854017,0.10366207757527397,-1.0624158476503607,0.02265680822903118,-0.449382842843762,-0.9281566868643628,1.3961597303307518,-0.7565581247857291,-0.0033730348729234714,-0.11779587566200413,-0.00031909685577628756,0.08892357249978405,-0.9884572312259994,-0.10568935902214563,-0.05442497576217076,-0.042760567113392406,-0.06881660376419163
7.9023906539502615,-2.8467630289359973,-4.087294253776625,0.02510145969647709,1.9977554916025884,0.10399664677416828,-1.063320597445895,0.022872220638293247,-0.448702010447067,-0.9282147550764285,1.3959449305575549,-0.7565259121307963,-0.0034406744647565097,-0.11767240012053647,-0.00034980232417498733,0.0888440061438964,-0.9885015536030105,-0.10571302031024575,-0.054482946741633106,-0.042706527697152934,-0.06882580563813133
7.998782355457946,-3.262663351188357,-4.97224141670595,0.02337580094371825,1.9981285680282688,0.10498262064451652,-1.06529386924653,0.02324027037175203,-0.4470794068399323,-0.9281246236688734,1.3955769900562476,-0.7566456260212274,-0.0034700877234031813,-0.11742604222144049,-0.00037296733149552654,0.08875574940529912,-0.9884993024575983,-0.10573346989072298,-0.05450644847911213,-0.04268404556535398,-0.06883314424920318
8.036399650973312,-3.786882108630794,-5.4716176930587705,0.021101114051197724,1.999464830351226,0.10677814691388415,-1.067536061255219,0.024573144086756555,-0.44409650254686056,-0.9278006392692807,1.394240696819458,-0.7570748710756771,-0.0035164217254109874,-0.11705859440518318,-0.00040417531748317316,0.08862380434920067,-0.988485563614926,-0.10575982228853033,-0.054536830684819605,-0.042655314968983324,-0.06884201303982825
7.426563487037943,-3.681345274936624,-5.657202111209668,0.024658233634267068,1.9979134120498878,0.10509520452310682,-1.0650005167962189,0.02302933734589599,-0.4456320504946706,-0.9290505570296678,1.3957922416895958,-0.7557713549785107,-0.0033986550672593673,-0.11733779895948598,-0.00034101899591931415,0.08882228010189738,-0.9884481809728837,-0.10571642520968788,-0.054466085178691226,-0.042720641745234295,-0.06882733452511838
7.9119925360153855,-4.115857932394571,-5.8296058188789965,0.02682143681417348,1.9960594522764838,0.10268379778572731,-1.0649491396578203,0.021191126062491253,-0.44710721649792223,-0.9314855667629176,1.3976373045507862,-0.7533374795594664,-0.0030903541863908372,-0.11767393001672372,-0.00022675499998728153,0.08916599314880713,-0.9882732974798341,-0.10565312990745492,-0.054253470803033575,-0.04291629433465618,-0.06880571779998891
7.871063613975573,-3.9893630927699193,-5.5084465204189375,0.027881735419463486,1.9951545599010105,0.1014659701272009,-1.065361344853736,0.02029513236682593,-0.4475221935475983,-0.9329027735934984,1.3985361528860536,-0.7519294459870959,-0.0030483867110875384,-0.11779668192919433,-0.00022645308638869307,0.08925164347220739,-0.9882802505811633,-0.10566342150072754,-0.054247728379198085,-0.04292032517661977,-0.06881087505054471
8.053816500135717,-4.026470610190789,-5.241988961156968,0.03181468170568581,1.9930745589397154,0.09769268337658028,-1.0630052385641484,0.018237144200017215,-0.45097154074068163,-0.9355211884776485,1.4005977756109482,-0.7492849645616231,-0.0029496341348064416,-0.11822568666816848,-0.00019831388334607178,0.08944438115978377,-0.9882931463046639,-0.10565972396788534,-0.05421041061452296,-0.0429535015416661,-0.06881153908488019
8.143327331829173,-4.4764532744627905,-5.692779132955783,0.0295547963489269,1.9944458504225882,0.09931717134052233,-1.066069287591189,0.01961128776692302,-0.44792114552999,-0.935477481959741,1.3992246972781812,-0.7494547381804362,-0.0029682046912784406,-0.11786562670005177,-0.00022686327055846598,0.08937310754524622,-0.9882674620763204,-0.10568303755352669,-0.05423389812346351,-0.04293091287756781,-0.06882041256917877
7.941674268450835,-4.255789490597829,-5.903184722896117,0.02790610550914346,1.9955050576322984,0.10105773763300255,-1.0674197647560264,0.020665450085645264,-0.4455590613849793,-0.9347224821121658,1.3981708163101367,-0.7502648097622359,-0.003096516311582475,-0.11751347153718382,-0.0002814226911131862,0.08918528186554449,-0.9883090781662939,-0.10571601026307652,-0.05432222158183846,-0.04284946398814297,-0.06883215604003211
7.8551520817254366,-4.334606132926108,-6.261832209737394,0.024259222284797554,1.9977283334717018,0.10469311913527324,-1.070352763406647,0.022875157970439545,-0.44138553669944725,-0.9327731403366633,1.3959591180989892,-0.7523042283009928,-0.0033596957110211866,-0.11691191494330476,-0.00039338181838621323,0.08880898112560102,-0.9883896476151456,-0.10578062948021927,-0.05449076975148489,-0.04269434758651335,-0.06885399798906262
7.451121125013814,-4.322191097075717,-6.330351385306516,0.02415035696751734,1.9978736199011722,0.10518713057557938,-1.070751688674973,0.02302214244976609,-0.4403633896753798,-0.932876525761887,1.39581276199273,-0.7522217338401377,-0.0034252269363908142,-0.11683939213665322,-0.0004094445840497274,0.08874212632440104,-0.9884262073119293,-0.10579056317671637,-0.054537888621173536,-0.04265137432598264,-0.06885746368315833
7.543925188643813,-4.518891958340197,-7.127948900130063,0.021550432262326842,1.9985697900587571,0.10738488608208706,-1.0736097346498505,0.023708625804280146,-0.4374738908910572,-0.9322319865570081,1.3951254353407039,-0.7528892030791768,-0.0035398814409749344,-0.11649130561958192,-0.00046883420414529095,0.08854003397249094,-0.9884468624360491,-0.10583522899060559,-0.05460981298535666,-0.04258482421793192,-0.06887198486802298
7.394054229049687,-4.764684756264007,-7.535027656913733,0.02097876400434493,1.9981389512285077,0.1079877690156786,-1.0744547983799202,0.02327637320358024,-0.43651007536257763,-0.9323122312799833,1.3955602638073694,-0.7527737458271222,-0.0035692406321261656,-0.1164338560098442,-0.000469665240908867,0.08848959599418627,-0.9884555415798422,-0.10583592164585713,-0.05462412633329283,-0.0425724604542432,-0.06887087762542829
7.546983609139926,-4.554911755149511,-6.414196585831456,0.026100417448980295,1.9958995477444388,0.10448266524839246,-1.0697812713980905,0.021059410057516856,-0.43992459758075164,-0.9345340397733792,1.3977846836318368,-0.7504940343970626,-0.003314602431116034,-0.11692546134395033,-0.00028185444928669726,0.0888537661920575,-0.9883339748868545,-0.10568539148778561,-0.054428998131820734,-0.04275780496491569,-0.06881499465914892
7.576103051911099,-4.330773099310932,-5.724776624182237,0.028609029714164753,1.9941348024709202,0.1021609390365399,-1.0678884281174057,0.019310100528299734,-0.4421619322768915,-0.936220144264972,1.39953753812885,-0.7487497415890426,-0.003264311445667151,-0.11722375697018002,-0.00026092671425029457,0.08898183847324784,-0.9883604490026677,-0.10567882317627236,-0.054404604232730455,-0.04278041940132695,-0.06881455997833613
7.375402698537807,-4.260276005085542,-5.927887208512615,0.02849905023061549,1.9936036769308285,0.10176947304173768,-1.0697536424067116,0.01878470747505149,-0.4412292994715558,-0.9377650887536269,1.4000640970644906,-0.7472458105668658,-0.0031730116602223576,-0.11724230641508383,-0.00024006037156467676,0.08909537504292865,-0.9882997671665369,-0.10567538300060712,-0.05434553663458413,-0.042834811899811295,-0.0688148077002164
7.168029256449251,-4.258470456054277,-6.2179039062479955,0.025248356938258214,1.9956664692020334,0.10520725906209277,-1.071553935635847,0.02083299400510165,-0.4383802166063918,-0.9349125893255904,1.3980168765940604,-0.7501254536350012,-0.003550062666810502,-0.11675262823576987,-0.00038206473097157406,0.08862306530760368,-0.988476906917235,-0.10575122283971086,-0.05460231374945133,-0.042597625190265734,-0.06884078358561481
6.926899768785452,-4.0539566258668405,-6.321505060526346,0.02239341081577231,1.9968051383714593,0.1076018337302366,-1.0742030543709111,0.021960625396460612,-0.43596163891224166,-0.933444575793955,1.3968888506949744,-0.7516040678716936,-0.0037629556930260134,-0.11642717694166269,-0.0004937696642552334,0.08831701429544787,-0.9885730456452229,-0.10583104907220639,-0.05475343727470952,-0.04245646441311495,-0.06886839096750465
6.891757403574877,-4.048051154620794,-6.123169760565658,0.02288522849680271,1.9960001275586763,0.1074216127901562,-1.0743242214502147,0.02115798610202837,-0.43579320530362825,-0.9341408290136137,1.3976941293949598,-0.7508806760219567,-0.0036804281340078165,-0.11650253965144802,-0.0004321899857094598,0.08839549836759963,-0.9885022048829135,-0.10578297369377329,-0.05466996706772299,-0.04253690218667879,-0.068848662692915
6.92728529623231,-4.098325348096619,-6.532882667199106,0.021231617652735554,1.9965993518671705,0.10900297205668738,-1.076565110361805,0.021751512373525503,-0.43345881780635825,-0.9339735032443045,1.3971007252324328,-0.7510915511740591,-0.003693052036671551,-0.11630364199569282,-0.0004489070802004243,0.08830600589172899,-0.988453038040221,-0.1058016374297844,-0.05466082290790535,-0.042545892928480274,-0.06885369451047148
6.885339558457403,-3.8567506748923535,-5.492058445954311,0.021437900138545022,1.9956062487067818,0.10840887277773859,-1.0757447785710255,0.02076226927265884,-0.4349272462683814,-0.933713929600636,1.398092800621378,-0.7512428617171254,-0.0038073988832806,-0.11645457721685452,-0.000490056766601713,0.08823692099450813,-0.9885863701788948,-0.10582737975528464,-0.054756375948272845,-0.04245704680029543,-0.06886450418336319
6.486641784578509,-3.4985100419991646,-5.1631720244113986,0.021890480503558813,1.9948528180415097,0.10797765582585987,-1.0745485440861795,0.020009337232152154,-0.4362027127619533,-0.9332596123537694,1.3988476642152599,-0.7515977645251583,-0.0039696825830243185,-0.1165729217065441,-0.0005567572268302889,0.08813882252124275,-0.9887603335775361,-0.10587089694109851,-0.05489976196663048,-0.042322813396113004,-0.06888313430106302
6.391609766815321,-3.3683577577291586,-4.675104747115323,0.0239413370085503,1.9935836777110858,0.10638015511750602,-1.0726670096134145,0.018749344411123105,-0.43788169256671694,-0.9343064058726243,1.4001094679154795,-0.7505046317801611,-0.0038521512302634223,-0.11680045999884796,-0.0004565875863217298,0.08830311300227432,-0.9886839012629881,-0.10577955194983699,-0.05478528984074365,-0.042434083983129846,-0.0688470363422924
6.144265631929193,-3.183587578402125,-4.852339783079127,0.02228123192263454,1.9940470913406059,0.10751352300170572,-1.073589874735014,0.019205762924225177,-0.4373800179562899,-0.9330172275008268,1.399654087398034,-0.751752939552358,-0.004062776683591601,-0.1166790732987588,-0.000567824642555705,0.08805259559973903,-0.9888412952766181,-0.10586635094570963,-0.05495761373371123,-0.042271420565092054,-0.06887909793887731
6.101832546411606,-3.1698086195839865,-4.7368861875628046,0.023219746005263272,1.9929214225140506,0.10668171207268104,-1.0720311820036164,0.018080877612758145,-0.4390653008840339,-0.9328564276858281,1.4007801980701808,-0.7517990227940249,-0.004157634454779283,-0.11682906276875968,-0.0006023336724790665,0.0880256057704158,-0.9889681855137636,-0.10588546197142507,-0.05504844976390068,-0.04218616504165943,-0.0688892712597323
6.082271145602501,-3.0862450979132974,-4.409201545303364,0.02318903162523087,1.9929912911483323,0.10662639633340161,-1.0717428505611275,0.01815241223615913,-0.4393685362214404,-0.9326210568513289,1.4007095535913543,-0.7520253450957695,-0.004210180994423723,-0.11685787697479212,-0.0006240840541657582,0.0879819168513478,-0.9890137889344501,-0.1059026425111427,-0.05508950871190509,-0.04214795406412453,-0.06889587789593903
6.40504926391752,-3.2930332674347107,-4.640353125449591,0.024199205636438292,1.991431959120094,0.10504985445583281,-1.0717388278486504,0.01660196717209281,-0.4404817780766996,-0.934393450184608,1.4022601330292677,-0.7502310405144996,-0.00388296835821271,-0.11704709146066099,-0.00039191136154902157,0.08826239789398369,-0.9886820951777071,-0.1057022058704463,-0.0547396420945806,-0.042487748504431926,-0.06880574157821302
6.431407510653486,-3.3792173265894987,-4.542266450585608,0.02393283389327062,1.9913535917505585,0.10529725028134487,-1.0711172985074053,0.016524490343681645,-0.4411315474382529,-0.9334281469363389,1.402338319263662,-0.7511274760376966,-0.004077365226011888,-0.11703732819281645,-0.00047904273619057665,0.0880923878611637,-0.9888655923654397,-0.10576465057560039,-0.054916400176904294,-0.04232055086973223,-0.06883089638185995
6.240343427660354,-3.2709349334364055,-4.4988762856972375,0.024194404304019253,1.9906187653484682,0.10460172503385402,-1.0705036867844013,0.01579417147656804,-0.4423132045368147,-0.9334913119783301,1.403068344324181,-0.7510011153084938,-0.0040694700900204194,-0.11712422446729855,-0.0004764129957595218,0.0881031470474313,-0.988867568183317,-0.10576522315188144,-0.05490152942878132,-0.04233502383767956,-0.06883178311178934
6.716690956778357,-3.3630956320619916,-4.075835139901094,0.024343596614221284,1.9902901894954539,0.10410161629880271,-1.070084020534092,0.015473703445244508,-0.4431616299146461,-0.9335296316218489,1.4033888593546024,-0.7509356741210536,-0.00407602127757028,-0.11717295043851711,-0.0004816067164151361,0.08810077474741598,-0.9888769935450168,-0.10577140211260203,-0.054902379503673465,-0.04233443408983534,-0.06883490215302078
7.211399749377611,-3.568259277512216,-3.713119301596366,0.025814881521306933,1.98872921910324,0.1022379900510749,-1.069216099145988,0.01393055043436049,-0.4448978445556483,-0.9351029455451987,1.40492931757768,-0.7493240970919223,-0.0039066649572358555,-0.11731428567938483,-0.00039422569450166744,0.08826776647099631,-0.9887256145332792,-0.10570657067866236,-0.054732035878371534,-0.04249753662189883,-0.06880962008713284
7.319555814052346,-3.3888510367525235,-2.5897171831268446,0.02603829209235025,1.9911531192147103,0.1031457412911771,-1.0672589452379972,0.01637059387633805,-0.44447791030378264,-0.9334837741737674,1.4024967625184042,-0.7510673730155912,-0.004086510560106626,-0.11724170507058486,-0.0004765165785751243,0.08810894552633346,-0.9888791376990095,-0.10576576384134807,-0.05489882561968748,-0.04233937540673563,-0.06883339415857923
7.430936112102596,-3.1918454861439813,-2.4583638306775564,0.026191198559715127,1.9936897604653587,0.10414507275016789,-1.064987922091554,0.01891642700842288,-0.4441680852742948,-0.9314730847487702,1.399954761594573,-0.7531786424458218,-0.00428685726442792,-0.11717104156506063,-0.0005783176763395507,0.08793583732233155,-0.98906243396542,-0.10584359175843001,-0.055093376151437355,-0.04215362731263727,-0.06886536376436998
7.60268190520176,-3.3756177545997557,-2.370418350574577,0.02605474659569137,1.9971991819520227,0.10579676144841335,-1.0629104057371095,0.022435947707863096,-0.44292175641164166,-0.9291158321620483,1.3964346818345528,-0.7556955327138789,-0.0044789622865630185,-0.1170773732888074,-0.0006935686848180584,0.08776513485591483,-0.989242530436684,-0.10594112347539876,-0.05528842500090464,-0.04196545319848785,-0.06890704370437192
7.388842054347432,-3.0894879494223124,-2.4971726650206225,0.025964054699931113,1.998835917880222,0.1061887042115603,-1.062030842768326,0.024081064449123363,-0.44264928562430306,-0.9282960139828974,1.3947859587456595,-0.7566086961017029,-0.004523264633729842,-0.11705011591300223,-0.0007231270129809269,0.08770898313914133,-0.9892717181481135,-0.1059731907222948,-0.05532528401072924,-0.041929867925247236,-0.06891946908753732
7.523572551231542,-2.9402516556448335,-2.8891362008198134,0.027386142696113884,1.9975513500874418,0.10426240505948964,-1.0605285815712642,0.022806154975271976,-0.4450760592486806,-0.9292251546665959,1.396065951531864,-0.7556365887264428,-0.004433126646522024,-0.1171975109136955,-0.0006419131992797906,0.08781615281389685,-0.9891896064106552,-0.10589052358955658,-0.055221584381936736,-0.042032803246081545,-0.0688823440591975
7.854709388840132,-3.0430402234234655,-2.3543485937448057,0.02777480209638848,1.9996858113266043,0.10493505347129697,-1.0588257040976123,0.024948843160804042,-0.4445942783139389,-0.9280108169222574,1.3939181743534224,-0.7569617140819007,-0.004542318965575716,-0.11714831693071094,-0.0007130853327378965,0.08772541291135481,-0.9892970936139308,-0.1059536241292024,-0.05533709630922556,-0.0419206538961885,-0.06891072484705345
8.013002225524113,-2.902361846399952,-2.4692567427604954,0.029274939554905958,1.9974809827797881,0.10238878788169799,-1.0580851503279252,0.022754068743235694,-0.44739321836122314,-0.9298750061182132,1.3961219372207394,-0.75504615141694,-0.004380056396212578,-0.11730687799298523,-0.0005826219864718475,0.08788701690939411,-0.989131475131667,-0.10582759457227728,-0.0551516191155395,-0.042103712031643134,-0.0688526527958242
7.8156885633130715,-2.165402174065744,-0.5000828903599297,0.030755641505486094,1.9974501746215152,0.10239036999620908,-1.054420596845545,0.022719654866268608,-0.4492669928191227,-0.9279729604717185,1.3961571623894453,-0.756791094860173,-0.004451341228739448,-0.11729299277142777,-0.0006266525431127231,0.08783687430478854,-0.9892101859538324,-0.10586472947939074,-0.05522859685395712,-0.04202920228101776,-0.06886985353033934
7.481844868270838,-1.7204014855216065,1.3915565554724691,0.031324625521563405,2.0018295092864222,0.10600974312935699,-1.0493792935526096,0.02709417701523243,-0.4476676974501078,-0.9229446811817495,1.391774469559293,-0.7618082122782441,-0.0039923241797006764,-0.11747743245689737,-0.0003174954503074672,0.08824739195778868,-0.9887153094262455,-0.10559250623793096,-0.05473055077018604,-0.04251697963882591,-0.06874568067943483
7.556757330916593,-1.630230547374767,-0.550403232349403,0.03207846334195046,2.001575954818462,0.10577368184378236,-1.0480146974924704,0.026837082896838345,-0.44870223898701406,-0.9224467038554793,1.392033347806982,-0.7622357676234905,-0.004079955692881559,-0.11745235630815512,-0.00036805662234230775,0.08817805841769874,-0.9888068013358111,-0.1056350246441262,-0.054821701097767996,-0.04242876061738128,-0.06876509528090922
7.357417858034169,-1.5973957351181634,-1.488238640992888,0.03238749338238705,2.001412290600374,0.10588975503575133,-1.047065261084154,0.026666863704831803,-0.4492977059758581,-0.921801544290243,1.3922049538012402,-0.7628041381421262,-0.004212065118177435,-0.1174198633541792,-0.00043522402371033074,0.0880676522456524,-0.9889440027480546,-0.10568764345912916,-0.05495620957635825,-0.04229918978867847,-0.06878822589990148
7.356069907763735,-1.56526118382613,-1.4694767374312343,0.0327342399039909,2.001248938666649,0.10596733440909424,-1.0460819440812754,0.02649758235417786,-0.44993876950451034,-0.9211817412879629,1.3923755906466155,-0.763349081213327,-0.004326284015289745,-0.11739342767682802,-0.0004993361347979255,0.08797037084234656,-0.9890659365654489,-0.10573989465740848,-0.05507494267815191,-0.04218425114673635,-0.06881133652529282
7.26063505611505,-1.5328712859065,-1.8233041441112599,0.03295110122028118,2.0013628490656905,0.10637256587066013,-1.0451044770606297,0.026603607915290536,-0.45015931764002287,-0.9203503642237567,1.3922696980087343,-0.7641100452511679,-0.004468693481477814,-0.11733397568693309,-0.0005838906699794583,0.08783934664376265,-0.9892139003014141,-0.10581069536900804,-0.055223867173852255,-0.04203955229513483,-0.06884227470183787
6.62237880028507,-1.0378208694096218,-2.2311478615542453,0.032813680070396346,2.001750516881254,0.10707361665598882,-1.0446149655125214,0.026980809310415244,-0.44977982113799725,-0.919533265430248,1.3918914212994007,-0.7648822535695028,-0.004658573449305274,-0.1171687122307653,-0.0007149359484192057,0.08762926409458216,-0.9893960154115294,-0.10593170715263102,-0.055421850416081136,-0.041845522075452404,-0.06889449705354878
6.562878488606422,-1.1389036436947877,-2.215884301904631,0.03283930349722462,2.00192600144645,0.10754399610008822,-1.043939071898329,0.027146759840755128,-0.4497906775726083,-0.9187691079733397,1.3917252808574199,-0.7655858855846849,-0.004809190792018608,-0.11708478774686693,-0.0008403123466982197,0.08747306194513708,-0.9895612148238849,-0.10605907461239641,-0.055588072243647285,-0.041680431101690556,-0.0689537112244345
6.827604333494114,-1.4889252786731946,-2.5881878158646305,0.03246228857094702,2.0018917187873724,0.10772267702333507,-1.0444166533351038,0.02710532928850987,-0.4494949529959899,-0.9187934758905395,1.3917674704721559,-0.7655616712554795,-0.004689146022037983,-0.11704485672912138,-0.0007421453514220619,0.08751288114531881,-0.989383240788824,-0.10598401635887145,-0.055428723056750215,-0.04183932296856943,-0.06890435514577188
6.634855327568006,-1.3478761384569204,-2.2302482186187955,0.032347899573297687,2.001987145972083,0.10810981459595417,-1.0441099724736533,0.027192202904675625,-0.4494155127463916,-0.9182613166843563,1.3916807488769285,-0.7660486695348353,-0.0047409674837405125,-0.11699181658373366,-0.0007935818330952089,0.08744220692183453,-0.9894326094052416,-0.10604277834921993,-0.05548232379720047,-0.04178557197035604,-0.06893087836344405
6.470362000982528,-1.153551952154322,-1.7574642048005358,0.03234069441325452,2.0022930486623514,0.1086834958406003,-1.0433713974718446,0.02748909563428343,-0.4493740309805594,-0.9173562932466777,1.3913829668223037,-0.766888984850942,-0.004874564393300471,-0.11693120107463789,-0.0009176393960821724,0.08732346355683133,-0.9895900043040261,-0.1061700455785124,-0.05563800368169786,-0.04162999042832417,-0.06899541671383674
6.309638790997102,-1.0210655087091567,-1.9339340349587735,0.03212618404059425,2.002435234551283,0.10904440018231615,-1.043375289771248,0.0276230548325868,-0.4491231554343838,-0.9170119765697624,1.3912488653552417,-0.7672107986126524,-0.004879893688810997,-0.11687804649617958,-0.0009349032909460631,0.08729059786149153,-0.9895815574583683,-0.10620529203068237,-0.05563814576523915,-0.04162894810334718,-0.06900846913668195
6.124117682221056,-0.8640274692622246,-2.2334301702382193,0.031857703581038434,2.0025365209366854,0.10937942501211227,-1.0435039437426008,0.027715665264095683,-0.4488396013225408,-0.9167415043239826,1.3911563136792542,-0.7674624823493016,-0.004864414675714848,-0.11679751788286676,-0.0009339056744750924,0.08725317715799782,-0.9895364421461798,-0.10623100953523242,-0.05560818290225541,-0.04165804146942615,-0.06901159361234271
5.9010778889293825,-0.9940853150992214,-1.8916111957197357,0.03146523307482394,2.0030775939084124,0.11022353976382067,-1.0433335767948546,0.028246638548890406,-0.44820355607995466,-0.915889037962363,1.3906231054365907,-0.7682746793065126,-0.00497443647155221,-0.11667496359286988,-0.0010652811571017066,0.0871309787552996,-0.9896537680463696,-0.10638745891303535,-0.05573590493614579,-0.041528109525080285,-0.06909238956156108
6.020599541521939,-1.208648146335504,-2.8439826442054716,0.03023365908947036,2.0033624249433912,0.11084339088557431,-1.0449376455411101,0.02852285085502392,-0.446998660201239,-0.9160177386396883,1.390345846756646,-0.7681865996965221,-0.004639954833447259,-0.11653513528546697,-0.0006802140626842903,0.08724435545484628,-0.9891536393905676,-0.10605701329525766,-0.055290427361314835,-0.041980098677875104,-0.06883918640672071
6.535168556602255,-1.7095347378917738,-2.957398737091451,0.029671701709292474,2.003108856264047,0.11099123028120063,-1.0452771934845504,0.028261984030397327,-0.44715392925253633,-0.9157702401648075,1.390608681705154,-0.7683844773331483,-0.004562009015054898,-0.11654622691418509,-0.0006420231771376318,0.08725715980437865,-0.9890573288197957,-0.10602938411523312,-0.05519227517866413,-0.042075007765007444,-0.06882811989497739
6.740755684147836,-1.7522895518009054,-2.5150771347941987,0.03005151370687097,2.0022921487229577,0.11027372452993962,-1.0448096728546705,0.027442261896308783,-0.4484350167798674,-0.9159534095026229,1.3914333837514623,-0.7681463811099054,-0.004545646185801918,-0.11668397578621865,-0.0006358252219028604,0.08731429610451011,-0.9890747433116657,-0.10601157462627349,-0.05518477122970459,-0.04208161590025966,-0.06882988917414806
6.958566559459426,-1.993784700120575,-2.2367376199270557,0.03043146475315521,2.0015248659183245,0.1094185888575415,-1.0444285098648514,0.026675531092833445,-0.44979109031642484,-0.9162846743838574,1.3922043466471326,-0.7677809027696365,-0.00451370155844249,-0.11680069059106024,-0.0006193040399372633,0.08738031833793718,-0.9890689925626626,-0.105985885996311,-0.055159695839232074,-0.04210540729415177,-0.06882694649227414
7.080887899020654,-2.036386910706041,-2.0548199328407515,0.03128010182140696,2.0000093906465874,0.10764711939298927,-1.0444492464832242,0.025164842293268017,-0.4516604879817163,-0.917755619584861,1.3937220928961536,-0.7663282489818644,-0.004396582831813251,-0.1169747966883415,-0.0005439439845953561,0.08754293080556015,-0.98898219974042,-0.10590525205938828,-0.05504864456669967,-0.0422131333330826,-0.06879898432188367
6.905097607567522,-1.811589743079256,-1.8588249702744561,0.03159185758302412,1.9996696378746368,0.10741522563581685,-1.043755001934106,0.02482256959541947,-0.4524806294333774,-0.9174823811205044,1.3940660561261211,-0.7665425785401472,-0.004447870639686534,-0.11700992634756435,-0.0005811665766064378,0.08752628646938317,-0.9890532013185389,-0.10592840013716207,-0.055110700650933694,-0.04215222047806874,-0.0688174346669521
6.917664451473026,-1.7308872543267406,-1.6173770617429128,0.03149514103484943,1.9996687776004287,0.10761155747662092,-1.043560996509149,0.02481817282693279,-0.45260243454309573,-0.9171329432903778,1.394070998931682,-0.7668564711631042,-0.004487163185839326,-0.11700423748150877,-0.0006134556367230759,0.08751139895597927,-0.989102912062406,-0.105949575738222,-0.05515937802992129,-0.0421042135312437,-0.0688340250916132
7.130008160376305,-1.9974317463470612,-1.9222471654355546,0.032103045852527025,1.9984113306669882,0.10620265682202937,-1.0435360272831888,0.023564350908478048,-0.4542784657525857,-0.9181502939358472,1.3953292250271485,-0.7658303480578929,-0.00442073641020572,-0.11712665261272863,-0.0005716490458586177,0.08761765425683157,-0.9890625996277917,-0.10590188162992624,-0.05510099365591455,-0.04216073653159836,-0.06881945940124794
6.892862201375717,-1.867115124446192,-1.8712912110644537,0.03216204063928665,1.9981003141021152,0.10616306876441589,-1.0431130198220664,0.02325063642504415,-0.4548808776474671,-0.9178117817448356,1.3956442191249796,-0.7661061471639459,-0.004469514282185476,-0.11713432284786028,-0.0006081484105508824,0.08759278269188779,-0.9891249291563433,-0.10592744520758135,-0.05515852007876227,-0.042104259797287054,-0.06883704361213448
6.605757242704472,-1.568072720012385,-2.241970440376442,0.03184432278046425,1.9980473656183582,0.10636773733278773,-1.0433622989950797,0.023192209304750147,-0.4547755337329802,-0.9176627741598998,1.395703358774719,-0.7662355722631833,-0.004465146121962706,-0.11710547244821769,-0.0006146460427615846,0.08759316888680417,-0.9891186202192268,-0.10593133682177601,-0.055156505956586936,-0.04210559497438826,-0.06884272235692752
6.3008787194455875,-1.263891817759832,-1.9512505201281902,0.03175785044048316,1.9981497012544747,0.10675334031882772,-1.0429682652715153,0.023287208253409034,-0.45477024857543513,-0.9170744118114117,1.3956087721498542,-0.7667732184428057,-0.004569617393908596,-0.11705904268084766,-0.0006901026585090829,0.08750716076565745,-0.9892304413636354,-0.10599448396766731,-0.055270274956128344,-0.04199420159484402,-0.06887662876341798
6.623772507971148,-1.566595597236133,-1.8454841967000808,0.03170163934801225,1.997822543736207,0.10656346791167717,-1.043147106701691,0.022956989645110944,-0.4550556219174253,-0.9172372809954707,1.3959402461226715,-0.766597818396307,-0.0045384113761826415,-0.11708078193673498,-0.0006701244037909313,0.0875457970575785,-0.9892023827754549,-0.1059721659929982,-0.05524028825458404,-0.04202338786966773,-0.06886921396637005
6.730968214780041,-1.690142636192307,-2.035141014019847,0.03158040287061946,1.9977560903547353,0.10658192475865745,-1.0431486969011063,0.022887985656150956,-0.4552371607399256,-0.917118095013487,1.3960099128514052,-0.7666993468182828,-0.004543937844196311,-0.11708214438972353,-0.0006783476173061626,0.08754956601829988,-0.9892124264571482,-0.10597665340045913,-0.055249857134719596,-0.04201369520899434,-0.0688747321049941
6.787668143529463,-1.6464931402342868,-1.8568455164075077,0.032183560650314705,1.9969089014870445,0.10574372231634077,-1.0427656299687995,0.022040286553705737,-0.4563920663080574,-0.9175741789445054,1.3968597211910996,-0.7662130345297379,-0.0045390893736118884,-0.11716690331969644,-0.0006716142331279712,0.08760066745422133,-0.9892319183962486,-0.10595928868962115,-0.05525529605249357,-0.042008416192814195,-0.06887257443273198
7.073906326066427,-1.7528112548179133,-1.544148901247194,0.03253675721145118,1.9962113659587601,0.10512959346001936,-1.0424918574402755,0.021342985630647897,-0.45738166968743416,-0.917831763327296,1.3975584480632923,-0.7659181389154656,-0.0045397599643792275,-0.11720900355445096,-0.0006722037151574944,0.08762685658519465,-0.9892466083454954,-0.10595318657299234,-0.05526277071057711,-0.042000997733188404,-0.06887400255420838
6.8646678698607815,-1.6698595326483754,-1.304570006107126,0.032370963761658114,1.997406009453231,0.10619922891065826,-1.0416794803985125,0.022533404999529254,-0.45655322033853185,-0.9166582909710032,1.3963675241149858,-0.7670834168033751,-0.00463236137109639,-0.11713692530907603,-0.0007442322764064846,0.08754822846597665,-0.9893389205915314,-0.10601799966595817,-0.05536452795089257,-0.041900856844272596,-0.06890797429473591
6.809652803906597,-1.7669652381194934,-1.3646583914855153,0.032445767658076864,1.9981175687396262,0.10708383351774724,-1.0405007610986607,0.02323893001436118,-0.45626458046832447,-0.9153813821832192,1.3956613950437256,-0.7682932925912729,-0.004733900217986672,-0.11708719541812322,-0.0008298617053120788,0.08746721710479223,-0.9894502011024994,-0.10609871346313866,-0.055478982451599976,-0.04178752619576938,-0.06895153140903058
6.735357110335023,-1.5950454566207217,-1.6699614052000906,0.0326880655011447,1.9975605298485435,0.10652496978639059,-1.0404914926492768,0.022681798405129464,-0.4570182617966672,-0.9157545010303759,1.396220148831958,-0.7679094370992485,-0.004701786822041298,-0.11713740948661357,-0.000799468290627952,0.08751805462958195,-0.989425893021849,-0.10606106860544806,-0.05544834537468659,-0.041818170111485795,-0.06893551563412298
6.254968222764032,-1.061365038053749,-1.5530151255791786,0.03269526458868613,1.997449337784184,0.1065253068767767,-1.0404187960547289,0.02256514085964639,-0.4571453591880985,-0.9156786940366849,1.3963375525980972,-0.7679672851147108,-0.004705858815684383,-0.1171354099509313,-0.0008053899633705035,0.08751908235698298,-0.9894320880268747,-0.10606614159261672,-0.055454747828647545,-0.04181166611965844,-0.06893969544230445
6.582500900473238,-1.3839955288522656,-1.605828000998162,0.03273475095543616,1.9970152087210773,0.10627132496438473,-1.0404756108865105,0.022127682761813424,-0.4575931047257045,-0.9158173514525771,1.3967762436037998,-0.7678036985225866,-0.004684676715012061,-0.11715877844426192,-0.0007874589992621123,0.08754720151186282,-0.9894141652031002,-0.10604564410924695,-0.05543374884572495,-0.04183252008781855,-0.06893092502577905
6.299010200940785,-1.2843138788288768,-1.220092869471128,0.03267365897458938,1.9975430854355039,0.10704612803761725,-1.0395820905612032,0.022649424700123547,-0.4574326790191448,-0.9146907216642186,1.3962543325647427,-0.7688604335178097,-0.004788520176846606,-0.11710415625911323,-0.00088144036842816,0.08745648581284876,-0.9895285310996578,-0.10613960715272105,-0.05555044014913812,-0.04171635012889804,-0.06898117469086175
6.06667497133595,-0.9424017234526328,-1.1712491838203225,0.032702924816975766,1.9979201229536014,0.107522508864631,-1.038953607489891,0.023020242483463207,-0.45731160969560186,-0.9139851492814534,1.3958834187781572,-0.7695249698127185,-0.004871331022214745,-0.1170609601642995,-0.0009676267830541583,0.08738647254453957,-0.9896233247776812,-0.10623086925956851,-0.055646653600672905,-0.041619536310130816,-0.06903271348331652
5.959246417061934,-0.6885547031082366,-0.47817764953974173,0.0329432281940552,1.9980530080827703,0.10775880386596418,-1.0382569833374145,0.02314709047531442,-0.45744673285196297,-0.9134640911246035,1.395756848933735,-0.7700015785003339,-0.0049057137759524454,-0.11705564853898304,-0.0010088446582782943,0.08737467617334221,-0.9896701334735243,-0.10627070946465443,-0.055692174356555046,-0.04157328263786604,-0.06906037686170642
5.839112741198918,-0.5884304788878525,-0.5831427011951045,0.03309059702085081,1.9981956805417886,0.1079931224978731,-1.037812549701722,0.02328308149858189,-0.45739376614668026,-0.9130979617811429,1.395621111389668,-0.7703405679945008,-0.004937273577901245,-0.11704304994983755,-0.0010500627693166165,0.08735996244655472,-0.9897114432332579,-0.10631379031931286,-0.0557334805128113,-0.0415309795670326,-0.06908955532078312
5.746580634381163,-0.6349841626451669,-1.2736648250182379,0.033058825783535806,1.9984889080209762,0.10843923304367716,-1.0374456761681163,0.023568808566317854,-0.4571315071615364,-0.9125696969905444,1.3953353147958256,-0.7708372261655495,-0.005038072831094444,-0.11696956725094107,-0.0011836726714512062,0.08726448735592483,-0.9898288683569677,-0.10647211548259368,-0.055853094985910956,-0.041408010389004206,-0.06918473813409642
5.852910912704189,-0.6318345109799953,-1.0305110008941347,0.033195207756874526,1.9985703245645026,0.10863476804451523,-1.037047903835632,0.023643713889789326,-0.4571322264501708,-0.9122383184563571,1.3952607468514733,-0.7711389774890735,-0.005093683746269166,-0.11695773272386678,-0.001274522526993625,0.087235193994992,-0.989908433187102,-0.10657224400565941,-0.05592769913240857,-0.04132991624622735,-0.06925940520206945
5.875272033443886,-0.7088760729226617,-0.936533701955589,0.03336636138208187,1.9983817896166194,0.10864432951431748,-1.0366838299041612,0.02344903052915786,-0.45741391573419615,-0.912024278635488,1.395456387563617,-0.7713115535825191,-0.005110250806324426,-0.11697276668003342,-0.0013150652998523702,0.08723799660416036,-0.989941710539547,-0.10661544119033026,-0.05595470420629868,-0.041300563919883716,-0.06929941149061195
5.846739332490351,-0.8405407563884104,-0.6796014103796917,0.033594746678497676,1.9992449950942268,0.10963831468412846,-1.0352308423418568,0.02430386763538752,-0.4570448141857733,-0.9105765283958186,1.3946001918784265,-0.772676085249367,-0.005190500663835919,-0.11693575706457575,-0.00146321327057161,0.08718151207501833,-0.9900514724334302,-0.10679122551285483,-0.05605962339686295,-0.04118882587089782,-0.06943328602743327
5.699901990596352,-0.6274101195840884,-0.3973538237750175,0.03380427257120368,1.9998182438535483,0.11036652082302843,-1.0341450816069526,0.024868881346814257,-0.4567820674521219,-0.9095133486248771,1.3940341231085251,-0.7736695068944823,-0.005213291075576318,-0.11692262666381582,-0.00153101245456941,0.08717127912922837,-0.9900881838626516,-0.10687629147897698,-0.056093600285954275,-0.04115023388652827,-0.06950946847436797
5.53790521244271,-0.420594895377615,-0.15660578700393987,0.03405050110674685,1.999923158401796,0.11055579883903863,-1.0335720017505718,0.024967571194270035,-0.456839184243905,-0.9091269051484991,1.3939355766789074,-0.7740199974368589,-0.005186222306386566,-0.11693395511095177,-0.0015044526279813352,0.08720254647214641,-0.990057588975757,-0.10684528699584021,-0.056064046297135434,-0.04117977895125486,-0.0694969910153499
5.629330764805378,-0.5640353411870397,-0.41693025229810843,0.034296226843075386,2.0001699834983575,0.11087098369958255,-1.0328648737566442,0.02520841671124575,-0.4568286043018002,-0.9085763588118226,1.39369440361639,-0.774528020077372,-0.005196416401335615,-0.11693377351042912,-0.001548022453901848,0.08720576717604481,-0.9900788645163104,-0.10689573035576456,-0.05608221595531055,-0.041158260930979594,-0.0695504584554971
5.336719380386657,-0.47720209750153636,-1.3749306138181052,0.03423571729432392,2.000336597389164,0.1112003229279149,-1.0327064804862252,0.02536800335906284,-0.45659200830748536,-0.9082377356081481,1.3935347304551804,-0.7748410036391814,-0.005283641158847845,-0.11684008608357783,-0.0017534598355990645,0.08710677310033298,-0.9901892573881598,-0.1071829949484854,-0.05618928202275531,-0.04103906195204106,-0.06976947720397271
5.112625535826317,-0.8764345382195164,-2.351884623287258,0.03469982416603913,2.0012190876297122,0.11243754196016893,-1.0306333069027438,0.02623919215398023,-0.45630330362095445,-0.9063112159053471,1.3926610636578216,-0.776621459150791,-0.005907072570365888,-0.11658232222120538,-0.002727926148907438,0.08662179217952823,-0.9909877394655366,-0.10819058847740778,-0.056938094313492275,-0.04024260413216138,-0.07079037653884056
5.2708323140725275,-1.0529104960501658,-2.764214141027339,0.03185261621953135,2.001417971210747,0.1128264903610459,-1.0350775687485505,0.02643529708147527,-0.4540565359981266,-0.9078896557649453,1.3924645063492995,-0.7752467926457226,-0.0051818394944112235,-0.11644359769937555,-0.0014998253350817787,0.08677784831575593,-0.9899067341969509,-0.10713392637296243,-0.05596965858122866,-0.04130758489206499,-0.06944763348058697
5.143182303215522,-0.7095393789477845,-1.61474497832121,0.031770987081423056,2.0016793603322696,0.11334017334385023,-1.0347822882171853,0.026688961717962607,-0.4538102658016479,-0.9072632966173652,1.3922101985601953,-0.7758236760112533,-0.005276192119899568,-0.11639394960021605,-0.0015522808811300973,0.08671116536990663,-0.9899882160396027,-0.10719645446375671,-0.05606295469613985,-0.041222242795295815,-0.06947355280681144
5.3159858758444445,-0.9351249875405067,-2.1309942513553497,0.03217218672762876,2.001950523478188,0.11385374691027597,-1.0336231580727615,0.026951757517549912,-0.4540119261396776,-0.9061911662404599,1.3919466762455752,-0.7767952797472287,-0.005506497534306599,-0.11636919000196488,-0.0017244030691829695,0.08656751216904536,-0.9902185822805194,-0.10739676779982801,-0.05630741433068899,-0.04099396289985914,-0.06957925502218451
5.279990188515926,-0.9125480048883875,-2.089857075601452,0.03249781805655766,2.0021542726151047,0.1142537348231101,-1.0326601430950226,0.027148086129532973,-0.45423642581318374,-0.9053031527088103,1.3917498427791204,-0.7775964906363859,-0.005658971007543812,-0.11636926973554305,-0.0018577861854275751,0.08650183679214245,-0.9903933111191318,-0.10754433456982025,-0.05648738232585269,-0.04082056202673153,-0.06967644930161682
5.802170332700941,-1.2646009058138061,-1.7363580694071092,0.03241805183913866,2.001333343720738,0.11336175589884222,-1.0336196230291217,0.02632811064665521,-0.4547677522912477,-0.906492774734983,1.392573782045742,-0.7764750507767657,-0.005492473941195471,-0.11650352609326149,-0.0016859546800292865,0.08670216560648386,-0.9902300860566445,-0.10728752626997357,-0.05631386384951374,-0.04098901104634083,-0.06955143172210745
5.875583269286147,-1.4170030845945543,-2.3515164506484685,0.031269359196935666,1.9989254099007765,0.11123382674603803,-1.0372148794212934,0.023923682272290428,-0.4555571971446969,-0.9098340151347147,1.3949876984258234,-0.7733009238691063,-0.004994122205742108,-0.11676295507438057,-0.001217894990342615,0.08715635417501941,-0.9897247822354629,-0.1066795822649564,-0.05578053936013526,-0.04150232121924923,-0.06921901044453393
5.890138846054663,-1.4420990397278046,-2.2097274494135712,0.03218385527029296,1.998672017356022,0.11090976571092584,-1.0359889288319828,0.023667942564809363,-0.45660743583992397,-0.9094419926588636,1.395244393900893,-0.7736306126694112,-0.005108170659255582,-0.11684603089195439,-0.0012690432824583192,0.08713078041389222,-0.9898376652646019,-0.10670924610125199,-0.05589681446410245,-0.041397912517786795,-0.06924040268123116
6.070019879891579,-1.5323920771319084,-1.5505337148300933,0.03272279627563809,1.9979741887234188,0.1095805663339561,-1.0365119553782032,0.02297712132566177,-0.4574765033707838,-0.9108725340051872,1.3959368888474821,-0.7722916921128673,-0.00502230669255044,-0.11696455963049625,-0.001195645967628566,0.08728499445023605,-0.9897729615458518,-0.10659249468429535,-0.05582288969805501,-0.041466827725420825,-0.06919610701972584
6.208788702828901,-1.6301322806985974,-1.713006084021027,0.03302788562267029,1.998710266519923,0.10987685697377322,-1.0356641144754861,0.023715260644448424,-0.45759770202179995,-0.91019603137527,1.3951978420537114,-0.772964382233788,-0.005078470262856679,-0.11696137475553668,-0.0012138087979478975,0.08725931599820834,-0.9898217007634624,-0.1065993831265292,-0.05587794068318998,-0.04141752308152578,-0.06920117444927282
6.354503640066976,-1.7037929858725085,-1.75925985909589,0.03290165114458593,1.9976432120606975,0.10834596651137589,-1.0371170749595888,0.02265652082101769,-0.45855165851806157,-0.9120058836965752,1.3962590037393967,-0.7712501977915593,-0.004927865963175051,-0.11708384161057274,-0.0011056383021852282,0.08744674062126528,-0.9896966033800104,-0.10645205062672568,-0.055738020170284765,-0.041546102015188054,-0.06914042705735635
6.40011430531279,-1.5623628471507616,-1.54942294317061,0.032507547877254156,1.9975189538020413,0.10828638579289426,-1.0375951000436687,0.02253173070387824,-0.4586672191129724,-0.912120997557624,1.3963843186662213,-0.7711372364479057,-0.004901657481684224,-0.11708999028344076,-0.0010769482001595217,0.08748002863787613,-0.9896718056776499,-0.1064099960372177,-0.0557127049378448,-0.04156961505314691,-0.06912225063255067
6.394894504868458,-1.7109751844094463,-1.8311576262135225,0.03236178769658551,1.998388218676297,0.10920507412159469,-1.036539641150527,0.023400652260135903,-0.4587470474731576,-0.9106484121163818,1.3955145800111404,-0.7725421462876871,-0.00501024817361912,-0.11703199509881498,-0.001123407545101862,0.08736704368780805,-0.9897566470384116,-0.10645824397822966,-0.055809186257819915,-0.04148330044033689,-0.06914002755992386
6.423473352999669,-1.5224730635992616,-1.4619530705297012,0.03250978944540739,1.9992810040309164,0.1099134725099758,-1.0355854903789936,0.024292695448248868,-0.45859233963887047,-0.909579370540441,1.3946211829621018,-0.7735813355026069,-0.005080798356505375,-0.11699711107737423,-0.0011514370233121159,0.0873084322028924,-0.9898146257741703,-0.10648345289605611,-0.05587579195679837,-0.041423451572245466,-0.06915043988908776
6.586806162043938,-1.3549234101805896,-1.5766628444710724,0.03277848188795053,1.9990527239112554,0.11022664017432736,-1.0345703055519613,0.024058218006367354,-0.45934489621957836,-0.9086135725538996,1.3948566310613597,-0.7744300090961549,-0.005163900261931282,-0.11699322736584745,-0.0011886362537155382,0.08724007742309818,-0.9898902331658522,-0.10652011835870899,-0.05595648763425556,-0.04135038502254656,-0.06916643674488306
6.711319093846428,-1.428913075258332,-1.0913737025782981,0.03268988806809153,2.000129283843416,0.11172922166917988,-1.033102133984566,0.025127844990970476,-0.4589600889597277,-0.9065706725479112,1.393784962394158,-0.776355748239212,-0.005232777166398858,-0.11693319816925714,-0.0012211266393061257,0.08716144427348173,-0.9899469605788644,-0.10655832861252978,-0.05602205707434103,-0.04129031252022905,-0.06918161454133565
6.555071592222046,-0.9612454485492582,0.2627966571043898,0.033607635505514065,2.0000832207677797,0.1113648407923755,-1.0318610407807352,0.025082751569887585,-0.4600336723799182,-0.9062213921039018,1.393830430378839,-0.7766647308580573,-0.005161563834469228,-0.11693728992128301,-0.0011698313768433426,0.08721990070945333,-0.9898769476348295,-0.10649631335776474,-0.05594903974595598,-0.041357103909568434,-0.06915331534222177
6.350732603004718,-0.608861492093734,0.6344251939122711,0.0337988103049664,1.9996847616297708,0.11084626970106093,-1.0321018787201397,0.024683109070552694,-0.4604149209638189,-0.9067709182751741,1.3942315294929415,-0.7761406978267957,-0.005135894010701374,-0.11691793106040144,-0.001146485450998698,0.08723141890469704,-0.9898474665951598,-0.10646867492612591,-0.05592070422491764,-0.04138294082678089,-0.06913980415521997
5.9216255348702225,-0.00906961338475145,1.332727912576915,0.03398422322486558,1.9996680523146702,0.11082004476444918,-1.031968723009473,0.02466140083648077,-0.46040873174597136,-0.9067974100043382,1.3942536450578913,-0.7761156935440264,-0.004757737496771401,-0.11693726892125407,-0.000920870303393582,0.08751628135855337,-0.9894862850058639,-0.10621893683845257,-0.055537332010295815,-0.041733369682926194,-0.06902489477332255
5.99535468457608,-0.2076837561785568,1.9665329384098813,0.034421074936450885,2.0003414708839355,0.11121788020842915,-1.0310408188534699,0.025331752027079928,-0.46026164145168297,-0.9061526724926733,1.3935818194447351,-0.7767492016612704,-0.0042699782537487544,-0.11715201662489959,-0.0006740481806670053,0.08799702806554321,-0.9890892675298051,-0.10595020381319431,-0.05509694368652078,-0.042130861217934766,-0.0689193143967506
5.999183266715504,-0.27270319771311197,2.3591954764489658,0.03464247892657259,2.0017593331741272,0.1124172700215167,-1.029703483432785,0.02674517533271135,-0.45946813842376405,-0.9047063794746228,1.3921643922789504,-0.7781604927830819,-0.003680374877115823,-0.117730253037743,-0.0004214553881015063,0.08868812929269851,-0.9886893594782554,-0.1056997298933725,-0.05462771023968979,-0.04255043089933045,-0.06883679598303756
5.94107957782053,-0.022190326288693392,1.2835303634991577,0.03471822977711174,2.0018140753352567,0.11246184381319274,-1.0296603617571454,0.026795145900812705,-0.45935200876099885,-0.9047113597886938,1.3921144798879315,-0.7781601100661525,-0.0036307381707180028,-0.1178219856363621,-0.00041509633238834336,0.08877219616237873,-0.9886804957716555,-0.10569844215395748,-0.054611525213321944,-0.04256253928578558,-0.0688380906663125
5.921387975077715,0.25774208233121115,0.9592465543030431,0.03475140338300283,2.001609237732807,0.11224408467931146,-1.029937564970002,0.026585685306541502,-0.4593334696732038,-0.9050734837128289,1.3923250316113065,-0.7778199316744286,-0.003674834718546247,-0.11780236989925626,-0.00043532759123765904,0.0887336536417277,-0.9887198336345712,-0.10571702799496711,-0.054655785401163066,-0.0425221778340666,-0.06884476555508363
5.754231922115519,0.4812221110287984,0.8288982442592843,0.03477521404968623,2.0013634635439232,0.11186056162653919,-1.030440841771712,0.02633687062409728,-0.4592807516918261,-0.9057068182058269,1.3925750416527582,-0.7772344500026396,-0.003715703867627712,-0.11778020777659495,-0.0004532187722156093,0.08869862729563505,-0.9887549678832153,-0.10573318796965432,-0.054696144430450414,-0.042485455369559166,-0.06885059615852583
5.865524652771517,0.2935839647702449,0.14781180808668823,0.0349969537766932,2.0006520143222315,0.11091221158542296,-1.0312207361635628,0.025624344582179843,-0.4596410542133798,-0.9069294718401774,1.3932904105668287,-0.7760830335710918,-0.0037777162162903953,-0.11775419337250742,-0.0004761795453734617,0.08864108000233464,-0.9888022911115927,-0.10575259846022897,-0.05474947569523005,-0.04243760233207359,-0.06885726329566749
5.761070124927344,0.4945054333956242,0.2789804443307736,0.03531801495801529,1.999692507109066,0.10953587154663771,-1.0322516147664946,0.024665945757000426,-0.46026036577065904,-0.9085914389022167,1.3942520827107552,-0.7745137391421714,-0.0038188924095228166,-0.11775232390969828,-0.0004916753406005194,0.08860884439940411,-0.9888368484441671,-0.10576561369072503,-0.05478739238940905,-0.04240341484236862,-0.06886197798647818
5.48205221615271,0.6353669906906623,0.22529022383614053,0.0356273207360659,1.9981948032190273,0.10743633994090858,-1.033912266892927,0.023172918825682398,-0.46138732061530485,-0.9109968447813253,1.3957490697326993,-0.772222609088786,-0.0038526573690514654,-0.11775110206793861,-0.0005043804407951046,0.08858222726815973,-0.9888654773221396,-0.10577617367926613,-0.054818781025551495,-0.042375085869049076,-0.06886584262265556
5.323975704808398,0.3723004259921118,-0.7159487722658151,0.03581294133750913,1.9969579199798988,0.1058075145202688,-1.0352462163796998,0.02193894582081979,-0.4623828077646594,-0.9127873343354584,1.3969851779433535,-0.770497854563433,-0.0040361267946988294,-0.11754771307637693,-0.000568407173726913,0.08836239235277764,-0.98897630719703,-0.10583001350171657,-0.05495313719906946,-0.042256142324292874,-0.06888226328588477
5.530810731123125,-0.7671928049256467,-2.522306266136841,0.035766662425966926,1.9974638826249056,0.10662524833482019,-1.0346857298481464,0.02243590926757499,-0.4617242442705337,-0.9120407214295604,1.3964882740585414,-0.7712215497738673,-0.004325805485785915,-0.11721802876133325,-0.0006772366498919098,0.08801582914056205,-0.9891594190764251,-0.10592701182765098,-0.05517278525989917,-0.04206069224883014,-0.0689122995951884
5.467525867767447,-0.8160170983032026,-2.8824832623058394,0.035581804865659324,1.997765912168157,0.10730527540983957,-1.0344773265518468,0.022728802008294663,-0.4610836664309801,-0.9115191484472933,1.3961954918505652,-0.7717223264205086,-0.004517560171461244,-0.11694659988130596,-0.0007599302254566462,0.08777763082803607,-0.9892882982423459,-0.10600878143135874,-0.055329111465649984,-0.041919919397158646,-0.06893870999045042
5.645290546788755,-1.4358434214712832,-3.934397608669582,0.03509393740295963,1.9967607629482198,0.10752276890324572,-1.0349333148589952,0.021709796452110384,-0.4611260806939689,-0.9114253770497203,1.3972162653034332,-0.7717256205890357,-0.004504307496203518,-0.11690887299784117,-0.0007543267025249498,0.08775923083744609,-0.9892747662193628,-0.1060058008736057,-0.05531257761360175,-0.04193495988158607,-0.06893628372079758
5.967789150409182,-2.2485285755047215,-3.995577167322505,0.03272170427639693,1.9984437992273258,0.10934509278230134,-1.0371815027688907,0.023390099350288976,-0.45785759887960603,-0.9111901639099514,1.3955353100641794,-0.772080936086082,-0.004330511411788967,-0.11662244988988583,-0.0006815467258028599,0.0878204934303565,-0.9890882010767207,-0.10594669961805862,-0.05514291203580043,-0.04208867147495085,-0.06891054812727647
5.974435012877188,-2.5431943937702917,-4.1718390937156675,0.03240033846346927,1.9956697504325653,0.10672545051817006,-1.0402503290539538,0.020623882835426727,-0.4590085166377977,-0.9146557657564028,1.3983059688747137,-0.768701871383109,-0.003970274026424737,-0.1169824267243327,-0.0005152344017545813,0.08824565724992138,-0.9888284605919079,-0.1057795906114961,-0.05484249935261836,-0.04236143245005735,-0.06885531121798688
5.994474846109542,-2.497310703667745,-4.03687595406059,0.032498148451467194,1.9952396835113402,0.10653402423425243,-1.0404113448186059,0.02019598996757811,-0.4592051846829843,-0.9149011458534353,1.3987339646548151,-0.7684438090373417,-0.004032013015655115,-0.11702074283059696,-0.0005388867409194611,0.08821011811016453,-0.9888852513245572,-0.10579890723122702,-0.05489900717860539,-0.042310493151104744,-0.0688628491539469
5.702343066747014,-2.3345836325818063,-4.6310075785856535,0.03205080337001246,1.9939426820885133,0.10607222990194207,-1.0418907649920872,0.018892498345782903,-0.4589021399307299,-0.9160369654618379,1.4000371563765612,-0.7672958141688497,-0.003941627581076266,-0.11708981756286409,-0.0005077873761403423,0.0883399683657428,-0.9888329884120175,-0.10577115831987247,-0.0548377856953223,-0.042364795330357016,-0.06885570736781434
5.530349948173038,-2.3102752955657366,-4.55237673794678,0.03123271411629568,1.993610463192092,0.10656892809629563,-1.0431636093251566,0.018551563769854732,-0.45756059940113086,-0.9164527933064867,1.400378005047889,-0.7668872589547177,-0.0039359596672292494,-0.11699023348517582,-0.0005106692904152115,0.08835221732191743,-0.9888273167917994,-0.1057748882602658,-0.054840469070698325,-0.04236177433509358,-0.06885791126177974
5.625890173584168,-3.422579318090126,-6.396370910938657,0.02728351464038057,1.996247770671148,0.1113902517623455,-1.0448872238976397,0.021166833930811733,-0.45237460025713905,-0.9134266870872171,1.3977671756032606,-0.769894160116721,-0.004258082195994211,-0.11628490561434209,-0.000643329270536816,0.08789395747465277,-0.9889913889138586,-0.10589427546527644,-0.055078812196203725,-0.042147962491842945,-0.06889331997292544
5.0651794457155415,-3.169484298939682,-6.225914849328499,0.028517180902231577,1.9911411128628242,0.10763360960856416,-1.0492900769126787,0.016061435389379868,-0.4524596618484889,-0.9195378132750683,1.4028736082636124,-0.7638750859903806,-0.0034947449127396227,-0.11684354023022779,-0.00023748568594979312,0.08870718044344936,-0.9883679816644613,-0.10550503757108365,-0.05440092698036261,-0.04278060191031426,-0.06875943148324877
5.72008379304775,-4.0471479447016385,-6.89618969827699,0.034246098458307256,1.9870657885712237,0.10386034475935733,-1.0448982189489284,0.0119913886549861,-0.4579423645755197,-0.9206948175599721,1.4069325623564977,-0.7624602272748171,-0.0036903666088422037,-0.11734437022332495,-0.00029397727473975325,0.08864003323121306,-0.9885822351529444,-0.10555260818665428,-0.05457146473353593,-0.04262570792640909,-0.0687767374112368
5.906325129895812,-4.277101699608996,-6.7649972572774955,0.03607540600208121,1.9827087299502713,0.0988540113913296,-1.048533632718344,0.007655464658401134,-0.4604735578810679,-0.9261051836738288,1.4112483977108903,-0.7570611629419799,-0.003377567709735385,-0.11785864052906252,-0.00022985206456686288,0.08907991495590681,-0.9884220945321045,-0.10552776465713241,-0.05436025524848329,-0.04281556647152358,-0.06877405599099444
5.79605058516251,-4.085704380680159,-6.0463416112226875,0.03391246920119681,1.9839513471124475,0.10085371075098132,-1.0504982971289474,0.00890456240080516,-0.45712646520483186,-0.9257802775395344,1.4100077400074684,-0.7574711987011205,-0.0035097279471851296,-0.11756170341597601,-0.00028502950551417827,0.08893421061360911,-0.9884991333502994,-0.10557403808850604,-0.05447066729986581,-0.04271430033516198,-0.06878989881349788
5.738794935151026,-4.039989072889135,-6.307529217873821,0.033311322885939146,1.9833538959154493,0.10160040469439796,-1.0507631139019287,0.008305322359504779,-0.45643658128984493,-0.9253774807055668,1.4106028534209563,-0.7578052428166148,-0.0036755645158471147,-0.11744675818675089,-0.0003457502230504298,0.0887700200120042,-0.988622102473555,-0.10562216371513605,-0.05460583459185127,-0.04259082767007126,-0.06880605898940118
6.142553157979262,-4.31250181892782,-5.305626742657145,0.03416447039649833,1.9825722159740078,0.10078969816977484,-1.0504975024324585,0.007551219036330964,-0.45731276959835127,-0.9259495551622602,1.4113510255238415,-0.7572054029552724,-0.0037668810167449064,-0.11748982005529947,-0.00038327649291951287,0.08870075023254358,-0.9887072995995417,-0.10565473794937717,-0.054688188706462804,-0.04251516440526207,-0.06881785721960035
5.837333147876257,-4.105165534559199,-5.973587986341643,0.03415255285509202,1.9799234401876096,0.09782179985211506,-1.0537456722538618,0.004921542723523718,-0.45858128547115984,-0.9293013378272943,1.4139621526589883,-0.7538297647481116,-0.003550040689537353,-0.11773262704787837,-0.0003126629186733915,0.08896490231967237,-0.9885727796476093,-0.10560911530064104,-0.05452965175008741,-0.04265998405294767,-0.06880685151633836
5.8681832384789505,-4.180828175240519,-6.288618257982071,0.033607870331679744,1.9815244540935364,0.10054701139423222,-1.0512331885328399,0.0065249196319360344,-0.4573167453584956,-0.9264598381156172,1.4123714233891311,-0.7566649903655005,-0.0039003840788206967,-0.11743370731931944,-0.00043343835892152886,0.08856552840125645,-0.9888065957057266,-0.10569426100735259,-0.05479472106459784,-0.042418081405514174,-0.06883248497608235
5.779457050184675,-4.192722771131798,-6.958032883195856,0.0323824779372948,1.982358785023955,0.10167640308753634,-1.051662417372204,0.007362819212153417,-0.4556812186614006,-0.9258918623870032,1.4115390926006268,-0.7572697125454749,-0.003979162307982436,-0.11725518070558592,-0.0004738317640900785,0.08845329716632523,-0.9888507642499773,-0.10573096589122674,-0.054860364241366436,-0.04235744356825553,-0.06884443961700545
5.642150496159293,-4.130323335483891,-8.043814533723863,0.02664277203322446,1.9861479577722414,0.10724977653639882,-1.0546950445160248,0.011129749822657953,-0.44890943337555733,-0.9229600511260293,1.4077951404822608,-0.7603336268622577,-0.00416763689078305,-0.11645307242828062,-0.0005890286796249618,0.08805521727174308,-0.9888814864561071,-0.10584372097941862,-0.05499570507884251,-0.04223129457466858,-0.06887622473739327
5.2832774706757615,-3.800077122626685,-7.317576474348075,0.022405328806823804,1.9875233344814505,0.11027729608573371,-1.0573942076413794,0.012489339580887441,-0.4457215852116752,-0.921162843207743,1.4064407343235055,-0.7621243561744798,-0.004368867407423887,-0.11610558922386824,-0.0007109452559939848,0.08775881145791568,-0.9890061805565534,-0.10596971157252881,-0.05516413129000924,-0.042073537118901966,-0.06891518071068872
5.100104558956308,-3.848649420231703,-8.196950109846902,0.019066856919669705,1.9876472067918018,0.1122741906118369,-1.0586156070842672,0.012591356116352979,-0.444941183012425,-0.9189314848055985,1.406339389813301,-0.7642186064568458,-0.00478479221342551,-0.11591919438802796,-0.0009845915061851525,0.08734117369862225,-0.9893928962191733,-0.10625226832797825,-0.055562647913410444,-0.04169503698057249,-0.0690177738240046
4.88928267104923,-3.5268093263810925,-7.725654624572452,0.02748807709902709,1.981046068797368,0.1070969566400393,-1.0592024342877835,0.005990152489192362,-0.4444221886953551,-0.9269406021155672,1.4129287222627904,-0.7562765904691086,-0.0036996579462742593,-0.1165446625035488,7.700835086875344e-5,0.08836639938631934,-0.9882848486457791,-0.10514709206573489,-0.05444397873591943,-0.04280847342726143,-0.0682766449424782
5.270966901233404,-4.155243474263522,-7.256774108555839,0.02578803693924781,1.981671851542482,0.10961218281302824,-1.057556203929505,0.006599998872047664,-0.44473074389782963,-0.9237473521493117,1.412322281288231,-0.7593722182077098,-0.004086659708041835,-0.11631723235906254,1.4229021980429022e-5,0.08795130955501024,-0.9885874278123974,-0.1052285601475644,-0.054754162781903336,-0.04251711709416818,-0.06833733071502887
5.087086588111142,-4.131137221397952,-8.076918416634058,0.021891621401854914,1.9849050585628316,0.11388728370155808,-1.0592862773235274,0.009820988268806143,-0.4409350149655552,-0.9204013522948967,1.4091178560364466,-0.7627594008954658,-0.004463874339889341,-0.11580571859611165,-5.518481569433785e-5,0.08749749186422659,-0.9888783978520386,-0.1052994809548308,-0.05508166754282603,-0.04220673335903801,-0.06839157879664522
5.014662151341042,-3.9843576783479224,-7.538862869123894,0.024689854809517877,1.981755304552143,0.11197570197634381,-1.0606607397059638,0.006671076153260286,-0.43989127977097325,-0.9239508254079296,1.4122584077021614,-0.7592177046766535,-0.004061390276176869,-0.11610760930151512,-0.0001075436357657266,0.087921630769076,-0.9885338320673408,-0.10536209154691559,-0.0547098038183155,-0.04255654280244157,-0.06844029164242407
4.852852759507577,-3.8310774481408862,-7.705607801668084,0.02133213208945444,1.9832307220501824,0.11504293215010367,-1.0632108050391524,0.00812921118638509,-0.43735551766420505,-0.921695983939219,1.4108072186889613,-0.7614536390488725,-0.0043463709281959745,-0.1157586316860216,-0.0001910672313692283,0.08759434535644302,-0.9887683558848074,-0.10542635510537218,-0.054964948521603274,-0.04231292977446124,-0.06848728069253211
4.928690138673469,-3.9770991449573097,-7.859310493566452,0.02270115784532991,1.9805252791792138,0.11425442090535202,-1.0643566722497646,0.005412047457859268,-0.4368211066408078,-0.9235600790679879,1.4135142792104132,-0.7595195184669897,-0.004141185469709641,-0.11595133994336485,-0.0002120653055830472,0.0878205122882586,-0.9886131648648342,-0.10546654698619484,-0.0547888504172544,-0.042476869878862414,-0.06852296053129511
4.92347956735616,-3.9881807092311514,-7.721697738423246,0.021626904291442487,1.9801495496722572,0.11548526637730969,-1.0667913726039155,0.005024699292448468,-0.43442008663482173,-0.9237428996622736,1.4138992101896024,-0.7593223241131383,-0.004136780391381174,-0.11586825649149286,-0.00025838220398745614,0.08781930097912832,-0.9886206264906389,-0.10551392051275535,-0.05479868634116953,-0.04246413742560052,-0.06855961238468454
4.52257713238495,-3.633866460660925,-7.419462823784958,0.017312947121916368,1.9814137603903812,0.11842271632256955,-1.0701065038434225,0.006270703373093926,-0.432854753698405,-0.9211673754291796,1.4126599294965287,-0.7618476770655618,-0.004489071832318043,-0.11555330945423788,-0.00038474398375085524,0.08742671181822467,-0.9889220262374063,-0.10559919278025869,-0.0551163491297557,-0.04216027607903294,-0.06861023769124261
4.493118930513549,-3.74171502269101,-7.190359565495647,0.022195596301685504,1.9783701989853018,0.11671003079094967,-1.0683794784936662,0.003230295221225571,-0.4322071666444236,-0.9242685615526083,1.4156863947193394,-0.7587312047639148,-0.00411698374590253,-0.11585250949708367,-0.0002844975554079048,0.08781406324564227,-0.9885903105420113,-0.10554760528445366,-0.05476380011110081,-0.04249834754906548,-0.06859895614369058
5.543022438720249,-4.780829445264618,-8.371879844901313,0.023313642639131594,1.9760093948846114,0.11571686497428528,-1.0688079574720355,0.0008733345513416499,-0.43277943154853504,-0.9256538503711546,1.4180283757695544,-0.7572636150131427,-0.0040375194477753566,-0.11606164646201304,-0.0002938555588406686,0.08794065892404285,-0.9885624709613376,-0.10557026424265392,-0.05471444208303785,-0.042542406972309876,-0.06862151140500572
5.443584554832138,-4.556887454854741,-7.767689973445023,0.0263742655424131,1.9719852463512462,0.11280720319178253,-1.0667030911046964,-0.003150430854498851,-0.43591771767861454,-0.9279273380324247,1.4220251862683302,-0.7548294175931881,-0.003924883008147681,-0.11646523581916397,-0.0002816768670297669,0.08814213124575922,-0.9885288106495745,-0.105577884806284,-0.054643161969133845,-0.04260750001883128,-0.06863682380039153
5.076824350855199,-4.36224394687965,-8.111092433299957,0.022540667946319787,1.9757107337625441,0.11720280452419876,-1.0694356940713308,0.0005704763002189595,-0.43186976788655285,-0.924483439951488,1.4183336868843848,-0.7583657951102749,-0.004278507438138075,-0.115950507577554,-0.00042762725415588506,0.08772274057837287,-0.9887882536537066,-0.10567280102015021,-0.054944487543438135,-0.042319234711972145,-0.06868706500742426
5.285928327933774,-4.450567716065891,-7.715689823645925,0.02556560147642772,1.971938008561585,0.11430624243148256,-1.0680644624103095,-0.0031998050048541024,-0.4341543704210232,-0.9273707842530227,1.4220838185963651,-0.7553803921750764,-0.004044497813132006,-0.11634669781149659,-0.00032920777986178846,0.08801722598586101,-0.9886202486041281,-0.10560855503416512,-0.054743734330328725,-0.04251142397727396,-0.0686659084741588
5.293120103903326,-4.442196450607398,-7.163566876941095,0.02539105311203091,1.9705134890799565,0.11391839220451015,-1.0670031820619563,-0.004624447714615517,-0.43683725580360105,-0.926574731141798,1.4234968990599564,-0.7560324914311277,-0.004182725247518421,-0.11645405962510327,-0.00040002081529642055,0.08790940343465739,-0.9887746062225812,-0.10566245632883968,-0.05487949422270026,-0.04237987803723064,-0.0686983595528527
5.2486798678611635,-4.4878774696127435,-7.581769165272836,0.024814721239739712,1.9700561726536392,0.11399888232312,-1.068559417233962,-0.0050741137673561134,-0.43631347180957775,-0.9269514866302719,1.4239414671421322,-0.755642959028075,-0.004153180075273527,-0.11648755038904218,-0.00040612786165130326,0.0879373682224481,-0.9887587815491802,-0.10567615339136643,-0.054861113439976496,-0.042396014511574626,-0.06871125751923808
5.111613502870001,-4.336977868388153,-7.276768131046544,0.024673791361978236,1.9698400166298269,0.11393792730521883,-1.06903040588497,-0.0052800304046600535,-0.43631172943692803,-0.9271071717538306,1.424144134564897,-0.7554801149068501,-0.004170879076479002,-0.1165373077678691,-0.00042874634172017443,0.08793654926978563,-0.9887905858072659,-0.10569897325391589,-0.054887960151853495,-0.04236885124903642,-0.06872819178670099
4.970882782086311,-4.155353924151613,-7.472189052449197,0.02386733559266122,1.9696907114215083,0.11459885506095356,-1.0703620021372156,-0.005431810238980328,-0.43537888681694187,-0.9269184662514703,1.4242933289825257,-0.7556475946011265,-0.0042047746498089745,-0.11649598428549499,-0.0004603716954914909,0.08789858669623765,-0.9888253108164776,-0.10572883974993295,-0.05492553859059023,-0.042331450519155545,-0.06874725763596846
4.888604886701456,-4.097630525454822,-7.501490230944782,0.022655047173893085,1.9692010444995902,0.1151975121725264,-1.0717062298266964,-0.005927759401124515,-0.4354987056076182,-0.9262996807910401,1.4247837747710375,-0.7561979064534784,-0.004291429518863762,-0.11646914993593352,-0.0005187250235977269,0.08780715592468635,-0.9889125625085082,-0.10577839006120808,-0.05501020887381566,-0.04224870090044467,-0.06877519627347903
