231.0,232.0,4.792,-3.973,-7.101
231.0,233.0,4.764,-4.016,-6.906
231.0,234.0,4.737,-4.041,-6.721
231.0,235.0,4.71,-4.051,-6.547
231.0,236.0,4.684,-4.047,-6.381
231.0,237.0,4.658,-4.031,-6.224
231.0,238.0,4.633,-4.006,-6.074
231.0,239.0,4.609,-3.972,-5.932
231.0,240.0,4.585,-3.932,-5.796
231.0,241.0,4.561,-3.885,-5.666
231.0,242.0,4.538,-3.833,-5.543
231.0,243.0,4.515,-3.777,-5.425
232.0,233.0,5.346,-4.463,-5.984
232.0,234.0,5.32,-4.356,-5.856
232.0,235.0,5.294,-4.251,-5.731
232.0,236.0,5.268,-4.148,-5.612
232.0,237.0,5.243,-4.047,-5.496
232.0,238.0,5.218,-3.949,-5.385
232.0,239.0,5.193,-3.852,-5.277
232.0,240.0,5.168,-3.758,-5.173
232.0,241.0,5.144,-3.667,-5.073
232.0,242.0,5.121,-3.578,-4.976
232.0,243.0,5.097,-3.491,-4.883
232.0,244.0,5.074,-3.407,-4.792
233.0,234.0,5.465,-4.48,-5.777
233.0,235.0,5.443,-4.403,-5.605
233.0,236.0,5.422,-4.322,-5.443
233.0,237.0,5.401,-4.238,-5.289
233.0,238.0,5.381,-4.151,-5.144
233.0,239.0,5.361,-4.062,-5.006
233.0,240.0,5.342,-3.972,-4.876
233.0,241.0,5.323,-3.882,-4.753
233.0,242.0,5.305,-3.791,-4.636
233.0,243.0,5.287,-3.702,-4.525
233.0,244.0,5.27,-3.613,-4.421
233.0,245.0,5.253,-3.525,-4.322
234.0,235.0,5.345,-4.178,-5.264
234.0,236.0,5.324,-4.097,-5.11
234.0,237.0,5.303,-4.013,-4.965
234.0,238.0,5.283,-3.927,-4.827
234.0,239.0,5.263,-3.84,-4.697
234.0,240.0,5.244,-3.752,-4.574
234.0,241.0,5.225,-3.664,-4.457
234.0,242.0,5.207,-3.576,-4.347
234.0,243.0,5.189,-3.488,-4.243
234.0,244.0,5.171,-3.402,-4.144
234.0,245.0,5.154,-3.317,-4.051
234.0,246.0,5.137,-3.233,-3.963
235.0,236.0,5.263,-3.881,-4.914
235.0,237.0,5.238,-3.752,-4.821
235.0,238.0,5.214,-3.63,-4.732
235.0,239.0,5.19,-3.516,-4.645
235.0,240.0,5.167,-3.409,-4.562
235.0,241.0,5.144,-3.307,-4.481
235.0,242.0,5.121,-3.212,-4.403
235.0,243.0,5.099,-3.121,-4.328
235.0,244.0,5.078,-3.036,-4.256
235.0,245.0,5.056,-2.954,-4.186
235.0,246.0,5.036,-2.876,-4.118
235.0,247.0,5.015,-2.802,-4.053
236.0,237.0,4.98,-3.544,-5.706
236.0,238.0,4.971,-3.536,-5.621
236.0,239.0,4.962,-3.519,-5.54
236.0,240.0,4.951,-3.497,-5.463
236.0,241.0,4.941,-3.471,-5.39
236.0,242.0,4.93,-3.44,-5.319
236.0,243.0,4.919,-3.406,-5.25
236.0,244.0,4.907,-3.37,-5.184
236.0,245.0,4.895,-3.332,-5.121
236.0,246.0,4.884,-3.293,-5.059
236.0,247.0,4.872,-3.253,-4.999
236.0,248.0,4.86,-3.212,-4.941
237.0,238.0,4.942,-3.305,-5.235
237.0,239.0,4.925,-3.243,-5.156
237.0,240.0,4.907,-3.182,-5.08
237.0,241.0,4.89,-3.122,-5.006
237.0,242.0,4.873,-3.063,-4.933
237.0,243.0,4.856,-3.005,-4.863
237.0,244.0,4.839,-2.948,-4.795
237.0,245.0,4.822,-2.893,-4.728
237.0,246.0,4.805,-2.839,-4.663
237.0,247.0,4.789,-2.786,-4.6
237.0,248.0,4.772,-2.734,-4.539
237.0,249.0,4.756,-2.684,-4.479
238.0,239.0,4.807,-3.089,-5.338
238.0,240.0,4.785,-3.101,-5.175
238.0,241.0,4.762,-3.096,-5.02
238.0,242.0,4.739,-3.075,-4.873
238.0,243.0,4.715,-3.042,-4.732
238.0,244.0,4.69,-2.999,-4.599
238.0,245.0,4.666,-2.949,-4.471
238.0,246.0,4.641,-2.892,-4.35
238.0,247.0,4.616,-2.83,-4.234
238.0,248.0,4.591,-2.764,-4.124
238.0,249.0,4.567,-2.696,-4.018
238.0,250.0,4.542,-2.627,-3.918
239.0,240.0,5.034,-3.07,-4.757
239.0,241.0,5.014,-3.054,-4.629
239.0,242.0,4.995,-3.03,-4.508
239.0,243.0,4.976,-3.0,-4.392
239.0,244.0,4.958,-2.965,-4.282
239.0,245.0,4.94,-2.924,-4.178
239.0,246.0,4.922,-2.88,-4.08
239.0,247.0,4.904,-2.833,-3.986
239.0,248.0,4.887,-2.784,-3.897
239.0,249.0,4.87,-2.732,-3.812
239.0,250.0,4.853,-2.68,-3.732
239.0,251.0,4.837,-2.626,-3.656
240.0,241.0,4.828,-2.826,-4.224
240.0,242.0,4.815,-2.776,-4.169
240.0,243.0,4.801,-2.727,-4.116
240.0,244.0,4.788,-2.678,-4.064
240.0,245.0,4.775,-2.631,-4.014
240.0,246.0,4.762,-2.585,-3.965
240.0,247.0,4.749,-2.54,-3.917
240.0,248.0,4.736,-2.496,-3.871
240.0,249.0,4.723,-2.453,-3.827
240.0,250.0,4.711,-2.411,-3.783
240.0,251.0,4.698,-2.37,-3.741
240.0,252.0,4.686,-2.33,-3.7
241.0,242.0,4.598,-2.282,-3.132
241.0,243.0,4.585,-2.2,-3.087
241.0,244.0,4.572,-2.123,-3.044
241.0,245.0,4.559,-2.051,-3.004
241.0,246.0,4.546,-1.983,-2.967
241.0,247.0,4.534,-1.918,-2.931
241.0,248.0,4.521,-1.858,-2.898
241.0,249.0,4.508,-1.8,-2.866
241.0,250.0,4.496,-1.746,-2.836
241.0,251.0,4.484,-1.695,-2.808
241.0,252.0,4.472,-1.647,-2.781
241.0,253.0,4.46,-1.601,-2.755
242.0,243.0,4.743,-2.088,-2.449
242.0,244.0,4.724,-1.938,-2.435
242.0,245.0,4.705,-1.807,-2.421
242.0,246.0,4.688,-1.692,-2.409
242.0,247.0,4.67,-1.591,-2.398
242.0,248.0,4.654,-1.502,-2.387
242.0,249.0,4.637,-1.424,-2.378
242.0,250.0,4.621,-1.356,-2.368
242.0,251.0,4.605,-1.295,-2.359
242.0,252.0,4.589,-1.241,-2.351
242.0,253.0,4.573,-1.193,-2.342
242.0,254.0,4.558,-1.15,-2.334
243.0,244.0,4.85,-2.164,-2.499
243.0,245.0,4.845,-2.069,-2.503
243.0,246.0,4.84,-1.984,-2.508
243.0,247.0,4.835,-1.907,-2.513
243.0,248.0,4.829,-1.837,-2.519
243.0,249.0,4.823,-1.775,-2.525
243.0,250.0,4.816,-1.718,-2.532
243.0,251.0,4.809,-1.667,-2.538
243.0,252.0,4.803,-1.621,-2.544
243.0,253.0,4.795,-1.58,-2.55
243.0,254.0,4.788,-1.543,-2.557
243.0,255.0,4.781,-1.509,-2.562
244.0,245.0,4.486,-1.614,-1.946
244.0,246.0,4.47,-1.477,-1.966
244.0,247.0,4.454,-1.36,-1.984
244.0,248.0,4.438,-1.26,-2.001
244.0,249.0,4.423,-1.175,-2.016
244.0,250.0,4.409,-1.102,-2.029
244.0,251.0,4.395,-1.04,-2.041
244.0,252.0,4.381,-0.986,-2.052
244.0,253.0,4.368,-0.941,-2.061
244.0,254.0,4.355,-0.901,-2.07
244.0,255.0,4.342,-0.867,-2.077
244.0,256.0,4.329,-0.838,-2.084
245.0,246.0,4.256,-1.4,-1.975
245.0,247.0,4.248,-1.324,-1.984
245.0,248.0,4.24,-1.257,-1.992
245.0,249.0,4.233,-1.196,-2.001
245.0,250.0,4.225,-1.141,-2.009
245.0,251.0,4.217,-1.091,-2.017
245.0,252.0,4.209,-1.047,-2.024
245.0,253.0,4.201,-1.007,-2.031
245.0,254.0,4.193,-0.97,-2.038
245.0,255.0,4.185,-0.938,-2.045
245.0,256.0,4.177,-0.909,-2.051
245.0,257.0,4.169,-0.882,-2.056
246.0,247.0,4.21,-1.049,-1.485
246.0,248.0,4.192,-0.941,-1.523
246.0,249.0,4.175,-0.851,-1.556
246.0,250.0,4.16,-0.775,-1.586
246.0,251.0,4.145,-0.712,-1.612
246.0,252.0,4.131,-0.659,-1.636
246.0,253.0,4.117,-0.616,-1.657
246.0,254.0,4.104,-0.579,-1.676
246.0,255.0,4.092,-0.549,-1.694
246.0,256.0,4.079,-0.524,-1.709
246.0,257.0,4.068,-0.503,-1.723
246.0,258.0,4.056,-0.486,-1.736
247.0,248.0,4.443,-1.011,-1.016
247.0,249.0,4.429,-0.874,-1.074
247.0,250.0,4.415,-0.76,-1.128
247.0,251.0,4.402,-0.666,-1.18
247.0,252.0,4.39,-0.589,-1.228
247.0,253.0,4.378,-0.526,-1.275
247.0,254.0,4.366,-0.475,-1.318
247.0,255.0,4.354,-0.434,-1.359
247.0,256.0,4.342,-0.402,-1.398
247.0,257.0,4.331,-0.377,-1.435
247.0,258.0,4.319,-0.358,-1.469
247.0,259.0,4.308,-0.343,-1.501
248.0,249.0,4.198,-0.665,-1.182
248.0,250.0,4.184,-0.573,-1.228
248.0,251.0,4.171,-0.498,-1.27
248.0,252.0,4.159,-0.436,-1.311
248.0,253.0,4.147,-0.386,-1.348
248.0,254.0,4.135,-0.346,-1.384
248.0,255.0,4.124,-0.314,-1.417
248.0,256.0,4.112,-0.288,-1.448
248.0,257.0,4.101,-0.269,-1.476
248.0,258.0,4.09,-0.254,-1.503
248.0,259.0,4.079,-0.243,-1.529
248.0,260.0,4.068,-0.235,-1.552
249.0,250.0,4.553,-1.112,-1.288
249.0,251.0,4.548,-1.035,-1.341
249.0,252.0,4.542,-0.968,-1.392
249.0,253.0,4.536,-0.912,-1.44
249.0,254.0,4.53,-0.863,-1.487
249.0,255.0,4.524,-0.823,-1.531
249.0,256.0,4.517,-0.789,-1.574
249.0,257.0,4.511,-0.761,-1.614
249.0,258.0,4.504,-0.737,-1.652
249.0,259.0,4.496,-0.719,-1.688
249.0,260.0,4.489,-0.704,-1.722
249.0,261.0,4.482,-0.693,-1.754
250.0,251.0,4.741,-0.817,-0.967
250.0,252.0,4.724,-0.721,-1.033
250.0,253.0,4.709,-0.644,-1.094
250.0,254.0,4.694,-0.582,-1.151
250.0,255.0,4.68,-0.534,-1.205
250.0,256.0,4.666,-0.496,-1.255
250.0,257.0,4.653,-0.468,-1.302
250.0,258.0,4.641,-0.447,-1.345
250.0,259.0,4.628,-0.432,-1.386
250.0,260.0,4.616,-0.423,-1.425
250.0,261.0,4.605,-0.418,-1.461
250.0,262.0,4.593,-0.416,-1.495
251.0,252.0,4.699,-0.68,-0.891
251.0,253.0,4.688,-0.599,-0.963
251.0,254.0,4.678,-0.534,-1.031
251.0,255.0,4.668,-0.484,-1.096
251.0,256.0,4.657,-0.445,-1.158
251.0,257.0,4.647,-0.417,-1.216
251.0,258.0,4.637,-0.397,-1.271
251.0,259.0,4.627,-0.384,-1.323
251.0,260.0,4.617,-0.377,-1.372
251.0,261.0,4.607,-0.375,-1.418
251.0,262.0,4.597,-0.376,-1.461
251.0,263.0,4.587,-0.38,-1.501
252.0,253.0,4.52,-0.432,-0.661
252.0,254.0,4.52,-0.378,-0.763
252.0,255.0,4.519,-0.336,-0.86
252.0,256.0,4.517,-0.305,-0.953
252.0,257.0,4.514,-0.282,-1.041
252.0,258.0,4.511,-0.268,-1.124
252.0,259.0,4.508,-0.26,-1.203
252.0,260.0,4.503,-0.257,-1.277
252.0,261.0,4.499,-0.26,-1.347
252.0,262.0,4.494,-0.267,-1.413
252.0,263.0,4.488,-0.277,-1.475
252.0,264.0,4.482,-0.29,-1.533
253.0,254.0,4.678,-0.242,-0.767
253.0,255.0,4.663,-0.198,-0.828
253.0,256.0,4.649,-0.164,-0.885
253.0,257.0,4.635,-0.139,-0.939
253.0,258.0,4.621,-0.121,-0.99
253.0,259.0,4.608,-0.109,-1.037
253.0,260.0,4.594,-0.103,-1.082
253.0,261.0,4.582,-0.1,-1.124
253.0,262.0,4.569,-0.1,-1.163
253.0,263.0,4.556,-0.103,-1.2
253.0,264.0,4.543,-0.108,-1.235
253.0,265.0,4.531,-0.115,-1.268
254.0,255.0,4.641,-0.049,-0.223
254.0,256.0,4.646,-0.019,-0.367
254.0,257.0,4.65,-0.001,-0.503
254.0,258.0,4.653,0.007,-0.633
254.0,259.0,4.655,0.007,-0.755
254.0,260.0,4.656,-0.002,-0.871
254.0,261.0,4.656,-0.017,-0.98
254.0,262.0,4.655,-0.037,-1.083
254.0,263.0,4.653,-0.061,-1.18
254.0,264.0,4.651,-0.089,-1.271
254.0,265.0,4.648,-0.119,-1.356
254.0,266.0,4.645,-0.152,-1.436
255.0,256.0,4.974,-0.264,-0.635
255.0,257.0,4.969,-0.224,-0.743
255.0,258.0,4.963,-0.198,-0.846
255.0,259.0,4.957,-0.185,-0.944
255.0,260.0,4.95,-0.18,-1.036
255.0,261.0,4.943,-0.184,-1.123
255.0,262.0,4.936,-0.193,-1.206
255.0,263.0,4.929,-0.208,-1.283
255.0,264.0,4.921,-0.226,-1.356
255.0,265.0,4.913,-0.248,-1.425
255.0,266.0,4.904,-0.272,-1.49
255.0,267.0,4.895,-0.297,-1.551
256.0,257.0,5.321,-0.645,-1.43
256.0,258.0,5.31,-0.64,-1.493
256.0,259.0,5.299,-0.64,-1.553
256.0,260.0,5.288,-0.645,-1.609
256.0,261.0,5.277,-0.653,-1.662
256.0,262.0,5.266,-0.664,-1.711
256.0,263.0,5.255,-0.677,-1.758
256.0,264.0,5.244,-0.692,-1.802
256.0,265.0,5.233,-0.708,-1.844
256.0,266.0,5.222,-0.725,-1.883
256.0,267.0,5.211,-0.742,-1.92
256.0,268.0,5.2,-0.76,-1.955
257.0,258.0,5.338,-0.484,-1.078
257.0,259.0,5.328,-0.47,-1.162
257.0,260.0,5.317,-0.465,-1.242
257.0,261.0,5.307,-0.466,-1.317
257.0,262.0,5.296,-0.473,-1.388
257.0,263.0,5.285,-0.484,-1.455
257.0,264.0,5.274,-0.499,-1.517
257.0,265.0,5.262,-0.516,-1.576
257.0,266.0,5.25,-0.535,-1.631
257.0,267.0,5.238,-0.555,-1.682
257.0,268.0,5.226,-0.576,-1.73
257.0,269.0,5.214,-0.598,-1.775
258.0,259.0,5.261,-0.224,-0.665
258.0,260.0,5.25,-0.201,-0.758
258.0,261.0,5.24,-0.189,-0.846
258.0,262.0,5.229,-0.185,-0.928
258.0,263.0,5.219,-0.188,-1.006
258.0,264.0,5.208,-0.196,-1.08
258.0,265.0,5.198,-0.21,-1.15
258.0,266.0,5.187,-0.227,-1.215
258.0,267.0,5.176,-0.246,-1.277
258.0,268.0,5.166,-0.268,-1.336
258.0,269.0,5.155,-0.291,-1.391
258.0,270.0,5.144,-0.315,-1.443
259.0,260.0,5.091,-0.002,-0.829
259.0,261.0,5.082,-0.016,-0.911
259.0,262.0,5.073,-0.036,-0.988
259.0,263.0,5.064,-0.058,-1.061
259.0,264.0,5.054,-0.083,-1.129
259.0,265.0,5.045,-0.109,-1.194
259.0,266.0,5.035,-0.137,-1.256
259.0,267.0,5.026,-0.166,-1.313
259.0,268.0,5.016,-0.195,-1.368
259.0,269.0,5.006,-0.224,-1.42
259.0,270.0,4.996,-0.253,-1.468
259.0,271.0,4.986,-0.282,-1.514
260.0,261.0,4.929,0.133,-1.037
260.0,262.0,4.92,0.09,-1.099
260.0,263.0,4.911,0.048,-1.158
260.0,264.0,4.901,0.007,-1.214
260.0,265.0,4.892,-0.033,-1.266
260.0,266.0,4.882,-0.071,-1.316
260.0,267.0,4.872,-0.108,-1.363
260.0,268.0,4.862,-0.143,-1.407
260.0,269.0,4.852,-0.176,-1.448
260.0,270.0,4.841,-0.208,-1.487
260.0,271.0,4.831,-0.238,-1.524
260.0,272.0,4.82,-0.266,-1.559
261.0,262.0,4.756,0.18,-0.707
261.0,263.0,4.75,0.169,-0.803
261.0,264.0,4.743,0.152,-0.893
261.0,265.0,4.736,0.13,-0.978
261.0,266.0,4.729,0.105,-1.057
261.0,267.0,4.721,0.077,-1.132
261.0,268.0,4.713,0.047,-1.202
261.0,269.0,4.704,0.016,-1.268
261.0,270.0,4.695,-0.015,-1.33
261.0,271.0,4.686,-0.047,-1.387
261.0,272.0,4.676,-0.079,-1.441
261.0,273.0,4.666,-0.11,-1.49
262.0,263.0,4.711,0.429,-0.726
262.0,264.0,4.704,0.388,-0.816
262.0,265.0,4.697,0.345,-0.901
262.0,266.0,4.69,0.301,-0.98
262.0,267.0,4.682,0.258,-1.055
262.0,268.0,4.674,0.214,-1.125
262.0,269.0,4.665,0.171,-1.19
262.0,270.0,4.656,0.13,-1.251
262.0,271.0,4.647,0.089,-1.308
262.0,272.0,4.638,0.05,-1.362
262.0,273.0,4.628,0.012,-1.411
262.0,274.0,4.618,-0.024,-1.457
263.0,264.0,4.657,0.419,-0.972
263.0,265.0,4.651,0.361,-1.046
263.0,266.0,4.645,0.305,-1.116
263.0,267.0,4.639,0.251,-1.183
263.0,268.0,4.633,0.199,-1.246
263.0,269.0,4.626,0.148,-1.305
263.0,270.0,4.619,0.1,-1.362
263.0,271.0,4.612,0.054,-1.415
263.0,272.0,4.605,0.01,-1.466
263.0,273.0,4.598,-0.032,-1.514
263.0,274.0,4.591,-0.072,-1.559
263.0,275.0,4.583,-0.11,-1.602
264.0,265.0,5.01,-0.104,-1.269
264.0,266.0,5.008,-0.137,-1.379
264.0,267.0,5.005,-0.173,-1.482
264.0,268.0,5.002,-0.212,-1.579
264.0,269.0,4.997,-0.253,-1.669
264.0,270.0,4.991,-0.296,-1.753
264.0,271.0,4.985,-0.339,-1.832
264.0,272.0,4.978,-0.382,-1.904
264.0,273.0,4.971,-0.425,-1.972
264.0,274.0,4.964,-0.468,-2.034
264.0,275.0,4.955,-0.51,-2.092
264.0,276.0,4.947,-0.551,-2.145
265.0,266.0,5.044,-0.024,-1.059
265.0,267.0,5.043,-0.056,-1.179
265.0,268.0,5.042,-0.093,-1.291
265.0,269.0,5.04,-0.132,-1.397
265.0,270.0,5.037,-0.175,-1.496
265.0,271.0,5.033,-0.218,-1.588
265.0,272.0,5.029,-0.264,-1.674
265.0,273.0,5.024,-0.309,-1.754
265.0,274.0,5.018,-0.355,-1.828
265.0,275.0,5.012,-0.401,-1.897
265.0,276.0,5.006,-0.446,-1.961
265.0,277.0,4.999,-0.491,-2.02
266.0,267.0,4.819,0.284,-1.2
266.0,268.0,4.815,0.221,-1.302
266.0,269.0,4.811,0.158,-1.397
266.0,270.0,4.806,0.096,-1.484
266.0,271.0,4.801,0.034,-1.566
266.0,272.0,4.795,-0.026,-1.641
266.0,273.0,4.789,-0.085,-1.711
266.0,274.0,4.783,-0.142,-1.775
266.0,275.0,4.776,-0.197,-1.835
266.0,276.0,4.769,-0.251,-1.889
266.0,277.0,4.762,-0.302,-1.939
266.0,278.0,4.755,-0.351,-1.985
267.0,268.0,4.927,0.055,-1.453
267.0,269.0,4.919,-0.011,-1.509
267.0,270.0,4.911,-0.072,-1.563
267.0,271.0,4.903,-0.129,-1.613
267.0,272.0,4.894,-0.182,-1.661
267.0,273.0,4.885,-0.231,-1.706
267.0,274.0,4.876,-0.277,-1.749
267.0,275.0,4.867,-0.32,-1.79
267.0,276.0,4.858,-0.359,-1.828
267.0,277.0,4.848,-0.396,-1.864
267.0,278.0,4.838,-0.431,-1.898
267.0,279.0,4.828,-0.463,-1.93
268.0,269.0,4.916,-0.022,-1.463
268.0,270.0,4.907,-0.076,-1.529
268.0,271.0,4.898,-0.128,-1.59
268.0,272.0,4.889,-0.177,-1.646
268.0,273.0,4.879,-0.224,-1.699
268.0,274.0,4.869,-0.267,-1.747
268.0,275.0,4.859,-0.309,-1.792
268.0,276.0,4.848,-0.347,-1.833
268.0,277.0,4.837,-0.384,-1.872
268.0,278.0,4.826,-0.417,-1.907
268.0,279.0,4.815,-0.449,-1.939
268.0,280.0,4.804,-0.478,-1.968
269.0,270.0,5.07,-0.248,-0.836
269.0,271.0,5.063,-0.233,-0.927
269.0,272.0,5.057,-0.228,-1.012
269.0,273.0,5.049,-0.23,-1.093
269.0,274.0,5.042,-0.239,-1.169
269.0,275.0,5.035,-0.252,-1.241
269.0,276.0,5.028,-0.27,-1.309
269.0,277.0,5.021,-0.29,-1.374
269.0,278.0,5.013,-0.313,-1.435
269.0,279.0,5.005,-0.337,-1.492
269.0,280.0,4.998,-0.363,-1.547
269.0,281.0,4.99,-0.389,-1.598
270.0,271.0,5.251,-0.526,-1.162
270.0,272.0,5.24,-0.508,-1.235
270.0,273.0,5.23,-0.498,-1.304
270.0,274.0,5.219,-0.495,-1.369
270.0,275.0,5.209,-0.497,-1.43
270.0,276.0,5.198,-0.503,-1.488
270.0,277.0,5.187,-0.513,-1.542
270.0,278.0,5.176,-0.525,-1.593
270.0,279.0,5.165,-0.54,-1.64
270.0,280.0,5.153,-0.555,-1.685
270.0,281.0,5.142,-0.572,-1.727
270.0,282.0,5.13,-0.589,-1.765
271.0,272.0,5.02,-0.176,-1.716
271.0,273.0,5.015,-0.23,-1.806
271.0,274.0,5.009,-0.284,-1.889
271.0,275.0,5.003,-0.337,-1.967
271.0,276.0,4.996,-0.389,-2.039
271.0,277.0,4.988,-0.44,-2.105
271.0,278.0,4.98,-0.49,-2.167
271.0,279.0,4.972,-0.537,-2.224
271.0,280.0,4.963,-0.584,-2.276
271.0,281.0,4.954,-0.628,-2.324
271.0,282.0,4.945,-0.67,-2.367
271.0,283.0,4.936,-0.71,-2.408
272.0,273.0,4.941,-0.901,-2.063
272.0,274.0,4.934,-0.911,-2.101
272.0,275.0,4.927,-0.922,-2.136
272.0,276.0,4.921,-0.934,-2.168
272.0,277.0,4.913,-0.947,-2.198
272.0,278.0,4.906,-0.959,-2.226
272.0,279.0,4.898,-0.972,-2.251
272.0,280.0,4.891,-0.985,-2.274
272.0,281.0,4.883,-0.998,-2.296
272.0,282.0,4.875,-1.011,-2.315
272.0,283.0,4.867,-1.023,-2.333
272.0,284.0,4.858,-1.034,-2.349
273.0,274.0,4.941,-1.211,-2.177
273.0,275.0,4.938,-1.198,-2.212
273.0,276.0,4.934,-1.188,-2.245
273.0,277.0,4.93,-1.181,-2.277
273.0,278.0,4.925,-1.177,-2.307
273.0,279.0,4.92,-1.174,-2.335
273.0,280.0,4.914,-1.174,-2.361
273.0,281.0,4.908,-1.174,-2.385
273.0,282.0,4.902,-1.176,-2.408
273.0,283.0,4.896,-1.179,-2.429
273.0,284.0,4.89,-1.182,-2.449
273.0,285.0,4.883,-1.186,-2.467
274.0,275.0,4.803,-0.915,-2.123
274.0,276.0,4.79,-0.912,-2.132
274.0,277.0,4.778,-0.909,-2.141
274.0,278.0,4.766,-0.906,-2.148
274.0,279.0,4.753,-0.904,-2.154
274.0,280.0,4.741,-0.902,-2.16
274.0,281.0,4.728,-0.9,-2.164
274.0,282.0,4.716,-0.898,-2.169
274.0,283.0,4.703,-0.896,-2.172
274.0,284.0,4.691,-0.894,-2.175
274.0,285.0,4.678,-0.891,-2.177
274.0,286.0,4.666,-0.889,-2.178
275.0,276.0,4.511,-1.485,-3.698
275.0,277.0,4.492,-1.532,-3.604
275.0,278.0,4.475,-1.567,-3.512
275.0,279.0,4.457,-1.593,-3.424
275.0,280.0,4.441,-1.609,-3.34
275.0,281.0,4.425,-1.617,-3.259
275.0,282.0,4.409,-1.619,-3.181
275.0,283.0,4.394,-1.614,-3.107
275.0,284.0,4.38,-1.605,-3.036
275.0,285.0,4.366,-1.591,-2.969
275.0,286.0,4.352,-1.574,-2.905
275.0,287.0,4.339,-1.553,-2.844
276.0,277.0,4.64,-1.675,-3.818
276.0,278.0,4.621,-1.7,-3.742
276.0,279.0,4.603,-1.717,-3.669
276.0,280.0,4.586,-1.727,-3.598
276.0,281.0,4.57,-1.732,-3.531
276.0,282.0,4.555,-1.731,-3.466
276.0,283.0,4.541,-1.726,-3.403
276.0,284.0,4.527,-1.717,-3.344
276.0,285.0,4.514,-1.705,-3.287
276.0,286.0,4.501,-1.691,-3.233
276.0,287.0,4.489,-1.674,-3.181
276.0,288.0,4.478,-1.655,-3.132
277.0,278.0,4.39,-2.773,-4.796
277.0,279.0,4.357,-2.748,-4.593
277.0,280.0,4.326,-2.712,-4.4
277.0,281.0,4.298,-2.666,-4.217
277.0,282.0,4.271,-2.612,-4.044
277.0,283.0,4.247,-2.552,-3.881
277.0,284.0,4.224,-2.487,-3.727
277.0,285.0,4.203,-2.418,-3.582
277.0,286.0,4.183,-2.346,-3.446
277.0,287.0,4.165,-2.272,-3.319
277.0,288.0,4.147,-2.197,-3.199
277.0,289.0,4.131,-2.121,-3.088
278.0,279.0,4.582,-2.909,-7.607
278.0,280.0,4.531,-3.095,-7.294
278.0,281.0,4.481,-3.22,-6.992
278.0,282.0,4.432,-3.295,-6.702
278.0,283.0,4.384,-3.329,-6.425
278.0,284.0,4.338,-3.329,-6.16
278.0,285.0,4.294,-3.301,-5.907
278.0,286.0,4.25,-3.252,-5.666
278.0,287.0,4.208,-3.185,-5.436
278.0,288.0,4.168,-3.105,-5.218
278.0,289.0,4.129,-3.015,-5.01
278.0,290.0,4.091,-2.916,-4.813
279.0,280.0,4.714,-3.91,-7.656
279.0,281.0,4.679,-4.039,-7.373
279.0,282.0,4.645,-4.117,-7.104
279.0,283.0,4.61,-4.152,-6.848
279.0,284.0,4.575,-4.152,-6.605
279.0,285.0,4.54,-4.124,-6.374
279.0,286.0,4.506,-4.074,-6.155
279.0,287.0,4.472,-4.007,-5.945
279.0,288.0,4.438,-3.926,-5.746
279.0,289.0,4.405,-3.834,-5.557
279.0,290.0,4.372,-3.734,-5.376
279.0,291.0,4.341,-3.63,-5.204
280.0,281.0,4.452,-3.146,-4.361
280.0,282.0,4.433,-3.023,-4.271
280.0,283.0,4.414,-2.908,-4.185
280.0,284.0,4.396,-2.802,-4.102
280.0,285.0,4.378,-2.702,-4.021
280.0,286.0,4.361,-2.608,-3.944
280.0,287.0,4.344,-2.52,-3.868
280.0,288.0,4.328,-2.437,-3.796
280.0,289.0,4.311,-2.358,-3.726
280.0,290.0,4.295,-2.284,-3.658
280.0,291.0,4.28,-2.213,-3.593
280.0,292.0,4.264,-2.145,-3.53
281.0,282.0,4.761,-3.003,-4.165
281.0,283.0,4.744,-2.941,-4.007
281.0,284.0,4.728,-2.874,-3.859
281.0,285.0,4.714,-2.804,-3.721
281.0,286.0,4.701,-2.731,-3.592
281.0,287.0,4.688,-2.656,-3.471
281.0,288.0,4.677,-2.581,-3.359
281.0,289.0,4.667,-2.505,-3.254
281.0,290.0,4.657,-2.43,-3.158
281.0,291.0,4.648,-2.356,-3.068
281.0,292.0,4.639,-2.283,-2.985
281.0,293.0,4.631,-2.211,-2.909
282.0,283.0,4.669,-2.946,-3.984
282.0,284.0,4.654,-2.882,-3.849
282.0,285.0,4.64,-2.815,-3.722
282.0,286.0,4.627,-2.746,-3.603
282.0,287.0,4.615,-2.674,-3.492
282.0,288.0,4.604,-2.602,-3.388
282.0,289.0,4.594,-2.53,-3.292
282.0,290.0,4.584,-2.458,-3.202
282.0,291.0,4.575,-2.386,-3.119
282.0,292.0,4.566,-2.316,-3.042
282.0,293.0,4.558,-2.247,-2.97
282.0,294.0,4.55,-2.18,-2.905
283.0,284.0,4.659,-3.143,-4.08
283.0,285.0,4.636,-3.019,-3.958
283.0,286.0,4.613,-2.9,-3.844
283.0,287.0,4.592,-2.786,-3.735
283.0,288.0,4.57,-2.677,-3.632
283.0,289.0,4.549,-2.573,-3.535
283.0,290.0,4.529,-2.473,-3.444
283.0,291.0,4.509,-2.378,-3.357
283.0,292.0,4.49,-2.287,-3.274
283.0,293.0,4.471,-2.201,-3.197
283.0,294.0,4.452,-2.118,-3.123
283.0,295.0,4.434,-2.039,-3.053
284.0,285.0,4.499,-2.881,-4.206
284.0,286.0,4.481,-2.828,-4.05
284.0,287.0,4.465,-2.769,-3.904
284.0,288.0,4.45,-2.706,-3.766
284.0,289.0,4.436,-2.64,-3.636
284.0,290.0,4.423,-2.571,-3.515
284.0,291.0,4.41,-2.501,-3.401
284.0,292.0,4.399,-2.429,-3.295
284.0,293.0,4.389,-2.358,-3.196
284.0,294.0,4.379,-2.286,-3.104
284.0,295.0,4.37,-2.215,-3.019
284.0,296.0,4.361,-2.146,-2.939
285.0,286.0,4.851,-4.289,-6.022
285.0,287.0,4.818,-4.254,-5.751
285.0,288.0,4.787,-4.203,-5.495
285.0,289.0,4.758,-4.137,-5.252
285.0,290.0,4.732,-4.06,-5.022
285.0,291.0,4.707,-3.973,-4.806
285.0,292.0,4.683,-3.879,-4.603
285.0,293.0,4.662,-3.779,-4.412
285.0,294.0,4.641,-3.674,-4.232
285.0,295.0,4.622,-3.566,-4.064
285.0,296.0,4.604,-3.456,-3.907
285.0,297.0,4.587,-3.345,-3.76
286.0,287.0,4.889,-4.072,-6.027
286.0,288.0,4.858,-4.058,-5.807
286.0,289.0,4.829,-4.029,-5.598
286.0,290.0,4.803,-3.988,-5.4
286.0,291.0,4.778,-3.935,-5.212
286.0,292.0,4.756,-3.874,-5.033
286.0,293.0,4.735,-3.805,-4.865
286.0,294.0,4.716,-3.731,-4.706
286.0,295.0,4.698,-3.652,-4.556
286.0,296.0,4.682,-3.57,-4.414
286.0,297.0,4.666,-3.485,-4.281
286.0,298.0,4.652,-3.399,-4.156
287.0,288.0,3.762,-3.209,-6.054
287.0,289.0,3.716,-3.189,-5.831
287.0,290.0,3.671,-3.148,-5.619
287.0,291.0,3.628,-3.091,-5.417
287.0,292.0,3.586,-3.02,-5.224
287.0,293.0,3.545,-2.94,-5.04
287.0,294.0,3.505,-2.851,-4.864
287.0,295.0,3.466,-2.758,-4.695
287.0,296.0,3.428,-2.66,-4.534
287.0,297.0,3.392,-2.56,-4.38
287.0,298.0,3.356,-2.458,-4.233
287.0,299.0,3.322,-2.356,-4.092
288.0,289.0,3.182,-3.064,-5.436
288.0,290.0,3.137,-2.98,-5.239
288.0,291.0,3.094,-2.888,-5.051
288.0,292.0,3.052,-2.789,-4.87
288.0,293.0,3.011,-2.686,-4.698
288.0,294.0,2.972,-2.58,-4.533
288.0,295.0,2.933,-2.472,-4.374
288.0,296.0,2.896,-2.363,-4.222
288.0,297.0,2.859,-2.254,-4.077
288.0,298.0,2.824,-2.146,-3.937
288.0,299.0,2.79,-2.039,-3.803
288.0,300.0,2.757,-1.934,-3.674
289.0,290.0,4.094,-4.019,-6.801
289.0,291.0,4.044,-3.967,-6.553
289.0,292.0,3.995,-3.897,-6.317
289.0,293.0,3.948,-3.813,-6.092
289.0,294.0,3.901,-3.717,-5.876
289.0,295.0,3.856,-3.612,-5.671
289.0,296.0,3.812,-3.502,-5.474
289.0,297.0,3.769,-3.387,-5.286
289.0,298.0,3.727,-3.269,-5.106
289.0,299.0,3.686,-3.15,-4.934
289.0,300.0,3.647,-3.03,-4.77
289.0,301.0,3.608,-2.911,-4.612
290.0,291.0,4.157,-4.027,-6.254
290.0,292.0,4.108,-3.994,-5.972
290.0,293.0,4.063,-3.944,-5.704
290.0,294.0,4.021,-3.879,-5.45
290.0,295.0,3.982,-3.802,-5.208
290.0,296.0,3.946,-3.715,-4.98
290.0,297.0,3.913,-3.619,-4.763
290.0,298.0,3.882,-3.517,-4.559
290.0,299.0,3.853,-3.41,-4.366
290.0,300.0,3.826,-3.3,-4.184
290.0,301.0,3.801,-3.187,-4.012
290.0,302.0,3.778,-3.072,-3.851
291.0,292.0,3.62,-3.514,-6.01
291.0,293.0,3.573,-3.431,-5.793
291.0,294.0,3.526,-3.337,-5.585
291.0,295.0,3.482,-3.236,-5.387
291.0,296.0,3.438,-3.129,-5.198
291.0,297.0,3.395,-3.018,-5.016
291.0,298.0,3.354,-2.904,-4.843
291.0,299.0,3.314,-2.789,-4.677
291.0,300.0,3.276,-2.674,-4.517
291.0,301.0,3.238,-2.56,-4.365
291.0,302.0,3.201,-2.446,-4.219
291.0,303.0,3.166,-2.334,-4.078
292.0,293.0,4.267,-4.156,-6.754
292.0,294.0,4.217,-4.124,-6.485
292.0,295.0,4.169,-4.067,-6.229
292.0,296.0,4.122,-3.991,-5.985
292.0,297.0,4.076,-3.9,-5.753
292.0,298.0,4.031,-3.796,-5.531
292.0,299.0,3.987,-3.684,-5.32
292.0,300.0,3.945,-3.565,-5.119
292.0,301.0,3.904,-3.442,-4.928
292.0,302.0,3.864,-3.316,-4.745
292.0,303.0,3.825,-3.189,-4.572
292.0,304.0,3.787,-3.062,-4.406
293.0,294.0,4.57,-4.555,-7.249
293.0,295.0,4.525,-4.549,-6.975
293.0,296.0,4.48,-4.515,-6.715
293.0,297.0,4.436,-4.458,-6.467
293.0,298.0,4.393,-4.382,-6.23
293.0,299.0,4.35,-4.291,-6.005
293.0,300.0,4.309,-4.189,-5.791
293.0,301.0,4.268,-4.078,-5.587
293.0,302.0,4.228,-3.961,-5.392
293.0,303.0,4.189,-3.839,-5.205
293.0,304.0,4.15,-3.714,-5.028
293.0,305.0,4.113,-3.588,-4.859
294.0,295.0,4.596,-4.526,-6.881
294.0,296.0,4.553,-4.469,-6.641
294.0,297.0,4.51,-4.395,-6.413
294.0,298.0,4.468,-4.306,-6.195
294.0,299.0,4.426,-4.207,-5.987
294.0,300.0,4.385,-4.1,-5.788
294.0,301.0,4.344,-3.987,-5.598
294.0,302.0,4.305,-3.869,-5.416
294.0,303.0,4.266,-3.75,-5.242
294.0,304.0,4.228,-3.628,-5.076
294.0,305.0,4.19,-3.506,-4.917
294.0,306.0,4.154,-3.385,-4.765
295.0,296.0,4.303,-3.869,-5.986
295.0,297.0,4.261,-3.804,-5.776
295.0,298.0,4.22,-3.725,-5.577
295.0,299.0,4.18,-3.636,-5.387
295.0,300.0,4.142,-3.539,-5.205
295.0,301.0,4.104,-3.436,-5.032
295.0,302.0,4.067,-3.33,-4.866
295.0,303.0,4.031,-3.221,-4.708
295.0,304.0,3.996,-3.11,-4.557
295.0,305.0,3.962,-3.0,-4.413
295.0,306.0,3.929,-2.89,-4.276
295.0,307.0,3.897,-2.78,-4.144
296.0,297.0,4.391,-4.335,-7.018
296.0,298.0,4.349,-4.289,-6.796
296.0,299.0,4.307,-4.225,-6.583
296.0,300.0,4.266,-4.147,-6.38
296.0,301.0,4.225,-4.059,-6.185
296.0,302.0,4.185,-3.963,-5.999
296.0,303.0,4.147,-3.861,-5.821
296.0,304.0,4.108,-3.755,-5.65
296.0,305.0,4.071,-3.647,-5.485
296.0,306.0,4.035,-3.536,-5.328
296.0,307.0,3.999,-3.426,-5.177
296.0,308.0,3.964,-3.315,-5.031
297.0,298.0,4.254,-4.202,-6.593
297.0,299.0,4.212,-4.123,-6.405
297.0,300.0,4.171,-4.036,-6.225
297.0,301.0,4.131,-3.943,-6.053
297.0,302.0,4.091,-3.844,-5.887
297.0,303.0,4.052,-3.742,-5.727
297.0,304.0,4.015,-3.638,-5.574
297.0,305.0,3.978,-3.533,-5.426
297.0,306.0,3.942,-3.427,-5.284
297.0,307.0,3.906,-3.322,-5.146
297.0,308.0,3.872,-3.217,-5.014
297.0,309.0,3.838,-3.113,-4.886
298.0,299.0,4.267,-4.161,-5.962
298.0,300.0,4.222,-4.052,-5.79
298.0,301.0,4.179,-3.939,-5.626
298.0,302.0,4.137,-3.825,-5.468
298.0,303.0,4.096,-3.71,-5.315
298.0,304.0,4.056,-3.594,-5.169
298.0,305.0,4.017,-3.479,-5.028
298.0,306.0,3.979,-3.365,-4.892
298.0,307.0,3.941,-3.253,-4.761
298.0,308.0,3.905,-3.142,-4.635
298.0,309.0,3.87,-3.033,-4.514
298.0,310.0,3.835,-2.927,-4.396
299.0,300.0,4.152,-4.18,-6.723
299.0,301.0,4.102,-4.145,-6.509
299.0,302.0,4.053,-4.091,-6.305
299.0,303.0,4.006,-4.021,-6.11
299.0,304.0,3.96,-3.938,-5.923
299.0,305.0,3.915,-3.846,-5.743
299.0,306.0,3.87,-3.748,-5.571
299.0,307.0,3.827,-3.644,-5.406
299.0,308.0,3.785,-3.536,-5.247
299.0,309.0,3.745,-3.426,-5.095
299.0,310.0,3.705,-3.315,-4.948
299.0,311.0,3.666,-3.204,-4.807
300.0,301.0,4.705,-4.658,-6.538
300.0,302.0,4.664,-4.548,-6.35
300.0,303.0,4.625,-4.433,-6.168
300.0,304.0,4.586,-4.315,-5.995
300.0,305.0,4.547,-4.195,-5.828
300.0,306.0,4.51,-4.075,-5.668
300.0,307.0,4.473,-3.954,-5.514
300.0,308.0,4.438,-3.835,-5.366
300.0,309.0,4.403,-3.716,-5.224
300.0,310.0,4.369,-3.6,-5.087
300.0,311.0,4.335,-3.485,-4.956
300.0,312.0,4.302,-3.373,-4.829
301.0,302.0,4.575,-4.602,-7.412
301.0,303.0,4.534,-4.579,-7.197
301.0,304.0,4.494,-4.535,-6.991
301.0,305.0,4.453,-4.475,-6.795
301.0,306.0,4.414,-4.401,-6.607
301.0,307.0,4.374,-4.317,-6.427
301.0,308.0,4.336,-4.225,-6.254
301.0,309.0,4.298,-4.128,-6.088
301.0,310.0,4.261,-4.026,-5.929
301.0,311.0,4.224,-3.922,-5.775
301.0,312.0,4.188,-3.816,-5.627
301.0,313.0,4.153,-3.71,-5.484
302.0,303.0,4.601,-4.612,-7.305
302.0,304.0,4.564,-4.603,-7.121
302.0,305.0,4.526,-4.574,-6.945
302.0,306.0,4.489,-4.528,-6.778
302.0,307.0,4.452,-4.47,-6.617
302.0,308.0,4.415,-4.401,-6.463
302.0,309.0,4.379,-4.325,-6.314
302.0,310.0,4.344,-4.242,-6.171
302.0,311.0,4.309,-4.156,-6.034
302.0,312.0,4.274,-4.066,-5.901
302.0,313.0,4.24,-3.974,-5.772
302.0,314.0,4.207,-3.881,-5.648
303.0,304.0,4.756,-4.668,-7.404
303.0,305.0,4.722,-4.652,-7.212
303.0,306.0,4.689,-4.617,-7.029
303.0,307.0,4.655,-4.566,-6.854
303.0,308.0,4.622,-4.503,-6.687
303.0,309.0,4.589,-4.431,-6.526
303.0,310.0,4.556,-4.351,-6.372
303.0,311.0,4.524,-4.266,-6.224
303.0,312.0,4.492,-4.177,-6.081
303.0,313.0,4.46,-4.086,-5.944
303.0,314.0,4.429,-3.992,-5.811
303.0,315.0,4.399,-3.898,-5.683
304.0,305.0,4.545,-4.446,-6.825
304.0,306.0,4.508,-4.4,-6.631
304.0,307.0,4.472,-4.34,-6.445
304.0,308.0,4.436,-4.267,-6.268
304.0,309.0,4.4,-4.186,-6.097
304.0,310.0,4.365,-4.097,-5.934
304.0,311.0,4.33,-4.003,-5.778
304.0,312.0,4.295,-3.906,-5.627
304.0,313.0,4.262,-3.806,-5.482
304.0,314.0,4.228,-3.705,-5.343
304.0,315.0,4.195,-3.603,-5.209
304.0,316.0,4.163,-3.501,-5.079
305.0,306.0,4.185,-4.041,-6.179
305.0,307.0,4.151,-3.971,-6.049
305.0,308.0,4.118,-3.897,-5.924
305.0,309.0,4.085,-3.819,-5.803
305.0,310.0,4.052,-3.739,-5.686
305.0,311.0,4.02,-3.657,-5.573
305.0,312.0,3.989,-3.574,-5.463
305.0,313.0,3.958,-3.491,-5.356
305.0,314.0,3.928,-3.408,-5.252
305.0,315.0,3.898,-3.325,-5.151
305.0,316.0,3.869,-3.243,-5.053
305.0,317.0,3.84,-3.161,-4.958
306.0,307.0,3.788,-3.708,-6.488
306.0,308.0,3.744,-3.661,-6.294
306.0,309.0,3.7,-3.599,-6.109
306.0,310.0,3.658,-3.527,-5.932
306.0,311.0,3.616,-3.446,-5.761
306.0,312.0,3.575,-3.358,-5.598
306.0,313.0,3.536,-3.265,-5.44
306.0,314.0,3.497,-3.17,-5.289
306.0,315.0,3.459,-3.071,-5.143
306.0,316.0,3.421,-2.972,-5.002
306.0,317.0,3.385,-2.872,-4.867
306.0,318.0,3.35,-2.772,-4.735
307.0,308.0,3.801,-3.791,-6.638
307.0,309.0,3.76,-3.779,-6.446
307.0,310.0,3.72,-3.747,-6.263
307.0,311.0,3.68,-3.7,-6.089
307.0,312.0,3.641,-3.64,-5.922
307.0,313.0,3.602,-3.571,-5.763
307.0,314.0,3.565,-3.494,-5.609
307.0,315.0,3.527,-3.411,-5.462
307.0,316.0,3.491,-3.324,-5.321
307.0,317.0,3.455,-3.234,-5.184
307.0,318.0,3.421,-3.141,-5.053
307.0,319.0,3.386,-3.047,-4.926
308.0,309.0,3.203,-3.136,-5.658
308.0,310.0,3.161,-3.093,-5.49
308.0,311.0,3.119,-3.037,-5.329
308.0,312.0,3.078,-2.97,-5.175
308.0,313.0,3.038,-2.896,-5.026
308.0,314.0,2.998,-2.816,-4.884
308.0,315.0,2.96,-2.731,-4.747
308.0,316.0,2.922,-2.644,-4.614
308.0,317.0,2.885,-2.553,-4.486
308.0,318.0,2.849,-2.462,-4.363
308.0,319.0,2.814,-2.37,-4.244
308.0,320.0,2.78,-2.278,-4.128
309.0,310.0,3.408,-3.409,-6.724
309.0,311.0,3.36,-3.405,-6.494
309.0,312.0,3.313,-3.377,-6.275
309.0,313.0,3.266,-3.33,-6.067
309.0,314.0,3.221,-3.267,-5.867
309.0,315.0,3.176,-3.193,-5.676
309.0,316.0,3.133,-3.109,-5.493
309.0,317.0,3.09,-3.017,-5.318
309.0,318.0,3.049,-2.921,-5.149
309.0,319.0,3.009,-2.821,-4.987
309.0,320.0,2.97,-2.718,-4.831
309.0,321.0,2.932,-2.614,-4.681
310.0,311.0,3.592,-3.632,-7.247
310.0,312.0,3.543,-3.66,-7.028
310.0,313.0,3.495,-3.66,-6.82
310.0,314.0,3.448,-3.637,-6.621
310.0,315.0,3.402,-3.596,-6.432
310.0,316.0,3.357,-3.539,-6.251
310.0,317.0,3.313,-3.472,-6.077
310.0,318.0,3.27,-3.395,-5.91
310.0,319.0,3.228,-3.311,-5.749
310.0,320.0,3.187,-3.222,-5.594
310.0,321.0,3.146,-3.13,-5.445
310.0,322.0,3.107,-3.035,-5.3
311.0,312.0,3.715,-3.736,-6.875
311.0,313.0,3.679,-3.763,-6.671
311.0,314.0,3.644,-3.765,-6.478
311.0,315.0,3.608,-3.747,-6.296
311.0,316.0,3.573,-3.712,-6.122
311.0,317.0,3.538,-3.663,-5.956
311.0,318.0,3.503,-3.604,-5.798
311.0,319.0,3.468,-3.537,-5.646
311.0,320.0,3.434,-3.462,-5.5
311.0,321.0,3.401,-3.383,-5.361
311.0,322.0,3.368,-3.299,-5.226
311.0,323.0,3.336,-3.213,-5.096
312.0,313.0,4.269,-4.283,-7.413
312.0,314.0,4.229,-4.277,-7.203
312.0,315.0,4.189,-4.248,-7.003
312.0,316.0,4.149,-4.202,-6.812
312.0,317.0,4.11,-4.141,-6.63
312.0,318.0,4.071,-4.07,-6.455
312.0,319.0,4.033,-3.99,-6.287
312.0,320.0,3.995,-3.903,-6.126
312.0,321.0,3.958,-3.811,-5.97
312.0,322.0,3.921,-3.716,-5.82
312.0,323.0,3.886,-3.619,-5.676
312.0,324.0,3.85,-3.52,-5.536
313.0,314.0,4.446,-4.513,-8.046
313.0,315.0,4.412,-4.577,-7.822
313.0,316.0,4.377,-4.608,-7.611
313.0,317.0,4.342,-4.613,-7.412
313.0,318.0,4.307,-4.596,-7.222
313.0,319.0,4.272,-4.562,-7.041
313.0,320.0,4.238,-4.513,-6.869
313.0,321.0,4.203,-4.452,-6.704
313.0,322.0,4.169,-4.382,-6.545
313.0,323.0,4.136,-4.305,-6.393
313.0,324.0,4.102,-4.223,-6.247
313.0,325.0,4.069,-4.136,-6.106
314.0,315.0,4.362,-4.307,-7.49
314.0,316.0,4.329,-4.334,-7.291
314.0,317.0,4.296,-4.335,-7.102
314.0,318.0,4.262,-4.316,-6.923
314.0,319.0,4.228,-4.281,-6.752
314.0,320.0,4.194,-4.232,-6.589
314.0,321.0,4.161,-4.173,-6.433
314.0,322.0,4.127,-4.105,-6.283
314.0,323.0,4.094,-4.031,-6.139
314.0,324.0,4.06,-3.951,-6.001
314.0,325.0,4.028,-3.868,-5.867
314.0,326.0,3.995,-3.783,-5.738
315.0,316.0,4.31,-4.228,-6.244
315.0,317.0,4.274,-4.14,-6.107
315.0,318.0,4.238,-4.048,-5.973
315.0,319.0,4.203,-3.956,-5.845
315.0,320.0,4.169,-3.862,-5.72
315.0,321.0,4.135,-3.767,-5.599
315.0,322.0,4.102,-3.673,-5.482
315.0,323.0,4.069,-3.579,-5.368
315.0,324.0,4.037,-3.486,-5.258
315.0,325.0,4.005,-3.394,-5.15
315.0,326.0,3.974,-3.303,-5.046
315.0,327.0,3.944,-3.214,-4.945
316.0,317.0,4.259,-4.282,-7.082
316.0,318.0,4.222,-4.259,-6.91
316.0,319.0,4.186,-4.221,-6.745
316.0,320.0,4.15,-4.17,-6.588
316.0,321.0,4.114,-4.109,-6.438
316.0,322.0,4.078,-4.041,-6.293
316.0,323.0,4.042,-3.966,-6.154
316.0,324.0,4.008,-3.887,-6.019
316.0,325.0,3.973,-3.805,-5.889
316.0,326.0,3.939,-3.72,-5.763
316.0,327.0,3.905,-3.633,-5.641
316.0,328.0,3.872,-3.545,-5.523
317.0,318.0,3.986,-4.078,-6.684
317.0,319.0,3.955,-4.072,-6.522
317.0,320.0,3.925,-4.048,-6.367
317.0,321.0,3.894,-4.01,-6.221
317.0,322.0,3.864,-3.962,-6.08
317.0,323.0,3.834,-3.904,-5.946
317.0,324.0,3.804,-3.84,-5.817
317.0,325.0,3.774,-3.77,-5.692
317.0,326.0,3.744,-3.696,-5.572
317.0,327.0,3.715,-3.619,-5.457
317.0,328.0,3.686,-3.539,-5.345
317.0,329.0,3.658,-3.458,-5.236
318.0,319.0,4.17,-4.291,-7.314
318.0,320.0,4.134,-4.322,-7.098
318.0,321.0,4.099,-4.334,-6.893
318.0,322.0,4.065,-4.329,-6.699
318.0,323.0,4.033,-4.311,-6.514
318.0,324.0,4.002,-4.28,-6.338
318.0,325.0,3.972,-4.239,-6.171
318.0,326.0,3.943,-4.189,-6.011
318.0,327.0,3.915,-4.132,-5.859
318.0,328.0,3.889,-4.069,-5.714
318.0,329.0,3.863,-4.001,-5.574
318.0,330.0,3.837,-3.929,-5.441
319.0,320.0,3.838,-3.617,-6.868
319.0,321.0,3.797,-3.66,-6.649
319.0,322.0,3.757,-3.682,-6.442
319.0,323.0,3.72,-3.687,-6.246
319.0,324.0,3.684,-3.677,-6.059
319.0,325.0,3.649,-3.654,-5.882
319.0,326.0,3.616,-3.62,-5.713
319.0,327.0,3.583,-3.577,-5.552
319.0,328.0,3.552,-3.525,-5.398
319.0,329.0,3.522,-3.467,-5.252
319.0,330.0,3.494,-3.404,-5.111
319.0,331.0,3.466,-3.336,-4.977
320.0,321.0,3.092,-3.225,-6.281
320.0,322.0,3.029,-3.215,-6.012
320.0,323.0,2.97,-3.185,-5.755
320.0,324.0,2.915,-3.14,-5.51
320.0,325.0,2.862,-3.081,-5.277
320.0,326.0,2.813,-3.011,-5.055
320.0,327.0,2.767,-2.931,-4.844
320.0,328.0,2.723,-2.843,-4.642
320.0,329.0,2.681,-2.749,-4.45
320.0,330.0,2.642,-2.65,-4.267
320.0,331.0,2.605,-2.548,-4.093
320.0,332.0,2.57,-2.442,-3.927
321.0,322.0,2.661,-2.642,-5.002
321.0,323.0,2.624,-2.596,-4.835
321.0,324.0,2.589,-2.541,-4.676
321.0,325.0,2.556,-2.48,-4.525
321.0,326.0,2.523,-2.414,-4.379
321.0,327.0,2.493,-2.344,-4.241
321.0,328.0,2.463,-2.27,-4.108
321.0,329.0,2.435,-2.193,-3.98
321.0,330.0,2.408,-2.115,-3.858
321.0,331.0,2.382,-2.035,-3.741
321.0,332.0,2.357,-1.954,-3.628
321.0,333.0,2.333,-1.873,-3.52
322.0,323.0,2.915,-2.945,-5.802
322.0,324.0,2.874,-2.903,-5.657
322.0,325.0,2.834,-2.852,-5.517
322.0,326.0,2.794,-2.792,-5.383
322.0,327.0,2.755,-2.727,-5.254
322.0,328.0,2.717,-2.657,-5.13
322.0,329.0,2.679,-2.584,-5.009
322.0,330.0,2.642,-2.508,-4.892
322.0,331.0,2.606,-2.43,-4.779
322.0,332.0,2.571,-2.351,-4.669
322.0,333.0,2.536,-2.271,-4.562
322.0,334.0,2.502,-2.191,-4.458
323.0,324.0,2.766,-2.769,-5.374
323.0,325.0,2.733,-2.707,-5.262
323.0,326.0,2.701,-2.642,-5.152
323.0,327.0,2.67,-2.574,-5.046
323.0,328.0,2.639,-2.504,-4.943
323.0,329.0,2.609,-2.433,-4.843
323.0,330.0,2.579,-2.362,-4.745
323.0,331.0,2.55,-2.29,-4.65
323.0,332.0,2.521,-2.218,-4.557
323.0,333.0,2.493,-2.146,-4.466
323.0,334.0,2.465,-2.074,-4.377
323.0,335.0,2.438,-2.004,-4.291
324.0,325.0,2.577,-2.54,-5.065
324.0,326.0,2.537,-2.47,-4.917
324.0,327.0,2.499,-2.394,-4.775
324.0,328.0,2.461,-2.314,-4.637
324.0,329.0,2.425,-2.231,-4.505
324.0,330.0,2.389,-2.146,-4.377
324.0,331.0,2.355,-2.059,-4.254
324.0,332.0,2.322,-1.971,-4.135
324.0,333.0,2.29,-1.884,-4.019
324.0,334.0,2.258,-1.796,-3.907
324.0,335.0,2.228,-1.709,-3.799
324.0,336.0,2.198,-1.623,-3.694
325.0,326.0,2.598,-2.564,-5.289
325.0,327.0,2.563,-2.54,-5.136
325.0,328.0,2.529,-2.502,-4.991
325.0,329.0,2.496,-2.454,-4.851
325.0,330.0,2.464,-2.398,-4.718
325.0,331.0,2.432,-2.335,-4.59
325.0,332.0,2.402,-2.266,-4.466
325.0,333.0,2.371,-2.194,-4.347
325.0,334.0,2.342,-2.119,-4.233
325.0,335.0,2.313,-2.042,-4.122
325.0,336.0,2.285,-1.964,-4.014
325.0,337.0,2.258,-1.885,-3.911
326.0,327.0,2.728,-2.682,-5.157
326.0,328.0,2.684,-2.638,-4.952
326.0,329.0,2.643,-2.583,-4.756
326.0,330.0,2.604,-2.52,-4.569
326.0,331.0,2.567,-2.449,-4.39
326.0,332.0,2.533,-2.372,-4.22
326.0,333.0,2.5,-2.29,-4.058
326.0,334.0,2.469,-2.204,-3.904
326.0,335.0,2.44,-2.116,-3.756
326.0,336.0,2.413,-2.025,-3.616
326.0,337.0,2.386,-1.933,-3.482
326.0,338.0,2.362,-1.84,-3.354
327.0,328.0,2.943,-2.88,-5.483
327.0,329.0,2.905,-2.816,-5.338
327.0,330.0,2.867,-2.746,-5.198
327.0,331.0,2.83,-2.67,-5.064
327.0,332.0,2.794,-2.592,-4.934
327.0,333.0,2.759,-2.51,-4.809
327.0,334.0,2.725,-2.427,-4.687
327.0,335.0,2.692,-2.343,-4.57
327.0,336.0,2.659,-2.259,-4.456
327.0,337.0,2.627,-2.174,-4.345
327.0,338.0,2.596,-2.09,-4.238
327.0,339.0,2.565,-2.006,-4.134
328.0,329.0,2.693,-2.614,-5.484
328.0,330.0,2.65,-2.569,-5.322
328.0,331.0,2.608,-2.513,-5.167
328.0,332.0,2.567,-2.448,-5.018
328.0,333.0,2.527,-2.378,-4.875
328.0,334.0,2.488,-2.302,-4.737
328.0,335.0,2.45,-2.222,-4.603
328.0,336.0,2.413,-2.14,-4.475
328.0,337.0,2.377,-2.056,-4.351
328.0,338.0,2.342,-1.971,-4.23
328.0,339.0,2.308,-1.886,-4.114
328.0,340.0,2.274,-1.8,-4.001
329.0,330.0,2.166,-2.06,-4.096
329.0,331.0,2.135,-1.992,-3.957
329.0,332.0,2.106,-1.92,-3.824
329.0,333.0,2.078,-1.844,-3.696
329.0,334.0,2.052,-1.767,-3.573
329.0,335.0,2.026,-1.688,-3.456
329.0,336.0,2.002,-1.608,-3.343
329.0,337.0,1.979,-1.527,-3.235
329.0,338.0,1.956,-1.446,-3.131
329.0,339.0,1.935,-1.366,-3.031
329.0,340.0,1.914,-1.285,-2.935
329.0,341.0,1.895,-1.205,-2.842
330.0,331.0,2.306,-2.205,-4.426
330.0,332.0,2.266,-2.128,-4.233
330.0,333.0,2.229,-2.046,-4.05
330.0,334.0,2.193,-1.958,-3.876
330.0,335.0,2.16,-1.867,-3.709
330.0,336.0,2.129,-1.774,-3.551
330.0,337.0,2.1,-1.678,-3.4
330.0,338.0,2.072,-1.582,-3.257
330.0,339.0,2.046,-1.484,-3.12
330.0,340.0,2.021,-1.387,-2.99
330.0,341.0,1.998,-1.291,-2.867
330.0,342.0,1.976,-1.195,-2.749
331.0,332.0,2.163,-2.06,-4.347
331.0,333.0,2.132,-2.015,-4.206
331.0,334.0,2.102,-1.964,-4.07
331.0,335.0,2.074,-1.908,-3.941
331.0,336.0,2.048,-1.848,-3.817
331.0,337.0,2.022,-1.783,-3.698
331.0,338.0,1.997,-1.716,-3.584
331.0,339.0,1.974,-1.647,-3.474
331.0,340.0,1.951,-1.576,-3.369
331.0,341.0,1.929,-1.504,-3.268
331.0,342.0,1.908,-1.432,-3.17
331.0,343.0,1.888,-1.358,-3.077
332.0,333.0,2.239,-2.131,-4.763
332.0,334.0,2.203,-2.081,-4.623
332.0,335.0,2.169,-2.024,-4.489
332.0,336.0,2.135,-1.96,-4.36
332.0,337.0,2.102,-1.892,-4.236
332.0,338.0,2.071,-1.82,-4.116
332.0,339.0,2.04,-1.746,-4.001
332.0,340.0,2.009,-1.67,-3.889
332.0,341.0,1.98,-1.592,-3.781
332.0,342.0,1.951,-1.514,-3.677
332.0,343.0,1.924,-1.436,-3.576
332.0,344.0,1.896,-1.358,-3.478
333.0,334.0,2.399,-2.314,-4.81
333.0,335.0,2.368,-2.27,-4.674
333.0,336.0,2.337,-2.218,-4.544
333.0,337.0,2.307,-2.159,-4.419
333.0,338.0,2.277,-2.096,-4.298
333.0,339.0,2.249,-2.028,-4.182
333.0,340.0,2.221,-1.957,-4.071
333.0,341.0,2.193,-1.885,-3.963
333.0,342.0,2.167,-1.81,-3.858
333.0,343.0,2.141,-1.735,-3.758
333.0,344.0,2.115,-1.66,-3.66
333.0,345.0,2.091,-1.584,-3.565
334.0,335.0,2.437,-2.343,-4.756
334.0,336.0,2.401,-2.298,-4.601
334.0,337.0,2.368,-2.246,-4.453
334.0,338.0,2.336,-2.188,-4.311
334.0,339.0,2.305,-2.126,-4.175
334.0,340.0,2.275,-2.059,-4.045
334.0,341.0,2.247,-1.989,-3.92
334.0,342.0,2.22,-1.917,-3.8
334.0,343.0,2.193,-1.843,-3.685
334.0,344.0,2.168,-1.768,-3.574
334.0,345.0,2.144,-1.691,-3.468
334.0,346.0,2.121,-1.614,-3.366
335.0,336.0,2.325,-2.234,-4.81
335.0,337.0,2.296,-2.188,-4.703
335.0,338.0,2.267,-2.137,-4.599
335.0,339.0,2.239,-2.082,-4.499
335.0,340.0,2.212,-2.023,-4.403
335.0,341.0,2.184,-1.963,-4.309
335.0,342.0,2.158,-1.9,-4.218
335.0,343.0,2.131,-1.837,-4.129
335.0,344.0,2.106,-1.773,-4.043
335.0,345.0,2.08,-1.708,-3.958
335.0,346.0,2.056,-1.643,-3.876
335.0,347.0,2.031,-1.579,-3.796
336.0,337.0,2.51,-2.466,-5.01
336.0,338.0,2.475,-2.413,-4.865
336.0,339.0,2.44,-2.351,-4.725
336.0,340.0,2.406,-2.284,-4.591
336.0,341.0,2.373,-2.211,-4.462
336.0,342.0,2.341,-2.135,-4.337
336.0,343.0,2.31,-2.057,-4.217
336.0,344.0,2.28,-1.977,-4.1
336.0,345.0,2.25,-1.895,-3.988
336.0,346.0,2.221,-1.813,-3.879
336.0,347.0,2.193,-1.731,-3.774
336.0,348.0,2.165,-1.649,-3.672
337.0,338.0,2.822,-2.808,-5.814
337.0,339.0,2.781,-2.796,-5.656
337.0,340.0,2.741,-2.768,-5.506
337.0,341.0,2.702,-2.729,-5.363
337.0,342.0,2.664,-2.679,-5.225
337.0,343.0,2.626,-2.621,-5.093
337.0,344.0,2.59,-2.558,-4.966
337.0,345.0,2.554,-2.489,-4.844
337.0,346.0,2.519,-2.417,-4.725
337.0,347.0,2.484,-2.343,-4.611
337.0,348.0,2.451,-2.266,-4.5
337.0,349.0,2.418,-2.188,-4.392
338.0,339.0,2.665,-2.638,-5.35
338.0,340.0,2.629,-2.63,-5.176
338.0,341.0,2.595,-2.609,-5.012
338.0,342.0,2.563,-2.578,-4.855
338.0,343.0,2.532,-2.538,-4.705
338.0,344.0,2.502,-2.491,-4.562
338.0,345.0,2.474,-2.437,-4.425
338.0,346.0,2.448,-2.379,-4.294
338.0,347.0,2.422,-2.315,-4.169
338.0,348.0,2.397,-2.249,-4.049
338.0,349.0,2.374,-2.18,-3.934
338.0,350.0,2.351,-2.108,-3.823
339.0,340.0,2.657,-2.637,-5.459
339.0,341.0,2.617,-2.612,-5.283
339.0,342.0,2.578,-2.577,-5.115
339.0,343.0,2.542,-2.532,-4.954
339.0,344.0,2.507,-2.481,-4.801
339.0,345.0,2.473,-2.423,-4.654
339.0,346.0,2.442,-2.36,-4.513
339.0,347.0,2.411,-2.294,-4.379
339.0,348.0,2.382,-2.223,-4.249
339.0,349.0,2.354,-2.151,-4.125
339.0,350.0,2.327,-2.076,-4.005
339.0,351.0,2.301,-2.0,-3.891
340.0,341.0,2.422,-2.397,-4.887
340.0,342.0,2.385,-2.355,-4.727
340.0,343.0,2.35,-2.304,-4.575
340.0,344.0,2.316,-2.248,-4.429
340.0,345.0,2.284,-2.186,-4.29
340.0,346.0,2.253,-2.12,-4.156
340.0,347.0,2.223,-2.05,-4.028
340.0,348.0,2.195,-1.978,-3.905
340.0,349.0,2.167,-1.903,-3.786
340.0,350.0,2.141,-1.827,-3.673
340.0,351.0,2.116,-1.75,-3.563
340.0,352.0,2.092,-1.672,-3.458
341.0,342.0,2.921,-2.921,-5.182
341.0,343.0,2.886,-2.882,-5.033
341.0,344.0,2.853,-2.835,-4.891
341.0,345.0,2.821,-2.782,-4.754
341.0,346.0,2.791,-2.723,-4.624
341.0,347.0,2.762,-2.66,-4.499
341.0,348.0,2.734,-2.594,-4.379
341.0,349.0,2.707,-2.525,-4.263
341.0,350.0,2.681,-2.453,-4.152
341.0,351.0,2.656,-2.38,-4.046
341.0,352.0,2.632,-2.306,-3.943
341.0,353.0,2.608,-2.231,-3.844
342.0,343.0,3.229,-3.182,-5.523
342.0,344.0,3.194,-3.15,-5.361
342.0,345.0,3.159,-3.109,-5.207
342.0,346.0,3.126,-3.061,-5.059
342.0,347.0,3.093,-3.006,-4.918
342.0,348.0,3.062,-2.945,-4.784
342.0,349.0,3.032,-2.88,-4.654
342.0,350.0,3.003,-2.812,-4.531
342.0,351.0,2.975,-2.74,-4.412
342.0,352.0,2.947,-2.667,-4.298
342.0,353.0,2.92,-2.592,-4.188
342.0,354.0,2.895,-2.516,-4.082
343.0,344.0,3.435,-3.427,-5.999
343.0,345.0,3.398,-3.417,-5.84
343.0,346.0,3.363,-3.395,-5.689
343.0,347.0,3.33,-3.365,-5.545
343.0,348.0,3.298,-3.326,-5.408
343.0,349.0,3.268,-3.28,-5.276
343.0,350.0,3.239,-3.229,-5.15
343.0,351.0,3.211,-3.173,-5.028
343.0,352.0,3.184,-3.113,-4.912
343.0,353.0,3.158,-3.05,-4.801
343.0,354.0,3.134,-2.984,-4.693
343.0,355.0,3.11,-2.917,-4.59
344.0,345.0,3.511,-3.429,-5.717
344.0,346.0,3.478,-3.402,-5.565
344.0,347.0,3.447,-3.365,-5.419
344.0,348.0,3.417,-3.321,-5.281
344.0,349.0,3.388,-3.271,-5.148
344.0,350.0,3.36,-3.215,-5.021
344.0,351.0,3.333,-3.155,-4.899
344.0,352.0,3.307,-3.092,-4.783
344.0,353.0,3.281,-3.025,-4.671
344.0,354.0,3.257,-2.957,-4.563
344.0,355.0,3.233,-2.887,-4.459
344.0,356.0,3.21,-2.815,-4.36
345.0,346.0,3.391,-3.404,-6.037
345.0,347.0,3.356,-3.383,-5.883
345.0,348.0,3.322,-3.349,-5.737
345.0,349.0,3.288,-3.304,-5.597
345.0,350.0,3.255,-3.25,-5.463
345.0,351.0,3.222,-3.19,-5.335
345.0,352.0,3.19,-3.124,-5.211
345.0,353.0,3.158,-3.054,-5.092
345.0,354.0,3.127,-2.981,-4.977
345.0,355.0,3.097,-2.905,-4.866
345.0,356.0,3.067,-2.828,-4.758
345.0,357.0,3.038,-2.749,-4.654
346.0,347.0,3.339,-3.33,-5.71
346.0,348.0,3.307,-3.312,-5.564
346.0,349.0,3.276,-3.285,-5.425
346.0,350.0,3.247,-3.249,-5.292
346.0,351.0,3.219,-3.207,-5.165
346.0,352.0,3.193,-3.159,-5.044
346.0,353.0,3.167,-3.106,-4.927
346.0,354.0,3.142,-3.049,-4.815
346.0,355.0,3.118,-2.989,-4.708
346.0,356.0,3.096,-2.926,-4.604
346.0,357.0,3.073,-2.862,-4.505
346.0,358.0,3.052,-2.796,-4.409
347.0,348.0,3.602,-3.598,-6.295
347.0,349.0,3.566,-3.593,-6.134
347.0,350.0,3.532,-3.576,-5.981
347.0,351.0,3.499,-3.549,-5.835
347.0,352.0,3.467,-3.514,-5.696
347.0,353.0,3.437,-3.472,-5.563
347.0,354.0,3.408,-3.423,-5.435
347.0,355.0,3.381,-3.37,-5.313
347.0,356.0,3.354,-3.313,-5.195
347.0,357.0,3.328,-3.252,-5.082
347.0,358.0,3.304,-3.189,-4.974
347.0,359.0,3.28,-3.124,-4.869
348.0,349.0,3.833,-3.83,-6.346
348.0,350.0,3.788,-3.811,-6.139
348.0,351.0,3.745,-3.779,-5.941
348.0,352.0,3.705,-3.735,-5.752
348.0,353.0,3.667,-3.681,-5.572
348.0,354.0,3.631,-3.619,-5.4
348.0,355.0,3.596,-3.549,-5.236
348.0,356.0,3.564,-3.474,-5.079
348.0,357.0,3.533,-3.395,-4.929
348.0,358.0,3.503,-3.312,-4.786
348.0,359.0,3.475,-3.226,-4.65
348.0,360.0,3.448,-3.139,-4.519
349.0,350.0,3.358,-3.305,-5.822
349.0,351.0,3.323,-3.25,-5.685
349.0,352.0,3.288,-3.187,-5.553
349.0,353.0,3.254,-3.12,-5.426
349.0,354.0,3.22,-3.049,-5.304
349.0,355.0,3.187,-2.974,-5.185
349.0,356.0,3.155,-2.898,-5.071
349.0,357.0,3.123,-2.82,-4.96
349.0,358.0,3.091,-2.741,-4.852
349.0,359.0,3.061,-2.661,-4.747
349.0,360.0,3.031,-2.581,-4.645
349.0,361.0,3.001,-2.502,-4.546
350.0,351.0,3.305,-3.256,-5.661
350.0,352.0,3.276,-3.223,-5.539
350.0,353.0,3.247,-3.181,-5.421
350.0,354.0,3.218,-3.132,-5.309
350.0,355.0,3.19,-3.077,-5.2
350.0,356.0,3.162,-3.018,-5.095
350.0,357.0,3.134,-2.955,-4.993
350.0,358.0,3.107,-2.89,-4.895
350.0,359.0,3.08,-2.822,-4.8
350.0,360.0,3.054,-2.754,-4.707
350.0,361.0,3.028,-2.684,-4.617
350.0,362.0,3.003,-2.614,-4.529
351.0,352.0,3.266,-3.142,-5.092
351.0,353.0,3.236,-3.062,-4.994
351.0,354.0,3.206,-2.983,-4.898
351.0,355.0,3.177,-2.903,-4.805
351.0,356.0,3.148,-2.825,-4.715
351.0,357.0,3.12,-2.746,-4.626
351.0,358.0,3.092,-2.669,-4.54
351.0,359.0,3.065,-2.593,-4.455
351.0,360.0,3.038,-2.518,-4.373
351.0,361.0,3.012,-2.444,-4.292
351.0,362.0,2.986,-2.371,-4.213
351.0,363.0,2.96,-2.299,-4.136
352.0,353.0,3.276,-3.225,-4.938
352.0,354.0,3.252,-3.151,-4.83
352.0,355.0,3.228,-3.076,-4.726
352.0,356.0,3.204,-3.001,-4.625
352.0,357.0,3.182,-2.925,-4.528
352.0,358.0,3.16,-2.849,-4.435
352.0,359.0,3.138,-2.773,-4.344
352.0,360.0,3.118,-2.697,-4.257
352.0,361.0,3.097,-2.622,-4.172
352.0,362.0,3.078,-2.548,-4.09
352.0,363.0,3.058,-2.475,-4.01
352.0,364.0,3.04,-2.402,-3.933
353.0,354.0,3.083,-2.979,-4.94
353.0,355.0,3.049,-2.875,-4.828
353.0,356.0,3.016,-2.773,-4.718
353.0,357.0,2.984,-2.674,-4.612
353.0,358.0,2.952,-2.577,-4.508
353.0,359.0,2.921,-2.482,-4.407
353.0,360.0,2.891,-2.39,-4.309
353.0,361.0,2.861,-2.3,-4.213
353.0,362.0,2.832,-2.212,-4.119
353.0,363.0,2.804,-2.126,-4.028
353.0,364.0,2.776,-2.043,-3.939
353.0,365.0,2.749,-1.961,-3.852
354.0,355.0,3.051,-2.966,-4.611
354.0,356.0,3.019,-2.877,-4.467
354.0,357.0,2.987,-2.786,-4.329
354.0,358.0,2.957,-2.693,-4.196
354.0,359.0,2.928,-2.599,-4.07
354.0,360.0,2.899,-2.505,-3.949
354.0,361.0,2.872,-2.411,-3.832
354.0,362.0,2.846,-2.318,-3.721
354.0,363.0,2.821,-2.225,-3.614
354.0,364.0,2.797,-2.133,-3.511
354.0,365.0,2.773,-2.042,-3.413
354.0,366.0,2.75,-1.953,-3.318
355.0,356.0,3.141,-3.039,-4.418
355.0,357.0,3.11,-2.879,-4.333
355.0,358.0,3.08,-2.732,-4.25
355.0,359.0,3.05,-2.596,-4.167
355.0,360.0,3.022,-2.469,-4.085
355.0,361.0,2.993,-2.35,-4.003
355.0,362.0,2.966,-2.239,-3.924
355.0,363.0,2.939,-2.133,-3.845
355.0,364.0,2.913,-2.034,-3.768
355.0,365.0,2.887,-1.939,-3.692
355.0,366.0,2.862,-1.85,-3.617
355.0,367.0,2.837,-1.764,-3.545
356.0,357.0,2.837,-2.735,-3.748
356.0,358.0,2.819,-2.608,-3.677
356.0,359.0,2.8,-2.488,-3.608
356.0,360.0,2.782,-2.374,-3.54
356.0,361.0,2.764,-2.266,-3.473
356.0,362.0,2.746,-2.163,-3.408
356.0,363.0,2.729,-2.065,-3.344
356.0,364.0,2.712,-1.971,-3.281
356.0,365.0,2.695,-1.881,-3.219
356.0,366.0,2.678,-1.796,-3.159
356.0,367.0,2.662,-1.714,-3.1
356.0,368.0,2.645,-1.635,-3.042
357.0,358.0,3.005,-2.911,-4.109
357.0,359.0,2.977,-2.754,-4.042
357.0,360.0,2.949,-2.612,-3.974
357.0,361.0,2.922,-2.482,-3.906
357.0,362.0,2.895,-2.361,-3.837
357.0,363.0,2.87,-2.25,-3.769
357.0,364.0,2.845,-2.146,-3.7
357.0,365.0,2.82,-2.049,-3.633
357.0,366.0,2.796,-1.958,-3.566
357.0,367.0,2.773,-1.872,-3.499
357.0,368.0,2.75,-1.79,-3.434
357.0,369.0,2.728,-1.713,-3.37
358.0,359.0,2.759,-2.604,-3.78
358.0,360.0,2.738,-2.488,-3.706
358.0,361.0,2.718,-2.378,-3.633
358.0,362.0,2.698,-2.273,-3.562
358.0,363.0,2.679,-2.172,-3.492
358.0,364.0,2.659,-2.076,-3.424
358.0,365.0,2.641,-1.983,-3.357
358.0,366.0,2.622,-1.894,-3.291
358.0,367.0,2.604,-1.809,-3.227
358.0,368.0,2.586,-1.727,-3.164
358.0,369.0,2.569,-1.648,-3.103
358.0,370.0,2.552,-1.572,-3.043
359.0,360.0,2.543,-2.422,-3.284
359.0,361.0,2.531,-2.293,-3.229
359.0,362.0,2.519,-2.171,-3.174
359.0,363.0,2.507,-2.057,-3.119
359.0,364.0,2.495,-1.95,-3.065
359.0,365.0,2.483,-1.849,-3.012
359.0,366.0,2.471,-1.754,-2.959
359.0,367.0,2.459,-1.663,-2.907
359.0,368.0,2.447,-1.577,-2.856
359.0,369.0,2.435,-1.496,-2.806
359.0,370.0,2.424,-1.418,-2.757
359.0,371.0,2.412,-1.344,-2.709
360.0,361.0,2.48,-2.319,-2.705
360.0,362.0,2.471,-2.157,-2.673
360.0,363.0,2.462,-2.009,-2.64
360.0,364.0,2.453,-1.872,-2.606
360.0,365.0,2.444,-1.745,-2.571
360.0,366.0,2.434,-1.627,-2.535
360.0,367.0,2.425,-1.519,-2.499
360.0,368.0,2.415,-1.417,-2.463
360.0,369.0,2.405,-1.323,-2.427
360.0,370.0,2.395,-1.234,-2.391
360.0,371.0,2.385,-1.152,-2.356
360.0,372.0,2.375,-1.074,-2.32
361.0,362.0,1.944,-1.693,-2.558
361.0,363.0,1.923,-1.5,-2.536
361.0,364.0,1.904,-1.33,-2.508
361.0,365.0,1.885,-1.18,-2.477
361.0,366.0,1.867,-1.048,-2.443
361.0,367.0,1.849,-0.93,-2.407
361.0,368.0,1.833,-0.824,-2.369
361.0,369.0,1.817,-0.728,-2.329
361.0,370.0,1.801,-0.642,-2.289
361.0,371.0,1.786,-0.563,-2.249
361.0,372.0,1.772,-0.49,-2.208
361.0,373.0,1.757,-0.423,-2.166
362.0,363.0,2.323,-2.191,-2.605
362.0,364.0,2.308,-2.033,-2.575
362.0,365.0,2.292,-1.887,-2.543
362.0,366.0,2.278,-1.752,-2.509
362.0,367.0,2.263,-1.627,-2.474
362.0,368.0,2.249,-1.511,-2.438
362.0,369.0,2.234,-1.403,-2.402
362.0,370.0,2.221,-1.302,-2.365
362.0,371.0,2.207,-1.207,-2.328
362.0,372.0,2.194,-1.119,-2.29
362.0,373.0,2.18,-1.036,-2.253
362.0,374.0,2.167,-0.957,-2.216
363.0,364.0,2.247,-2.043,-2.53
363.0,365.0,2.234,-1.881,-2.507
363.0,366.0,2.221,-1.732,-2.481
363.0,367.0,2.207,-1.594,-2.453
363.0,368.0,2.194,-1.468,-2.424
363.0,369.0,2.181,-1.351,-2.393
363.0,370.0,2.168,-1.243,-2.361
363.0,371.0,2.155,-1.143,-2.328
363.0,372.0,2.143,-1.049,-2.295
363.0,373.0,2.13,-0.962,-2.261
363.0,374.0,2.118,-0.88,-2.226
363.0,375.0,2.105,-0.803,-2.192
364.0,365.0,2.389,-2.353,-3.047
364.0,366.0,2.372,-2.206,-2.998
364.0,367.0,2.356,-2.069,-2.948
364.0,368.0,2.34,-1.941,-2.898
364.0,369.0,2.324,-1.821,-2.848
364.0,370.0,2.308,-1.709,-2.798
364.0,371.0,2.292,-1.603,-2.748
364.0,372.0,2.277,-1.503,-2.698
364.0,373.0,2.262,-1.409,-2.649
364.0,374.0,2.247,-1.32,-2.6
364.0,375.0,2.233,-1.235,-2.551
364.0,376.0,2.219,-1.155,-2.504
365.0,366.0,2.495,-2.333,-2.899
365.0,367.0,2.482,-2.192,-2.876
365.0,368.0,2.468,-2.063,-2.85
365.0,369.0,2.455,-1.943,-2.822
365.0,370.0,2.442,-1.832,-2.792
365.0,371.0,2.429,-1.729,-2.761
365.0,372.0,2.416,-1.634,-2.729
365.0,373.0,2.403,-1.544,-2.697
365.0,374.0,2.39,-1.46,-2.663
365.0,375.0,2.378,-1.382,-2.629
365.0,376.0,2.365,-1.308,-2.595
365.0,377.0,2.353,-1.238,-2.561
366.0,367.0,2.816,-2.702,-3.599
366.0,368.0,2.796,-2.569,-3.543
366.0,369.0,2.777,-2.445,-3.486
366.0,370.0,2.757,-2.328,-3.429
366.0,371.0,2.738,-2.217,-3.373
366.0,372.0,2.72,-2.113,-3.316
366.0,373.0,2.701,-2.014,-3.261
366.0,374.0,2.683,-1.921,-3.206
366.0,375.0,2.665,-1.832,-3.151
366.0,376.0,2.647,-1.747,-3.097
366.0,377.0,2.63,-1.666,-3.044
366.0,378.0,2.613,-1.588,-2.992
367.0,368.0,2.573,-2.378,-3.198
367.0,369.0,2.555,-2.239,-3.152
367.0,370.0,2.536,-2.108,-3.106
367.0,371.0,2.518,-1.987,-3.059
367.0,372.0,2.5,-1.873,-3.011
367.0,373.0,2.482,-1.767,-2.963
367.0,374.0,2.464,-1.667,-2.916
367.0,375.0,2.447,-1.572,-2.868
367.0,376.0,2.429,-1.483,-2.82
367.0,377.0,2.413,-1.398,-2.773
367.0,378.0,2.396,-1.318,-2.726
367.0,379.0,2.38,-1.242,-2.68
368.0,369.0,2.561,-2.401,-2.785
368.0,370.0,2.544,-2.239,-2.763
368.0,371.0,2.528,-2.089,-2.737
368.0,372.0,2.511,-1.952,-2.71
368.0,373.0,2.495,-1.825,-2.68
368.0,374.0,2.479,-1.708,-2.649
368.0,375.0,2.464,-1.599,-2.617
368.0,376.0,2.448,-1.498,-2.584
368.0,377.0,2.433,-1.403,-2.55
368.0,378.0,2.418,-1.315,-2.516
368.0,379.0,2.404,-1.232,-2.481
368.0,380.0,2.389,-1.154,-2.446
369.0,370.0,2.399,-2.249,-2.823
369.0,371.0,2.382,-2.102,-2.8
369.0,372.0,2.366,-1.966,-2.775
369.0,373.0,2.349,-1.841,-2.747
369.0,374.0,2.333,-1.726,-2.717
369.0,375.0,2.317,-1.619,-2.686
369.0,376.0,2.302,-1.519,-2.654
369.0,377.0,2.286,-1.426,-2.62
369.0,378.0,2.271,-1.339,-2.586
369.0,379.0,2.257,-1.257,-2.551
369.0,380.0,2.242,-1.18,-2.516
369.0,381.0,2.228,-1.107,-2.48
370.0,371.0,2.492,-2.254,-2.79
370.0,372.0,2.476,-2.097,-2.763
370.0,373.0,2.459,-1.953,-2.734
370.0,374.0,2.443,-1.819,-2.704
370.0,375.0,2.427,-1.696,-2.671
370.0,376.0,2.411,-1.582,-2.638
370.0,377.0,2.395,-1.476,-2.603
370.0,378.0,2.38,-1.377,-2.567
370.0,379.0,2.365,-1.284,-2.531
370.0,380.0,2.349,-1.198,-2.495
370.0,381.0,2.334,-1.116,-2.458
370.0,382.0,2.32,-1.04,-2.421
371.0,372.0,2.514,-2.157,-2.171
371.0,373.0,2.504,-1.974,-2.17
371.0,374.0,2.494,-1.808,-2.166
371.0,375.0,2.483,-1.657,-2.158
371.0,376.0,2.472,-1.519,-2.148
371.0,377.0,2.461,-1.394,-2.135
371.0,378.0,2.45,-1.279,-2.121
371.0,379.0,2.439,-1.173,-2.104
371.0,380.0,2.428,-1.077,-2.086
371.0,381.0,2.417,-0.987,-2.067
371.0,382.0,2.406,-0.905,-2.047
371.0,383.0,2.395,-0.828,-2.026
372.0,373.0,2.594,-2.199,-2.309
372.0,374.0,2.581,-2.024,-2.303
372.0,375.0,2.569,-1.866,-2.293
372.0,376.0,2.556,-1.721,-2.28
372.0,377.0,2.543,-1.588,-2.265
372.0,378.0,2.531,-1.467,-2.248
372.0,379.0,2.518,-1.356,-2.229
372.0,380.0,2.506,-1.253,-2.209
372.0,381.0,2.493,-1.158,-2.188
372.0,382.0,2.481,-1.071,-2.165
372.0,383.0,2.469,-0.99,-2.142
372.0,384.0,2.456,-0.914,-2.118
373.0,374.0,2.24,-1.728,-2.517
373.0,375.0,2.215,-1.556,-2.52
373.0,376.0,2.192,-1.408,-2.516
373.0,377.0,2.17,-1.278,-2.507
373.0,378.0,2.149,-1.165,-2.493
373.0,379.0,2.13,-1.065,-2.475
373.0,380.0,2.112,-0.976,-2.455
373.0,381.0,2.094,-0.897,-2.432
373.0,382.0,2.078,-0.826,-2.407
373.0,383.0,2.061,-0.762,-2.381
373.0,384.0,2.046,-0.703,-2.353
373.0,385.0,2.031,-0.649,-2.325
374.0,375.0,2.068,-1.628,-2.271
374.0,376.0,2.052,-1.484,-2.262
374.0,377.0,2.036,-1.354,-2.249
374.0,378.0,2.02,-1.234,-2.232
374.0,379.0,2.005,-1.124,-2.214
374.0,380.0,1.991,-1.023,-2.193
374.0,381.0,1.976,-0.929,-2.17
374.0,382.0,1.962,-0.842,-2.145
374.0,383.0,1.948,-0.762,-2.119
374.0,384.0,1.935,-0.686,-2.093
374.0,385.0,1.922,-0.616,-2.065
374.0,386.0,1.909,-0.55,-2.037
375.0,376.0,2.077,-1.728,-2.269
375.0,377.0,2.061,-1.578,-2.263
375.0,378.0,2.046,-1.442,-2.254
375.0,379.0,2.031,-1.317,-2.241
375.0,380.0,2.017,-1.203,-2.225
375.0,381.0,2.002,-1.098,-2.207
375.0,382.0,1.988,-1.002,-2.187
375.0,383.0,1.975,-0.912,-2.165
375.0,384.0,1.961,-0.829,-2.141
375.0,385.0,1.948,-0.752,-2.116
375.0,386.0,1.936,-0.68,-2.09
375.0,387.0,1.923,-0.613,-2.064
376.0,377.0,2.113,-1.807,-2.008
376.0,378.0,2.098,-1.639,-2.015
376.0,379.0,2.082,-1.487,-2.017
376.0,380.0,2.067,-1.349,-2.014
376.0,381.0,2.053,-1.223,-2.008
376.0,382.0,2.039,-1.108,-1.998
376.0,383.0,2.026,-1.003,-1.986
376.0,384.0,2.013,-0.907,-1.972
376.0,385.0,2.0,-0.818,-1.955
376.0,386.0,1.987,-0.736,-1.937
376.0,387.0,1.975,-0.66,-1.917
376.0,388.0,1.963,-0.589,-1.897
377.0,378.0,2.1,-1.625,-2.009
377.0,379.0,2.083,-1.47,-2.0
377.0,380.0,2.067,-1.333,-1.987
377.0,381.0,2.051,-1.21,-1.971
377.0,382.0,2.036,-1.101,-1.953
377.0,383.0,2.021,-1.002,-1.932
377.0,384.0,2.006,-0.913,-1.91
377.0,385.0,1.992,-0.833,-1.886
377.0,386.0,1.979,-0.76,-1.861
377.0,387.0,1.965,-0.693,-1.835
377.0,388.0,1.952,-0.632,-1.809
377.0,389.0,1.939,-0.576,-1.782
378.0,379.0,1.752,-1.355,-2.017
378.0,380.0,1.739,-1.211,-2.014
378.0,381.0,1.725,-1.08,-2.008
378.0,382.0,1.712,-0.96,-1.998
378.0,383.0,1.699,-0.851,-1.984
378.0,384.0,1.687,-0.75,-1.968
378.0,385.0,1.675,-0.658,-1.95
378.0,386.0,1.663,-0.573,-1.93
378.0,387.0,1.652,-0.494,-1.908
378.0,388.0,1.641,-0.42,-1.885
378.0,389.0,1.63,-0.352,-1.861
378.0,390.0,1.619,-0.288,-1.836
379.0,380.0,1.678,-1.251,-1.766
379.0,381.0,1.664,-1.097,-1.771
379.0,382.0,1.65,-0.957,-1.77
379.0,383.0,1.637,-0.829,-1.766
379.0,384.0,1.624,-0.713,-1.757
379.0,385.0,1.611,-0.607,-1.746
379.0,386.0,1.599,-0.51,-1.732
379.0,387.0,1.587,-0.421,-1.716
379.0,388.0,1.575,-0.339,-1.698
379.0,389.0,1.564,-0.263,-1.679
379.0,390.0,1.553,-0.192,-1.658
379.0,391.0,1.542,-0.126,-1.636
380.0,381.0,1.772,-1.332,-1.463
380.0,382.0,1.756,-1.153,-1.487
380.0,383.0,1.741,-0.992,-1.504
380.0,384.0,1.727,-0.847,-1.515
380.0,385.0,1.713,-0.716,-1.521
380.0,386.0,1.7,-0.597,-1.523
380.0,387.0,1.687,-0.489,-1.521
380.0,388.0,1.675,-0.391,-1.516
380.0,389.0,1.663,-0.301,-1.509
380.0,390.0,1.652,-0.219,-1.499
380.0,391.0,1.641,-0.144,-1.488
380.0,392.0,1.63,-0.075,-1.474
381.0,382.0,1.803,-1.375,-1.628
381.0,383.0,1.786,-1.206,-1.642
381.0,384.0,1.769,-1.054,-1.65
381.0,385.0,1.754,-0.916,-1.653
381.0,386.0,1.739,-0.79,-1.651
381.0,387.0,1.724,-0.676,-1.646
381.0,388.0,1.711,-0.572,-1.638
381.0,389.0,1.697,-0.477,-1.628
381.0,390.0,1.685,-0.39,-1.615
381.0,391.0,1.672,-0.309,-1.6
381.0,392.0,1.66,-0.235,-1.584
381.0,393.0,1.649,-0.166,-1.566
382.0,383.0,2.119,-1.737,-2.222
382.0,384.0,2.102,-1.579,-2.22
382.0,385.0,2.085,-1.434,-2.214
382.0,386.0,2.069,-1.302,-2.204
382.0,387.0,2.053,-1.182,-2.191
382.0,388.0,2.038,-1.071,-2.174
382.0,389.0,2.023,-0.97,-2.155
382.0,390.0,2.008,-0.876,-2.135
382.0,391.0,1.994,-0.789,-2.112
382.0,392.0,1.98,-0.709,-2.088
382.0,393.0,1.966,-0.634,-2.063
382.0,394.0,1.952,-0.564,-2.037
383.0,384.0,2.764,-2.319,-2.567
383.0,385.0,2.743,-2.16,-2.55
383.0,386.0,2.722,-2.014,-2.529
383.0,387.0,2.702,-1.879,-2.507
383.0,388.0,2.683,-1.755,-2.482
383.0,389.0,2.664,-1.64,-2.456
383.0,390.0,2.645,-1.534,-2.428
383.0,391.0,2.627,-1.435,-2.399
383.0,392.0,2.609,-1.342,-2.37
383.0,393.0,2.592,-1.256,-2.339
383.0,394.0,2.575,-1.175,-2.309
383.0,395.0,2.558,-1.099,-2.277
384.0,385.0,2.789,-2.251,-2.616
384.0,386.0,2.768,-2.091,-2.614
384.0,387.0,2.749,-1.95,-2.608
384.0,388.0,2.73,-1.826,-2.597
384.0,389.0,2.711,-1.716,-2.584
384.0,390.0,2.693,-1.619,-2.567
384.0,391.0,2.676,-1.533,-2.549
384.0,392.0,2.658,-1.455,-2.528
384.0,393.0,2.642,-1.386,-2.506
384.0,394.0,2.625,-1.323,-2.483
384.0,395.0,2.609,-1.265,-2.458
384.0,396.0,2.593,-1.213,-2.433
385.0,386.0,2.788,-2.247,-2.533
385.0,387.0,2.768,-2.09,-2.53
385.0,388.0,2.749,-1.946,-2.524
385.0,389.0,2.73,-1.816,-2.514
385.0,390.0,2.712,-1.696,-2.501
385.0,391.0,2.694,-1.586,-2.485
385.0,392.0,2.676,-1.485,-2.467
385.0,393.0,2.658,-1.391,-2.447
385.0,394.0,2.641,-1.304,-2.425
385.0,395.0,2.624,-1.224,-2.403
385.0,396.0,2.608,-1.149,-2.379
385.0,397.0,2.591,-1.079,-2.354
386.0,387.0,2.661,-2.009,-2.159
386.0,388.0,2.644,-1.844,-2.17
386.0,389.0,2.626,-1.694,-2.175
386.0,390.0,2.61,-1.559,-2.177
386.0,391.0,2.593,-1.435,-2.174
386.0,392.0,2.577,-1.323,-2.168
386.0,393.0,2.561,-1.221,-2.159
386.0,394.0,2.545,-1.126,-2.148
386.0,395.0,2.53,-1.04,-2.135
386.0,396.0,2.515,-0.96,-2.12
386.0,397.0,2.5,-0.887,-2.104
386.0,398.0,2.485,-0.818,-2.087
387.0,388.0,2.687,-1.883,-2.311
387.0,389.0,2.667,-1.755,-2.309
387.0,390.0,2.648,-1.643,-2.303
387.0,391.0,2.629,-1.544,-2.294
387.0,392.0,2.611,-1.455,-2.283
387.0,393.0,2.594,-1.377,-2.269
387.0,394.0,2.577,-1.307,-2.253
387.0,395.0,2.561,-1.244,-2.236
387.0,396.0,2.545,-1.186,-2.217
387.0,397.0,2.53,-1.135,-2.198
387.0,398.0,2.515,-1.087,-2.177
387.0,399.0,2.5,-1.043,-2.156
388.0,389.0,2.551,-1.684,-2.049
388.0,390.0,2.535,-1.543,-2.053
388.0,391.0,2.519,-1.416,-2.054
388.0,392.0,2.503,-1.3,-2.051
388.0,393.0,2.488,-1.194,-2.045
388.0,394.0,2.473,-1.097,-2.037
388.0,395.0,2.458,-1.009,-2.026
388.0,396.0,2.444,-0.927,-2.014
388.0,397.0,2.43,-0.852,-2.0
388.0,398.0,2.416,-0.783,-1.984
388.0,399.0,2.403,-0.718,-1.967
388.0,400.0,2.39,-0.658,-1.95
389.0,390.0,2.467,-1.448,-1.932
389.0,391.0,2.452,-1.315,-1.94
389.0,392.0,2.437,-1.195,-1.943
389.0,393.0,2.422,-1.086,-1.943
389.0,394.0,2.408,-0.987,-1.94
389.0,395.0,2.394,-0.896,-1.935
389.0,396.0,2.38,-0.813,-1.927
389.0,397.0,2.367,-0.737,-1.917
389.0,398.0,2.354,-0.667,-1.905
389.0,399.0,2.341,-0.603,-1.892
389.0,400.0,2.328,-0.543,-1.877
389.0,401.0,2.315,-0.487,-1.862
390.0,391.0,2.553,-1.514,-1.983
390.0,392.0,2.539,-1.385,-1.986
390.0,393.0,2.526,-1.268,-1.987
390.0,394.0,2.512,-1.162,-1.984
390.0,395.0,2.499,-1.065,-1.978
390.0,396.0,2.486,-0.976,-1.97
390.0,397.0,2.474,-0.894,-1.96
390.0,398.0,2.461,-0.82,-1.949
390.0,399.0,2.449,-0.751,-1.936
390.0,400.0,2.437,-0.687,-1.922
390.0,401.0,2.425,-0.628,-1.907
390.0,402.0,2.414,-0.573,-1.891
391.0,392.0,2.547,-1.473,-2.302
391.0,393.0,2.53,-1.387,-2.281
391.0,394.0,2.513,-1.31,-2.259
391.0,395.0,2.497,-1.239,-2.235
391.0,396.0,2.48,-1.175,-2.211
391.0,397.0,2.465,-1.116,-2.185
391.0,398.0,2.449,-1.062,-2.159
391.0,399.0,2.434,-1.012,-2.133
391.0,400.0,2.419,-0.965,-2.106
391.0,401.0,2.405,-0.922,-2.079
391.0,402.0,2.391,-0.882,-2.052
391.0,403.0,2.377,-0.844,-2.025
392.0,393.0,2.338,-1.223,-1.696
392.0,394.0,2.324,-1.093,-1.706
392.0,395.0,2.309,-0.976,-1.713
392.0,396.0,2.296,-0.87,-1.715
392.0,397.0,2.282,-0.773,-1.715
392.0,398.0,2.269,-0.686,-1.711
392.0,399.0,2.256,-0.605,-1.706
392.0,400.0,2.244,-0.532,-1.698
392.0,401.0,2.232,-0.464,-1.689
392.0,402.0,2.22,-0.402,-1.678
392.0,403.0,2.208,-0.345,-1.666
392.0,404.0,2.197,-0.292,-1.653
393.0,394.0,2.53,-1.411,-1.744
393.0,395.0,2.514,-1.27,-1.76
393.0,396.0,2.499,-1.142,-1.77
393.0,397.0,2.484,-1.027,-1.777
393.0,398.0,2.47,-0.922,-1.78
393.0,399.0,2.456,-0.827,-1.78
393.0,400.0,2.442,-0.741,-1.777
393.0,401.0,2.428,-0.662,-1.772
393.0,402.0,2.415,-0.59,-1.765
393.0,403.0,2.402,-0.523,-1.756
393.0,404.0,2.389,-0.462,-1.746
393.0,405.0,2.376,-0.406,-1.735
394.0,395.0,2.541,-1.341,-1.448
394.0,396.0,2.528,-1.194,-1.474
394.0,397.0,2.515,-1.062,-1.494
394.0,398.0,2.502,-0.944,-1.51
394.0,399.0,2.49,-0.838,-1.523
394.0,400.0,2.477,-0.742,-1.531
394.0,401.0,2.466,-0.655,-1.537
394.0,402.0,2.454,-0.577,-1.54
394.0,403.0,2.443,-0.505,-1.541
394.0,404.0,2.432,-0.44,-1.54
394.0,405.0,2.421,-0.381,-1.537
394.0,406.0,2.41,-0.327,-1.533
395.0,396.0,2.525,-1.195,-0.935
395.0,397.0,2.514,-1.023,-0.986
395.0,398.0,2.504,-0.871,-1.03
395.0,399.0,2.494,-0.736,-1.068
395.0,400.0,2.484,-0.616,-1.1
395.0,401.0,2.474,-0.509,-1.128
395.0,402.0,2.465,-0.414,-1.151
395.0,403.0,2.455,-0.329,-1.171
395.0,404.0,2.446,-0.254,-1.187
395.0,405.0,2.437,-0.186,-1.201
395.0,406.0,2.428,-0.126,-1.212
395.0,407.0,2.42,-0.072,-1.221
396.0,397.0,2.486,-1.007,-0.729
396.0,398.0,2.474,-0.836,-0.779
396.0,399.0,2.462,-0.684,-0.823
396.0,400.0,2.451,-0.549,-0.861
396.0,401.0,2.44,-0.429,-0.894
396.0,402.0,2.429,-0.322,-0.922
396.0,403.0,2.419,-0.227,-0.946
396.0,404.0,2.409,-0.142,-0.967
396.0,405.0,2.399,-0.066,-0.984
396.0,406.0,2.39,0.002,-0.999
396.0,407.0,2.38,0.063,-1.011
396.0,408.0,2.371,0.117,-1.022
397.0,398.0,2.75,-1.192,-0.45
397.0,399.0,2.739,-0.994,-0.517
397.0,400.0,2.728,-0.82,-0.576
397.0,401.0,2.718,-0.666,-0.629
397.0,402.0,2.708,-0.529,-0.676
397.0,403.0,2.698,-0.409,-0.718
397.0,404.0,2.689,-0.302,-0.755
397.0,405.0,2.679,-0.208,-0.789
397.0,406.0,2.67,-0.124,-0.818
397.0,407.0,2.661,-0.05,-0.844
397.0,408.0,2.652,0.016,-0.868
397.0,409.0,2.643,0.074,-0.888
398.0,399.0,2.972,-1.247,-0.859
398.0,400.0,2.964,-1.078,-0.916
398.0,401.0,2.956,-0.929,-0.966
398.0,402.0,2.948,-0.797,-1.011
398.0,403.0,2.94,-0.68,-1.051
398.0,404.0,2.932,-0.576,-1.086
398.0,405.0,2.923,-0.485,-1.118
398.0,406.0,2.915,-0.403,-1.145
398.0,407.0,2.906,-0.331,-1.17
398.0,408.0,2.897,-0.267,-1.192
398.0,409.0,2.888,-0.211,-1.211
398.0,410.0,2.879,-0.16,-1.228
399.0,400.0,2.795,-0.963,-0.572
399.0,401.0,2.786,-0.797,-0.631
399.0,402.0,2.776,-0.65,-0.684
399.0,403.0,2.767,-0.521,-0.731
399.0,404.0,2.758,-0.406,-0.773
399.0,405.0,2.749,-0.305,-0.81
399.0,406.0,2.74,-0.215,-0.843
399.0,407.0,2.731,-0.136,-0.873
399.0,408.0,2.722,-0.066,-0.899
399.0,409.0,2.713,-0.004,-0.923
399.0,410.0,2.705,0.051,-0.944
399.0,411.0,2.696,0.1,-0.963
400.0,401.0,2.971,-1.056,-0.288
400.0,402.0,2.963,-0.866,-0.369
400.0,403.0,2.956,-0.699,-0.443
400.0,404.0,2.948,-0.552,-0.509
400.0,405.0,2.94,-0.424,-0.569
400.0,406.0,2.933,-0.312,-0.624
400.0,407.0,2.925,-0.214,-0.673
400.0,408.0,2.918,-0.128,-0.717
400.0,409.0,2.91,-0.053,-0.758
400.0,410.0,2.903,0.013,-0.795
400.0,411.0,2.895,0.07,-0.829
400.0,412.0,2.887,0.12,-0.859
401.0,402.0,2.907,-0.901,-0.5
401.0,403.0,2.903,-0.742,-0.566
401.0,404.0,2.9,-0.602,-0.626
401.0,405.0,2.895,-0.479,-0.68
401.0,406.0,2.891,-0.371,-0.729
401.0,407.0,2.886,-0.277,-0.774
401.0,408.0,2.881,-0.194,-0.814
401.0,409.0,2.876,-0.122,-0.851
401.0,410.0,2.87,-0.059,-0.884
401.0,411.0,2.864,-0.004,-0.915
401.0,412.0,2.858,0.044,-0.942
401.0,413.0,2.852,0.086,-0.968
402.0,403.0,2.849,-0.81,-0.096
402.0,404.0,2.842,-0.629,-0.179
402.0,405.0,2.836,-0.47,-0.255
402.0,406.0,2.829,-0.331,-0.323
402.0,407.0,2.823,-0.209,-0.386
402.0,408.0,2.817,-0.103,-0.442
402.0,409.0,2.81,-0.01,-0.494
402.0,410.0,2.804,0.07,-0.541
402.0,411.0,2.797,0.14,-0.584
402.0,412.0,2.791,0.201,-0.623
402.0,413.0,2.784,0.254,-0.659
402.0,414.0,2.777,0.299,-0.691
403.0,404.0,2.947,-0.817,-0.095
403.0,405.0,2.942,-0.638,-0.182
403.0,406.0,2.936,-0.481,-0.261
403.0,407.0,2.93,-0.343,-0.332
403.0,408.0,2.924,-0.224,-0.397
403.0,409.0,2.918,-0.12,-0.457
403.0,410.0,2.912,-0.029,-0.511
403.0,411.0,2.906,0.049,-0.561
403.0,412.0,2.9,0.117,-0.606
403.0,413.0,2.894,0.176,-0.648
403.0,414.0,2.888,0.227,-0.686
403.0,415.0,2.882,0.27,-0.721
404.0,405.0,2.86,-0.638,-0.143
404.0,406.0,2.861,-0.478,-0.227
404.0,407.0,2.861,-0.338,-0.304
404.0,408.0,2.861,-0.217,-0.374
404.0,409.0,2.86,-0.112,-0.438
404.0,410.0,2.859,-0.021,-0.497
404.0,411.0,2.857,0.057,-0.551
404.0,412.0,2.855,0.124,-0.6
404.0,413.0,2.852,0.182,-0.646
404.0,414.0,2.849,0.231,-0.688
404.0,415.0,2.846,0.273,-0.727
404.0,416.0,2.842,0.309,-0.763
405.0,406.0,3.046,-0.724,-0.083
405.0,407.0,3.043,-0.558,-0.171
405.0,408.0,3.04,-0.413,-0.251
405.0,409.0,3.037,-0.287,-0.324
405.0,410.0,3.034,-0.178,-0.391
405.0,411.0,3.03,-0.083,-0.453
405.0,412.0,3.026,-0.002,-0.51
405.0,413.0,3.021,0.069,-0.562
405.0,414.0,3.017,0.129,-0.61
405.0,415.0,3.012,0.181,-0.654
405.0,416.0,3.007,0.225,-0.695
405.0,417.0,3.001,0.263,-0.732
406.0,407.0,3.153,-0.74,-0.252
406.0,408.0,3.148,-0.588,-0.334
406.0,409.0,3.144,-0.455,-0.408
406.0,410.0,3.139,-0.34,-0.475
406.0,411.0,3.134,-0.24,-0.537
406.0,412.0,3.128,-0.154,-0.594
406.0,413.0,3.123,-0.08,-0.646
406.0,414.0,3.117,-0.016,-0.694
406.0,415.0,3.111,0.039,-0.738
406.0,416.0,3.105,0.085,-0.778
406.0,417.0,3.099,0.125,-0.816
406.0,418.0,3.092,0.159,-0.85
407.0,408.0,2.993,-0.509,-0.274
407.0,409.0,2.988,-0.371,-0.347
407.0,410.0,2.983,-0.251,-0.413
407.0,411.0,2.978,-0.146,-0.473
407.0,412.0,2.972,-0.055,-0.529
407.0,413.0,2.966,0.024,-0.579
407.0,414.0,2.961,0.092,-0.625
407.0,415.0,2.955,0.151,-0.668
407.0,416.0,2.948,0.202,-0.707
407.0,417.0,2.942,0.246,-0.742
407.0,418.0,2.936,0.284,-0.775
407.0,419.0,2.929,0.316,-0.806
408.0,409.0,2.747,-0.229,-0.602
408.0,410.0,2.744,-0.179,-0.639
408.0,411.0,2.741,-0.134,-0.673
408.0,412.0,2.737,-0.096,-0.704
408.0,413.0,2.734,-0.063,-0.734
408.0,414.0,2.729,-0.034,-0.762
408.0,415.0,2.725,-0.009,-0.787
408.0,416.0,2.72,0.012,-0.811
408.0,417.0,2.716,0.029,-0.834
408.0,418.0,2.711,0.045,-0.855
408.0,419.0,2.705,0.057,-0.875
408.0,420.0,2.7,0.068,-0.893
409.0,410.0,2.667,-0.165,-0.553
409.0,411.0,2.665,-0.117,-0.59
409.0,412.0,2.662,-0.075,-0.625
409.0,413.0,2.659,-0.04,-0.658
409.0,414.0,2.656,-0.01,-0.688
409.0,415.0,2.653,0.016,-0.717
409.0,416.0,2.649,0.038,-0.743
409.0,417.0,2.645,0.056,-0.768
409.0,418.0,2.641,0.071,-0.792
409.0,419.0,2.637,0.084,-0.814
409.0,420.0,2.632,0.094,-0.834
409.0,421.0,2.628,0.102,-0.853
410.0,411.0,2.775,-0.236,-0.688
410.0,412.0,2.765,-0.145,-0.725
410.0,413.0,2.756,-0.065,-0.759
410.0,414.0,2.746,0.005,-0.789
410.0,415.0,2.737,0.067,-0.816
410.0,416.0,2.728,0.122,-0.84
410.0,417.0,2.719,0.17,-0.862
410.0,418.0,2.71,0.212,-0.881
410.0,419.0,2.701,0.25,-0.899
410.0,420.0,2.692,0.283,-0.914
410.0,421.0,2.683,0.312,-0.928
410.0,422.0,2.675,0.338,-0.941
411.0,412.0,2.484,0.031,-0.765
411.0,413.0,2.475,0.102,-0.788
411.0,414.0,2.466,0.164,-0.808
411.0,415.0,2.457,0.22,-0.826
411.0,416.0,2.448,0.269,-0.842
411.0,417.0,2.44,0.313,-0.856
411.0,418.0,2.431,0.352,-0.868
411.0,419.0,2.423,0.387,-0.878
411.0,420.0,2.415,0.419,-0.888
411.0,421.0,2.407,0.447,-0.895
411.0,422.0,2.399,0.472,-0.902
411.0,423.0,2.391,0.495,-0.908
412.0,413.0,2.625,-0.134,-1.053
412.0,414.0,2.615,-0.073,-1.067
412.0,415.0,2.605,-0.018,-1.079
412.0,416.0,2.595,0.032,-1.089
412.0,417.0,2.585,0.077,-1.097
412.0,418.0,2.575,0.117,-1.104
412.0,419.0,2.566,0.153,-1.11
412.0,420.0,2.556,0.186,-1.114
412.0,421.0,2.547,0.215,-1.118
412.0,422.0,2.538,0.243,-1.12
412.0,423.0,2.529,0.267,-1.122
412.0,424.0,2.52,0.29,-1.123
413.0,414.0,2.266,0.165,-1.151
413.0,415.0,2.255,0.203,-1.143
413.0,416.0,2.245,0.237,-1.135
413.0,417.0,2.234,0.27,-1.126
413.0,418.0,2.224,0.3,-1.117
413.0,419.0,2.214,0.329,-1.108
413.0,420.0,2.204,0.356,-1.099
413.0,421.0,2.194,0.381,-1.089
413.0,422.0,2.185,0.405,-1.08
413.0,423.0,2.175,0.428,-1.07
413.0,424.0,2.166,0.45,-1.06
413.0,425.0,2.157,0.47,-1.051
414.0,415.0,2.138,0.009,-1.187
414.0,416.0,2.131,0.024,-1.174
414.0,417.0,2.123,0.039,-1.161
414.0,418.0,2.115,0.053,-1.149
414.0,419.0,2.107,0.067,-1.136
414.0,420.0,2.1,0.081,-1.124
414.0,421.0,2.092,0.095,-1.112
414.0,422.0,2.085,0.108,-1.101
414.0,423.0,2.078,0.121,-1.089
414.0,424.0,2.07,0.134,-1.078
414.0,425.0,2.063,0.147,-1.067
414.0,426.0,2.056,0.159,-1.056
415.0,416.0,2.13,0.044,-0.905
415.0,417.0,2.12,0.117,-0.916
415.0,418.0,2.111,0.182,-0.924
415.0,419.0,2.101,0.241,-0.93
415.0,420.0,2.092,0.294,-0.934
415.0,421.0,2.083,0.343,-0.937
415.0,422.0,2.075,0.386,-0.939
415.0,423.0,2.066,0.426,-0.939
415.0,424.0,2.058,0.463,-0.938
415.0,425.0,2.05,0.496,-0.937
415.0,426.0,2.042,0.527,-0.935
415.0,427.0,2.035,0.555,-0.932
416.0,417.0,1.621,0.413,-0.756
416.0,418.0,1.615,0.417,-0.742
416.0,419.0,1.61,0.421,-0.729
416.0,420.0,1.605,0.426,-0.716
416.0,421.0,1.6,0.431,-0.703
416.0,422.0,1.594,0.437,-0.691
416.0,423.0,1.59,0.443,-0.679
416.0,424.0,1.585,0.45,-0.668
416.0,425.0,1.58,0.456,-0.657
416.0,426.0,1.575,0.463,-0.646
416.0,427.0,1.57,0.47,-0.635
416.0,428.0,1.566,0.477,-0.625
417.0,418.0,1.752,0.22,-0.602
417.0,419.0,1.742,0.309,-0.621
417.0,420.0,1.733,0.388,-0.637
417.0,421.0,1.725,0.459,-0.65
417.0,422.0,1.717,0.523,-0.661
417.0,423.0,1.709,0.58,-0.669
417.0,424.0,1.702,0.632,-0.676
417.0,425.0,1.695,0.679,-0.681
417.0,426.0,1.688,0.721,-0.684
417.0,427.0,1.681,0.759,-0.686
417.0,428.0,1.675,0.793,-0.687
417.0,429.0,1.669,0.825,-0.687
418.0,419.0,1.791,-0.187,-0.68
418.0,420.0,1.788,-0.133,-0.683
418.0,421.0,1.784,-0.084,-0.685
418.0,422.0,1.78,-0.039,-0.686
418.0,423.0,1.776,0.002,-0.686
418.0,424.0,1.772,0.04,-0.685
418.0,425.0,1.768,0.075,-0.684
418.0,426.0,1.763,0.107,-0.683
418.0,427.0,1.759,0.136,-0.68
418.0,428.0,1.755,0.164,-0.678
418.0,429.0,1.75,0.189,-0.675
418.0,430.0,1.746,0.212,-0.672
419.0,420.0,1.904,-0.243,-0.695
419.0,421.0,1.902,-0.185,-0.703
419.0,422.0,1.9,-0.133,-0.71
419.0,423.0,1.898,-0.086,-0.716
419.0,424.0,1.895,-0.042,-0.72
419.0,425.0,1.892,-0.003,-0.724
419.0,426.0,1.889,0.033,-0.727
419.0,427.0,1.886,0.066,-0.729
419.0,428.0,1.882,0.097,-0.731
419.0,429.0,1.879,0.124,-0.732
419.0,430.0,1.875,0.15,-0.732
419.0,431.0,1.872,0.173,-0.732
420.0,421.0,2.07,-0.509,-1.022
420.0,422.0,2.067,-0.456,-1.016
420.0,423.0,2.064,-0.407,-1.009
420.0,424.0,2.061,-0.361,-1.003
420.0,425.0,2.057,-0.319,-0.996
420.0,426.0,2.053,-0.279,-0.989
420.0,427.0,2.049,-0.241,-0.982
420.0,428.0,2.045,-0.207,-0.975
420.0,429.0,2.04,-0.174,-0.968
420.0,430.0,2.036,-0.143,-0.96
420.0,431.0,2.031,-0.114,-0.953
420.0,432.0,2.026,-0.087,-0.946
421.0,422.0,1.688,-0.103,-1.075
421.0,423.0,1.682,-0.08,-1.054
421.0,424.0,1.675,-0.057,-1.034
421.0,425.0,1.669,-0.036,-1.014
421.0,426.0,1.663,-0.014,-0.995
421.0,427.0,1.657,0.006,-0.976
421.0,428.0,1.651,0.026,-0.958
421.0,429.0,1.645,0.046,-0.94
421.0,430.0,1.639,0.065,-0.922
421.0,431.0,1.633,0.084,-0.905
421.0,432.0,1.627,0.102,-0.888
421.0,433.0,1.622,0.12,-0.872
422.0,423.0,1.322,0.039,-1.266
422.0,424.0,1.313,0.048,-1.222
422.0,425.0,1.304,0.059,-1.181
422.0,426.0,1.296,0.072,-1.141
422.0,427.0,1.288,0.085,-1.103
422.0,428.0,1.28,0.1,-1.066
422.0,429.0,1.273,0.116,-1.031
422.0,430.0,1.265,0.132,-0.997
422.0,431.0,1.258,0.149,-0.964
422.0,432.0,1.252,0.167,-0.933
422.0,433.0,1.245,0.185,-0.902
422.0,434.0,1.239,0.203,-0.873
423.0,424.0,0.884,-0.796,-1.253
423.0,425.0,0.879,-0.731,-1.206
423.0,426.0,0.874,-0.669,-1.16
423.0,427.0,0.869,-0.61,-1.115
423.0,428.0,0.864,-0.552,-1.071
423.0,429.0,0.86,-0.497,-1.029
423.0,430.0,0.855,-0.444,-0.987
423.0,431.0,0.851,-0.393,-0.947
423.0,432.0,0.847,-0.344,-0.908
423.0,433.0,0.842,-0.296,-0.87
423.0,434.0,0.838,-0.25,-0.832
423.0,435.0,0.834,-0.206,-0.796
424.0,425.0,0.822,-0.693,-1.276
424.0,426.0,0.81,-0.606,-1.24
424.0,427.0,0.799,-0.527,-1.204
424.0,428.0,0.788,-0.455,-1.167
424.0,429.0,0.777,-0.389,-1.129
424.0,430.0,0.768,-0.328,-1.092
424.0,431.0,0.758,-0.271,-1.054
424.0,432.0,0.749,-0.218,-1.017
424.0,433.0,0.74,-0.169,-0.98
424.0,434.0,0.731,-0.123,-0.944
424.0,435.0,0.723,-0.08,-0.907
424.0,436.0,0.715,-0.039,-0.872
425.0,426.0,0.875,-0.704,-1.494
425.0,427.0,0.867,-0.656,-1.428
425.0,428.0,0.859,-0.608,-1.365
425.0,429.0,0.851,-0.56,-1.304
425.0,430.0,0.843,-0.513,-1.246
425.0,431.0,0.836,-0.466,-1.189
425.0,432.0,0.829,-0.421,-1.135
425.0,433.0,0.823,-0.376,-1.082
425.0,434.0,0.817,-0.332,-1.031
425.0,435.0,0.811,-0.289,-0.982
425.0,436.0,0.805,-0.246,-0.935
425.0,437.0,0.799,-0.205,-0.889
426.0,427.0,0.9,-0.751,-1.684
426.0,428.0,0.891,-0.708,-1.614
426.0,429.0,0.881,-0.665,-1.546
426.0,430.0,0.872,-0.622,-1.481
426.0,431.0,0.864,-0.579,-1.418
426.0,432.0,0.856,-0.536,-1.358
426.0,433.0,0.848,-0.493,-1.3
426.0,434.0,0.84,-0.45,-1.243
426.0,435.0,0.833,-0.408,-1.189
426.0,436.0,0.826,-0.367,-1.137
426.0,437.0,0.82,-0.325,-1.086
426.0,438.0,0.813,-0.285,-1.037
427.0,428.0,0.715,-0.588,-1.272
427.0,429.0,0.708,-0.536,-1.209
427.0,430.0,0.702,-0.485,-1.149
427.0,431.0,0.696,-0.436,-1.092
427.0,432.0,0.69,-0.387,-1.036
427.0,433.0,0.684,-0.339,-0.982
427.0,434.0,0.679,-0.292,-0.931
427.0,435.0,0.674,-0.246,-0.881
427.0,436.0,0.669,-0.201,-0.832
427.0,437.0,0.665,-0.157,-0.786
427.0,438.0,0.66,-0.115,-0.741
427.0,439.0,0.656,-0.073,-0.698
428.0,429.0,0.999,-0.883,-1.821
428.0,430.0,0.991,-0.845,-1.746
428.0,431.0,0.983,-0.807,-1.673
428.0,432.0,0.976,-0.768,-1.604
428.0,433.0,0.969,-0.728,-1.537
428.0,434.0,0.963,-0.687,-1.473
428.0,435.0,0.957,-0.647,-1.411
428.0,436.0,0.951,-0.606,-1.352
428.0,437.0,0.946,-0.566,-1.295
428.0,438.0,0.942,-0.525,-1.24
428.0,439.0,0.937,-0.485,-1.187
428.0,440.0,0.933,-0.445,-1.136
429.0,430.0,0.931,-0.829,-1.746
429.0,431.0,0.92,-0.781,-1.669
429.0,432.0,0.91,-0.733,-1.595
429.0,433.0,0.9,-0.685,-1.524
429.0,434.0,0.89,-0.637,-1.456
429.0,435.0,0.881,-0.589,-1.39
429.0,436.0,0.872,-0.542,-1.327
429.0,437.0,0.864,-0.495,-1.266
429.0,438.0,0.856,-0.448,-1.207
429.0,439.0,0.848,-0.402,-1.151
429.0,440.0,0.841,-0.356,-1.096
429.0,441.0,0.834,-0.312,-1.044
430.0,431.0,1.201,-1.116,-2.217
430.0,432.0,1.188,-1.078,-2.13
430.0,433.0,1.176,-1.038,-2.045
430.0,434.0,1.164,-0.997,-1.964
430.0,435.0,1.153,-0.955,-1.887
430.0,436.0,1.143,-0.912,-1.812
430.0,437.0,1.134,-0.869,-1.741
430.0,438.0,1.125,-0.825,-1.672
430.0,439.0,1.117,-0.781,-1.606
430.0,440.0,1.109,-0.737,-1.542
430.0,441.0,1.101,-0.693,-1.481
430.0,442.0,1.094,-0.649,-1.422
431.0,432.0,1.032,-0.972,-1.739
431.0,433.0,1.023,-0.919,-1.667
431.0,434.0,1.013,-0.866,-1.597
431.0,435.0,1.005,-0.814,-1.531
431.0,436.0,0.996,-0.762,-1.466
431.0,437.0,0.988,-0.71,-1.405
431.0,438.0,0.981,-0.66,-1.345
431.0,439.0,0.973,-0.61,-1.288
431.0,440.0,0.966,-0.561,-1.232
431.0,441.0,0.959,-0.512,-1.179
431.0,442.0,0.953,-0.465,-1.128
431.0,443.0,0.947,-0.418,-1.078
432.0,433.0,1.25,-1.191,-2.33
432.0,434.0,1.237,-1.158,-2.244
432.0,435.0,1.226,-1.124,-2.161
432.0,436.0,1.215,-1.088,-2.082
432.0,437.0,1.204,-1.05,-2.006
432.0,438.0,1.195,-1.012,-1.933
432.0,439.0,1.185,-0.973,-1.863
432.0,440.0,1.177,-0.933,-1.795
432.0,441.0,1.169,-0.893,-1.73
432.0,442.0,1.161,-0.852,-1.667
432.0,443.0,1.153,-0.812,-1.607
432.0,444.0,1.147,-0.771,-1.549
433.0,434.0,1.444,-1.41,-2.636
433.0,435.0,1.43,-1.38,-2.541
433.0,436.0,1.417,-1.349,-2.451
433.0,437.0,1.405,-1.315,-2.364
433.0,438.0,1.394,-1.279,-2.28
433.0,439.0,1.383,-1.242,-2.2
433.0,440.0,1.373,-1.204,-2.124
433.0,441.0,1.364,-1.165,-2.05
433.0,442.0,1.355,-1.125,-1.979
433.0,443.0,1.347,-1.084,-1.911
433.0,444.0,1.339,-1.043,-1.845
433.0,445.0,1.332,-1.002,-1.782
434.0,435.0,1.852,-1.887,-3.356
434.0,436.0,1.833,-1.859,-3.245
434.0,437.0,1.815,-1.828,-3.138
434.0,438.0,1.797,-1.794,-3.035
434.0,439.0,1.78,-1.758,-2.937
434.0,440.0,1.765,-1.719,-2.843
434.0,441.0,1.75,-1.679,-2.753
434.0,442.0,1.735,-1.637,-2.666
434.0,443.0,1.722,-1.595,-2.582
434.0,444.0,1.709,-1.551,-2.502
434.0,445.0,1.696,-1.506,-2.425
434.0,446.0,1.685,-1.461,-2.35
435.0,436.0,2.234,-2.28,-4.005
435.0,437.0,2.211,-2.265,-3.88
435.0,438.0,2.19,-2.246,-3.761
435.0,439.0,2.17,-2.221,-3.646
435.0,440.0,2.151,-2.193,-3.537
435.0,441.0,2.133,-2.162,-3.432
435.0,442.0,2.116,-2.127,-3.331
435.0,443.0,2.1,-2.09,-3.234
435.0,444.0,2.085,-2.051,-3.141
435.0,445.0,2.071,-2.011,-3.052
435.0,446.0,2.057,-1.968,-2.967
435.0,447.0,2.044,-1.925,-2.884
436.0,437.0,1.991,-1.992,-3.526
436.0,438.0,1.972,-1.966,-3.417
436.0,439.0,1.954,-1.936,-3.312
436.0,440.0,1.937,-1.903,-3.212
436.0,441.0,1.92,-1.868,-3.115
436.0,442.0,1.905,-1.831,-3.023
436.0,443.0,1.89,-1.792,-2.934
436.0,444.0,1.876,-1.751,-2.848
436.0,445.0,1.862,-1.709,-2.766
436.0,446.0,1.849,-1.667,-2.687
436.0,447.0,1.837,-1.623,-2.611
436.0,448.0,1.825,-1.579,-2.538
437.0,438.0,2.024,-2.039,-3.838
437.0,439.0,2.001,-2.02,-3.721
437.0,440.0,1.979,-1.994,-3.609
437.0,441.0,1.956,-1.961,-3.501
437.0,442.0,1.934,-1.924,-3.397
437.0,443.0,1.912,-1.883,-3.297
437.0,444.0,1.891,-1.838,-3.201
437.0,445.0,1.869,-1.792,-3.107
437.0,446.0,1.849,-1.743,-3.017
437.0,447.0,1.828,-1.693,-2.93
437.0,448.0,1.808,-1.642,-2.845
437.0,449.0,1.788,-1.591,-2.763
438.0,439.0,1.765,-1.681,-2.826
438.0,440.0,1.752,-1.644,-2.745
438.0,441.0,1.739,-1.606,-2.666
438.0,442.0,1.727,-1.568,-2.591
438.0,443.0,1.716,-1.528,-2.518
438.0,444.0,1.706,-1.488,-2.448
438.0,445.0,1.695,-1.447,-2.381
438.0,446.0,1.685,-1.406,-2.316
438.0,447.0,1.676,-1.365,-2.253
438.0,448.0,1.667,-1.323,-2.193
438.0,449.0,1.658,-1.282,-2.134
438.0,450.0,1.65,-1.241,-2.078
439.0,440.0,1.508,-1.437,-2.584
439.0,441.0,1.494,-1.408,-2.499
439.0,442.0,1.482,-1.376,-2.417
439.0,443.0,1.47,-1.342,-2.339
439.0,444.0,1.459,-1.307,-2.263
439.0,445.0,1.448,-1.271,-2.19
439.0,446.0,1.438,-1.233,-2.121
439.0,447.0,1.428,-1.195,-2.053
439.0,448.0,1.418,-1.156,-1.989
439.0,449.0,1.41,-1.117,-1.927
439.0,450.0,1.401,-1.077,-1.867
439.0,451.0,1.393,-1.037,-1.809
440.0,441.0,1.565,-1.493,-2.616
440.0,442.0,1.552,-1.452,-2.53
440.0,443.0,1.54,-1.411,-2.447
440.0,444.0,1.528,-1.368,-2.367
440.0,445.0,1.516,-1.325,-2.29
440.0,446.0,1.505,-1.281,-2.216
440.0,447.0,1.495,-1.237,-2.145
440.0,448.0,1.485,-1.193,-2.077
440.0,449.0,1.476,-1.148,-2.011
440.0,450.0,1.467,-1.104,-1.947
440.0,451.0,1.458,-1.06,-1.886
440.0,452.0,1.45,-1.017,-1.827
441.0,442.0,1.812,-1.797,-2.451
441.0,443.0,1.803,-1.738,-2.39
441.0,444.0,1.793,-1.681,-2.331
441.0,445.0,1.784,-1.624,-2.273
441.0,446.0,1.775,-1.569,-2.217
441.0,447.0,1.766,-1.515,-2.163
441.0,448.0,1.757,-1.462,-2.111
441.0,449.0,1.749,-1.41,-2.06
441.0,450.0,1.741,-1.359,-2.01
441.0,451.0,1.733,-1.309,-1.962
441.0,452.0,1.725,-1.26,-1.915
441.0,453.0,1.717,-1.213,-1.87
442.0,443.0,1.804,-1.776,-1.835
442.0,444.0,1.8,-1.694,-1.796
442.0,445.0,1.796,-1.616,-1.758
442.0,446.0,1.792,-1.541,-1.721
442.0,447.0,1.787,-1.47,-1.685
442.0,448.0,1.783,-1.402,-1.65
442.0,449.0,1.779,-1.337,-1.615
442.0,450.0,1.774,-1.274,-1.581
442.0,451.0,1.77,-1.214,-1.548
442.0,452.0,1.766,-1.157,-1.516
442.0,453.0,1.761,-1.102,-1.484
442.0,454.0,1.757,-1.049,-1.454
443.0,444.0,1.605,-1.538,-1.089
443.0,445.0,1.607,-1.431,-1.075
443.0,446.0,1.609,-1.33,-1.06
443.0,447.0,1.61,-1.236,-1.045
443.0,448.0,1.611,-1.148,-1.03
443.0,449.0,1.611,-1.065,-1.015
443.0,450.0,1.611,-0.987,-1.0
443.0,451.0,1.611,-0.914,-0.984
443.0,452.0,1.61,-0.845,-0.969
443.0,453.0,1.609,-0.781,-0.954
443.0,454.0,1.608,-0.72,-0.938
443.0,455.0,1.607,-0.662,-0.923
444.0,445.0,1.647,-1.511,-1.039
444.0,446.0,1.655,-1.407,-1.032
444.0,447.0,1.662,-1.31,-1.025
444.0,448.0,1.668,-1.219,-1.017
444.0,449.0,1.673,-1.134,-1.009
444.0,450.0,1.677,-1.055,-1.001
444.0,451.0,1.681,-0.98,-0.992
444.0,452.0,1.684,-0.911,-0.983
444.0,453.0,1.687,-0.845,-0.973
444.0,454.0,1.69,-0.784,-0.964
444.0,455.0,1.691,-0.727,-0.954
444.0,456.0,1.693,-0.673,-0.944
445.0,446.0,1.865,-1.621,-0.438
445.0,447.0,1.88,-1.486,-0.464
445.0,448.0,1.895,-1.361,-0.488
445.0,449.0,1.908,-1.247,-0.511
445.0,450.0,1.919,-1.141,-0.532
445.0,451.0,1.929,-1.044,-0.551
445.0,452.0,1.939,-0.954,-0.569
445.0,453.0,1.947,-0.872,-0.586
445.0,454.0,1.954,-0.795,-0.602
445.0,455.0,1.96,-0.725,-0.616
445.0,456.0,1.966,-0.66,-0.63
445.0,457.0,1.971,-0.6,-0.642
446.0,447.0,1.782,-1.334,0.793
446.0,448.0,1.815,-1.161,0.718
446.0,449.0,1.845,-1.003,0.645
446.0,450.0,1.872,-0.86,0.576
446.0,451.0,1.896,-0.729,0.51
446.0,452.0,1.919,-0.611,0.446
446.0,453.0,1.939,-0.504,0.386
446.0,454.0,1.957,-0.408,0.328
446.0,455.0,1.974,-0.321,0.272
446.0,456.0,1.989,-0.242,0.22
446.0,457.0,2.002,-0.171,0.169
446.0,458.0,2.014,-0.108,0.121
447.0,448.0,2.203,-1.567,2.378
447.0,449.0,2.265,-1.323,2.218
447.0,450.0,2.322,-1.104,2.062
447.0,451.0,2.374,-0.906,1.91
447.0,452.0,2.421,-0.729,1.764
447.0,453.0,2.465,-0.571,1.623
447.0,454.0,2.504,-0.43,1.486
447.0,455.0,2.54,-0.305,1.354
447.0,456.0,2.573,-0.194,1.227
447.0,457.0,2.602,-0.097,1.104
447.0,458.0,2.629,-0.012,0.986
447.0,459.0,2.653,0.062,0.873
448.0,449.0,2.744,-1.789,2.338
448.0,450.0,2.843,-1.563,2.161
448.0,451.0,2.933,-1.36,1.986
448.0,452.0,3.016,-1.179,1.814
448.0,453.0,3.092,-1.016,1.645
448.0,454.0,3.162,-0.872,1.48
448.0,455.0,3.225,-0.744,1.318
448.0,456.0,3.283,-0.632,1.161
448.0,457.0,3.335,-0.533,1.007
448.0,458.0,3.382,-0.448,0.858
448.0,459.0,3.425,-0.375,0.714
448.0,460.0,3.463,-0.312,0.574
449.0,450.0,2.747,-1.602,1.421
449.0,451.0,2.804,-1.413,1.287
449.0,452.0,2.856,-1.242,1.156
449.0,453.0,2.904,-1.089,1.028
449.0,454.0,2.947,-0.951,0.903
449.0,455.0,2.987,-0.828,0.782
449.0,456.0,3.023,-0.718,0.665
449.0,457.0,3.055,-0.621,0.551
449.0,458.0,3.084,-0.536,0.441
449.0,459.0,3.11,-0.46,0.335
449.0,460.0,3.133,-0.395,0.232
449.0,461.0,3.154,-0.338,0.133
450.0,451.0,3.154,-1.628,2.336
450.0,452.0,3.24,-1.406,2.143
450.0,453.0,3.32,-1.208,1.952
450.0,454.0,3.392,-1.033,1.765
450.0,455.0,3.458,-0.878,1.583
450.0,456.0,3.518,-0.743,1.404
450.0,457.0,3.572,-0.624,1.231
450.0,458.0,3.621,-0.522,1.062
450.0,459.0,3.664,-0.435,0.898
450.0,460.0,3.703,-0.361,0.739
450.0,461.0,3.738,-0.299,0.586
450.0,462.0,3.768,-0.248,0.438
451.0,452.0,2.542,-0.183,1.75
451.0,453.0,2.579,-0.052,1.608
451.0,454.0,2.613,0.063,1.47
451.0,455.0,2.644,0.163,1.336
451.0,456.0,2.671,0.249,1.208
451.0,457.0,2.696,0.322,1.084
451.0,458.0,2.718,0.384,0.965
451.0,459.0,2.737,0.435,0.85
451.0,460.0,2.754,0.478,0.74
451.0,461.0,2.769,0.511,0.635
451.0,462.0,2.782,0.538,0.533
451.0,463.0,2.793,0.557,0.437
452.0,453.0,3.102,-0.407,2.198
452.0,454.0,3.167,-0.26,2.004
452.0,455.0,3.226,-0.134,1.815
452.0,456.0,3.28,-0.026,1.631
452.0,457.0,3.328,0.066,1.453
452.0,458.0,3.371,0.142,1.28
452.0,459.0,3.409,0.205,1.114
452.0,460.0,3.443,0.256,0.953
452.0,461.0,3.473,0.295,0.798
452.0,462.0,3.499,0.324,0.649
452.0,463.0,3.522,0.345,0.505
452.0,464.0,3.541,0.357,0.368
453.0,454.0,3.588,-0.372,3.252
453.0,455.0,3.679,-0.184,2.982
453.0,456.0,3.763,-0.023,2.718
453.0,457.0,3.837,0.113,2.461
453.0,458.0,3.904,0.227,2.211
453.0,459.0,3.964,0.32,1.969
453.0,460.0,4.017,0.395,1.735
453.0,461.0,4.064,0.453,1.508
453.0,462.0,4.105,0.497,1.29
453.0,463.0,4.141,0.527,1.08
453.0,464.0,4.171,0.544,0.878
453.0,465.0,4.197,0.551,0.685
454.0,455.0,3.779,0.258,2.284
454.0,456.0,3.813,0.382,2.081
454.0,457.0,3.843,0.478,1.885
454.0,458.0,3.869,0.548,1.695
454.0,459.0,3.891,0.597,1.513
454.0,460.0,3.91,0.627,1.339
454.0,461.0,3.926,0.641,1.171
454.0,462.0,3.94,0.642,1.01
454.0,463.0,3.951,0.631,0.855
454.0,464.0,3.96,0.61,0.708
454.0,465.0,3.967,0.582,0.567
454.0,466.0,3.972,0.547,0.432
455.0,456.0,3.279,1.036,2.481
455.0,457.0,3.326,1.109,2.249
455.0,458.0,3.368,1.164,2.024
455.0,459.0,3.405,1.203,1.809
455.0,460.0,3.437,1.228,1.601
455.0,461.0,3.464,1.24,1.402
455.0,462.0,3.488,1.241,1.211
455.0,463.0,3.507,1.232,1.029
455.0,464.0,3.524,1.214,0.855
455.0,465.0,3.537,1.188,0.689
455.0,466.0,3.547,1.156,0.531
455.0,467.0,3.554,1.119,0.381
456.0,457.0,3.619,0.761,1.928
456.0,458.0,3.665,0.823,1.707
456.0,459.0,3.705,0.869,1.495
456.0,460.0,3.74,0.9,1.291
456.0,461.0,3.769,0.919,1.095
456.0,462.0,3.795,0.925,0.906
456.0,463.0,3.816,0.922,0.726
456.0,464.0,3.833,0.91,0.554
456.0,465.0,3.846,0.89,0.39
456.0,466.0,3.856,0.863,0.234
456.0,467.0,3.864,0.831,0.085
456.0,468.0,3.868,0.794,-0.056
457.0,458.0,3.22,1.451,1.599
457.0,459.0,3.244,1.452,1.409
457.0,460.0,3.265,1.444,1.228
457.0,461.0,3.282,1.427,1.054
457.0,462.0,3.297,1.402,0.889
457.0,463.0,3.308,1.371,0.731
457.0,464.0,3.317,1.334,0.582
457.0,465.0,3.323,1.293,0.44
457.0,466.0,3.327,1.247,0.305
457.0,467.0,3.329,1.199,0.177
457.0,468.0,3.329,1.148,0.057
457.0,469.0,3.328,1.095,-0.057
458.0,459.0,3.61,1.264,2.41
458.0,460.0,3.655,1.311,2.163
458.0,461.0,3.695,1.342,1.925
458.0,462.0,3.73,1.358,1.697
458.0,463.0,3.76,1.361,1.479
458.0,464.0,3.785,1.352,1.269
458.0,465.0,3.807,1.333,1.07
458.0,466.0,3.824,1.306,0.879
458.0,467.0,3.838,1.271,0.698
458.0,468.0,3.849,1.229,0.525
458.0,469.0,3.857,1.182,0.361
458.0,470.0,3.863,1.131,0.206
459.0,460.0,3.325,1.467,0.594
459.0,461.0,3.329,1.414,0.447
459.0,462.0,3.332,1.358,0.308
459.0,463.0,3.333,1.299,0.176
459.0,464.0,3.332,1.238,0.051
459.0,465.0,3.329,1.176,-0.066
459.0,466.0,3.325,1.113,-0.176
459.0,467.0,3.32,1.049,-0.28
459.0,468.0,3.314,0.985,-0.378
459.0,469.0,3.306,0.922,-0.469
459.0,470.0,3.298,0.859,-0.555
459.0,471.0,3.289,0.796,-0.635
460.0,461.0,3.219,1.723,0.812
460.0,462.0,3.224,1.665,0.659
460.0,463.0,3.228,1.604,0.514
460.0,464.0,3.23,1.541,0.376
460.0,465.0,3.23,1.475,0.247
460.0,466.0,3.229,1.407,0.125
460.0,467.0,3.226,1.339,0.009
460.0,468.0,3.222,1.27,-0.099
460.0,469.0,3.216,1.201,-0.201
460.0,470.0,3.21,1.132,-0.297
460.0,471.0,3.203,1.064,-0.386
460.0,472.0,3.195,0.997,-0.47
461.0,462.0,3.579,1.583,1.768
461.0,463.0,3.607,1.586,1.554
461.0,464.0,3.631,1.577,1.349
461.0,465.0,3.652,1.557,1.154
461.0,466.0,3.668,1.529,0.968
461.0,467.0,3.682,1.493,0.79
461.0,468.0,3.692,1.45,0.621
461.0,469.0,3.7,1.402,0.461
461.0,470.0,3.705,1.349,0.309
461.0,471.0,3.708,1.292,0.165
461.0,472.0,3.708,1.232,0.029
461.0,473.0,3.707,1.169,-0.1
462.0,463.0,3.685,1.475,2.363
462.0,464.0,3.726,1.501,2.114
462.0,465.0,3.761,1.512,1.875
462.0,466.0,3.792,1.509,1.647
462.0,467.0,3.819,1.495,1.429
462.0,468.0,3.842,1.47,1.22
462.0,469.0,3.861,1.437,1.022
462.0,470.0,3.877,1.396,0.832
462.0,471.0,3.889,1.349,0.652
462.0,472.0,3.899,1.297,0.481
462.0,473.0,3.907,1.24,0.319
462.0,474.0,3.912,1.18,0.165
463.0,464.0,3.805,1.486,1.694
463.0,465.0,3.833,1.484,1.479
463.0,466.0,3.856,1.471,1.274
463.0,467.0,3.875,1.448,1.078
463.0,468.0,3.892,1.416,0.891
463.0,469.0,3.905,1.377,0.713
463.0,470.0,3.915,1.331,0.544
463.0,471.0,3.923,1.28,0.384
463.0,472.0,3.929,1.224,0.232
463.0,473.0,3.932,1.165,0.088
463.0,474.0,3.934,1.103,-0.048
463.0,475.0,3.933,1.039,-0.176
464.0,465.0,3.969,1.389,1.206
464.0,466.0,3.987,1.374,1.012
464.0,467.0,4.002,1.35,0.827
464.0,468.0,4.013,1.317,0.65
464.0,469.0,4.023,1.276,0.483
464.0,470.0,4.029,1.23,0.324
464.0,471.0,4.034,1.178,0.173
464.0,472.0,4.037,1.122,0.03
464.0,473.0,4.038,1.063,-0.106
464.0,474.0,4.037,1.001,-0.234
464.0,475.0,4.035,0.937,-0.355
464.0,476.0,4.031,0.871,-0.469
465.0,466.0,4.461,0.906,0.908
465.0,467.0,4.482,0.889,0.704
465.0,468.0,4.499,0.863,0.509
465.0,469.0,4.513,0.828,0.323
465.0,470.0,4.524,0.787,0.146
465.0,471.0,4.532,0.739,-0.021
465.0,472.0,4.537,0.687,-0.18
465.0,473.0,4.54,0.63,-0.331
465.0,474.0,4.541,0.571,-0.474
465.0,475.0,4.54,0.509,-0.609
465.0,476.0,4.537,0.445,-0.736
465.0,477.0,4.533,0.379,-0.856
466.0,467.0,4.847,0.502,0.444
466.0,468.0,4.864,0.494,0.26
466.0,469.0,4.877,0.476,0.085
466.0,470.0,4.888,0.45,-0.082
466.0,471.0,4.895,0.416,-0.241
466.0,472.0,4.9,0.376,-0.392
466.0,473.0,4.903,0.33,-0.535
466.0,474.0,4.903,0.28,-0.67
466.0,475.0,4.901,0.227,-0.798
466.0,476.0,4.898,0.171,-0.919
466.0,477.0,4.893,0.112,-1.034
466.0,478.0,4.886,0.052,-1.141
467.0,468.0,4.221,1.135,0.184
467.0,469.0,4.225,1.072,0.033
467.0,470.0,4.227,1.007,-0.11
467.0,471.0,4.227,0.939,-0.246
467.0,472.0,4.226,0.869,-0.373
467.0,473.0,4.223,0.799,-0.494
467.0,474.0,4.218,0.728,-0.607
467.0,475.0,4.213,0.656,-0.714
467.0,476.0,4.206,0.585,-0.814
467.0,477.0,4.198,0.515,-0.909
467.0,478.0,4.189,0.446,-0.997
467.0,479.0,4.18,0.377,-1.08
468.0,469.0,3.807,1.51,-0.482
468.0,470.0,3.794,1.397,-0.589
468.0,471.0,3.78,1.287,-0.689
468.0,472.0,3.765,1.181,-0.782
468.0,473.0,3.75,1.079,-0.868
468.0,474.0,3.735,0.98,-0.948
468.0,475.0,3.719,0.886,-1.023
468.0,476.0,3.703,0.795,-1.091
468.0,477.0,3.687,0.708,-1.155
468.0,478.0,3.671,0.626,-1.213
468.0,479.0,3.655,0.546,-1.267
468.0,480.0,3.638,0.471,-1.317
469.0,470.0,3.783,1.522,-0.24
469.0,471.0,3.774,1.421,-0.358
469.0,472.0,3.764,1.322,-0.468
469.0,473.0,3.754,1.225,-0.571
469.0,474.0,3.742,1.131,-0.668
469.0,475.0,3.73,1.039,-0.758
469.0,476.0,3.717,0.95,-0.842
469.0,477.0,3.704,0.864,-0.92
469.0,478.0,3.69,0.781,-0.992
469.0,479.0,3.676,0.701,-1.06
469.0,480.0,3.662,0.624,-1.122
469.0,481.0,3.647,0.55,-1.18
470.0,471.0,4.151,1.199,0.111
470.0,472.0,4.153,1.13,-0.038
470.0,473.0,4.154,1.059,-0.179
470.0,474.0,4.152,0.986,-0.313
470.0,475.0,4.149,0.913,-0.439
470.0,476.0,4.145,0.838,-0.557
470.0,477.0,4.139,0.764,-0.669
470.0,478.0,4.133,0.69,-0.774
470.0,479.0,4.125,0.616,-0.873
470.0,480.0,4.116,0.543,-0.966
470.0,481.0,4.106,0.472,-1.053
470.0,482.0,4.096,0.402,-1.134
471.0,472.0,4.142,1.085,0.427
471.0,473.0,4.152,1.047,0.266
471.0,474.0,4.159,1.003,0.113
471.0,475.0,4.164,0.954,-0.032
471.0,476.0,4.166,0.901,-0.169
471.0,477.0,4.167,0.845,-0.299
471.0,478.0,4.166,0.786,-0.422
471.0,479.0,4.164,0.725,-0.538
471.0,480.0,4.16,0.662,-0.647
471.0,481.0,4.155,0.598,-0.751
471.0,482.0,4.149,0.534,-0.848
471.0,483.0,4.142,0.47,-0.939
472.0,473.0,4.642,0.686,0.316
472.0,474.0,4.654,0.663,0.145
472.0,475.0,4.663,0.632,-0.018
472.0,476.0,4.67,0.595,-0.173
472.0,477.0,4.675,0.552,-0.319
472.0,478.0,4.677,0.505,-0.459
472.0,479.0,4.678,0.454,-0.59
472.0,480.0,4.677,0.399,-0.715
472.0,481.0,4.674,0.343,-0.833
472.0,482.0,4.67,0.284,-0.945
472.0,483.0,4.664,0.224,-1.05
472.0,484.0,4.658,0.164,-1.149
473.0,474.0,4.393,0.929,0.309
473.0,475.0,4.402,0.886,0.152
473.0,476.0,4.408,0.837,0.003
473.0,477.0,4.413,0.784,-0.138
473.0,478.0,4.415,0.728,-0.272
473.0,479.0,4.416,0.67,-0.399
473.0,480.0,4.415,0.609,-0.519
473.0,481.0,4.413,0.547,-0.632
473.0,482.0,4.409,0.484,-0.739
473.0,483.0,4.404,0.421,-0.84
473.0,484.0,4.399,0.357,-0.935
473.0,485.0,4.392,0.294,-1.025
474.0,475.0,4.285,0.967,0.615
474.0,476.0,4.291,0.912,0.451
474.0,477.0,4.294,0.853,0.294
474.0,478.0,4.295,0.791,0.144
474.0,479.0,4.294,0.725,0.002
474.0,480.0,4.292,0.658,-0.133
474.0,481.0,4.288,0.589,-0.262
474.0,482.0,4.282,0.519,-0.384
474.0,483.0,4.275,0.448,-0.5
474.0,484.0,4.267,0.378,-0.609
474.0,485.0,4.259,0.308,-0.713
474.0,486.0,4.249,0.239,-0.812
475.0,476.0,3.893,1.406,-0.224
475.0,477.0,3.887,1.317,-0.343
475.0,478.0,3.88,1.229,-0.455
475.0,479.0,3.872,1.143,-0.561
475.0,480.0,3.863,1.057,-0.66
475.0,481.0,3.853,0.974,-0.752
475.0,482.0,3.842,0.892,-0.84
475.0,483.0,3.831,0.813,-0.921
475.0,484.0,3.819,0.735,-0.998
475.0,485.0,3.807,0.66,-1.069
475.0,486.0,3.794,0.588,-1.135
475.0,487.0,3.781,0.518,-1.198
476.0,477.0,3.959,1.121,-1.716
476.0,478.0,3.929,0.972,-1.76
476.0,479.0,3.899,0.833,-1.799
476.0,480.0,3.871,0.704,-1.834
476.0,481.0,3.843,0.583,-1.864
476.0,482.0,3.817,0.471,-1.891
476.0,483.0,3.791,0.367,-1.914
476.0,484.0,3.765,0.271,-1.934
476.0,485.0,3.741,0.181,-1.951
476.0,486.0,3.717,0.098,-1.965
476.0,487.0,3.694,0.022,-1.977
476.0,488.0,3.671,-0.049,-1.986
477.0,478.0,3.73,0.847,-1.229
477.0,479.0,3.707,0.679,-1.269
477.0,480.0,3.684,0.527,-1.306
477.0,481.0,3.663,0.39,-1.341
477.0,482.0,3.643,0.266,-1.372
477.0,483.0,3.623,0.154,-1.402
477.0,484.0,3.605,0.053,-1.429
477.0,485.0,3.586,-0.038,-1.454
477.0,486.0,3.569,-0.121,-1.476
477.0,487.0,3.552,-0.195,-1.497
477.0,488.0,3.536,-0.262,-1.517
477.0,489.0,3.52,-0.323,-1.534
478.0,479.0,4.241,0.304,-0.741
478.0,480.0,4.239,0.263,-0.845
478.0,481.0,4.235,0.219,-0.943
478.0,482.0,4.23,0.174,-1.036
478.0,483.0,4.223,0.127,-1.124
478.0,484.0,4.216,0.08,-1.206
478.0,485.0,4.207,0.033,-1.284
478.0,486.0,4.198,-0.015,-1.357
478.0,487.0,4.188,-0.062,-1.425
478.0,488.0,4.177,-0.109,-1.489
478.0,489.0,4.165,-0.156,-1.549
478.0,490.0,4.153,-0.201,-1.606
479.0,480.0,4.197,0.205,-0.61
479.0,481.0,4.197,0.182,-0.707
479.0,482.0,4.195,0.155,-0.799
479.0,483.0,4.192,0.126,-0.886
479.0,484.0,4.188,0.093,-0.968
479.0,485.0,4.183,0.059,-1.046
479.0,486.0,4.177,0.023,-1.119
479.0,487.0,4.17,-0.014,-1.188
479.0,488.0,4.163,-0.052,-1.253
479.0,489.0,4.154,-0.091,-1.315
479.0,490.0,4.145,-0.13,-1.372
479.0,491.0,4.136,-0.169,-1.427
480.0,481.0,4.639,-0.438,-1.08
480.0,482.0,4.64,-0.455,-1.181
480.0,483.0,4.638,-0.476,-1.277
480.0,484.0,4.635,-0.5,-1.367
480.0,485.0,4.631,-0.527,-1.453
480.0,486.0,4.626,-0.556,-1.533
480.0,487.0,4.619,-0.586,-1.61
480.0,488.0,4.612,-0.618,-1.681
480.0,489.0,4.603,-0.65,-1.749
480.0,490.0,4.594,-0.684,-1.812
480.0,491.0,4.584,-0.717,-1.872
480.0,492.0,4.573,-0.751,-1.928
