1.0,0.26271442897209674,0.058176705473118796,0.007146945023348883,0.00010264957118626928,0.00038879567485087835,0.0008667434310236156,0.0009563581002371091,0.000858700509367943,0.000711485717355924,0.0005693856777648705,0.0004484866291220036,9.883329542537315e-5,2.1170765446012783e-5,4.495307529589059e-6,9.506732721933335e-7,4.232068915562782e-8,1.87957982057812e-9,8.324025669801824e-11,3.643096767440205e-12,1.5057713975450778e-13,4.562729904996203e-15,0.0,0.0
1.0,0.0003155582967905706,0.0027776829196199367,0.0007341231771289994,0.00015340962267041818,3.085582187828867e-5,6.161512795718051e-6,1.2284102031665197e-6,2.4479785291618473e-7,4.87759631547366e-8,9.71802335323823e-9,1.936149464051709e-9,1.2107619137898724e-13,7.571318723812046e-18,4.73452298486527e-22,2.9374210205875017e-26,0.0,0.0,0.0,0.0,0.0,0.0,0.0,0.0
1.0,0.06742500912151426,0.052715024595216334,0.017361887247788896,0.0051243824307859644,0.0014825428872893324,0.00042679046452649054,0.00012264434856575418,3.5214650823563375e-5,1.0106868136925623e-5,2.9001015715339135e-6,8.320668794242359e-7,4.638084168204353e-10,2.5849589133031653e-13,1.4406788814293071e-16,8.029334842958283e-20,2.5205379758748707e-26,0.0,0.0,0.0,0.0,0.0,0.0,0.0
1.0,0.08405188586670274,0.005892486548277443,0.00040644522666090203,2.793079789794883e-5,1.9175335196937187e-6,1.316109812662332e-7,9.032591088572494e-9,6.199047882126708e-10,4.254373806253666e-11,2.9197507682250656e-12,2.0038064940473109e-13,2.0937672321995187e-20,2.099576253695617e-27,0.0,0.0,0.0,0.0,0.0,0.0,0.0,0.0,0.0,0.0
1.0,0.6661842578734316,0.3877410927084231,0.22275579617589988,0.1268152472918079,0.07169655841874517,0.04032112298541694,0.022585692833381705,0.012613300048917576,0.007028196513691403,0.003909533005485754,0.002171985270056173,6.302168917762388e-5,1.8150576349065695e-6,5.2208462874330776e-8,1.5014058206412628e-9,1.24158982081295e-12,1.0267259195890247e-15,8.490450747669498e-19,7.021420829427285e-22,5.812947063976609e-25,4.745262909368659e-28,0.0,0.0
1.0,0.00036326992020185763,1.1731492390700888e-7,3.8495044428288244e-11,1.279841799398669e-14,4.290762403632048e-18,1.4457915071274496e-21,4.874646281243581e-25,1.8218136218706806e-28,0.0,0.0,0.0,0.0,0.0,0.0,0.0,0.0,0.0,0.0,0.0,0.0,0.0,0.0,0.0
1.0,0.0008219071545843984,5.691981764132619e-7,3.9971619967277176e-10,2.848922036265962e-13,2.0511915254536086e-16,1.486425507955808e-19,1.081631386863542e-22,7.828663890061085e-26,4.8024469607099595e-29,0.0,0.0,0.0,0.0,0.0,0.0,0.0,0.0,0.0,0.0,0.0,0.0,0.0,0.0
1.0,0.0017833578234945017,2.5146811743436535e-6,3.577721785086539e-9,5.1722009451269504e-12,7.56554304632887e-15,1.1153910066962087e-17,1.6528632207672507e-20,2.4573455070013643e-23,3.632350347835428e-26,5.735038486122336e-29,0.0,0.0,0.0,0.0,0.0,0.0,0.0,0.0,0.0,0.0,0.0,0.0,0.0
1.0,0.003790724526274734,1.0567065716313392e-5,2.9455376064198376e-8,8.34772630808292e-11,2.3969611880745867e-13,6.945579777075043e-16,2.0248677705235402e-18,5.926802816905249e-21,1.7395266220333455e-23,5.114824583828619e-26,1.500703740741383e-28,0.0,0.0,0.0,0.0,0.0,0.0,0.0,0.0,0.0,0.0,0.0,0.0
1.0,0.00802584409265691,4.377143048644244e-5,2.3513576640897664e-7,1.283901355140106e-9,7.110771206929213e-12,3.977989664701375e-14,2.2404763773578293e-16,1.2674802200554935e-18,7.190987732764128e-21,4.08706539688405e-23,2.327394541070848e-25,0.0,0.0,0.0,0.0,0.0,0.0,0.0,0.0,0.0,0.0,0.0,0.0
1.0,0.016519260880918797,0.00017202233966143754,1.721813894357725e-6,1.747562487172138e-8,1.8002545029299448e-10,1.8745664748420866e-12,1.966064901787639e-14,2.0717568282660723e-16,2.189763599316421e-18,2.318983422249968e-20,2.4588564974907805e-22,0.0,0.0,0.0,0.0,0.0,0.0,0.0,0.0,0.0,0.0,0.0,0.0
1.0,0.035524817388715726,0.0007478095936910488,1.4525159594298225e-5,2.8386377854373723e-7,5.624626603483923e-9,1.1261155398831006e-10,2.2699002458700015e-12,4.594773129929451e-14,9.324990266096064e-16,1.8954839778865238e-17,3.856644732234655e-19,2.435787281171926e-29,0.0,0.0,0.0,0.0,0.0,0.0,0.0,0.0,0.0,0.0,0.0
1.0,0.0853439312617388,0.00429549436485362,0.0001853324415532385,7.822581375093994e-6,3.317151252812706e-7,1.4155927885766948e-8,6.067006338939968e-10,2.606744442896058e-11,1.1215715774827722e-12,4.829308937907587e-14,2.08027652009053e-15,1.3321161901929534e-23,1.280137475342761e-31,0.0,0.0,0.0,0.0,0.0,0.0,0.0,0.0,0.0,0.0
1.0,0.15882143747815264,0.016141591535920444,0.0013304029795687467,0.0001027941007300589,7.838142914180392e-6,5.974891528842101e-7,4.562484893386705e-8,3.4888966249618607e-9,2.670249142103145e-10,2.0446768683265632e-11,1.5660608769097536e-12,3.165917284065295e-19,6.398120365715472e-26,0.0,0.0,0.0,0.0,0.0,0.0,0.0,0.0,0.0,0.0
1.0,0.26998445121691705,0.05462171696129097,0.008906112900127348,0.0012901180777076654,0.00017782861684632656,2.4068600011700536e-5,3.237465859105263e-6,4.346131726360029e-7,5.83113129381605e-8,7.822466874728367e-9,1.049368569904694e-9,6.116595414411368e-15,3.565490312344774e-20,2.0772488210404813e-25,1.1761780680194719e-30,0.0,0.0,0.0,0.0,0.0,0.0,0.0,0.0
1.0,0.5175688296093142,0.2792173156153387,0.14564187569788664,0.06883538148994564,0.029416755406857193,0.01161308684366639,0.004338389316625123,0.001563698268092941,0.0005511902441905449,0.00019168320025878904,6.612480381661428e-5,1.056255300976547e-7,1.662023020486212e-10,2.613634199212321e-13,4.1100040585665334e-16,1.0163363407064184e-21,2.510982583435664e-27,1.390163367992063e-32,0.0,0.0,0.0,0.0,0.0
1.0,0.07327234924351948,4.460877996222473e-5,0.0012245285196779148,0.0007555255738439742,0.0002670523385302317,7.905805901709824e-5,2.1817564376129338e-5,5.8434074944999715e-6,1.5446293740760168e-6,4.0593303676015604e-7,1.0640429926969897e-7,3.414107338663019e-11,1.0936438303774259e-14,3.503229372338664e-18,1.1221254186704142e-21,9.858816879346141e-29,0.0,0.0,0.0,0.0,0.0,0.0,0.0
1.0,0.7024149180890286,0.27185585294042114,0.07939566651355956,0.020166997518441133,0.0047806862458435045,0.0010957982094398854,0.0002471104472312669,5.528188996076833e-5,1.2317588842647603e-5,2.738684521989969e-6,6.081785037257276e-7,7.219913101611418e-11,8.510787084678261e-15,1.0005265157032082e-18,1.174888666478613e-22,1.5416072869838521e-30,0.0,0.0,0.0,0.0,0.0,0.0,0.0
1.0,0.2797486746392643,0.04258635928600295,0.004891564758464632,0.0004947593968738592,4.6343951386477866e-5,4.03117758032611e-6,3.167165978027836e-7,2.0913243800083156e-8,9.484099369349662e-10,1.0027160522524163e-11,3.456536678776514e-12,3.4385026644147596e-15,1.5381273870076444e-19,5.36446048741616e-24,1.763665059219285e-28,0.0,0.0,0.0,0.0,0.0,0.0,0.0,0.0
1.0,1.2031365584230986,1.118936786616962,0.9397961668876107,0.7502943826568766,0.5779799460927028,0.43190776330752245,0.3140273773364077,0.22272486076873282,0.15450381125203594,0.10511142014125684,0.07031650929774888,0.005016151617262702,0.00030046979017572003,1.7197389233131466e-5,9.734622536571092e-7,3.1007311214531267e-9,9.867125238799834e-12,3.1396826702556835e-14,9.987130137715276e-17,3.158859909161064e-19,9.00677580201771e-22,0.0,0.0
1.0,0.1233098930803184,0.01595617676733088,0.0022408801875271568,0.00033537162946578104,5.217543740951879e-5,8.296356981972059e-6,1.3349738940191284e-6,2.161839076181392e-7,3.512700074692297e-8,5.717854023301099e-9,9.31606304606151e-10,1.7516250281438416e-14,3.297030077313546e-19,6.194276152052396e-24,7.882084400467645e-29,0.0,0.0,0.0,0.0,0.0,0.0,0.0,0.0
1.0,1.0497517809550678,0.9431906598866512,0.7710627114039401,0.6082715043708379,0.47335722370324745,0.36615135000992555,0.2822741505514149,0.21710454711653132,0.1666723409540734,0.127755531616549,0.09779313383858204,0.019278395756742905,0.003724556075152442,0.0007131587420542612,0.0001360143566513813,4.926439536136054e-6,1.7810061814845253e-7,6.425753338992774e-9,2.2973278759679476e-10,7.823121409229123e-12,1.9967907114863887e-13,0.0,0.0
1.0,0.3632907194895857,0.04851178203879309,0.005539163629557799,0.0006044344886496961,6.499691679277012e-5,6.9559247218315974e-6,7.432517275251896e-7,7.937692909525055e-8,8.475783898724405e-9,9.049856080749311e-10,9.662637745958795e-11,1.4315254136660003e-16,2.1207940035256796e-22,3.0414892294260433e-28,0.0,0.0,0.0,0.0,0.0,0.0,0.0,0.0,0.0
1.0,0.4044234335415918,0.056832065898252744,0.006647909458591418,0.0007371566732359876,8.034298770363177e-5,8.707255227145563e-6,9.419059626581863e-7,1.0182829104745363e-7,1.1006319504053453e-8,1.1895620264905544e-9,1.285649656315395e-10,2.0488513981161154e-16,3.26497874906781e-22,5.3097509750319225e-28,0.0,0.0,0.0,0.0,0.0,0.0,0.0,0.0,0.0
1.0,0.4908115338295435,0.0820216517139177,0.011078543667490346,0.0013987945419013752,0.0001725524848358131,2.111360431862954e-5,2.576154339149993e-6,3.140156439359826e-7,3.826313403568981e-8,4.6618401690279766e-9,5.679576127475503e-10,1.8570072065850475e-15,6.071614777137589e-21,1.981041756095228e-26,1.0094531722939876e-31,0.0,0.0,0.0,0.0,0.0,0.0,0.0,0.0
1.0,0.6624687635907082,0.1627101692233502,0.03162725661147006,0.005606273994428788,0.0009559504666584308,0.0001603911373868301,2.6732335494592784e-5,4.443358126173031e-6,7.377398644055224e-7,1.2243300074175662e-7,2.0314848697240774e-8,4.2365403041300997e-13,8.834288342549296e-18,1.84219174331812e-22,3.830927705138993e-27,0.0,0.0,0.0,0.0,0.0,0.0,0.0,0.0
1.0,0.37642538396957204,0.07644267541278835,0.01242825818870656,0.0018433960341394321,0.0002636765505568532,3.7195652561155576e-5,5.219583056596135e-6,7.310124308947995e-7,1.0230423561261551e-7,1.4313395932924713e-8,2.002382059617741e-9,1.500471721401943e-14,1.1243276393354727e-19,8.421673994891357e-25,6.408883896231235e-30,0.0,0.0,0.0,0.0,0.0,0.0,0.0,0.0
1.0,0.016832780384562287,0.0003718644473782145,1.3688916432492406e-5,6.763602859686849e-7,3.7662408724754134e-8,2.1866148565901674e-9,1.2871178056369307e-10,7.610231481642056e-12,4.506069716879357e-13,2.6692944956203182e-14,1.5814611453980768e-15,6.84218562637951e-23,3.656695122281423e-30,0.0,0.0,0.0,0.0,0.0,0.0,0.0,0.0,0.0,0.0
1.0,0.02979602397902265,0.000898534937273754,4.1444699426115554e-5,2.6778958872004366e-6,2.064440177663251e-7,1.716156970615916e-8,1.469114934254517e-9,1.271537714965832e-10,1.1050073965485819e-11,9.61718396545499e-13,8.374665663314964e-14,3.657845302322752e-20,1.5995731248879903e-26,0.0,0.0,0.0,0.0,0.0,0.0,0.0,0.0,0.0,0.0
1.0,0.06376270161697674,0.0030617402589489594,0.0001822794766542267,1.4603388706869044e-5,1.4727746978545859e-6,1.703920623989204e-7,2.115175114435487e-8,2.7147193721685923e-9,3.537521814192141e-10,4.6411273575637854e-11,6.107404296837658e-12,3.211112534910292e-17,1.6914502830881078e-22,9.059599075617251e-28,0.0,0.0,0.0,0.0,0.0,0.0,0.0,0.0,0.0
1.0,0.20538134096916832,0.025811216073435492,0.0027803849781649565,0.00030322798544052154,3.5751278361578474e-5,4.66676493502122e-6,6.76440633531567e-7,1.0777327191364575e-7,1.854983567235083e-8,3.384511391843723e-9,6.436771584031402e-10,4.314599706803746e-14,3.2780274084486042e-18,2.5102237894550973e-22,1.928563062860463e-26,0.0,0.0,0.0,0.0,0.0,0.0,0.0,0.0
1.0,0.9894650106081746,1.1028704064049935,1.1440362668833945,1.1199527766961315,1.0568059292015728,0.9746488874868829,0.8860252966762341,0.7980766951633746,0.7145516653652364,0.6372009643438211,0.5666482067652667,0.27219245992007485,0.12755765852562545,0.05891518657214386,0.026932591582051236,0.005508155255673197,0.0011001403523767138,0.00021293336434873367,3.868888767690236e-5,6.020454972451781e-6,5.786575345091428e-7,0.0,0.0
1.0,0.0313921213468166,0.001239711969296852,6.678683996158951e-5,4.71099040545775e-6,4.007053966487774e-7,3.815540341445259e-8,3.869683221872786e-9,4.0607392255590053e-10,4.339798801073335e-11,4.683715046105077e-12,5.081660177196439e-13,8.54497524564471e-19,1.4412353518559475e-24,0.0,0.0,0.0,0.0,0.0,0.0,0.0,0.0,0.0,0.0
1.0,0.058186729264644216,0.004318495820098696,0.0004298383516325175,5.4227464790595756e-5,8.011080714931693e-6,1.3005149244163963e-6,2.2271246749290201e-7,3.9288261819017956e-8,7.045504068891036e-9,1.275017086182273e-9,2.3191141149374744e-10,8.660074720580105e-15,3.2592032885678675e-19,1.226417678061275e-23,4.594265421289545e-28,0.0,0.0,0.0,0.0,0.0,0.0,0.0,0.0
1.0,0.1589083572350705,0.03589448753156511,0.010916398549488868,0.004012943900917305,0.001641336427734633,0.0007108273319373357,0.0003172638414406237,0.00014386132968522393,6.57746729003363e-5,3.0202412634433495e-5,1.3899145454267482e-5,1.3351073173212767e-7,1.284677576383568e-9,1.2360325859593979e-11,1.1892100780242622e-13,1.1008141833061223e-17,1.0189533776835494e-21,9.398919313477699e-26,6.112720677339814e-30,0.0,0.0,0.0,0.0
1.0,0.17636921988608614,7.770870546312925e-6,0.02060981569044015,0.02682747065463965,0.021254444591578478,0.01454887735006005,0.00944988472130567,0.006010438878206487,0.003787052443811346,0.0023746379418185877,0.001484730700524338,8.63575071079702e-5,4.9392471769549e-6,2.813831675598847e-7,1.6014878923287855e-8,5.1850712394373535e-11,1.6786083198558074e-13,5.434178254109443e-16,1.75863596751855e-18,5.658666181858186e-21,1.6399901804732537e-23,0.0,0.0
1.0,0.8946471107669972,0.7216847625874007,0.5527809951594889,0.41303817335143955,0.30661900967886385,0.22861726035025912,0.17181773628440605,0.1299266497117318,0.09842434862650876,0.0743399573406347,0.0557646221498064,0.007939739954827942,0.0008293867577747968,7.583570209249072e-5,6.6356643322326e-6,4.926159504207883e-8,3.6326001701752604e-10,2.6769168994554887e-12,1.9704755291164426e-14,1.4326257638785343e-16,8.954331787608948e-19,0.0,0.0
1.0,0.5569774148084679,0.2002376391698735,0.05544893485211371,0.013239215658978634,0.0029275121772271845,0.0006235548336635586,0.00013048158345707494,2.707816889252849e-5,5.597663791806422e-6,1.155067129256952e-6,2.381428917953637e-7,1.821828339973795e-11,1.3927293632321374e-15,1.0646840604383928e-19,8.139309077610785e-24,2.7148294311526893e-32,0.0,0.0,0.0,0.0,0.0,0.0,0.0
1.0,0.12925686632838418,0.017966431925700934,0.0026421103609404395,0.0004077068124590668,6.54868263573736e-5,1.085938294970454e-5,1.84513969541905e-6,3.1921215265552376e-7,5.594899890047759e-8,9.897764666098404e-9,1.7624650069900315e-9,5.962362554283122e-14,2.070767546147043e-18,7.21103713058784e-23,2.4690570917636033e-27,0.0,0.0,0.0,0.0,0.0,0.0,0.0,0.0
1.0,0.5556043101959236,0.3856891799129435,0.3043590469900312,0.2577421312199921,0.2262514006878062,0.20206009141418538,0.18187424964355217,0.16424444517279643,0.14849317167893988,0.13427189984403967,0.12137507600049702,0.06543417535981173,0.0345939129720377,0.01801122807542965,0.0092659909503277,0.0023852701915731828,0.0005940993307279697,0.0001418151813944087,3.133163125043584e-5,5.820210442137709e-6,6.525849457906005e-7,0.0,0.0
1.0,0.1544153699437867,0.01910648141666627,0.0024468295207269175,0.00031732895512559333,4.1325641358895403e-5,5.389109643898569e-6,7.03080036735916e-7,9.173896628690241e-8,1.1970782980392515e-8,1.562059298141607e-9,2.038329746442579e-10,1.006330962714417e-15,4.968324590468107e-21,2.3654307973481047e-26,0.0,0.0,0.0,0.0,0.0,0.0,0.0,0.0,0.0
1.0,0.8425244724728939,0.5251066276585034,0.33003632023673984,0.2066816275058724,0.1287651353567138,0.07986103948892735,0.04934983444720054,0.030407175941986914,0.01869264978560239,0.011470478459397757,0.007028713841499165,0.0003659749618792158,1.884818697126839e-5,9.6828707837558e-7,4.9715620725728576e-8,1.310226150511762e-10,3.452871294066098e-13,9.099303292406822e-16,2.3973436054514186e-18,6.286438759775407e-21,1.4998727601697944e-23,0.0,0.0
1.0,0.16145109718428766,0.014060652793858533,0.0009385485016844603,5.80437525964247e-5,3.5187277470834067e-6,2.1218328881989234e-7,1.2774963509192333e-8,7.687159079394822e-10,4.6244524041253385e-11,2.7815791943665356e-12,1.6729476682237944e-13,7.911967939659043e-21,3.7462365043081015e-28,0.0,0.0,0.0,0.0,0.0,0.0,0.0,0.0,0.0,0.0
1.0,0.4959299151529863,0.18940750202362014,0.05442442674621555,0.0129668148554325,0.002788404828309613,0.0005701749404260417,0.00011389312426752344,2.251064576753269e-5,4.428151271460458e-6,8.692462850854714e-7,1.7047386541201722e-7,9.66201320087482e-12,5.472996447064307e-16,3.100137493815723e-20,1.7562648557757872e-24,0.0,0.0,0.0,0.0,0.0,0.0,0.0,0.0
1.0,0.7829970974511454,0.6392877275727987,0.493348866845957,0.35911105121102105,0.24650201836575028,0.15991633376958178,0.09852976820534633,0.05804746543369019,0.032947838337671766,0.018151849009239645,0.009771287338613705,0.00018616526738642023,3.122919188296549e-6,5.1497785934039824e-8,8.473384573169907e-10,2.2926171698444256e-13,6.202775173547632e-17,1.6781834571040713e-20,4.539938677641539e-24,1.2242140265269207e-27,2.6475216836654856e-31,0.0,0.0
1.0,2.0750657630522356,1.50539788758349,1.0919823161602493,0.7974135862125837,0.5820962455239506,0.4239148198261554,0.3079064962385198,0.22310158379036163,0.16130939720571216,0.11641735772742928,0.08388644148865709,0.011484391544115832,0.0015416583898421547,0.0002054532165625558,2.7307496092122244e-5,4.813035455793449e-7,8.477017860753135e-9,1.4921979507969978e-10,2.6174317892397853e-12,4.4697709006990946e-14,6.135621852088776e-16,0.0,0.0
1.0,0.5693719964743752,0.30693997437974835,0.13777568376682667,0.05299536013160718,0.018259814981018772,0.00586275027675055,0.0018046580857345495,0.0005422718100893373,0.00016076871743756247,4.7312743817483494e-5,1.3867743582604935e-5,8.59281972343003e-9,5.296028522296811e-12,3.2636787905813385e-15,2.0112363362605115e-18,7.639856409698876e-25,3.8529357153881087e-31,0.0,0.0,0.0,0.0,0.0,0.0
1.0,0.810492517754895,0.7582778191877007,0.7047613785052822,0.6477074419190385,0.5891984866062325,0.5305723793543752,0.4728568077151949,0.41696145617262637,0.36370400740710307,0.31378631429884357,0.26776343943216563,0.08322625359550237,0.019283461993876573,0.0037656375377386306,0.0006766767872291763,1.9985020384485494e-5,5.719541805331909e-7,1.6263392121416807e-8,4.589651663609886e-10,1.2441402035532307e-11,2.5909950764055215e-13,0.0,0.0
1.0,0.6440915352656068,0.4747246893192255,0.32768408774663954,0.2083881349731784,0.12269213818746091,0.06753894292221897,0.03518210471852805,0.017555954629117906,0.008483860796603643,0.00400580182328539,0.0018606812304991945,1.6151924437682665e-5,1.31915434987709e-7,1.071354388386351e-9,8.696630574494275e-12,5.729878142543612e-16,3.775180361915e-20,2.487115222292392e-24,1.6042424327149053e-28,0.0,0.0,0.0,0.0
1.0,0.7222309575446999,0.6481487086727892,0.5873285525811013,0.524575835348713,0.46127896272564717,0.399342064032914,0.34031201420805024,0.28542729461306676,0.23561655593095812,0.19147345088929532,0.15325034330354664,0.030657802074756723,0.004494171635823355,0.000573389929504054,6.939375806103445e-5,9.725241568216827e-7,1.3469166662023595e-8,1.8622868662747783e-10,2.5679131649884864e-12,3.464749037098871e-14,3.835971658923209e-16,0.0,0.0
1.0,0.6219093991574496,0.4769045520811092,0.3628979052889044,0.2621911947916056,0.17917473102640738,0.11616036424354755,0.07182831159035684,0.042645462813636,0.024481763713319133,0.013681058451191228,0.00748656685395655,0.00016056998248156892,3.05330875906122e-6,5.706977457013493e-8,1.0641798218074365e-9,3.697711569122474e-13,1.2847727027281975e-16,4.463947593730938e-20,1.550995903633277e-23,5.402344011667855e-27,1.9463515387829907e-30,0.0,0.0
1.0,0.6469140263226407,0.5278680850816414,0.4480558378638597,0.37333979297178105,0.30264474841083217,0.23843254594716715,0.1826275721710052,0.1361397611063339,0.09892711642227181,0.0702186308501523,0.04880077159192226,0.0040424361338817485,0.0002599539180841629,1.557907882699548e-5,9.172865021583236e-7,3.149381342380825e-9,1.0795512463659581e-11,3.700080147158347e-14,1.2677163404872586e-16,4.31707050772071e-19,1.3205146353815529e-21,0.0,0.0
1.0,0.6929195176326362,0.6064034005283997,0.5756096492201613,0.5528817611997557,0.5303044612963403,0.5070640475358698,0.4833157250926035,0.45926316333609746,0.4350695649282568,0.41087168096230053,0.3867938899011899,0.25116043943307526,0.14429029781643124,0.07381803447617603,0.03423386738714976,0.005995542237591966,0.0008997693714637866,0.00012497193561578277,1.6243183909717862e-5,1.8474499552117086e-6,1.3499033398267896e-7,0.0,0.0
1.0,0.6935086943027152,0.5852720986410999,0.5472304356172198,0.523759739190233,0.5022353155521714,0.4804620449700425,0.45826214543284044,0.4357688879373638,0.4131310228256185,0.3904793064573308,0.3679315203361691,0.24066814564815536,0.13973226675471193,0.07243872482114483,0.03409766893325768,0.006159888449782209,0.0009523476343345091,0.00013598713670109972,1.8132775242805967e-5,2.11054404266679e-6,1.5730109818428255e-7,0.0,0.0
1.0,0.6211823993522915,0.422500922242332,0.30942708745123326,0.22594969802376424,0.1591715898935357,0.10732234114640098,0.06934394524178226,0.04312939876476955,0.025967418455178755,0.01522194999279122,0.00873391260619551,0.00024454441098652175,5.951321929123706e-6,1.415668791684078e-7,3.3556126830545817e-9,1.883135992271219e-12,1.0566787279526749e-15,5.929293517151046e-19,3.3270086359726224e-22,1.865591900528793e-25,1.0243844557014427e-28,0.0,0.0
1.0,0.6739410450250842,0.48127756989465986,0.3765646000471124,0.3044225525294041,0.24457905027351381,0.19240530800529668,0.14755885292725934,0.11027177540103732,0.08039132233711907,0.05728278448857625,0.03998527571702262,0.0034225810840482892,0.0002281798072004002,1.4173388482279368e-5,8.646042598880596e-7,3.1850712859077396e-9,1.1713101663066978e-11,4.306940771385509e-14,1.5830411794169138e-16,5.780844900340243e-19,1.8895630214790733e-21,0.0,0.0
1.0,0.7157763567430094,0.5206042979384481,0.4103264886798117,0.3403033675177404,0.28590814861034425,0.23856120173469975,0.19611759990132643,0.1584086274910641,0.12564046202649704,0.09788833608794903,0.07498262946749745,0.011399583656618915,0.0012970730489758736,0.00013207394680159364,1.2958769563531303e-5,1.2139839764187087e-7,1.1300606954216334e-9,1.0511458748546126e-11,9.762520205071369e-14,8.929449934247508e-16,6.909523846429793e-18,0.0,0.0
1.0,0.770572793647014,0.5890002611475154,0.47901681135104823,0.414313125637316,0.37032981407951826,0.33473956889241346,0.30261366540639156,0.27227589025734095,0.2433163302684466,0.21577547355660545,0.18982585367401703,0.07452956604240095,0.022917892977470333,0.005976016253064127,0.0014182538229602617,7.076592862465369e-5,3.350815212316379e-6,1.564331109021623e-7,7.19445464372379e-9,3.116146017096645e-10,9.83968977769247e-12,0.0,0.0
1.0,0.8211073021186341,0.6590318491640468,0.5489375139531415,0.48408301846152724,0.4457771609565656,0.42047964223313,0.4010102309481329,0.38401579754289983,0.36802957182780877,0.352443506041406,0.3370263555030746,0.24728404580029517,0.16788106650128698,0.1053249769943297,0.06135032206170637,0.017306358989556528,0.004096680988943317,0.0008639149071958537,0.0001639503918946378,2.6109415008826167e-5,2.54278775346114e-6,0.0,0.0
1.0,0.3238246113147671,0.007138812931309029,0.10281292863668536,0.34616744325653703,0.5405864128075915,0.643825259827435,0.6793732948218325,0.6764048613448692,0.654368045081818,0.6239730015205368,0.5906279667938225,0.40748213186716475,0.27619807031715554,0.18521458347059158,0.12292355149320403,0.052450630003075024,0.021313209657900192,0.0080937779213206,0.0027529293692369378,0.0007567007495474063,0.0001199782536565099,0.0,0.0
1.0,0.8567088055856185,0.5712904119221337,0.31063201020645387,0.14321925961138707,0.058335675390857544,0.02180770867410259,0.007711621249122456,0.0026346992410106324,0.0008816709360492335,0.00029142519022561623,9.562636477140177e-5,1.1348836337476788e-7,1.3191610756615253e-10,1.517956097896792e-13,1.7248418384809336e-16,2.1009052595979136e-22,2.160593228976568e-28,0.0,0.0,0.0,0.0,0.0,0.0
1.0,0.9937143383377824,0.8249923820613232,0.5993031880905063,0.3897862839268851,0.23075470618108762,0.12633318714516995,0.06499040018021708,0.03188556507099027,0.015109508559598646,0.006985090240556437,0.0031741063398280397,2.4058545904245303e-5,1.7144673557869765e-7,1.2139373588919542e-9,8.58426048732451e-12,4.285948142382347e-16,2.137816561905645e-20,1.0662834583409473e-24,5.420631918703846e-29,0.0,0.0,0.0,0.0
1.0,1.2101408055964638,1.3010164360995946,1.3181596316835598,1.2938226615822517,1.2466984794174478,1.1869970236723082,1.1203170986325968,1.0498689415870062,0.9776376449076358,0.9049713417985737,0.8328738130554428,0.4490495875291678,0.19882600972218176,0.07463774779865141,0.024889146468196597,0.0022759857800480738,0.00018651038939977623,1.4704501312842062e-5,1.1223200669968246e-6,7.83252336185946e-8,3.7540513474613015e-9,0.0,0.0
1.0,0.17411028938267414,0.009059169093973635,2.280028706445034e-6,0.00020076221158910466,0.00014911504808671884,6.751551776074666e-5,2.664405794000741e-5,1.0106945250158873e-5,3.809815276967239e-6,1.4427596489452965e-6,5.502912385888909e-7,1.86949678238424e-9,6.692020623058646e-12,2.4102597672058915e-14,8.686884624546292e-17,1.1285857752912012e-21,1.4707140243206453e-26,2.047663767432398e-31,0.0,0.0,0.0,0.0,0.0
1.0,0.33683916041677137,0.05443473947074204,0.004853116719773123,0.0001799949466951821,3.643718892528982e-6,2.0432228300134057e-5,1.5027403517807147e-5,7.580548131705934e-6,3.3357949034376883e-6,1.3861269185424121e-6,5.619681433432606e-7,2.3137924291188814e-9,9.669372074241004e-12,4.063256979405215e-14,1.7086194670998674e-16,3.0217323477937593e-21,5.338359948582134e-26,6.503671559420136e-31,0.0,0.0,0.0,0.0,0.0
1.0,0.49926882968072683,0.14568344865237723,0.028170946487121002,0.00406111113945413,0.0004375208490290924,2.6541160244619307e-5,6.79480383184541e-11,1.6642526321016958e-6,1.779681392855498e-6,1.1107013969365101e-6,5.684332953971802e-7,3.787661883398209e-9,1.9724606889975977e-11,1.0188964131236354e-13,5.263228797031518e-16,1.4045632139531885e-20,3.7461658889937187e-25,9.295567249200849e-30,0.0,0.0,0.0,0.0,0.0
1.0,0.586416785687992,0.21889521526066275,0.05691234002333613,0.011489866617938329,0.001921253450825591,0.0002623591986076338,2.4880324962858267e-5,6.388133292379502e-7,3.0290277527660856e-7,6.836580227393145e-7,5.542803204440471e-7,7.978165823258723e-9,5.64353037543971e-11,3.824181397841629e-13,2.583443205432385e-15,1.1785096053366471e-19,5.3748476137024864e-24,2.3981707462992957e-28,0.0,0.0,0.0,0.0,0.0
1.0,0.6235005097608345,0.2598285054763395,0.07775241683749033,0.018355300926180387,0.003662440994103369,0.0006288800818425161,8.815299539507277e-5,8.077751390120916e-6,1.0315524927065503e-7,2.575242946049609e-7,4.4795776936433063e-7,1.39751957022294e-8,1.291354314177884e-10,1.1023181096081538e-12,9.343011102222581e-15,6.702961357601053e-19,4.808110471501783e-23,3.428268306169077e-27,1.390834640824811e-31,0.0,0.0,0.0,0.0
1.0,0.7584533754074949,0.433003587082722,0.1934027473911556,0.07126238118538475,0.022923957387556596,0.006738131235546126,0.0018633523480748168,0.000491955327955732,0.00012442231575134581,2.9956133385011016e-5,6.747016103676247e-6,1.9611435674379426e-9,1.1209403328161106e-10,1.3311693768332927e-12,1.2966314093386512e-14,1.125312787612324e-18,9.640097351198442e-23,8.265568410080057e-27,7.7011079982409864e-31,0.0,0.0,0.0,0.0
1.0,0.7215949843915149,0.3932063865334835,0.16750947293330504,0.05885095451675441,0.018033179906232454,0.005028121302698262,0.001306221149815377,0.0003180392484320565,7.174695809296063e-5,1.4473454150292407e-5,2.393918710099707e-6,1.8248168827872443e-8,4.740897667462013e-10,6.864850778047464e-12,9.153664475859838e-14,1.578610985830038e-17,2.7131974160303288e-21,4.660513290579815e-25,7.975651556649067e-29,0.0,0.0,0.0,0.0
1.0,0.7596837694574692,0.45231945348091485,0.21665144771280134,0.08691679458790234,0.030582664355382413,0.009816529296305188,0.0029517566911261123,0.0008428841165195992,0.00022912274134426615,5.879342925095335e-5,1.3924903894782349e-5,1.3500368212917413e-8,9.743025400104444e-10,1.9830630672239586e-11,3.412122826850342e-13,9.392059886557306e-17,2.5592917479043436e-20,6.97157278899594e-24,1.905774175178548e-27,7.213486105688762e-31,0.0,0.0,0.0
1.0,0.962844449117707,0.8263694701760516,0.6437203794133524,0.4603948375050187,0.3052328300538635,0.18942537415420696,0.1111833174333765,0.0623648426359735,0.03375446955577034,0.017776862121166307,0.009172760617271724,0.0001411851376335262,1.964636628798743e-6,2.696971970350836e-8,3.692620522073385e-10,6.895459538702616e-14,1.28033686444361e-17,2.359743691294323e-21,4.307596302670709e-25,7.963518066940033e-29,5.8174578617430295e-33,0.0,0.0
1.0,0.34435125400023686,0.1285633213640631,0.05156543382071982,0.021838066565386102,0.009625470029277071,0.0043724550280594245,0.002034426134204125,0.0009658345420798168,0.0004666891465474473,0.0002291147919757704,0.00011412277410442912,2.213373643224957e-6,5.5353619451209754e-8,1.5423309904724387e-9,4.474492168507585e-11,3.8944924365920735e-14,3.4202300784185757e-17,3.0069027772290137e-20,2.6431893404962394e-23,2.319794016093583e-26,2.173901097963582e-29,0.0,0.0
1.0,0.7750831066493812,0.524921352986124,0.3170297968764158,0.17626160520059403,0.09339581748151354,0.04844117625059897,0.024963895547485182,0.0128584150998131,0.006628133529559305,0.0034182410348662967,0.0017629671737988684,3.328696641128766e-5,6.412177920662193e-7,1.252852197645745e-8,2.460118771321385e-10,9.515527579471832e-14,3.6825454727948754e-17,1.425203421084014e-20,5.515695812738612e-24,2.140053412452088e-27,8.016849411891276e-31,0.0,0.0
1.0,0.5692336368705401,0.4080017415257027,0.34057148538136345,0.3084570198329731,0.2905084638848018,0.2784950311154666,0.2690664028255056,0.2608257136057187,0.2531828105465017,0.24588596955159406,0.23882658841175922,0.19996479237338777,0.16621641510408594,0.137026940475411,0.11192026891499024,0.07222783142265375,0.0440266718045964,0.02472584918694829,0.012206494788215514,0.004763767963896924,0.001046655697030859,0.0,0.0
1.0,0.09971829450249445,0.009621908612574335,0.0009191789908480578,8.756916805769641e-5,8.338757860684841e-6,7.94250368392893e-7,7.568592096300966e-8,7.21613234294246e-9,6.88391123795931e-10,6.570685040964205e-11,6.27526096109073e-12,4.818635604208207e-18,3.756671354025412e-24,0.0,0.0,0.0,0.0,0.0,0.0,0.0,0.0,0.0,0.0
1.0,0.2159479852373435,0.04520636720178622,0.009330211216515038,0.0019137236666234095,0.0003915154252061405,8.002400274515319e-5,1.63537799817975e-5,3.3426295055764e-6,6.834320743986735e-7,1.3978730855354422e-7,2.8603363816089065e-8,2.11789894392045e-12,1.5908497845444866e-16,1.2108739215068747e-20,9.303051349917963e-25,0.0,0.0,0.0,0.0,0.0,0.0,0.0,0.0
1.0,0.9848999253043341,0.9634787145338518,0.9360794539407974,0.9031245580578682,0.8651122901814692,0.8226152784453485,0.776278546827298,0.726814997790307,0.6749966183015969,0.6216402819922527,0.5675878351995716,0.2721981289723122,0.09543522993628999,0.026234601154215904,0.006201267226347517,0.00028357412903320755,1.190762969666158e-5,4.900090412002736e-7,1.9874864149144013e-8,7.632551484693648e-10,2.1669094427224587e-11,0.0,0.0
1.0,0.9950231494075312,0.9857120228725113,0.9762584529582958,0.9666816505618833,0.9569825700996148,0.9471622079442136,0.9372216861286643,0.9271622559051289,0.9169853008512158,0.9066923398608283,0.8962850300075552,0.8315507031025885,0.7632803677721226,0.6921734363512532,0.6191298848280609,0.47173388914202374,0.33131142600140817,0.20853497181070832,0.1120209759211224,0.04618038307636545,0.010421388261946682,0.0,0.0
1.0,0.00011693652147351973,1.2116385175017011e-8,1.2475004136252297e-12,1.2800696046093842e-16,1.3103735045064252e-20,1.3144147465318572e-24,0.0,0.0,0.0,0.0,0.0,0.0,0.0,0.0,0.0,0.0,0.0,0.0,0.0,0.0,0.0,0.0,0.0
1.0,0.0002750490062150588,6.374604073071805e-8,1.4657026760761554e-11,3.358346654618622e-15,7.677975358007919e-19,1.7536817173371948e-22,4.055104091084617e-26,9.19524737207396e-29,0.0,0.0,0.0,0.0,0.0,0.0,0.0,0.0,0.0,0.0,0.0,0.0,0.0,0.0,0.0
1.0,0.00061499642349933,2.9918392294988307e-7,1.4398602521564594e-10,6.904539927593319e-14,3.303717227679873e-17,1.578675370402177e-20,7.564698664305465e-24,4.308871938702483e-27,0.0,0.0,0.0,0.0,0.0,0.0,0.0,0.0,0.0,0.0,0.0,0.0,0.0,0.0,0.0
1.0,0.0013277337803581446,1.2913109134732467e-6,1.2362082243370737e-9,1.1789153904612765e-12,1.1218604338368993e-15,1.0661831240701155e-18,1.0125231499443839e-21,9.573329212783845e-25,1.0739065759172371e-27,2.191646073300484e-29,0.0,0.0,0.0,0.0,0.0,0.0,0.0,0.0,0.0,0.0,0.0,0.0,0.0
1.0,0.002778482599726324,5.1729846283405335e-6,9.400265163567048e-9,1.700816171939219e-11,3.070806130564998e-14,5.537487729672624e-17,9.978258596640407e-20,1.7970474746564761e-22,3.237225935317928e-25,4.3329912876057925e-28,0.0,0.0,0.0,0.0,0.0,0.0,0.0,0.0,0.0,0.0,0.0,0.0,0.0
1.0,0.006079560866013352,2.2185245409896653e-5,7.77903055902855e-8,2.71269483720829e-10,9.44028343142235e-13,3.2817232746122206e-15,1.1401498615257905e-17,3.9598261482656865e-20,1.3752446676943018e-22,4.764976205295417e-25,1.526692269407574e-27,0.0,0.0,0.0,0.0,0.0,0.0,0.0,0.0,0.0,0.0,0.0,0.0
1.0,0.013155203692862638,9.244674743896141e-5,6.082659121825465e-7,3.96949885402225e-9,2.5849881722158895e-11,1.6818285286750732e-13,1.0937169719003321e-15,7.11091958720303e-18,4.6226549904525144e-20,3.005120888845909e-22,1.955699174429889e-24,0.0,0.0,0.0,0.0,0.0,0.0,0.0,0.0,0.0,0.0,0.0,0.0
1.0,0.037363801450283424,0.0006397941171394803,9.635871078081133e-6,1.4252753168108298e-7,2.1018173942429363e-9,3.09727006744259e-11,4.563098007020853e-13,6.722022102776622e-15,9.902006120623336e-17,1.458612952873289e-18,2.148609441020355e-20,2.2906473278647613e-30,0.0,0.0,0.0,0.0,0.0,0.0,0.0,0.0,0.0,0.0,0.0
1.0,0.3770608334251375,0.07417686439705835,0.009865000992065252,0.0011065447976960564,0.00011674976109209808,1.2069639508251178e-5,1.2395527399139733e-6,1.2703240341554748e-7,1.3009748697520172e-8,1.332075502431326e-9,1.363824692032468e-10,1.5705730017306048e-16,1.808662754243168e-22,2.1656682115721175e-28,0.0,0.0,0.0,0.0,0.0,0.0,0.0,0.0,0.0
1.0,1.0070382193949998,0.9501500893186979,0.88341495575603,0.8117664262284071,0.7365774232203977,0.6592397761221765,0.5813742265876256,0.5047438349562179,0.43111490772622685,0.3621031346355571,0.299032220592611,0.06810422885079347,0.010245171283400812,0.0012630300985872636,0.0001442509365513411,1.7678457404859055e-6,2.132137723501129e-8,2.566376134286045e-10,3.0819907111990718e-12,3.6306485302586944e-14,3.548828365176235e-16,0.0,0.0
1.0,0.008335161470150997,6.536236856760087e-5,5.115900292630632e-7,4.003555288319263e-9,3.133021319889694e-11,2.451773397054959e-13,1.918655701542376e-15,1.5014609094831552e-17,1.1748729232663144e-19,9.193310902334572e-22,7.14292594198444e-24,0.0,0.0,0.0,0.0,0.0,0.0,0.0,0.0,0.0,0.0,0.0,0.0
1.0,0.01233328924871922,0.00013777630274190963,1.5349161211542223e-6,1.7095330609598635e-8,1.9039608036829038e-10,2.1204947403198295e-12,2.3616536720593757e-14,2.6302424848416764e-16,2.9293768549699364e-18,3.262475170898182e-20,3.6303546251043408e-22,0.0,0.0,0.0,0.0,0.0,0.0,0.0,0.0,0.0,0.0,0.0,0.0
1.0,0.021570392201347793,0.0003986720627987524,7.335722192281908e-6,1.3490698949791452e-7,2.480813901763702e-9,4.5619403836209765e-11,8.388888856345487e-13,1.542620867971044e-14,2.836705221241661e-16,5.2163503243302126e-18,9.592643042907902e-20,0.0,0.0,0.0,0.0,0.0,0.0,0.0,0.0,0.0,0.0,0.0,0.0
1.0,0.05530615400494905,0.0024355967291871485,0.00010632566288068964,4.63397156200315e-6,2.0189201834548082e-7,8.795362282155443e-9,3.8316144568654546e-10,1.6692005320382887e-11,7.271683097070165e-13,3.167826090952109e-14,1.3800274687022916e-15,9.440444555587816e-24,0.0,0.0,0.0,0.0,0.0,0.0,0.0,0.0,0.0,0.0,0.0
1.0,0.5123383475543402,0.1946153317162507,0.07279129320663069,0.026980522657405612,0.009945105308322223,0.0036533978898085832,0.0013393376951806497,0.0004903889368148769,0.00017941658544000234,6.561234972726547e-5,2.3987680461397524e-5,5.716990654910823e-8,1.361733323905545e-10,3.24342770727689e-13,7.725307709108777e-16,4.382752683718464e-21,2.5559154997505472e-26,0.0,0.0,0.0,0.0,0.0,0.0
1.0,0.6301647537323005,0.3193919146865568,0.12869243425941912,0.043023029744968876,0.01267290083147771,0.003461684496750484,0.0009071306964558326,0.0002325780877822353,5.8965526030474146e-5,1.4864769607738198e-5,3.7365766494426258e-6,9.291563110381415e-10,2.304013460552618e-13,5.712971215318989e-17,1.416570257559332e-20,8.746130312038864e-28,0.0,0.0,0.0,0.0,0.0,0.0,0.0
1.0,2.350614059768802e-5,4.955031104328689e-10,1.0325903901968221e-14,2.146066791033484e-19,4.440875203213879e-24,0.0,0.0,0.0,0.0,0.0,0.0,0.0,0.0,0.0,0.0,0.0,0.0,0.0,0.0,0.0,0.0,0.0,0.0
1.0,6.152850544635454e-5,3.3158474133261252e-9,1.7638579305440304e-13,9.354353285110649e-18,4.946909636846877e-22,2.0414687000087984e-26,0.0,0.0,0.0,0.0,0.0,0.0,0.0,0.0,0.0,0.0,0.0,0.0,0.0,0.0,0.0,0.0,0.0
1.0,0.00015042541242509352,1.9183909698853562e-8,2.4104192545728674e-12,3.0183787578633485e-16,3.776112163320684e-20,4.790044580168812e-24,8.988636855261422e-28,0.0,0.0,0.0,0.0,0.0,0.0,0.0,0.0,0.0,0.0,0.0,0.0,0.0,0.0,0.0,0.0
1.0,0.00034635354244641156,9.737213015612292e-8,2.6903843207617627e-11,7.405159390325305e-15,2.0357826155610726e-18,5.590596561300861e-22,1.4886464469702228e-25,0.0,0.0,0.0,0.0,0.0,0.0,0.0,0.0,0.0,0.0,0.0,0.0,0.0,0.0,0.0,0.0
1.0,0.0007608895663670488,4.4424178322908395e-7,2.5400934876218737e-10,1.4461373126397388e-13,8.22223149176121e-17,4.672737194127116e-20,2.6569710859931835e-23,1.506219436504072e-26,4.648825421308865e-29,0.0,0.0,0.0,0.0,0.0,0.0,0.0,0.0,0.0,0.0,0.0,0.0,0.0,0.0
1.0,0.0016022993492326052,1.837769818878046e-6,2.053316712275023e-9,2.2828975285492948e-12,2.534419246921525e-15,2.812132938233386e-18,3.1196457607129344e-21,3.466881265565724e-24,4.057499542109469e-27,2.400887303023354e-29,0.0,0.0,0.0,0.0,0.0,0.0,0.0,0.0,0.0,0.0,0.0,0.0,0.0
1.0,0.003319518959407569,7.249654067628279e-6,1.5295488407654987e-8,3.208695574494184e-11,6.720498656733814e-14,1.4067972385637765e-16,2.9442112113145635e-19,6.161782071350753e-22,1.2929858188920075e-24,2.603398468347649e-27,1.3282645246671677e-29,0.0,0.0,0.0,0.0,0.0,0.0,0.0,0.0,0.0,0.0,0.0,0.0
1.0,0.006689400606820473,2.6752701506215155e-5,1.0202590221498169e-7,3.8636831526516704e-10,1.460595899721253e-12,5.518299600306572e-15,2.0844191188566456e-17,7.87262348342958e-20,2.97293984890964e-22,1.118877574470762e-24,4.186610435257986e-27,0.0,0.0,0.0,0.0,0.0,0.0,0.0,0.0,0.0,0.0,0.0,0.0
1.0,0.013742720661035273,0.0001012338202860374,6.963369545222697e-7,4.744816452937072e-9,3.226717839223841e-11,2.193058037995945e-13,1.4902206979791623e-15,1.0125516820513769e-17,6.879714301791867e-20,4.67419260652588e-22,3.1727496377385328e-24,0.0,0.0,0.0,0.0,0.0,0.0,0.0,0.0,0.0,0.0,0.0,0.0
1.0,0.03281808763077011,0.0005047786494439688,6.959407662189838e-6,9.447230462557032e-8,1.2791173824182968e-9,1.730911946312864e-11,2.341930252684116e-13,3.168488111674409e-15,4.2867008431979363e-17,5.79953045828025e-19,7.846137247277011e-21,0.0,0.0,0.0,0.0,0.0,0.0,0.0,0.0,0.0,0.0,0.0,0.0
1.0,0.09422167894270489,0.003666187534321822,0.00011756193900988047,3.634731198511682e-6,1.1162939216752441e-7,3.424101211172262e-9,1.0500531280460373e-10,3.219994069357223e-12,9.874028172194133e-14,3.0278378180376776e-15,9.284758943155394e-17,7.705074387348983e-26,0.0,0.0,0.0,0.0,0.0,0.0,0.0,0.0,0.0,0.0,0.0
1.0,0.9430388249766755,0.4497233481282219,0.1638401031206802,0.04939252496796629,0.013216650228594926,0.003307966489915215,0.0007995632476072191,0.00018990464075942744,4.471677998587238e-5,1.0485215850361726e-5,2.4535605071840146e-6,3.9892221424371884e-10,6.474708136341366e-14,1.0508546098010502e-17,1.7056281033776444e-21,4.2905617959328744e-29,0.0,0.0,0.0,0.0,0.0,0.0,0.0
1.0,0.07276097018107151,0.0027000053868348885,8.515992401664296e-5,2.6055189565117833e-6,7.928876714497127e-8,2.4105520061473676e-9,7.327369546371911e-11,2.2272370050475046e-12,6.769900490787805e-14,2.05777381294309e-15,6.254792229772657e-17,4.927286324019018e-26,0.0,0.0,0.0,0.0,0.0,0.0,0.0,0.0,0.0,0.0,0.0
1.0,0.41586893103973066,0.11089133825758901,0.021545659414545282,0.003541207305016623,0.0005406016480946285,8.009835859021318e-5,1.1730140178216348e-5,1.710146535978562e-6,2.4889578734601436e-7,3.620070108871193e-8,5.2639017490653704e-9,4.971550610126506e-14,4.694992372455691e-19,4.43385747461774e-24,4.1176358881484097e-29,0.0,0.0,0.0,0.0,0.0,0.0,0.0,0.0
1.0,0.9447228788677658,0.8777241116437484,0.8067105725570818,0.7331261038981344,0.6582320947400871,0.583422141350543,0.5101614725575772,0.4398849970369854,0.3738893684751419,0.3132366918015889,0.25868470951197564,0.062451423231115875,0.01074048439223283,0.00155991253318173,0.00021127366946141284,3.639587772991079e-6,6.157019635770326e-8,1.0386598297902188e-9,1.745819274164626e-11,2.8595127086036583e-13,3.779052110957303e-15,0.0,0.0
1.0,0.0060160262610000174,4.35141279822543e-5,3.719363344337252e-7,3.5838680856141915e-9,3.724984049226768e-11,4.0465565056943244e-13,4.505305229769021e-15,5.083333661157155e-17,5.776460303775204e-19,6.5915005683627086e-21,7.549282075911003e-23,0.0,0.0,0.0,0.0,0.0,0.0,0.0,0.0,0.0,0.0,0.0,0.0
1.0,0.009014039768888702,9.564832833756395e-5,1.1839993800353243e-6,1.642984593716249e-8,2.45694065738889e-10,3.844216921028684e-12,6.173799868613828e-14,1.0061204601880997e-15,1.6529202974885556e-17,2.7274913687652014e-19,4.5113462646466536e-21,0.0,0.0,0.0,0.0,0.0,0.0,0.0,0.0,0.0,0.0,0.0,0.0
1.0,0.013480547006216615,0.0002107707381029968,3.806555442135268e-6,7.664777684244484e-8,1.6595668188035438e-9,3.75805923329671e-11,8.737746521174014e-13,2.0625227634511482e-14,4.910139350243644e-16,1.174504341315466e-17,2.8168762448163166e-19,1.715142810316263e-28,0.0,0.0,0.0,0.0,0.0,0.0,0.0,0.0,0.0,0.0,0.0
1.0,0.021539174837310538,0.0005385226194386305,1.551173154741091e-5,4.957058224891918e-7,1.6945560538212243e-8,6.032852650042126e-10,2.1986436039263702e-11,8.11892846779511e-13,3.019993859340256e-14,1.1278497449938268e-15,4.22130019780807e-17,1.176006775129186e-25,0.0,0.0,0.0,0.0,0.0,0.0,0.0,0.0,0.0,0.0,0.0
1.0,0.03563550402593137,0.001495741475331852,7.245093874984792e-5,3.8705328225007476e-6,2.1942100969205228e-7,1.2863895780931101e-8,7.6808181064744e-10,4.631003440604121e-11,2.8065559697907217e-12,1.7054590574814742e-13,1.0378138417207793e-14,5.310134642367187e-22,0.0,0.0,0.0,0.0,0.0,0.0,0.0,0.0,0.0,0.0,0.0
1.0,0.06361877803179783,0.0049354173472398065,0.00044247342332254073,4.319051627839112e-5,4.409815786867578e-6,4.6049692527929433e-7,4.861700038175205e-8,5.1597651780681225e-9,5.48980990376717e-10,5.847894715086621e-11,6.2328329876346405e-12,9.160473309392832e-18,1.3466184920574692e-23,3.458401370545358e-29,0.0,0.0,0.0,0.0,0.0,0.0,0.0,0.0,0.0
1.0,0.23541242480008148,0.07266785049159262,0.024719308816772083,0.008640377387234508,0.0030369249600847295,0.0010673282729017609,0.00037469978276280687,0.0001314145679258702,4.6058261001430814e-5,1.6135503909664938e-5,5.65120870462906e-6,1.0411116112594025e-8,1.9169967382302368e-11,3.529681124223846e-14,6.499040757763837e-17,2.203742587511705e-22,7.860115641769072e-28,0.0,0.0,0.0,0.0,0.0,0.0
1.0,0.1261841143444957,0.007700726778596546,0.0003734162246001082,1.7141388236753697e-5,7.771773720236393e-7,3.512943971758863e-8,1.5863288897725064e-9,7.159793225513117e-11,3.2304194069676048e-12,1.4571343578650847e-13,6.57118023608588e-15,5.510353398317687e-23,5.296898951142307e-31,0.0,0.0,0.0,0.0,0.0,0.0,0.0,0.0,0.0,0.0
1.0,0.7914259266968853,0.5331359371650252,0.3110132281465129,0.1585207212196351,0.0719795014108656,0.029899330761038196,0.01166269558838127,0.004363446884165794,0.0015898749698055159,0.0005698949805367231,0.00020226255802409837,3.7776248297678814e-7,6.917867930366925e-10,1.2657791576143082e-12,2.3159430531069486e-15,7.752935182275996e-21,2.5874929066728065e-26,5.695860901022301e-32,0.0,0.0,0.0,0.0,0.0
1.0,0.036549450123985534,0.0014192820429157202,5.77656566257025e-5,2.4468858024310057e-6,1.0685421275904228e-7,4.7706922221184105e-9,2.16351533472212e-10,9.918580266216361e-12,4.581103359957949e-13,2.1266176581536096e-14,9.905970488898935e-16,1.0398778428060529e-23,0.0,0.0,0.0,0.0,0.0,0.0,0.0,0.0,0.0,0.0,0.0
1.0,0.05213893722458725,0.002915183193501752,0.00017086352699498183,1.0409170537797484e-5,6.524012528614445e-7,4.17061722994683e-8,2.7020494778575372e-9,1.766229270111332e-10,1.1612899725660716e-11,7.664680987234563e-13,5.071397476698075e-14,4.339882774369756e-21,3.2006029431254953e-28,0.0,0.0,0.0,0.0,0.0,0.0,0.0,0.0,0.0,0.0
1.0,0.07289606650071949,0.005761971993547239,0.00047725232712666555,4.099580195150031e-5,3.6130796313227955e-6,3.2392530678583406e-7,2.9363941354824254e-8,2.680612596817892e-9,2.457941715596467e-10,2.2599961483908573e-11,2.08156624668112e-12,1.2868639187426353e-18,7.986886540158319e-25,0.0,0.0,0.0,0.0,0.0,0.0,0.0,0.0,0.0,0.0
1.0,0.10623153572834682,0.012444354615302177,0.0015279728005221373,0.0001938550715570128,2.5124267712071836e-5,3.29946589228926e-6,4.3676140835124405e-7,5.808783780840061e-8,7.746759787201623e-9,1.03478276388629e-9,1.3835039171480993e-10,7.949526901904513e-16,4.574671147133243e-21,2.6280320544658794e-26,0.0,0.0,0.0,0.0,0.0,0.0,0.0,0.0,0.0
1.0,0.16101756638799766,0.02919854143976814,0.0055429424501385995,0.0010798883049562287,0.00021346596583097325,4.253439031091785e-5,8.511840885317398e-6,1.7072973875204305e-6,3.4286893514029814e-7,6.890162319927556e-8,1.3850955083928001e-8,9.15781707047083e-13,6.057279228127442e-17,4.0064359885110664e-21,2.6386399584138327e-25,0.0,0.0,0.0,0.0,0.0,0.0,0.0,0.0
1.0,0.18341601755799333,0.0380776652522423,0.008253089120294375,0.00183167808062734,0.0004119500384397958,9.333032143200035e-5,2.122953148864293e-5,4.839515931468698e-6,1.1045185813480051e-6,2.522424761982265e-7,5.76249300555927e-8,8.207044160516105e-12,1.1693552117454473e-15,1.6661425369482996e-19,2.3756392644191022e-23,0.0,0.0,0.0,0.0,0.0,0.0,0.0,0.0
1.0,0.21662633771136275,0.05362816243353913,0.013845281260810378,0.0036502186558506435,0.0009730160887279108,0.00026087188665654775,7.015248275292768e-5,1.8894740749165158e-5,5.093240261280494e-6,1.3735119026528052e-6,3.7048193120989686e-7,1.4285354597598343e-10,5.509651549102974e-14,2.1250034276164255e-17,8.195740451103287e-21,1.2694139979825476e-27,0.0,0.0,0.0,0.0,0.0,0.0,0.0
1.0,0.30862036130736004,0.11135070237718889,0.04196621603208804,0.016066636002074558,0.0061822873166119206,0.0023812274783984524,0.0009168240684680489,0.0003527519700173883,0.00013563588040841986,5.212728751736373e-5,2.002641364360177e-5,6.420356434217713e-8,2.0561761157587992e-10,6.584665719752418e-13,2.108655074394421e-15,2.1624170104933992e-20,2.215528403258282e-25,0.0,0.0,0.0,0.0,0.0,0.0
1.0,0.46744499163239933,0.2620742974033914,0.15418430364173627,0.09195088718744453,0.054933147034184546,0.032749591905429205,0.01946636487147338,0.011538043364308385,0.006822395264462851,0.0040262569444867325,0.002372492347952549,9.761594920078422e-5,3.973448977246132e-6,1.6138677508793554e-7,6.5520520911600355e-9,1.0797207334162793e-11,1.7792388861780767e-14,2.931935831996759e-17,4.830824829410208e-20,7.934096034656351e-23,1.2103168347260946e-25,0.0,0.0
1.0,1.0640560194536484,1.0687611123534249,1.059344615056547,1.045591131155501,1.0303469688544948,1.0145052117563775,0.9983529922380125,0.9819865527925435,0.9654421167497564,0.9487372648680795,0.9318840117476244,0.8282460543750336,0.7221197126585802,0.6163536168589369,0.5139953441373915,0.3308439667809435,0.18963439177736563,0.0949259605549654,0.040000390422634834,0.0129243519295493,0.002309740321019562,0.0,0.0
1.0,0.11938085066556547,0.015325923283537745,0.001986431413979487,0.0002577994919591664,3.350725535850022e-5,4.364430068717727e-6,5.698585532800046e-7,7.458782606943108e-8,9.785700969721083e-9,1.286714912952129e-9,1.6954185678069655e-10,9.198211839293467e-16,5.2153465660863054e-21,3.0930191321239287e-26,0.0,0.0,0.0,0.0,0.0,0.0,0.0,0.0,0.0
1.0,0.1303783455816383,0.018279827235517097,0.0025967687527583758,0.00036980125733678166,5.27487107752871e-5,7.539300965880244e-6,1.0800219745146607e-6,1.5507300548101304e-7,2.231587611720805e-8,3.2182293838784395e-9,4.650387500086308e-10,4.383993551320242e-15,4.314680594949496e-20,4.356017319204819e-25,5.9094890187245935e-30,0.0,0.0,0.0,0.0,0.0,0.0,0.0,0.0
1.0,0.15074698474267717,0.024411625420669093,0.004017482474570105,0.0006639847124646571,0.00011003762989961819,1.8288324705920004e-5,3.0487912602848593e-6,5.097936667697809e-7,8.548969926132698e-8,1.4374777931636244e-8,2.4230589090985804e-9,5.79011826050762e-14,1.4486314666000146e-18,3.7130178031144884e-23,9.010210883822682e-28,0.0,0.0,0.0,0.0,0.0,0.0,0.0,0.0
1.0,0.16812962405407728,0.030283265211119455,0.00555940721890547,0.001026810160910964,0.0001903358142327728,3.540157475351252e-5,6.607041853008661e-6,1.237197112016186e-6,2.3240111670523644e-7,4.3782602053609994e-8,8.270234213563528e-9,3.920352602000997e-13,1.945224096287678e-17,9.868796108686238e-22,5.0483852740999314e-26,0.0,0.0,0.0,0.0,0.0,0.0,0.0,0.0
1.0,0.23188469971518963,0.05825361887479166,0.01501227184359951,0.003908327494820454,0.0010243802629560522,0.00027009204221690796,7.160374893393898e-5,1.9075834885596796e-5,5.103540762159501e-6,1.370297692516095e-6,3.6901990950910645e-7,1.46170211303468e-10,5.951265602802225e-14,2.4404396612222152e-17,1.0026031533286455e-20,1.6747644395123774e-27,0.0,0.0,0.0,0.0,0.0,0.0,0.0
1.0,0.40671214535398015,0.18772887053150814,0.09089514436615498,0.044872362586373095,0.022344196985339574,0.011170498946510381,0.0055941708057172836,0.0028033371756278277,0.0014049417674176254,0.0007040113214679626,0.0003526959827106821,5.5529574286905785e-6,8.716313153150494e-8,1.367427812819834e-9,2.145070959861178e-11,5.278449444157926e-15,1.2988834710576171e-18,3.196116664326962e-22,7.849556761403286e-26,1.7661502713157393e-29,0.0,0.0,0.0
1.0,0.436249089809838,0.12533652478787582,0.02729404158525098,0.005119125230364665,0.0008946795823897866,0.0001514818983972872,2.527723141014431e-5,4.1866539282367625e-6,6.901937068897605e-7,1.133511456795129e-7,1.8546322171048172e-8,3.177615642375202e-13,3.4080708018370015e-18,1.3103997122787533e-25,7.020543459538017e-27,0.0,0.0,0.0,0.0,0.0,0.0,0.0,0.0
1.0,0.9946340814309134,0.9232602993772178,0.8281376847614704,0.7253292181280013,0.6224107500054871,0.5238670165957339,0.4326870511347282,0.3508360150075878,0.27940795129780915,0.21872350653747033,0.16845510661933036,0.026753095048353014,0.0032043873917432194,0.0003435402891862678,3.5456771087678464e-5,3.669760578560577e-7,3.771904825949183e-9,3.873505381423092e-11,3.970873531874195e-13,4.003273820526025e-15,3.389698660983855e-17,0.0,0.0
1.0,0.10215112003069803,0.016375421559684952,0.003217177414295756,0.0006877417074249873,0.00015259619229889037,3.44591262967293e-5,7.849356005384232e-6,1.795812966265129e-6,4.1176692956965175e-7,9.452190888116242e-8,2.1710192958131872e-8,3.1970295640275464e-12,4.710757614235584e-16,6.941306965021972e-20,1.0232848284247298e-23,0.0,0.0,0.0,0.0,0.0,0.0,0.0,0.0
1.0,0.20426079374589032,0.06635097768258214,0.02545437485100583,0.010305766759666478,0.004246126936311517,0.001758884742527788,0.0007294896399779292,0.00030252272188964637,0.0001254025658415414,5.195923636790764e-5,2.1521152905883416e-5,1.0830530168455212e-7,5.443324731464328e-10,2.7354958303736934e-12,1.374690167061596e-14,3.471704177306374e-19,8.765934464568074e-24,2.267099342155127e-28,0.0,0.0,0.0,0.0,0.0
1.0,0.8626002046442002,0.606823681771026,0.3726430295794697,0.20308591202315524,0.09988916715116444,0.045286986112834104,0.01933533152104631,0.00791781614232834,0.003153402651402935,0.0012334687800476603,0.00047698116806350817,1.4653365490344049e-6,4.37949341539532e-9,1.3069304668182896e-11,3.899825152986292e-14,3.47237408054138e-19,3.0915504169015856e-24,2.8034193390216005e-29,0.0,0.0,0.0,0.0,0.0
1.0,0.23518500716866345,0.07544787262233828,0.027108018136506665,0.010140563220956328,0.0038535030630146958,0.0014741920876026396,0.0005656444950505839,0.00021732371345284848,8.354404723038998e-5,3.212315462238973e-5,1.235232599493465e-5,3.9921729048316005e-8,1.2897822335461237e-10,4.1668292208573917e-13,1.3461509482302791e-15,1.404986428940911e-20,1.4703298642114258e-25,1.4180875199755274e-30,0.0,0.0,0.0,0.0,0.0
1.0,0.5483286670728895,0.4238573426497947,0.3623766951623243,0.3192226627237231,0.28389982896533195,0.2532348140773347,0.22602980325532676,0.2017093115640563,0.17991720812758266,0.16038500377829085,0.14288647464139753,0.0706147652937405,0.03433820094103885,0.01650081210970114,0.007859249333938832,0.0017478300026410843,0.0003794681390982679,7.963128705488695e-5,1.5614694287551394e-5,2.604509631297589e-6,2.659249256372809e-7,0.0,0.0
1.0,0.27701688590722995,0.03686769984314757,0.0034615979744441624,0.0002849023567628256,2.2198067163272214e-5,1.6671349294782666e-6,1.2014374980940664e-7,8.157432341340044e-9,5.027407349909362e-10,2.594602511047254e-11,8.946928553830198e-13,2.5817581481761067e-17,4.954205682452694e-22,6.446428056928582e-27,1.3349388514310956e-31,0.0,0.0,0.0,0.0,0.0,0.0,0.0,0.0
1.0,0.6029944748166466,0.23184002457834518,0.06439135796159857,0.014611250209625667,0.0029805240437899483,0.0005779749228967712,0.00010954805786118256,2.055548289459316e-5,3.840066704628673e-6,7.15999051103425e-7,1.333874367083002e-7,5.553894697708158e-12,2.3090014554006713e-16,9.591926676447646e-21,3.9813327663062545e-25,0.0,0.0,0.0,0.0,0.0,0.0,0.0,0.0
1.0,0.8362416170339687,0.5393626430566056,0.287244120103718,0.13049719807063626,0.05240733743727684,0.019294465470509392,0.00671252136839001,0.0022551451310918245,0.0007420398301357429,0.0002412146655059895,7.786347281398308e-5,8.425960259790528e-8,9.009392174002543e-11,9.627897130471079e-14,1.0288321840843862e-16,1.1747905466231555e-22,1.347422072042584e-28,0.0,0.0,0.0,0.0,0.0,0.0
1.0,1.1390002860198434,1.161105640619843,1.146163393028879,1.1184123654541849,1.0853630916857677,1.049643542534449,1.0123192319833554,0.9738975838633632,0.9346702958582848,0.8948435322758218,0.8545910822183137,0.6132904702007653,0.3970277437000591,0.2311786338437257,0.12198970159943327,0.026946138431951715,0.004888396136345005,0.0007956321268324107,0.0001187158524727533,1.5238623854001668e-5,1.2336702400044177e-6,0.0,0.0
1.0,1.0268241499107122,0.921998408418607,0.7759290245534064,0.6224705153116419,0.4779301982680842,0.3517140113996051,0.24851765289873262,0.169070023043013,0.1111547734317832,0.07092730851985647,0.04412448097991373,0.0018555912764446432,6.308290701536795e-5,2.056381018229324e-6,6.652103837534763e-8,6.93998752587479e-11,7.237820395469755e-14,7.548335060375962e-17,7.871671196194899e-20,8.192662164740663e-23,8.011226322445152e-26,0.0,0.0
1.0,0.09719225622413726,0.012283054013082108,0.002027405213718142,0.0004061604507413006,9.128096507817062e-5,2.179948300985083e-5,5.365967271670485e-6,1.3403401636438264e-6,3.37158627196403e-7,8.509682426603188e-8,2.1512518613559384e-8,5.6577781198014815e-12,1.4900110402012764e-15,3.924092945803499e-19,1.0330216689774192e-22,2.4907933455919408e-30,0.0,0.0,0.0,0.0,0.0,0.0,0.0
1.0,0.16893986886115278,0.04013251938927406,0.012466422922396003,0.00451060367673005,0.0017547960230144797,0.0007044407220587499,0.00028643435687501474,0.00011704471674126389,4.7910860687039394e-5,1.9621433232994845e-5,8.03613994972916e-6,3.785900184336104e-8,1.7815306082303603e-10,8.382491483327934e-13,3.944117387977387e-15,8.731703046883948e-20,1.9318717625212255e-24,3.8778402499189555e-29,0.0,0.0,0.0,0.0,0.0
1.0,0.3443504599892953,0.1877099977243068,0.13147801053390298,0.10183514957641107,0.08166678211664581,0.0661985423529082,0.0537931058434535,0.0437016945387818,0.0354650609285493,0.0287441029794344,0.023267500260428148,0.006407772533377193,0.001722939842050185,0.0004574523933915368,0.00012065848454091515,8.320621731767181e-6,5.707462371735638e-7,3.890816767936494e-8,2.5995091724296516e-9,1.6046288833671058e-10,6.914359305492041e-12,0.0,0.0
1.0,0.8882189189996966,0.5373501847646711,0.2552074734655582,0.1020133332741687,0.036240957469249546,0.011943983889636151,0.003763145210455847,0.0011552623015176847,0.00034951210057411063,0.00010488583530075411,3.133475868321402e-5,2.170142125806831e-8,1.493617314682543e-11,1.0278197428460443e-14,7.072819002686168e-18,3.349221891700781e-24,1.585963334928937e-30,0.0,0.0,0.0,0.0,0.0,0.0
1.0,1.0775759101904412,0.9063574498439781,0.671625951431926,0.45485834822236415,0.28583455927201923,0.168461263424406,0.09410210308719946,0.05034618017765177,0.02605049617033776,0.013144954655455895,0.006511867160987994,8.073480441808629e-5,9.23353565030097e-7,1.046746023355485e-8,1.185510475058736e-10,1.5203437361673837e-14,1.9497204656098898e-18,2.5003489858958194e-22,3.202355075683135e-26,3.7025726392451544e-30,0.0,0.0,0.0
1.0,0.32041318230603233,0.1346931674549604,0.06782625211661117,0.03748878742556992,0.021597608869893776,0.01264885186793203,0.007448674223730925,0.004390825287279469,0.0025866244180161985,0.0015220588920400592,0.0008946061034567529,3.631720569964119e-5,1.4591954581477602e-6,5.8504747417272235e-8,2.344679651272981e-9,3.765188457907868e-12,6.046153093033512e-15,9.708876304566344e-18,1.558852620660897e-20,2.4955603657931207e-23,3.7102183519136065e-26,0.0,0.0
1.0,1.9722824703972606,2.3891838582090137,2.527303125481839,2.556852279321292,2.5469102409257127,2.5228412408042624,2.4937037310310455,2.4627162649284657,2.431026105938641,2.39904576473849,2.366926305493467,2.1730621186445114,1.9785381255342938,1.784725852500326,1.5930827486757404,1.2225852610282328,0.8801690780698023,0.5791670150201075,0.3319980454750504,0.14897742884921622,0.03724499344506392,0.0,0.0
1.0,0.17968275391808822,0.021836100773274015,0.002617075612163211,0.00031393426233444576,3.781891488629546e-5,4.579300614250416e-6,5.57323039267953e-7,6.815586911396787e-8,8.37181231610462e-9,1.0324768547672887e-9,1.2779553208858832e-10,4.866826256993427e-16,1.9685079394195304e-21,8.118423129783278e-27,0.0,0.0,0.0,0.0,0.0,0.0,0.0,0.0,0.0
1.0,0.24401361405792085,0.034272879699301574,0.004720166059396278,0.0006502985137837079,8.996831185106078e-5,1.2512294788936405e-5,1.7493494107961754e-6,2.4579637752421284e-7,3.469368475467738e-8,4.917089676975484e-9,6.994572236621729e-10,6.134266447658295e-15,5.698182688219704e-20,5.427496988195138e-25,4.5865138150648474e-30,0.0,0.0,0.0,0.0,0.0,0.0,0.0,0.0
1.0,0.3370923931514053,0.052713828801161974,0.007994484357796067,0.001210930113413289,0.00018403622147123837,2.8100097930000164e-5,4.311437321825242e-6,6.645926896421353e-7,1.0288535406177783e-7,1.598982648632154e-8,2.4937633823303072e-9,3.790383600054679e-14,6.094008257423251e-19,1.005195390251511e-23,1.5251286301103955e-28,0.0,0.0,0.0,0.0,0.0,0.0,0.0,0.0
1.0,0.4958285776131072,0.08625652957736485,0.014298900803603734,0.0023626313697867733,0.0003913722769444603,6.509871640364128e-5,1.0876738850496625e-5,1.8252370619313587e-6,3.0754327481854064e-7,5.201231931753631e-8,8.825976862832216e-9,2.22145135739878e-13,5.906696209295354e-18,1.6106898376529732e-22,4.420288530599474e-27,0.0,0.0,0.0,0.0,0.0,0.0,0.0,0.0
1.0,0.7053910344807516,0.13668568540814707,0.0246693571674065,0.004425358215903401,0.0007951677018234462,0.00014339415323433676,2.5965232180065148e-5,4.720986365031708e-6,8.616902800870139e-7,1.5783807480693967e-7,2.9004862204123687e-8,1.1754116954057927e-12,5.0251362494173576e-17,2.2027557089973437e-21,9.775108504389318e-26,0.0,0.0,0.0,0.0,0.0,0.0,0.0,0.0
1.0,0.5756397725402973,0.127402134562453,0.02630061126094081,0.005391282577008166,0.0011067695701046673,0.00022805418727098352,4.719660219376714e-5,9.810126413812412e-6,2.04744980308277e-6,4.2891072767748785e-7,9.014998303781814e-8,8.176584469429382e-12,7.793613403131588e-16,7.585770061142258e-20,7.449455322170318e-24,0.0,0.0,0.0,0.0,0.0,0.0,0.0,0.0
1.0,0.8361644613391034,0.21570575155575514,0.050429060977179176,0.011672896144560971,0.0027063596447267123,0.000630103473730869,0.00014741047268653664,3.4650009260749464e-5,8.180521726468419e-6,1.9389226043471167e-6,4.6114107146239797e-7,8.771763810740775e-11,1.7447973293075782e-14,3.528013544938567e-18,7.176170094085744e-22,2.723430851324238e-29,0.0,0.0,0.0,0.0,0.0,0.0,0.0
1.0,0.9786241742830707,0.28148433439863146,0.07132075279190624,0.01779522986353786,0.004441937542282878,0.001112897424447241,0.0002800961825413384,7.081670786215528e-5,1.7980709812440867e-5,4.5828172539244985e-6,1.1719590967269449e-6,3.4400237514167524e-10,1.0539953735189737e-13,3.279624883878637e-17,1.0260556995564896e-20,9.775198797707778e-28,0.0,0.0,0.0,0.0,0.0,0.0,0.0
1.0,0.7263809313308397,0.22574875805423358,0.06229250174265064,0.016893588559141942,0.0045785909584686365,0.0012448247773678633,0.00033985647715666724,9.31854092017989e-5,2.5654216144883752e-5,7.088530340782933e-6,1.964940439048641e-6,9.33462926278486e-10,4.615993531214198e-13,2.314653454502669e-16,1.166170101329848e-19,2.98229556387249e-26,0.0,0.0,0.0,0.0,0.0,0.0,0.0
1.0,0.7672893034435209,0.24921047217434503,0.06924895873858637,0.01870215400737189,0.005029243703106761,0.0013543545526892358,0.0003658470467429383,9.917400592361001e-5,2.6978546570078522e-5,7.36319397183215e-6,2.01562966024992e-6,8.879329847346705e-10,4.089025961974614e-13,1.9175856823451788e-16,9.058194987530799e-20,2.0196818506083036e-26,0.0,0.0,0.0,0.0,0.0,0.0,0.0
1.0,0.5191687651294308,0.15986950562739757,0.042799518737699535,0.011083420415196521,0.002847276868635165,0.0007306978717353458,0.0001877565904223559,4.8345943399330774e-5,1.2478046061777019e-5,3.2282171593383265e-6,8.370817906019831e-7,2.6462215401480643e-10,8.752821045592187e-14,2.966381006637322e-17,1.0181210994974131e-20,1.1357842600112417e-27,0.0,0.0,0.0,0.0,0.0,0.0,0.0
1.0,0.31562264177829796,0.08145271723053919,0.01926160224343857,0.0044253093254717,0.001006644499644367,0.00022818714078916838,5.166985037321427e-5,1.1698708289115095e-5,2.6495548815173666e-6,6.003704325086668e-7,1.361158569531057e-7,1.8711410808616772e-11,2.6208748281403226e-15,3.7282325385646456e-19,5.370330249669245e-23,1.0722661653939419e-30,0.0,0.0,0.0,0.0,0.0,0.0,0.0
1.0,0.348567962010965,0.0983724476870193,0.024669207438252693,0.005928661976048014,0.0014034626697058314,0.0003304433426903657,7.766175723591601e-5,1.824492204371529e-5,4.286968290034196e-6,1.0077105945526964e-6,2.369962359401558e-7,4.0562517015941643e-11,7.067492139522511e-15,1.249840820728105e-18,2.237224147711236e-22,4.847550463301738e-30,0.0,0.0,0.0,0.0,0.0,0.0,0.0
1.0,0.35627392267026553,0.1071628226859837,0.02812138213697189,0.006969661287414828,0.0016894053583714507,0.0004059830589300165,9.724368083989828e-5,2.3266669625727633e-5,5.565625349757144e-6,1.3315662855462656e-6,3.1867553267338853e-7,6.037937417855998e-11,1.1598463558067704e-14,2.2546308952061402e-18,4.427028800122864e-22,1.1827512126722095e-29,0.0,0.0,0.0,0.0,0.0,0.0,0.0
1.0,0.351898094247991,0.11196661277069529,0.030822132415506583,0.00788373490481328,0.0019526582198811917,0.00047697067676728176,0.0001158171340788423,2.8052823770855595e-5,6.7884132615847075e-6,1.642264802351908e-6,3.973128146892152e-7,8.00381224233082e-11,1.6269334134035735e-14,3.3343341933818715e-18,6.8834637603265e-22,3.5756333120297333e-29,0.0,0.0,0.0,0.0,0.0,0.0,0.0
1.0,0.6729787779085583,0.3706882649086188,0.14873676697407506,0.051104898495175174,0.016436257473114353,0.0051424049313973826,0.0015912955024786077,0.0004905814830422629,0.00015116031631151814,4.661579300892643e-5,1.4395995383053708e-5,1.2897014416474246e-8,1.2045759207419465e-11,1.1527372368712417e-14,1.118229338436754e-17,1.0726897825540556e-23,3.381787425993118e-30,0.0,0.0,0.0,0.0,0.0,0.0
1.0,0.2770732700817311,0.06533350380005472,0.014660195708149042,0.00332524786692775,0.0007726229387326893,0.0001833822620419394,4.4216561886051824e-5,1.0778696148795081e-5,2.647075729564961e-6,6.533116023867971e-7,1.617743991057358e-7,3.83619743565296e-11,9.227704762369854e-15,2.231739794789042e-18,5.421507177800483e-22,3.325296917064841e-29,0.0,0.0,0.0,0.0,0.0,0.0,0.0
1.0,0.3435319803693423,0.10655742086848924,0.03153528809604366,0.009278053041142993,0.002755408247769235,0.0008279617602992401,0.0002513487521510743,7.692564468691903e-5,2.3691783186501465e-5,7.332298709487397e-6,2.2779278247176397e-6,2.149667954183592e-9,2.1229119824819567e-12,2.1481871433752704e-15,2.20551185068539e-18,2.3776301720602675e-24,1.4455381429030122e-30,0.0,0.0,0.0,0.0,0.0,0.0
1.0,0.5612957975212886,0.31799218986929473,0.18173189797360675,0.10454353060841173,0.060421755254951574,0.035035533743012895,0.020360785283417258,0.011850216278037827,0.006903601661654557,0.004024264507277736,0.002346681324938974,9.244093230481332e-5,3.6391839266048223e-6,1.4317467812373289e-7,5.631686533571163e-9,8.712255273563155e-12,1.3477654812179491e-14,2.084950222535495e-17,3.224987097866409e-20,4.9746553048584974e-23,7.142555869949164e-26,0.0,0.0
1.0,0.5413136473037099,0.22540127429164605,0.07533298850343646,0.021634529315358333,0.005672117973138073,0.0014135990926758245,0.0003426860558130154,8.178118183335443e-5,1.93238463958051e-5,4.531752423524095e-6,1.055453613823375e-6,1.3561117397188351e-10,4.250760952534063e-15,6.4389888559479846e-18,2.4203339542964828e-20,5.320076523315717e-26,7.204346004329987e-32,0.0,0.0,0.0,0.0,0.0,0.0
1.0,0.8608589901234909,0.7011230463202178,0.5476730632739303,0.41561797640455656,0.30865818579964,0.22475355839269487,0.16038844525280768,0.11211258659836869,0.07679115193169095,0.051605684508480146,0.034090418795684065,0.0022217799566310974,0.00011996431731729004,6.1754718451843786e-6,3.143937166500756e-7,8.103018433870496e-10,2.0866447655763938e-12,5.373115496918522e-15,1.383249679198851e-17,3.544509960767965e-20,8.266864271033875e-23,0.0,0.0
1.0,10.984443383265729,10.278775019600646,5.804579639640259,2.550369994254849,0.9642958458465056,0.33271983301144015,0.10870154195105493,0.03439726836771681,0.010685078130207856,0.0032837006319277008,0.0010027426902733906,7.726481960685586e-7,5.68893609416934e-10,3.969234267129224e-13,2.5507838413687567e-16,6.10371058904132e-23,0.0,0.0,0.0,0.0,0.0,0.0,0.0
1.0,0.4297290312920863,0.21615839052102603,0.11530773342103377,0.0627562159797931,0.034374682246587455,0.018858167362632933,0.010343877542906553,0.005669398169772214,0.003104588255374911,0.0016986589858257561,0.0009287374924184296,2.4587079082363532e-5,6.472203841027992e-7,1.7019537544427423e-8,4.474740511230717e-10,3.093009858517474e-13,2.1379230492313973e-16,1.4777618124191145e-19,1.0214837220568215e-22,7.083970275269527e-26,5.082567958978455e-29,0.0,0.0
1.0,0.5999764125961864,0.2607082242676651,0.0867387547050377,0.02396396410629014,0.005931597107709892,0.0013850012122627435,0.0003141065477915749,7.023940594063422e-5,1.5601502869390614e-5,3.454388376941706e-6,7.637029388842469e-7,8.856526278582224e-11,1.0258042649048833e-14,1.1880273279033531e-18,1.3758189253734553e-22,1.783275791581752e-30,0.0,0.0,0.0,0.0,0.0,0.0,0.0
1.0,0.8252468712467282,0.5848900672053762,0.3648383198104224,0.2026301067819655,0.10176973755636057,0.04715526339965097,0.020576435673975317,0.008607526748149512,0.003499643530237657,0.001396583401147981,0.0005506796815964067,1.8903401934163899e-6,6.295019002209483e-9,2.092493689363118e-11,6.954744891317508e-14,7.682586351105012e-19,8.48686256674875e-24,9.311480693585973e-29,0.0,0.0,0.0,0.0,0.0
1.0,0.46257452274669003,0.25731546586536,0.15578405984374286,0.09765776016234336,0.06206648122275269,0.039645220559183104,0.02535830940894411,0.016217204089748184,0.010363114842666707,0.006615741670121254,0.004219294226452635,0.00027970769200960107,1.8318134173332685e-5,1.1956267466261563e-6,7.797061388634652e-8,3.3142297837631313e-10,1.4086214593131758e-12,5.986730783535046e-15,2.5431654363331615e-17,1.0723239902094769e-19,4.016948589633417e-22,0.0,0.0
1.0,0.2924806943758569,0.04542201858480705,0.005000636120297689,0.0004699347165306977,3.997115888195324e-5,3.014797465080579e-6,1.810380121564164e-7,5.788424002378573e-9,1.5673768592647085e-11,2.1955379357371497e-10,1.2770344907690043e-10,6.522398784017445e-14,1.4381147258720605e-17,3.0465556353884795e-21,6.438898572012348e-25,3.048869063328104e-32,0.0,0.0,0.0,0.0,0.0,0.0,0.0
1.0,0.4975688132102467,0.1583140759532701,0.03645785190913373,0.006980618053879906,0.0012212174595267952,0.00020489362972523663,3.368471905392573e-5,5.4731949738773405e-6,8.814099048522952e-7,1.4070523077082558e-7,2.2237094013404785e-8,2.1978894110907556e-13,1.0742058788635384e-18,2.781587469790096e-21,9.380628979419069e-25,5.308543949553302e-32,0.0,0.0,0.0,0.0,0.0,0.0,0.0
1.0,0.6373495167696639,0.29102160322981774,0.10130521127597289,0.029169907903975306,0.007493906969805052,0.0018098585539357884,0.0004235152173147954,9.756266347121271e-5,2.2302247494158032e-5,5.0787771000873764e-6,1.1543483495397587e-6,1.5729148729167709e-10,2.1251871078995514e-14,2.843669951293995e-18,3.7528122605152225e-22,6.016739231759173e-30,0.0,0.0,0.0,0.0,0.0,0.0,0.0
1.0,0.9744683690823742,0.8393602464003271,0.6670420666188914,0.4960433435589216,0.3471160951229858,0.22957467050963182,0.14428749103844213,0.08675154961391585,0.050259545888606455,0.02825819861962966,0.015518593260782277,0.0003302456589986316,6.13262196726841e-6,1.1170238392385879e-7,2.029269440925588e-9,6.692160200652274e-13,2.2068168396942024e-16,7.277225548856837e-20,2.3996904595899776e-23,7.913181715762891e-27,2.5431656825683058e-30,0.0,0.0
1.0,1.0438535785165788,0.9755345915322549,0.8586946820381602,0.7249972599018479,0.5908495547825066,0.4658500878497594,0.35578187840159536,0.26356090526188314,0.18973204315278355,0.13304126930219817,0.09111769366215441,0.006702507928854521,0.0003765006298974142,1.9712857645623953e-5,1.0152526127147976e-6,2.670453007628841e-9,7.015168116174421e-12,1.8427111041165213e-14,4.8391566790640864e-17,1.264809957109623e-19,3.0062704199257926e-22,0.0,0.0
1.0,0.9382804925895879,0.7420128030375895,0.5174370210839807,0.3243544289325263,0.18534780716888785,0.09801060511627946,0.048730150730035934,0.023126887648779137,0.010612197320435448,0.004755839567160778,0.002097038711402587,1.3439379359461712e-5,8.164584663972394e-8,4.938334576586663e-10,2.985791548807389e-12,1.0913887747595725e-16,3.989293151808442e-21,1.4582665169836008e-25,5.3998982315715796e-30,0.0,0.0,0.0,0.0
1.0,0.9944833374768003,0.8438421090211579,0.6431542326004881,0.44932062424118246,0.29082216581675174,0.17601206351444235,0.10060900683780111,0.054885210148019455,0.02886343831509953,0.014761810769349239,0.00739560275507349,9.577875906519341e-5,1.1301723066747023e-6,1.3197502156738734e-8,1.539370217426873e-10,2.0937780741289635e-14,2.8478080824927398e-18,3.8733464742905746e-22,5.272205086142136e-26,7.406186602880459e-30,0.0,0.0,0.0
1.0,1.13149364040519,1.130000303039143,1.0612715924135296,0.961846204261557,0.8501139265541402,0.7358132610799525,0.6247329136395531,0.520666443031622,0.4261410104400059,0.3426774485066878,0.2709180798905736,0.049019116737905634,0.006374513417179758,0.0007213449138657588,7.767430479746785e-5,8.664296257786912e-7,9.572478128112463e-9,1.0563132250423718e-10,1.1633433391100643e-12,1.258602565902164e-14,1.1374558330060335e-16,0.0,0.0
1.0,0.32758050164380625,0.11479961487710838,0.043231316871621545,0.017295538304130876,0.007243578336229547,0.003135053024315193,0.0013884688493559629,0.0006248610421662997,0.00028437218853474014,0.00013044144685729535,6.017169482165938e-5,6.139005654483792e-7,6.479301111078271e-9,6.888844496106994e-11,7.336634048999378e-13,8.32864152492332e-17,9.455977647632767e-21,1.0727952803654653e-24,1.0975316935711028e-28,0.0,0.0,0.0,0.0
1.0,0.3696431967634144,0.1496275748557078,0.06636127720336027,0.03168849067506324,0.015959963832659532,0.008333342118741854,0.004454894693167759,0.0024178705605565486,0.0013250666275495414,0.0007307068787435389,0.0004045704531272024,1.2042824640868696e-5,3.6339065999323516e-7,1.0982186186280366e-8,3.31961843986577e-10,3.033256746423457e-13,2.7716069823303206e-16,2.5325211349576587e-19,2.3139099854974393e-22,2.108426491266579e-25,1.7817287142260845e-28,0.0,0.0
1.0,0.4911825086269407,0.2856306988446138,0.19177316486529417,0.14219882845729176,0.11202823553793144,0.09135305712223227,0.07590618305925838,0.06370057696626259,0.053728506825505694,0.04542648434090075,0.03844437548387233,0.014057140329117939,0.005049400601191578,0.001790475123424536,0.0006298232228252152,7.689538996770784e-5,9.281958710071596e-6,1.103638980777176e-6,1.2631968127459346e-7,1.2877692040991715e-8,8.580717783749109e-10,0.0,0.0
1.0,0.6810214543781478,0.32239218903083894,0.11462079479660149,0.03347394034998863,0.008678730807153968,0.0021043393914348257,0.0004914643916620198,0.00011221890086782945,2.5219781196507585e-5,5.590704032730167e-6,1.2219654455708293e-6,7.486547165806319e-11,5.991671850794868e-15,5.63358501162684e-17,1.0454345734706818e-19,1.8790319468450432e-25,3.0363558463094997e-31,0.0,0.0,0.0,0.0,0.0,0.0
1.0,0.6271308987384692,0.26173229183803864,0.08005222595711707,0.019993280807842514,0.004436767380179097,0.0009196238888158053,0.00018230178748071248,3.481752869844822e-5,6.386033391008176e-6,1.1108966429736183e-6,1.7873431369146207e-7,1.674496799109181e-11,1.0938442016865343e-13,1.912410150851981e-16,2.75029986674244e-19,5.1530291474109055e-25,1.0040409932071849e-30,0.0,0.0,0.0,0.0,0.0,0.0
1.0,0.5859813019614448,0.2203458598926817,0.05949434744116706,0.013003475067676202,0.0025037684118718734,0.0004428006579143403,7.256547383800824e-5,1.0815899150304526e-5,1.3853991741346669e-6,1.3077724481336542e-7,4.763128739662064e-9,1.171539120315797e-10,2.6029116248340864e-13,4.140882938399644e-16,6.270634645033356e-19,1.415420382431583e-24,3.045335548198e-30,0.0,0.0,0.0,0.0,0.0,0.0
1.0,0.36625047583925546,0.0692391335390006,0.007608582162908631,0.00042019532624138455,6.23887449992213e-8,1.6385758139770763e-5,1.4489657643675106e-5,7.310143396181648e-6,3.0050257848696745e-6,1.1229252801668497e-6,3.9988646369950315e-7,6.572697664236392e-10,1.1509227070884983e-12,2.1571456228143882e-15,4.14821132334295e-18,1.5651285706063858e-23,5.91261037533071e-29,0.0,0.0,0.0,0.0,0.0,0.0
1.0,0.7298284892026742,0.37556104509764626,0.147122002860213,0.04759625186988081,0.01366359864900131,0.003661508220220117,0.0009444036787616207,0.0002384360559901011,5.94408021374353e-5,1.4694015497798898e-5,3.6086932015244816e-6,6.847241775762081e-10,7.42354967655866e-14,2.9075754383794274e-19,2.9488328072760856e-20,9.685959286003268e-26,1.8920097191036e-31,0.0,0.0,0.0,0.0,0.0,0.0
1.0,0.5030255558201279,0.1645879142274424,0.03901682733454977,0.007490780053273104,0.0012449732075915344,0.00018160313067161818,2.224373458908062e-5,1.94532285926557e-6,5.5852478864849765e-8,1.116693833176984e-8,2.677405880175839e-8,2.1942231816749248e-10,3.697795430130367e-13,5.723468654777077e-16,9.102719353153936e-19,2.4522325542904076e-24,7.13362818101296e-30,0.0,0.0,0.0,0.0,0.0,0.0
1.0,0.5703949838351857,0.38500450983420087,0.2982122407685417,0.2533708676654897,0.22747204290472647,0.21057552295073848,0.19815437744944162,0.18806860889276195,0.17928061999341546,0.17127767265250746,0.16380178607314258,0.12557066768442354,0.09557089856952851,0.07207682797383062,0.05382843418424963,0.029038648649355566,0.014824535361689305,0.007000732322308362,0.002922600210904256,0.0009712614942889997,0.00018316231087134395,0.0,0.0
1.0,0.12115966529311206,0.027284772995516866,0.004184543301050201,0.0006493175654370705,0.0001056187528581407,1.7963696677893933e-5,3.1704993067405785e-6,5.761609783201539e-7,1.0706402223886365e-7,2.0228360379034482e-8,3.868681529787813e-9,2.12980779817573e-13,1.2403640826670409e-17,7.271799194164266e-22,4.268636599232812e-26,0.0,0.0,0.0,0.0,0.0,0.0,0.0,0.0
1.0,0.5784547336353466,0.2563213868744964,0.1113994650449829,0.04833749877244239,0.02105280476107229,0.009230833298124179,0.004081173988030903,0.0018208950208622682,0.0008200601136783756,0.0003727507630105178,0.0001709441967697688,1.8573362867008979e-6,2.4027702059948015e-8,3.373629486811112e-10,4.903745229295586e-12,1.0715002284476581e-15,2.3668351923870015e-19,5.236677815538545e-23,1.1633194060770168e-26,2.391170526744552e-30,0.0,0.0,0.0
1.0,0.3870968985578517,0.13605119741534605,0.051775151569626504,0.02133128966975402,0.009340327716748406,0.004266490882937971,0.0020035804650519484,0.0009574968828998296,0.00046254272398349596,0.00022491030010428874,0.00010979240643198635,1.525081588379036e-6,2.1331729568600087e-8,2.984017363380113e-10,4.174121570831844e-12,8.16747530138997e-16,1.5981261386932498e-19,3.1271334283510987e-23,6.247762706875568e-27,2.5498470388228015e-30,0.0,0.0,0.0
1.0,0.3176419663583309,0.4218005920050545,0.3546843184221165,0.2872188839401668,0.23134925774281834,0.18591862003963974,0.1491321702867892,0.11942651967775082,0.09549552112109146,0.0762575525095455,0.06082181063757129,0.015360183644747177,0.0037996159621674543,0.0009301384266127229,0.00022651066575486755,1.33443049161411e-5,7.83173265607151e-7,4.575074463338405e-8,2.628413337538461e-9,1.4070477803062176e-10,5.352705275648619e-12,0.0,0.0
1.0,4.286983411952104e-5,1.473191688416415e-8,7.243732799205161e-11,1.2086133926877142e-13,1.6062823286145376e-16,1.9893532542840598e-19,2.413133513596081e-22,3.939407837724445e-25,0.0,0.0,0.0,0.0,0.0,0.0,0.0,0.0,0.0,0.0,0.0,0.0,0.0,0.0,0.0
1.0,6.529596809166838e-6,4.891971770248466e-7,2.2922254860443913e-9,6.321504634243632e-12,1.495005931505895e-14,3.344437453016381e-17,7.319872491029235e-20,1.5710123629479108e-22,3.4162528228618426e-25,0.0,0.0,0.0,0.0,0.0,0.0,0.0,0.0,0.0,0.0,0.0,0.0,0.0,0.0
1.0,0.0004658004979188297,1.2314163208909965e-5,7.498453795112407e-8,3.3634257376983094e-10,1.3527719661466104e-12,5.201886785909664e-15,1.9615791870251607e-17,7.329257205125809e-20,2.718430517500519e-22,9.985052405878857e-25,5.0944144927953356e-27,0.0,0.0,0.0,0.0,0.0,0.0,0.0,0.0,0.0,0.0,0.0,0.0
1.0,0.009348180165583626,6.660560500918016e-5,4.566419016296532e-7,3.0991896132577384e-9,2.0950151655061057e-11,1.4137056234649128e-13,9.531979558714507e-16,6.424626856144724e-18,4.3295955153025616e-20,2.9180034937495257e-22,1.964432448719259e-24,0.0,0.0,0.0,0.0,0.0,0.0,0.0,0.0,0.0,0.0,0.0,0.0
1.0,0.02311731937685704,0.0003733390177086974,5.689267750417537e-6,8.569998733055136e-8,1.2866851212518767e-9,1.9294894718170415e-11,2.8920268174365174e-13,4.333856641936967e-15,6.493962516380341e-17,9.73037847472892e-19,1.4579714363680945e-20,0.0,0.0,0.0,0.0,0.0,0.0,0.0,0.0,0.0,0.0,0.0,0.0
1.0,0.06642934090042737,0.0027872889281831807,0.00010497903510157159,3.862692665965863e-6,1.413820260145163e-7,5.168173666888827e-9,1.8885443499084356e-10,6.900354840224553e-12,2.521162354301693e-13,9.211389504046789e-15,3.365485604840985e-16,8.019773484412843e-25,0.0,0.0,0.0,0.0,0.0,0.0,0.0,0.0,0.0,0.0,0.0
1.0,0.9180056465132139,0.646155331378526,0.4140084912976954,0.24743401527700734,0.13939661305111675,0.07480373047126924,0.03863410486749627,0.019383114600066885,0.009519397149318624,0.00460387837937998,0.0022024710532916156,2.390769178974348e-5,2.484444402648852e-7,2.570198737187233e-9,2.6576948355752167e-11,2.8414458582655252e-15,3.037884131203058e-19,3.24852708958952e-23,3.463277110860479e-27,5.411370485719499e-31,0.0,0.0,0.0
1.0,0.010648533775564573,8.517021709053506e-5,6.482866966976355e-7,4.87417533488148e-9,3.6514544428285e-11,2.73239792374887e-13,2.043942407989327e-15,1.5287804538839284e-17,1.1434460882278136e-19,8.552263154351416e-22,6.408059646943797e-24,0.0,0.0,0.0,0.0,0.0,0.0,0.0,0.0,0.0,0.0,0.0,0.0
1.0,0.021045395958282132,0.0003191150846615213,4.5768345004820864e-6,6.486860391627806e-8,9.166028335137844e-10,1.294048067256681e-11,1.8264451655766045e-13,2.5776762826802764e-15,3.6378055972398046e-17,5.133890320567634e-19,7.245254826939824e-21,0.0,0.0,0.0,0.0,0.0,0.0,0.0,0.0,0.0,0.0,0.0,0.0
1.0,0.05342548513313528,0.0019201972659475025,6.368020860709984e-5,2.0777309376471365e-6,6.75610613904942e-8,2.195243784192336e-9,7.131757561940497e-11,2.316825878852982e-12,7.526379343269396e-14,2.4449938729817633e-15,7.942718668649566e-17,9.267118093587659e-26,0.0,0.0,0.0,0.0,0.0,0.0,0.0,0.0,0.0,0.0,0.0
1.0,0.11328520390056568,0.008271112457793278,0.0005353002438196957,3.358610385275314e-5,2.090918379794357e-6,1.2991809239267384e-7,8.068478332922619e-9,5.010270689271443e-10,3.111126565732e-11,1.9318389370392315e-12,1.1995637724395148e-13,6.876011852090712e-21,4.041176822486733e-28,0.0,0.0,0.0,0.0,0.0,0.0,0.0,0.0,0.0,0.0
1.0,0.6120640822322737,0.298585447999882,0.12830904240929603,0.0504484792261306,0.018677878955758547,0.006653759403982392,0.0023146436232409184,0.0007937653467475046,0.0002699116015301056,9.132531675778184e-5,3.0810553664643624e-5,4.458334910611403e-8,6.418091945636372e-11,9.237492050459668e-14,1.3295325278870626e-16,2.7540923005096846e-22,5.590649110071256e-28,0.0,0.0,0.0,0.0,0.0,0.0
1.0,0.46389350208959435,0.16253646533305233,0.048512389446545005,0.0131839160808422,0.003403056468731923,0.0008550272703226023,0.00021189652964084636,5.2152201866496654e-5,1.2791732942291115e-5,3.1321721560682603e-6,7.662933638291952e-7,1.6363758684371443e-10,3.4916435580466954e-14,7.450265411084531e-18,1.5897111743460442e-21,7.725742361011508e-29,0.0,0.0,0.0,0.0,0.0,0.0,0.0
1.0,0.01596166311495341,0.00023368180202999243,3.4068232008759117e-6,4.9754727302425206e-8,7.284106933952441e-10,1.069043088324224e-11,1.572804588142124e-13,2.3194897090434945e-15,3.428650202386454e-17,5.079728393426686e-19,7.542685166666359e-21,0.0,0.0,0.0,0.0,0.0,0.0,0.0,0.0,0.0,0.0,0.0,0.0
1.0,0.024467719523067324,0.0005282830196649879,1.1315972587010322e-5,2.423687898513856e-7,5.196411662982367e-9,1.1154226003503261e-10,2.3971193578855724e-12,5.1576268765481525e-14,1.1110000805718692e-15,2.3959359784216963e-17,5.172799990867005e-19,7.046615827363799e-29,0.0,0.0,0.0,0.0,0.0,0.0,0.0,0.0,0.0,0.0,0.0
1.0,0.03977645499535996,0.0013162098344700658,4.302700122444423e-5,1.4043216654502268e-6,4.5843614048844075e-8,1.4973296500355625e-9,4.893351714452974e-11,1.6001065342353307e-12,5.235328171094958e-14,1.7139167037378688e-15,5.614153747281089e-17,6.988286570671712e-26,0.0,0.0,0.0,0.0,0.0,0.0,0.0,0.0,0.0,0.0,0.0
1.0,0.07292109727081031,0.004054788078091187,0.00022141999311546664,1.2049408355728685e-5,6.554466029269683e-7,3.566473999553007e-8,1.9415205484400663e-9,1.0574545400142015e-10,5.762364755457029e-12,3.141655137525039e-13,1.7136952012858877e-14,4.560867415823544e-22,7.07731923395988e-30,0.0,0.0,0.0,0.0,0.0,0.0,0.0,0.0,0.0,0.0
1.0,0.18197966697914575,0.022206267969154564,0.0026389739530758662,0.0003115454949499001,3.674673095925125e-5,4.338833403533552e-6,5.131752312632636e-7,6.081092390197492e-8,7.219987465860518e-9,8.588577277431201e-10,1.0235704686679186e-10,3.041089304568351e-16,9.527490280457243e-22,3.1220371908929386e-27,0.0,0.0,0.0,0.0,0.0,0.0,0.0,0.0,0.0
1.0,0.36355134691424473,0.06870205689163576,0.012567874676766792,0.002279823358062396,0.00041292076262637877,7.488459478478215e-5,1.3613832754462206e-5,2.4820804348522078e-6,4.5388576224109276e-7,8.32453516879291e-8,1.5311471547376763e-8,6.251667775443322e-13,2.740009759341179e-17,1.2587593670845567e-21,5.923814389108058e-26,0.0,0.0,0.0,0.0,0.0,0.0,0.0,0.0
1.0,1.6132437782597873,0.698235908930549,0.29707864972401427,0.12736103058857315,0.055124612965851444,0.02408825035504904,0.01061959418437952,0.004718657578156855,0.0021109092954181836,0.0009497519592331765,0.0004293672888715497,3.898342707983001e-6,3.702982802102688e-8,3.558198926095146e-10,3.4287012383576337e-12,3.1884884225777504e-16,2.965824506334384e-20,2.759321038637812e-24,2.506603654013802e-28,0.0,0.0,0.0,0.0
1.0,0.8887458878536241,0.7714189207334532,0.6527186011555488,0.5381339052402428,0.43288015001391605,0.3408244631762275,0.2638570774443619,0.20191792897274652,0.15352993282527422,0.11650048971281587,0.08850761495177499,0.01837948370433914,0.00406710524860519,0.0008810610040478332,0.0001852932859392662,7.81237009983779e-6,3.22000449402451e-7,1.3176504972196796e-8,5.329210720326735e-10,2.0421928654708508e-11,5.787651195927955e-13,0.0,0.0
1.0,7.409085106298855e-12,8.450604345628432e-19,0.0,0.0,0.0,0.0,0.0,0.0,0.0,0.0,0.0,0.0,0.0,0.0,0.0,0.0,0.0,0.0,0.0,0.0,0.0,0.0,0.0
1.0,1.0929976065404554e-11,9.883887041339253e-18,0.0,0.0,0.0,0.0,0.0,0.0,0.0,0.0,0.0,0.0,0.0,0.0,0.0,0.0,0.0,0.0,0.0,0.0,0.0,0.0,0.0
1.0,7.78006903596874e-10,7.218128616049121e-17,0.0,0.0,0.0,0.0,0.0,0.0,0.0,0.0,0.0,0.0,0.0,0.0,0.0,0.0,0.0,0.0,0.0,0.0,0.0,0.0,0.0
1.0,9.519574618750722e-9,1.0373347230395463e-16,3.2285547256690644e-22,0.0,0.0,0.0,0.0,0.0,0.0,0.0,0.0,0.0,0.0,0.0,0.0,0.0,0.0,0.0,0.0,0.0,0.0,0.0,0.0
1.0,6.88257287064343e-8,2.642117348963135e-15,4.655228161661867e-22,0.0,0.0,0.0,0.0,0.0,0.0,0.0,0.0,0.0,0.0,0.0,0.0,0.0,0.0,0.0,0.0,0.0,0.0,0.0,0.0
1.0,3.6863074890744376e-7,2.0561374313735162e-13,2.8028629991283106e-19,7.186823595954902e-25,0.0,0.0,0.0,0.0,0.0,0.0,0.0,0.0,0.0,0.0,0.0,0.0,0.0,0.0,0.0,0.0,0.0,0.0,0.0
1.0,1.5975762860000736e-6,4.738374285674391e-12,3.51083985033083e-17,5.329431581541879e-22,3.252826893030932e-26,0.0,0.0,0.0,0.0,0.0,0.0,0.0,0.0,0.0,0.0,0.0,0.0,0.0,0.0,0.0,0.0,0.0,0.0
1.0,5.869688954570226e-6,6.582094804452008e-11,1.6224366239420103e-15,7.032225427698888e-20,3.6057647024668466e-24,0.0,0.0,0.0,0.0,0.0,0.0,0.0,0.0,0.0,0.0,0.0,0.0,0.0,0.0,0.0,0.0,0.0,0.0
